player;team;season;league;fbref_standard_nation;fbref_standard_pos;fbref_standard_age;fbref_standard_born;fbref_standard_playing_time_mp;fbref_standard_playing_time_starts;fbref_standard_playing_time_min;fbref_standard_playing_time_90s;fbref_standard_performance_gls;fbref_standard_performance_ast;fbref_standard_performance_g_plus_a;fbref_standard_performance_g_pk;fbref_standard_performance_pk;fbref_standard_performance_pkatt;fbref_standard_performance_crdy;fbref_standard_performance_crdr;fbref_standard_per_90_minutes_gls;fbref_standard_per_90_minutes_ast;fbref_standard_per_90_minutes_g_plus_a;fbref_standard_per_90_minutes_g_pk;fbref_standard_per_90_minutes_g_plus_a_pk;fbref_shooting_nation;fbref_shooting_pos;fbref_shooting_age;fbref_shooting_born;fbref_shooting_90s;fbref_shooting_standard_gls;fbref_shooting_standard_sh;fbref_shooting_standard_sot;fbref_shooting_standard_sotpct;fbref_shooting_standard_sh_per_90;fbref_shooting_standard_sot_per_90;fbref_shooting_standard_g_per_sh;fbref_shooting_standard_g_per_sot;fbref_shooting_standard_pk;fbref_shooting_standard_pkatt;fbref_playing_time_nation;fbref_playing_time_pos;fbref_playing_time_age;fbref_playing_time_born;fbref_playing_time_playing_time_mp;fbref_playing_time_playing_time_min;fbref_playing_time_playing_time_mn_per_mp;fbref_playing_time_playing_time_minpct;fbref_playing_time_playing_time_90s;fbref_playing_time_starts_starts;fbref_playing_time_starts_mn_per_start;fbref_playing_time_starts_compl;fbref_playing_time_subs_subs;fbref_playing_time_subs_mn_per_sub;fbref_playing_time_subs_unsub;fbref_playing_time_team_success_ppm;fbref_playing_time_team_success_ong;fbref_playing_time_team_success_onga;fbref_playing_time_team_success_plus_minus;fbref_playing_time_team_success_plus_minus90;fbref_playing_time_team_success_on_off;fbref_misc_nation;fbref_misc_pos;fbref_misc_age;fbref_misc_born;fbref_misc_90s;fbref_misc_performance_crdy;fbref_misc_performance_crdr;fbref_misc_performance_2crdy;fbref_misc_performance_fls;fbref_misc_performance_fld;fbref_misc_performance_off;fbref_misc_performance_crs;fbref_misc_performance_int;fbref_misc_performance_tklw;fbref_misc_performance_og;fbref_keeper_nation;fbref_keeper_pos;fbref_keeper_age;fbref_keeper_born;fbref_keeper_playing_time_mp;fbref_keeper_playing_time_starts;fbref_keeper_playing_time_min;fbref_keeper_playing_time_90s;fbref_keeper_performance_ga;fbref_keeper_performance_ga90;fbref_keeper_performance_sota;fbref_keeper_performance_saves;fbref_keeper_performance_savepct;fbref_keeper_performance_w;fbref_keeper_performance_d;fbref_keeper_performance_l;fbref_keeper_performance_cs;fbref_keeper_performance_cspct;fbref_keeper_penalty_kicks_pkatt;fbref_keeper_penalty_kicks_pka;fbref_keeper_penalty_kicks_pksv;fbref_keeper_penalty_kicks_pkm;fbref_keeper_penalty_kicks_savepct
Adjani Mujangi Bia;Anderlecht;2526;BEL-Belgian Pro League;BEL;MF;15;2010;1;0;2;0,0;0;0;0;0;0;0;0;0;0,0;0,0;0,0;0,0;0,0;BEL;MF;15;2010;0,0;0;0;0;;0,0;0,0;;;0;0;BEL;MF;15;2010;1;2;2;0,1;0,0;0;;0;1;2;0;0,0;0;0;0;0,0;0,08;BEL;MF;15;2010;0,0;0;0;0;0;0;0;0;0;0;0;;;;;;;;;;;;;;;;;;;;;;;
Adriano Bertaccini;Anderlecht;2526;BEL-Belgian Pro League;BEL;MF,FW;24;2000;32;17;1545;17,2;6;1;7;6;0;0;7;1;0,35;0,06;0,41;0,35;0,41;BEL;MF,FW;24;2000;17,2;6;61;25;41,0;3,55;1,46;0,1;0,24;0;0;BEL;MF,FW;24;2000;32;1545;48;42,9;17,2;17;69;1;15;25;0;1,34;23;31;-8;-0,47;-0,68;BEL;MF,FW;24;2000;17,2;7;1;1;18;14;1;21;4;8;0;;;;;;;;;;;;;;;;;;;;;;;
Alexander De Ridder;Anderlecht;2526;BEL-Belgian Pro League;BEL;MF;17;2008;1;0;36;0,4;0;0;0;0;0;0;1;0;0,0;0,0;0,0;0,0;0,0;BEL;MF;17;2008;0,4;0;0;0;;0,0;0,0;;;0;0;BEL;MF;17;2008;1;36;36;1,0;0,4;0;;0;1;36;0;0,0;1;1;0;0,0;0,08;BEL;MF;17;2008;0,4;1;0;0;2;0;0;0;0;0;0;;;;;;;;;;;;;;;;;;;;;;;
Ali Maamar;Anderlecht;2526;BEL-Belgian Pro League;MAR;DF;20;2005;25;14;1368;15,2;0;4;4;0;0;0;4;0;0,0;0,26;0,26;0,0;0,26;MAR;DF;20;2005;15,2;0;13;0;0,0;0,86;0,0;0,0;;0;0;MAR;DF;20;2005;25;1368;55;38,0;15,2;14;79;8;11;24;7;1,48;23;18;5;0,33;0,65;MAR;DF;20;2005;15,2;4;0;0;23;17;3;32;19;20;0;;;;;;;;;;;;;;;;;;;;;;;
Anas Tajaouart;Anderlecht;2526;BEL-Belgian Pro League;MAR;MF;19;2005;1;1;45;0,5;0;0;0;0;0;0;0;0;0,0;0,0;0,0;0,0;0,0;MAR;MF;19;2005;0,5;0;0;0;;0,0;0,0;;;0;0;MAR;MF;19;2005;1;45;45;1,3;0,5;1;45;0;0;;10;0,0;1;3;-2;-4,0;-3,97;MAR;MF;19;2005;0,5;0;0;0;1;0;0;0;1;0;0;;;;;;;;;;;;;;;;;;;;;;;
Basile Vroninks;Anderlecht;2526;BEL-Belgian Pro League;BEL;DF;18;2006;1;0;45;0,5;0;0;0;0;0;0;0;0;0,0;0,0;0,0;0,0;0,0;BEL;DF;18;2006;0,5;0;0;0;;0,0;0,0;;;0;0;BEL;DF;18;2006;1;45;45;1,3;0,5;0;;0;1;45;1;3,0;3;1;2;4,0;4,13;BEL;DF;18;2006;0,5;0;0;0;0;1;0;2;1;1;0;;;;;;;;;;;;;;;;;;;;;;;
Coba da Costa;Anderlecht;2526;BEL-Belgian Pro League;ESP;MF;23;2002;5;2;147;1,6;0;0;0;0;0;0;2;0;0,0;0,0;0,0;0,0;0,0;ESP;MF;23;2002;1,6;0;2;1;50,0;1,22;0,61;0,0;0,0;0;0;ESP;MF;23;2002;5;147;29;4,1;1,6;2;52;0;3;14;3;1,2;4;3;1;0,61;0,72;ESP;MF;23;2002;1,6;2;0;0;4;4;0;4;3;3;0;;;;;;;;;;;;;;;;;;;;;;;
Colin Coosemans;Anderlecht;2526;BEL-Belgian Pro League;BEL;GK;32;1992;38;38;3420;38,0;0;0;0;0;0;0;2;0;0,0;0,0;0,0;0,0;0,0;BEL;GK;32;1992;38,0;0;0;0;;0,0;0,0;;;0;0;BEL;GK;32;1992;38;3420;90;95,0;38,0;38;90;38;0;;0;1,37;55;56;-1;-0,03;0,97;BEL;GK;32;1992;38,0;2;0;0;2;10;0;1;3;0;0;BEL;GK;32;1992;38;38;3420;38,0;56;1,47;159;103;64,8;14;10;14;10;26,3;5;5;0;0;0,0
César Huerta;Anderlecht;2526;BEL-Belgian Pro League;MEX;MF,FW;24;2000;11;8;540;6,0;1;0;1;1;0;0;4;0;0,17;0,0;0,17;0,17;0,17;MEX;MF,FW;24;2000;6,0;1;16;6;37,5;2,67;1,0;0,06;0,17;0;0;MEX;MF,FW;24;2000;11;540;49;15,0;6,0;8;60;0;3;21;1;1,55;7;3;4;0,67;0,87;MEX;MF,FW;24;2000;6,0;4;0;0;13;8;0;11;3;11;0;;;;;;;;;;;;;;;;;;;;;;;
Danylo Sikan;Anderlecht;2526;BEL-Belgian Pro League;UKR;FW;24;2001;9;6;410;4,6;2;1;3;2;0;0;1;0;0,44;0,22;0,66;0,44;0,66;UKR;FW;24;2001;4,6;2;14;10;71,4;3,07;2,2;0,14;0,2;0;0;UKR;FW;24;2001;9;410;46;11,4;4,6;6;64;0;3;8;1;1,11;4;8;-4;-0,88;-0,91;UKR;FW;24;2001;4,6;1;0;0;14;8;1;1;1;3;0;;;;;;;;;;;;;;;;;;;;;;;
Enric Llansana;Anderlecht;2526;BEL-Belgian Pro League;NED;MF;24;2001;29;19;1710;19,0;0;1;1;0;0;0;7;0;0,0;0,05;0,05;0,0;0,05;NED;MF;24;2001;19,0;0;18;1;5,6;0,95;0,05;0,0;0,0;0;0;NED;MF;24;2001;29;1710;59;47,5;19,0;19;78;10;10;24;5;1,62;23;26;-3;-0,16;-0,16;NED;MF;24;2001;19,0;7;0;0;49;18;1;5;19;46;0;;;;;;;;;;;;;;;;;;;;;;;
Ibrahim Kanaté;Anderlecht;2526;BEL-Belgian Pro League;MLI;FW;18;2006;19;0;362;4,0;2;0;2;2;0;0;1;0;0,5;0,0;0,5;0,5;0,5;MLI;FW;18;2006;4,0;2;12;5;41,7;2,98;1,24;0,17;0,4;0;0;MLI;FW;18;2006;19;362;19;10,1;4,0;0;;0;19;19;8;1,0;9;3;6;1,49;1,74;MLI;FW;18;2006;4,0;1;0;0;5;6;3;17;2;10;0;;;;;;;;;;;;;;;;;;;;;;;
Ilay Camara;Anderlecht;2526;BEL-Belgian Pro League;SEN;DF,MF;22;2003;25;17;1303;14,5;2;1;3;2;0;0;1;0;0,14;0,07;0,21;0,14;0,21;SEN;DF,MF;22;2003;14,5;2;15;7;46,7;1,04;0,48;0,13;0,29;0;0;SEN;DF,MF;22;2003;25;1303;52;36,2;14,5;17;64;2;8;28;2;1,56;23;22;1;0,07;0,23;SEN;DF,MF;22;2003;14,5;1;0;0;26;12;4;37;27;14;0;;;;;;;;;;;;;;;;;;;;;;;
Jan-Carlo Simic;Anderlecht;2526;BEL-Belgian Pro League;SRB;DF;20;2005;2;2;177;2,0;0;0;0;0;0;0;0;0;0,0;0,0;0,0;0,0;0,0;SRB;DF;20;2005;2,0;0;1;0;0,0;0,51;0,0;0,0;;0;0;SRB;DF;20;2005;2;177;89;4,9;2,0;2;89;1;0;;2;1,5;7;4;3;1,53;1,68;SRB;DF;20;2005;2,0;0;0;0;1;2;0;0;4;4;0;;;;;;;;;;;;;;;;;;;;;;;
Joachim Imbrechts;Anderlecht;2526;BEL-Belgian Pro League;;;;;;;;;;;;;;;;;;;;;;;;;;;;;;;;;;;;;SWE;GK;23;2001;0;;;;;0;;0;0;;1;;;;;;;;;;;;;;;;;;;;;;;;;;;;;;;;;;;;;;;;;;;;
Joshua Bethume;Anderlecht;2526;BEL-Belgian Pro League;BEL;MF;16;2009;3;0;36;0,4;0;0;0;0;0;0;0;0;0,0;0,0;0,0;0,0;0,0;BEL;MF;16;2009;0,4;0;2;0;0,0;5,0;0,0;0,0;;0;0;BEL;MF;16;2009;3;36;12;1,0;0,4;0;;0;3;12;4;0,0;1;2;-1;-2,5;-2,45;BEL;MF;16;2009;0,4;0;0;0;0;0;0;1;0;1;0;;;;;;;;;;;;;;;;;;;;;;;
Justin Heekeren;Anderlecht;2526;BEL-Belgian Pro League;GER;GK;24;2000;2;2;180;2,0;0;0;0;0;0;0;0;0;0,0;0,0;0,0;0,0;0,0;GER;GK;24;2000;2,0;0;0;0;;0,0;0,0;;;0;0;GER;GK;24;2000;2;180;90;5,0;2,0;2;90;2;0;;17;1,5;4;6;-2;-1,0;-0,97;GER;GK;24;2000;2,0;0;0;0;0;0;0;0;0;0;0;GER;GK;24;2000;2;2;180;2,0;6;3,0;15;9;60,0;1;0;1;0;0,0;1;1;0;0;0,0
Kasper Dolberg;Anderlecht;2526;BEL-Belgian Pro League;DEN;FW;27;1997;3;1;123;1,4;1;0;1;0;1;1;0;0;0,73;0,0;0,73;0,0;0,0;DEN;FW;27;1997;1,4;1;7;4;57,1;5,12;2,93;0,14;0,25;1;1;DEN;FW;27;1997;3;123;41;3,4;1,4;1;75;0;2;24;2;1,0;4;3;1;0,73;0,84;DEN;FW;27;1997;1,4;0;0;0;0;1;0;0;0;0;0;;;;;;;;;;;;;;;;;;;;;;;
Killian Sardella;Anderlecht;2526;BEL-Belgian Pro League;BEL;DF;23;2002;32;22;2041;22,7;0;1;1;0;0;0;3;1;0,0;0,04;0,04;0,0;0,04;BEL;DF;23;2002;22,7;0;23;6;26,1;1,01;0,26;0,0;0,0;0;0;BEL;DF;23;2002;32;2041;64;56,7;22,7;22;81;16;10;25;1;1,22;27;40;-13;-0,57;-1,15;BEL;DF;23;2002;22,7;3;1;0;29;16;1;48;20;20;0;;;;;;;;;;;;;;;;;;;;;;;
Lucas Hey;Anderlecht;2526;BEL-Belgian Pro League;DEN;DF;22;2003;32;27;2516;28,0;0;0;0;0;0;0;6;0;0,0;0,0;0,0;0,0;0,0;DEN;DF;22;2003;28,0;0;10;1;10,0;0,36;0,04;0,0;0,0;0;0;DEN;DF;22;2003;32;2516;79;69,9;28,0;27;90;27;5;17;6;1,44;37;40;-3;-0,11;-0,11;DEN;DF;22;2003;28,0;6;0;0;25;20;0;2;29;19;0;;;;;;;;;;;;;;;;;;;;;;;
Ludwig Augustinsson;Anderlecht;2526;BEL-Belgian Pro League;SWE;DF;31;1994;27;24;2073;23,0;0;3;3;0;0;0;4;0;0,0;0,13;0,13;0,0;0,13;SWE;DF;31;1994;23,0;0;21;3;14,3;0,91;0,13;0,0;0,0;0;0;SWE;DF;31;1994;27;2073;77;57,6;23,0;24;85;20;3;12;5;1,67;42;30;12;0,52;1,41;SWE;DF;31;1994;23,0;4;0;0;26;9;3;84;19;26;0;;;;;;;;;;;;;;;;;;;;;;;
Luis Vázquez;Anderlecht;2526;BEL-Belgian Pro League;ARG;FW;24;2001;14;8;691;7,7;2;0;2;2;0;0;2;0;0,26;0,0;0,26;0,26;0,26;ARG;FW;24;2001;7,7;2;22;10;45,5;2,87;1,3;0,09;0,2;0;0;ARG;FW;24;2001;14;691;49;19,2;7,7;8;74;1;6;16;5;1,14;8;9;-1;-0,13;-0,07;ARG;FW;24;2001;7,7;2;0;0;7;9;6;3;0;5;0;;;;;;;;;;;;;;;;;;;;;;;
Mads Kikkenborg;Anderlecht;2526;BEL-Belgian Pro League;;;;;;;;;;;;;;;;;;;;;;;;;;;;;;;;;;;;;DEN;GK;25;1999;0;;;;;0;;0;0;;21;;;;;;;;;;;;;;;;;;;;;;;;;;;;;;;;;;;;;;;;;;;;
Marco Kana;Anderlecht;2526;BEL-Belgian Pro League;BEL;DF,MF;22;2002;26;25;2039;22,7;0;0;0;0;0;0;6;0;0,0;0,0;0,0;0,0;0,0;BEL;DF,MF;22;2002;22,7;0;9;2;22,2;0,4;0,09;0,0;0,0;0;0;BEL;DF,MF;22;2002;26;2039;78;56,6;22,7;25;81;18;1;18;4;1,54;31;28;3;0,13;0,48;BEL;DF,MF;22;2002;22,7;6;0;0;25;4;0;0;23;11;0;;;;;;;;;;;;;;;;;;;;;;;
Mario Stroeykens;Anderlecht;2526;BEL-Belgian Pro League;BEL;MF;20;2004;23;7;810;9,0;1;0;1;1;0;0;2;0;0,11;0,0;0,11;0,11;0,11;BEL;MF;20;2004;9,0;1;16;3;18,8;1,78;0,33;0,06;0,33;0;0;BEL;MF;20;2004;23;810;35;22,5;9,0;7;68;2;16;21;1;1,74;9;17;-8;-0,89;-1,05;BEL;MF;20;2004;9,0;2;0;0;8;8;0;10;7;6;0;;;;;;;;;;;;;;;;;;;;;;;
Mathys Angély;Anderlecht;2526;BEL-Belgian Pro League;FRA;DF;18;2007;4;3;280;3,1;0;0;0;0;0;0;0;0;0,0;0,0;0,0;0,0;0,0;FRA;DF;18;2007;3,1;0;1;0;0,0;0,32;0,0;0,0;;0;0;FRA;DF;18;2007;4;280;70;7,8;3,1;3;90;3;1;10;6;0,25;3;9;-6;-1,93;-2,01;FRA;DF;18;2007;3,1;0;0;0;2;2;0;0;1;5;1;;;;;;;;;;;;;;;;;;;;;;;
Mats Rits;Anderlecht;2526;BEL-Belgian Pro League;BEL;MF;32;1993;3;0;90;1,0;0;0;0;0;0;0;0;0;0,0;0,0;0,0;0,0;0,0;BEL;MF;32;1993;1,0;0;1;0;0,0;1,0;0,0;0,0;;0;0;BEL;MF;32;1993;3;90;30;2,5;1,0;0;;0;3;30;9;0,33;2;1;1;1,0;1,1;BEL;MF;32;1993;1,0;0;0;0;1;1;0;0;0;1;0;;;;;;;;;;;;;;;;;;;;;;;
Mattis Seghers;Anderlecht;2526;BEL-Belgian Pro League;;;;;;;;;;;;;;;;;;;;;;;;;;;;;;;;;;;;;BEL;GK;16;2009;0;;;;;0;;0;0;;1;;;;;;;;;;;;;;;;;;;;;;;;;;;;;;;;;;;;;;;;;;;;
Mihajlo Cvetković;Anderlecht;2526;BEL-Belgian Pro League;SRB;FW,MF;18;2007;29;19;1622;18,0;9;2;11;9;0;0;4;1;0,5;0,11;0,61;0,5;0,61;SRB;FW,MF;18;2007;18,0;9;42;22;52,4;2,33;1,22;0,21;0,41;0;0;SRB;FW,MF;18;2007;29;1622;56;45,1;18,0;19;72;5;10;25;3;1,21;31;31;0;0,0;0,14;SRB;FW,MF;18;2007;18,0;4;1;0;33;29;9;2;6;9;0;;;;;;;;;;;;;;;;;;;;;;;
Mihajlo Ilić;Anderlecht;2526;BEL-Belgian Pro League;SRB;DF;22;2003;10;8;769;8,5;0;0;0;0;0;0;4;0;0,0;0,0;0,0;0,0;0,0;SRB;DF;22;2003;8,5;0;4;1;25,0;0,47;0,12;0,0;0,0;0;0;SRB;DF;22;2003;10;769;77;21,4;8,5;8;88;7;2;32;15;1,1;15;17;-2;-0,23;-0,2;SRB;DF;22;2003;8,5;4;0;0;12;5;2;1;10;7;0;;;;;;;;;;;;;;;;;;;;;;;
Moussa Diarra;Anderlecht;2526;BEL-Belgian Pro League;MLI;DF;24;2000;12;12;966;10,7;0;0;0;0;0;0;4;0;0,0;0,0;0,0;0,0;0,0;MLI;DF;24;2000;10,7;0;5;1;20,0;0,47;0,09;0,0;0,0;0;0;MLI;DF;24;2000;12;966;81;26,8;10,7;12;81;8;0;;1;0,92;18;23;-5;-0,47;-0,53;MLI;DF;24;2000;10,7;4;0;0;16;16;1;7;20;5;0;;;;;;;;;;;;;;;;;;;;;;;
Moussa N'Diaye;Anderlecht;2526;BEL-Belgian Pro League;SEN;DF;23;2002;17;9;975;10,8;0;0;0;0;0;0;2;0;0,0;0,0;0,0;0,0;0,0;SEN;DF;23;2002;10,8;0;10;1;10,0;0,92;0,09;0,0;0,0;0;0;SEN;DF;23;2002;17;975;57;27,1;10,8;9;81;5;8;30;4;1,59;12;17;-5;-0,46;-0,53;SEN;DF;23;2002;10,8;2;0;0;10;20;0;7;20;16;0;;;;;;;;;;;;;;;;;;;;;;;
Nathan De Cat;Anderlecht;2526;BEL-Belgian Pro League;BEL;MF;17;2008;36;34;2725;30,3;2;4;6;2;0;0;8;0;0,07;0,13;0,2;0,07;0,2;BEL;MF;17;2008;30,3;2;30;6;20,0;0,99;0,2;0,07;0,33;0;0;BEL;MF;17;2008;36;2725;76;75,7;30,3;34;78;17;2;35;0;1,44;47;44;3;0,1;0,72;BEL;MF;17;2008;30,3;8;0;0;47;34;3;19;35;32;0;;;;;;;;;;;;;;;;;;;;;;;
Nathan Saliba;Anderlecht;2526;BEL-Belgian Pro League;CAN;MF;21;2004;34;28;2312;25,7;3;1;4;3;0;0;14;1;0,12;0,04;0,16;0,12;0,16;CAN;MF;21;2004;25,7;3;59;15;25,4;2,3;0,58;0,05;0,2;0;0;CAN;MF;21;2004;34;2312;68;64,2;25,7;28;77;11;6;24;0;1,47;37;38;-1;-0,04;0,1;CAN;MF;21;2004;25,7;14;1;1;49;19;1;19;29;43;0;;;;;;;;;;;;;;;;;;;;;;;
Nilson Angulo;Anderlecht;2526;BEL-Belgian Pro League;ECU;MF;22;2003;22;22;1894;21,0;6;5;11;6;0;0;4;1;0,29;0,24;0,52;0,29;0,52;ECU;MF;22;2003;21,0;6;33;16;48,5;1,57;0,76;0,18;0,38;0;0;ECU;MF;22;2003;22;1894;86;52,6;21,0;22;86;14;0;;0;1,59;27;25;2;0,1;0,36;ECU;MF;22;2003;21,0;4;1;1;31;39;10;102;16;36;0;;;;;;;;;;;;;;;;;;;;;;;
Thorgan Hazard;Anderlecht;2526;BEL-Belgian Pro League;BEL;MF,FW;32;1993;36;31;2714;30,2;13;7;20;8;5;5;6;1;0,43;0,23;0,66;0,27;0,5;BEL;MF,FW;32;1993;30,2;13;74;31;41,9;2,45;1,03;0,18;0,42;5;5;BEL;MF,FW;32;1993;36;2714;75;75,4;30,2;31;84;16;5;22;2;1,39;47;48;-1;-0,03;0,17;BEL;MF,FW;32;1993;30,2;6;1;0;40;19;12;181;11;22;0;;;;;;;;;;;;;;;;;;;;;;;
Tristan Degreef;Anderlecht;2526;BEL-Belgian Pro League;BEL;MF;20;2005;34;21;1884;20,9;4;2;6;4;0;0;3;1;0,19;0,1;0,29;0,19;0,29;BEL;MF;20;2005;20,9;4;39;14;35,9;1,86;0,67;0,1;0,29;0;0;BEL;MF;20;2005;34;1884;55;52,3;20,9;21;80;10;13;16;3;1,29;37;39;-2;-0,1;-0,04;BEL;MF;20;2005;20,9;3;1;0;34;37;3;26;5;35;0;;;;;;;;;;;;;;;;;;;;;;;
Yari Verschaeren;Anderlecht;2526;BEL-Belgian Pro League;BEL;MF;24;2001;28;12;1400;15,6;1;3;4;1;0;0;1;0;0,06;0,19;0,26;0,06;0,26;BEL;MF;24;2001;15,6;1;24;6;25,0;1,54;0,39;0,04;0,17;0;0;BEL;MF;24;2001;28;1400;50;38,9;15,6;12;77;3;16;30;10;1,43;24;26;-2;-0,13;-0,09;BEL;MF;24;2001;15,6;1;0;0;5;19;2;61;8;14;0;;;;;;;;;;;;;;;;;;;;;;;
Yasin Özcan;Anderlecht;2526;BEL-Belgian Pro League;TUR;DF;19;2006;4;1;133;1,5;0;0;0;0;0;0;0;0;0,0;0,0;0,0;0,0;0,0;TUR;DF;19;2006;1,5;0;2;0;0,0;1,35;0,0;0,0;;0;0;TUR;DF;19;2006;4;133;33;3,7;1,5;1;60;0;3;24;9;1,25;1;3;-2;-1,35;-1,33;TUR;DF;19;2006;1,5;0;0;0;0;0;0;0;1;1;0;;;;;;;;;;;;;;;;;;;;;;;
Andreas Verstraeten;Antwerp;2526;BEL-Belgian Pro League;BEL;DF,MF;19;2006;16;9;926;10,3;0;1;1;0;0;0;3;0;0,0;0,1;0,1;0,0;0,1;BEL;DF,MF;19;2006;10,3;0;0;0;;0,0;0,0;;;0;0;BEL;DF,MF;19;2006;16;926;58;25,7;10,3;9;79;6;7;31;11;1,06;11;12;-1;-0,1;0,04;BEL;DF,MF;19;2006;10,3;3;0;0;7;8;1;22;10;19;0;;;;;;;;;;;;;;;;;;;;;;;
Anthony Valencia;Antwerp;2526;BEL-Belgian Pro League;ECU;MF;22;2003;23;12;1330;14,8;4;2;6;4;0;0;3;0;0,27;0,14;0,41;0,27;0,41;ECU;MF;22;2003;14,8;4;29;12;41,4;1,96;0,81;0,14;0,33;0;0;ECU;MF;22;2003;23;1330;58;36,9;14,8;12;85;7;11;29;4;0,96;18;15;3;0,2;0,52;ECU;MF;22;2003;14,8;3;0;0;16;18;3;29;11;17;0;;;;;;;;;;;;;;;;;;;;;;;
Boubakar Kouyaté;Antwerp;2526;BEL-Belgian Pro League;MLI;DF;28;1997;23;13;1184;13,2;1;0;1;1;0;0;7;1;0,08;0,0;0,08;0,08;0,08;MLI;DF;28;1997;13,2;1;9;3;33,3;0,68;0,23;0,11;0,33;0;0;MLI;DF;28;1997;23;1184;51;32,9;13,2;13;76;8;10;19;8;1,09;16;14;2;0,15;0,41;MLI;DF;28;1997;13,2;7;1;1;27;10;4;0;22;16;0;;;;;;;;;;;;;;;;;;;;;;;
Christopher Scott;Antwerp;2526;BEL-Belgian Pro League;GER;MF;23;2002;31;26;2195;24,4;6;2;8;6;0;0;3;0;0,25;0,08;0,33;0,25;0,33;GER;MF;23;2002;24,4;6;43;17;39,5;1,76;0,7;0,14;0,35;0;0;GER;MF;23;2002;31;2195;71;61,0;24,4;26;80;15;5;21;2;1,26;30;30;0;0,0;0,32;GER;MF;23;2002;24,4;3;0;0;36;23;0;18;19;43;0;;;;;;;;;;;;;;;;;;;;;;;
Daam Foulon;Antwerp;2526;BEL-Belgian Pro League;BEL;MF,DF;26;1999;33;29;2279;25,3;0;4;4;0;0;0;7;2;0,0;0,16;0,16;0,0;0,16;BEL;MF,DF;26;1999;25,3;0;13;4;30,8;0,51;0,16;0,0;0,0;0;0;BEL;MF,DF;26;1999;33;2279;69;63,3;25,3;29;75;15;4;26;0;1,09;26;32;-6;-0,24;-0,31;BEL;MF,DF;26;1999;25,3;7;2;1;41;47;3;144;37;31;0;;;;;;;;;;;;;;;;;;;;;;;
Dennis Praet;Antwerp;2526;BEL-Belgian Pro League;BEL;MF;31;1994;31;29;2520;28,0;0;0;0;0;0;0;3;1;0,0;0,0;0,0;0,0;0,0;BEL;MF;31;1994;28,0;0;16;3;18,8;0,57;0,11;0,0;0,0;0;0;BEL;MF;31;1994;31;2520;81;70,0;28,0;29;84;19;2;36;0;1,19;32;36;-4;-0,14;-0,06;BEL;MF;31;1994;28,0;3;1;0;29;26;6;58;51;36;0;;;;;;;;;;;;;;;;;;;;;;;
Eran Tuypens;Antwerp;2526;BEL-Belgian Pro League;BEL;MF;19;2005;8;4;304;3,4;0;0;0;0;0;0;1;0;0,0;0,0;0,0;0,0;0,0;BEL;MF;19;2005;3,4;0;1;0;0,0;0,3;0,0;0,0;;0;0;BEL;MF;19;2005;8;304;38;8,4;3,4;4;65;0;4;11;5;1,0;5;12;-7;-2,07;-2,13;BEL;MF;19;2005;3,4;1;0;0;4;2;0;4;2;11;0;;;;;;;;;;;;;;;;;;;;;;;
Farouck Adekami;Antwerp;2526;BEL-Belgian Pro League;CIV;MF,FW;18;2006;21;12;1139;12,7;2;2;4;2;0;1;7;0;0,16;0,16;0,32;0,16;0,32;CIV;MF,FW;18;2006;12,7;2;35;16;45,7;2,77;1,26;0,06;0,13;0;1;CIV;MF,FW;18;2006;21;1139;54;31,6;12,7;12;75;2;9;26;5;1,29;12;16;-4;-0,32;-0,28;CIV;MF,FW;18;2006;12,7;7;0;0;21;42;4;78;1;16;0;;;;;;;;;;;;;;;;;;;;;;;
Gabriel David;Antwerp;2526;BEL-Belgian Pro League;NGA;FW;18;2007;8;0;118;1,3;0;0;0;0;0;0;1;0;0,0;0,0;0,0;0,0;0,0;NGA;FW;18;2007;1,3;0;1;0;0,0;0,76;0,0;0,0;;0;0;NGA;FW;18;2007;8;118;15;3,3;1,3;0;;0;8;15;4;1,5;2;2;0;0,0;0,13;NGA;FW;18;2007;1,3;1;0;0;2;3;3;2;0;1;0;;;;;;;;;;;;;;;;;;;;;;;
Geoffry Hairemans;Antwerp;2526;BEL-Belgian Pro League;BEL;MF;33;1991;4;1;107;1,2;0;0;0;0;0;1;0;0;0,0;0,0;0,0;0,0;0,0;BEL;MF;33;1991;1,2;0;2;0;0,0;1,68;0,0;0,0;;0;1;BEL;MF;33;1991;4;107;27;3,0;1,2;1;59;0;3;16;1;1,0;0;0;0;0,0;0,13;BEL;MF;33;1991;1,2;0;0;0;1;1;0;3;0;0;0;;;;;;;;;;;;;;;;;;;;;;;
Gerard Vandeplas;Antwerp;2526;BEL-Belgian Pro League;BEL;FW,MF;19;2006;19;5;545;6,1;0;0;0;0;0;0;0;0;0,0;0,0;0,0;0,0;0,0;BEL;FW,MF;19;2006;6,1;0;11;6;54,5;1,82;0,99;0,0;0,0;0;0;BEL;FW,MF;19;2006;19;545;29;15,1;6,1;5;66;1;14;16;2;1,26;6;6;0;0,0;0,15;BEL;FW,MF;19;2006;6,1;0;0;0;11;7;4;1;3;5;0;;;;;;;;;;;;;;;;;;;;;;;
Glenn Bijl;Antwerp;2526;BEL-Belgian Pro League;NED;DF,MF;30;1995;11;8;643;7,1;0;0;0;0;0;0;1;0;0,0;0,0;0,0;0,0;0,0;NED;DF,MF;30;1995;7,1;0;1;0;0,0;0,14;0,0;0,0;;0;0;NED;DF,MF;30;1995;11;643;58;17,9;7,1;8;75;2;3;14;18;0,73;4;5;-1;-0,14;-0,02;NED;DF,MF;30;1995;7,1;1;0;0;15;7;2;12;3;19;0;;;;;;;;;;;;;;;;;;;;;;;
Gyrano Kerk;Antwerp;2526;BEL-Belgian Pro League;SUR;FW,MF;29;1995;27;24;2089;23,2;3;4;7;3;0;0;4;0;0,13;0,17;0,3;0,13;0,3;SUR;FW,MF;29;1995;23,2;3;50;16;32,0;2,15;0,69;0,06;0,19;0;0;SUR;FW,MF;29;1995;27;2089;77;58,0;23,2;24;83;10;3;36;0;1,33;27;27;0;0,0;0,3;SUR;FW,MF;29;1995;23,2;4;0;0;28;31;24;61;8;25;0;;;;;;;;;;;;;;;;;;;;;;;
Isaac Babadi;Antwerp;2526;BEL-Belgian Pro League;NED;MF;20;2005;17;3;479;5,3;0;0;0;0;0;0;1;0;0,0;0,0;0,0;0,0;0,0;NED;MF;20;2005;5,3;0;12;6;50,0;2,25;1,13;0,0;0,0;0;0;NED;MF;20;2005;17;479;28;13,3;5,3;3;69;0;14;20;6;0,94;3;7;-4;-0,75;-0,72;NED;MF;20;2005;5,3;1;0;0;4;1;1;12;4;10;0;;;;;;;;;;;;;;;;;;;;;;;
Jeff Godelaine;Antwerp;2526;BEL-Belgian Pro League;BEL;FW;18;2007;1;0;8;0,1;0;0;0;0;0;0;0;0;0,0;0,0;0,0;0,0;0,0;BEL;FW;18;2007;0,1;0;1;0;0,0;11,25;0,0;0,0;;0;0;BEL;FW;18;2007;1;8;8;0,2;0,1;0;;0;1;8;0;0,0;1;0;1;11,25;11,4;BEL;FW;18;2007;0,1;0;0;0;0;0;0;0;0;0;0;;;;;;;;;;;;;;;;;;;;;;;
Jules Ahoka;Antwerp;2526;BEL-Belgian Pro League;COD;DF;19;2006;2;1;99;1,1;0;0;0;0;0;0;0;0;0,0;0,0;0,0;0,0;0,0;COD;DF;19;2006;1,1;0;1;0;0,0;0,91;0,0;0,0;;0;0;COD;DF;19;2006;2;99;50;2,8;1,1;1;90;1;1;9;0;2,0;0;0;0;0,0;0,13;COD;DF;19;2006;1,1;0;0;0;0;2;0;0;1;1;0;;;;;;;;;;;;;;;;;;;;;;;
Kobe Corbanie;Antwerp;2526;BEL-Belgian Pro League;;;;;;;;;;;;;;;;;;;;;;;;;;;;;;;;;;;;;BEL;DF;20;2005;0;;;;;0;;0;0;;14;;;;;;;;;;;;;;;;;;;;;;;;;;;;;;;;;;;;;;;;;;;;
Louie Van Gelder;Antwerp;2526;BEL-Belgian Pro League;;;;;;;;;;;;;;;;;;;;;;;;;;;;;;;;;;;;;BEL;MF;16;2009;0;;;;;0;;0;0;;2;;;;;;;;;;;;;;;;;;;;;;;;;;;;;;;;;;;;;;;;;;;;
Luca Schelfhout;Antwerp;2526;BEL-Belgian Pro League;BEL;DF;17;2007;2;0;33;0,4;0;0;0;0;0;0;0;0;0,0;0,0;0,0;0,0;0,0;BEL;DF;17;2007;0,4;0;0;0;;0,0;0,0;;;0;0;BEL;DF;17;2007;2;33;17;0,9;0,4;0;;0;2;17;3;2,0;0;0;0;0,0;0,13;BEL;DF;17;2007;0,4;0;0;0;0;0;0;2;0;3;0;;;;;;;;;;;;;;;;;;;;;;;
Mahamadou Diawara;Antwerp;2526;BEL-Belgian Pro League;FRA;MF;20;2005;8;6;398;4,4;0;0;0;0;0;0;1;0;0,0;0,0;0,0;0,0;0,0;FRA;MF;20;2005;4,4;0;2;1;50,0;0,45;0,23;0,0;0,0;0;0;FRA;MF;20;2005;8;398;50;11,1;4,4;6;60;0;2;20;10;0,63;1;6;-5;-1,13;-1,13;FRA;MF;20;2005;4,4;1;0;0;10;5;0;3;2;4;0;;;;;;;;;;;;;;;;;;;;;;;
Mahamadou Doumbia;Antwerp;2526;BEL-Belgian Pro League;MLI;MF;21;2004;6;6;526;5,8;2;1;3;1;1;2;2;0;0,34;0,17;0,51;0,17;0,34;MLI;MF;21;2004;5,8;2;10;3;30,0;1,71;0,51;0,2;0,67;1;2;MLI;MF;21;2004;6;526;88;14,6;5,8;6;88;3;0;;0;1,5;7;6;1;0,17;0,35;MLI;MF;21;2004;5,8;2;0;0;9;24;0;5;4;3;0;;;;;;;;;;;;;;;;;;;;;;;
Marwan Al Sahafi;Antwerp;2526;BEL-Belgian Pro League;KSA;FW,MF;21;2004;24;15;1316;14,6;1;0;1;1;0;0;2;0;0,07;0,0;0,07;0,07;0,07;KSA;FW,MF;21;2004;14,6;1;19;5;26,3;1,3;0,34;0,05;0,2;0;0;KSA;FW,MF;21;2004;24;1316;55;36,6;14,6;15;72;2;9;27;7;0,92;13;17;-4;-0,27;-0,23;KSA;FW,MF;21;2004;14,6;2;0;0;10;9;10;12;5;7;0;;;;;;;;;;;;;;;;;;;;;;;
Mauricio Benítez;Antwerp;2526;BEL-Belgian Pro League;ARG;MF,DF;21;2004;27;17;1501;16,7;3;0;3;3;0;0;4;0;0,18;0,0;0,18;0,18;0,18;ARG;MF,DF;21;2004;16,7;3;24;6;25,0;1,44;0,36;0,13;0,5;0;0;ARG;MF,DF;21;2004;27;1501;56;41,7;16,7;17;82;11;10;10;1;1,26;18;19;-1;-0,06;0,11;ARG;MF,DF;21;2004;16,7;4;0;0;12;13;0;8;31;27;0;;;;;;;;;;;;;;;;;;;;;;;
Michel-Ange Balikwisha;Antwerp;2526;BEL-Belgian Pro League;COD;MF;24;2001;4;4;345;3,8;1;0;1;0;1;1;0;0;0,26;0,0;0,26;0,0;0,0;COD;MF;24;2001;3,8;1;3;2;66,7;0,78;0,52;0,33;0,5;1;1;COD;MF;24;2001;4;345;86;9,6;3,8;4;86;2;0;;0;1,5;5;3;2;0,52;0,72;COD;MF;24;2001;3,8;0;0;0;6;10;1;10;3;7;0;;;;;;;;;;;;;;;;;;;;;;;
Modibo Fofana;Antwerp;2526;BEL-Belgian Pro League;CIV;MF;17;2007;2;0;37;0,4;1;0;1;1;0;0;0;0;2,43;0,0;2,43;2,43;2,43;CIV;MF;17;2007;0,4;1;4;1;25,0;9,73;2,43;0,25;1,0;0;0;CIV;MF;17;2007;2;37;19;1,0;0,4;0;;0;2;19;0;2,0;1;0;1;2,43;2,58;CIV;MF;17;2007;0,4;0;0;0;0;0;0;0;0;2;0;;;;;;;;;;;;;;;;;;;;;;;
Muhammadali Oʻrinboyev;Antwerp;2526;BEL-Belgian Pro League;UZB;MF;20;2005;5;0;131;1,5;0;0;0;0;0;0;0;0;0,0;0,0;0,0;0,0;0,0;UZB;MF;20;2005;1,5;0;3;0;0,0;2,06;0,0;0,0;;0;0;UZB;MF;20;2005;5;131;26;3,6;1,5;0;;0;5;26;8;1,4;1;3;-2;-1,37;-1,3;UZB;MF;20;2005;1,5;0;0;0;0;4;0;15;0;1;0;;;;;;;;;;;;;;;;;;;;;;;
Niels Devalckeneer;Antwerp;2526;BEL-Belgian Pro League;BEL;GK;21;2004;1;1;90;1,0;0;0;0;0;0;0;0;0;0,0;0,0;0,0;0,0;0,0;BEL;GK;21;2004;1,0;0;0;0;;0,0;0,0;;;0;0;BEL;GK;21;2004;1;90;90;2,5;1,0;1;90;1;0;;1;3,0;2;0;2;2,0;2,18;BEL;GK;21;2004;1,0;0;0;0;0;0;0;0;0;0;0;BEL;GK;21;2004;1;1;90;1,0;0;0,0;2;2;100,0;1;0;0;1;100,0;0;0;0;0;
Orseer Achihi;Antwerp;2526;BEL-Belgian Pro League;NGA;FW;18;2006;2;0;14;0,2;0;0;0;0;0;0;0;0;0,0;0,0;0,0;0,0;0,0;NGA;FW;18;2006;0,2;0;0;0;;0,0;0,0;;;0;0;NGA;FW;18;2006;2;14;7;0,4;0,2;0;;0;2;7;2;3,0;0;0;0;0,0;0,13;NGA;FW;18;2006;0,2;0;0;0;0;0;0;0;0;0;0;;;;;;;;;;;;;;;;;;;;;;;
Rein Van Helden;Antwerp;2526;BEL-Belgian Pro League;BEL;DF;23;2002;8;4;411;4,6;1;0;1;1;0;0;0;0;0,22;0,0;0,22;0,22;0,22;BEL;DF;23;2002;4,6;1;4;1;25,0;0,88;0,22;0,25;1,0;0;0;BEL;DF;23;2002;8;411;51;11,4;4,6;4;76;3;4;27;1;1,25;2;4;-2;-0,44;-0,35;BEL;DF;23;2002;4,6;0;0;0;5;3;0;0;3;7;0;;;;;;;;;;;;;;;;;;;;;;;
Rosen Bozhinov;Antwerp;2526;BEL-Belgian Pro League;BUL;DF;20;2005;16;15;1278;14,2;1;0;1;1;0;0;1;0;0,07;0,0;0,07;0,07;0,07;BUL;DF;20;2005;14,2;1;7;3;42,9;0,49;0,21;0,14;0,33;0;0;BUL;DF;20;2005;16;1278;80;35,5;14,2;15;84;12;1;12;4;1,5;19;16;3;0,21;0,52;BUL;DF;20;2005;14,2;1;0;0;21;4;0;0;21;10;0;;;;;;;;;;;;;;;;;;;;;;;
Semm Renders;Antwerp;2526;BEL-Belgian Pro League;BEL;MF;17;2007;12;5;627;7,0;0;0;0;0;0;0;0;0;0,0;0,0;0,0;0,0;0,0;BEL;MF;17;2007;7,0;0;2;0;0,0;0,29;0,0;0,0;;0;0;BEL;MF;17;2007;12;627;52;17,4;7,0;5;83;3;7;30;17;1,42;5;6;-1;-0,14;-0,02;BEL;MF;17;2007;7,0;0;0;0;11;4;0;8;7;17;0;;;;;;;;;;;;;;;;;;;;;;;
Senne Lammens;Antwerp;2526;BEL-Belgian Pro League;BEL;GK;23;2002;4;4;360;4,0;0;0;0;0;0;0;0;0;0,0;0,0;0,0;0,0;0,0;BEL;GK;23;2002;4,0;0;0;0;;0,0;0,0;;;0;0;BEL;GK;23;2002;4;360;90;10,0;4,0;4;90;4;0;;0;1,5;6;4;2;0,5;0,69;BEL;GK;23;2002;4,0;0;0;0;0;1;0;0;0;0;0;BEL;GK;23;2002;4;4;360;4,0;4;1,0;14;10;71,4;1;3;0;0;0,0;1;0;1;0;100,0
Taishi Nozawa;Antwerp;2526;BEL-Belgian Pro League;JPN;GK;22;2002;30;30;2654;29,5;0;0;0;0;0;0;1;0;0,0;0,0;0,0;0,0;0,0;JPN;GK;22;2002;29,5;0;0;0;;0,0;0,0;;;0;0;JPN;GK;22;2002;30;2654;88;73,7;29,5;30;88;28;0;;6;1,17;31;37;-6;-0,2;-0,3;JPN;GK;22;2002;29,5;1;0;0;0;7;0;0;0;2;0;JPN;GK;22;2002;30;30;2654;29,5;37;1,25;131;94;71,8;10;5;15;8;26,7;4;3;1;0;25,0
Thibo Somers;Antwerp;2526;BEL-Belgian Pro League;BEL;MF;26;1999;32;29;2428;27,0;4;2;6;4;0;0;3;0;0,15;0,07;0,22;0,15;0,22;BEL;MF;26;1999;27,0;4;36;16;44,4;1,33;0,59;0,11;0,25;0;0;BEL;MF;26;1999;32;2428;76;67,4;27,0;29;81;18;3;27;3;1,25;29;34;-5;-0,19;-0,19;BEL;MF;26;1999;27,0;3;0;0;22;23;5;58;15;35;0;;;;;;;;;;;;;;;;;;;;;;;
Vincent Janssen;Antwerp;2526;BEL-Belgian Pro League;NED;FW;31;1994;35;35;3081;34,2;10;7;17;6;4;4;8;0;0,29;0,2;0,5;0,18;0,38;NED;FW;31;1994;34,2;10;90;30;33,3;2,63;0,88;0,11;0,33;4;4;NED;FW;31;1994;35;3081;88;85,6;34,2;35;88;27;0;;0;1,23;40;37;3;0,09;1,47;NED;FW;31;1994;34,2;8;0;0;41;47;39;23;5;23;0;;;;;;;;;;;;;;;;;;;;;;;
Xander Dierckx;Antwerp;2526;BEL-Belgian Pro League;BEL;MF;16;2009;19;16;1355;15,1;1;0;1;1;0;0;4;1;0,07;0,0;0,07;0,07;0,07;BEL;MF;16;2009;15,1;1;9;2;22,2;0,6;0,13;0,11;0,5;0;0;BEL;MF;16;2009;19;1355;71;37,6;15,1;16;82;7;3;16;3;1,26;18;21;-3;-0,2;-0,12;BEL;MF;16;2009;15,1;4;1;1;19;9;3;11;13;18;0;;;;;;;;;;;;;;;;;;;;;;;
Yannick Thoelen;Antwerp;2526;BEL-Belgian Pro League;BEL;GK;35;1990;7;5;496;5,5;0;0;0;0;0;0;1;0;0,0;0,0;0,0;0,0;0,0;BEL;GK;35;1990;5,5;0;0;0;;0,0;0,0;;;0;0;BEL;GK;35;1990;7;496;71;13,8;5,5;5;90;5;2;23;31;1,25;5;9;-4;-0,73;-0,7;BEL;GK;35;1990;5,5;1;0;0;0;1;0;0;0;0;0;BEL;GK;35;1990;7;5;496;5,5;7;1,27;30;23;76,7;1;1;3;2;40,0;0;0;0;0;
Youssef Hamdaoui;Antwerp;2526;BEL-Belgian Pro League;BEL;MF;17;2008;21;5;593;6,6;1;1;2;1;0;0;3;0;0,15;0,15;0,3;0,15;0,3;BEL;MF;17;2008;6,6;1;19;4;21,1;2,88;0,61;0,05;0,25;0;0;BEL;MF;17;2008;21;593;28;16,5;6,6;5;57;0;16;19;9;1,0;7;11;-4;-0,61;-0,58;BEL;MF;17;2008;6,6;3;0;0;8;20;0;17;2;16;0;;;;;;;;;;;;;;;;;;;;;;;
Yuto Tsunashima;Antwerp;2526;BEL-Belgian Pro League;JPN;DF;24;2000;34;32;2722;30,2;1;0;1;1;0;0;6;0;0,03;0,0;0,03;0,03;0,03;JPN;DF;24;2000;30,2;1;12;4;33,3;0,4;0,13;0,08;0,25;0;0;JPN;DF;24;2000;34;2722;80;75,6;30,2;32;83;25;2;28;0;1,15;29;38;-9;-0,3;-0,71;JPN;DF;24;2000;30,2;6;0;0;47;24;2;9;39;34;1;;;;;;;;;;;;;;;;;;;;;;;
Zeno Van den Bosch;Antwerp;2526;BEL-Belgian Pro League;BEL;DF;22;2003;35;35;3068;34,1;0;1;1;0;0;0;8;1;0,0;0,03;0,03;0,0;0,03;BEL;DF;22;2003;34,1;0;13;6;46,2;0,38;0,18;0,0;0,0;0;0;BEL;DF;22;2003;35;3068;88;85,2;34,1;35;88;31;0;;1;1,31;40;41;-1;-0,03;0,65;BEL;DF;22;2003;34,1;8;1;1;46;17;0;18;54;34;1;;;;;;;;;;;;;;;;;;;;;;;
Alama Bayo;Cercle Brugge;2526;BEL-Belgian Pro League;GUI;FW;19;2006;5;0;17;0,2;0;0;0;0;0;0;0;0;0,0;0,0;0,0;0,0;0,0;GUI;FW;19;2006;0,2;0;0;0;;0,0;0,0;;;0;0;GUI;FW;19;2006;5;17;3;0,5;0,2;0;;0;5;3;4;1,2;2;0;2;10,59;10,78;GUI;FW;19;2006;0,2;0;0;0;2;1;1;2;0;0;0;;;;;;;;;;;;;;;;;;;;;;;
Alan Minda;Cercle Brugge;2526;BEL-Belgian Pro League;ECU;FW,MF;22;2003;17;11;969;10,8;3;2;5;3;0;0;0;0;0,28;0,19;0,46;0,28;0,46;ECU;FW,MF;22;2003;10,8;3;26;12;46,2;2,41;1,11;0,12;0,25;0;0;ECU;FW,MF;22;2003;17;969;57;29,9;10,8;11;73;2;6;28;3;0,71;12;16;-4;-0,37;-0,33;ECU;FW,MF;22;2003;10,8;0;0;0;3;10;4;16;4;2;0;;;;;;;;;;;;;;;;;;;;;;;
Bas Langenbick;Cercle Brugge;2526;BEL-Belgian Pro League;BEL;GK;22;2003;1;1;90;1,0;0;0;0;0;0;0;0;0;0,0;0,0;0,0;0,0;0,0;BEL;GK;22;2003;1,0;0;0;0;;0,0;0,0;;;0;0;BEL;GK;22;2003;1;90;90;2,8;1,0;1;90;1;0;;2;0,0;1;4;-3;-3,0;-2,94;BEL;GK;22;2003;1,0;0;0;0;0;0;0;0;0;0;0;BEL;GK;22;2003;1;1;90;1,0;4;4,0;6;2;33,3;0;0;1;0;0,0;1;1;0;0;0,0
Béni Mpanzu;Cercle Brugge;2526;BEL-Belgian Pro League;;;;;;;;;;;;;;;;;;;;;;;;;;;;;;;;;;;;;BEL;DF;21;2004;0;;;;;0;;0;0;;6;;;;;;;;;;;;;;;;;;;;;;;;;;;;;;;;;;;;;;;;;;;;
Charles Herrmann;Cercle Brugge;2526;BEL-Belgian Pro League;GER;FW;19;2006;4;0;73;0,8;0;0;0;0;0;0;0;0;0,0;0,0;0,0;0,0;0,0;GER;FW;19;2006;0,8;0;2;0;0,0;2,47;0,0;0,0;;0;0;GER;FW;19;2006;4;73;18;2,3;0,8;0;;0;4;18;1;1,75;0;0;0;0,0;0,14;GER;FW;19;2006;0,8;0;0;0;1;1;0;1;0;2;0;;;;;;;;;;;;;;;;;;;;;;;
Christiaan Ravych;Cercle Brugge;2526;BEL-Belgian Pro League;BEL;DF;23;2002;27;25;2245;24,9;0;0;0;0;0;0;2;0;0,0;0,0;0,0;0,0;0,0;BEL;DF;23;2002;24,9;0;8;2;25,0;0,32;0,08;0,0;0,0;0;0;BEL;DF;23;2002;27;2245;83;69,3;24,9;25;88;24;2;20;2;1,04;31;38;-7;-0,28;-0,46;BEL;DF;23;2002;24,9;2;0;0;21;25;1;4;36;32;0;;;;;;;;;;;;;;;;;;;;;;;
Dalangunypole Gomis;Cercle Brugge;2526;BEL-Belgian Pro League;FRA;DF;21;2004;1;1;69;0,8;0;0;0;0;0;0;0;0;0,0;0,0;0,0;0,0;0,0;FRA;DF;21;2004;0,8;0;1;0;0,0;1,3;0,0;0,0;;0;0;FRA;DF;21;2004;1;69;69;2,1;0,8;1;69;0;0;;7;0,0;1;3;-2;-2,61;-2,52;FRA;DF;21;2004;0,8;0;0;0;0;0;0;2;0;0;0;;;;;;;;;;;;;;;;;;;;;;;
Dante Vanzeir;Cercle Brugge;2526;BEL-Belgian Pro League;BEL;FW,MF;27;1998;15;9;802;8,9;2;2;4;2;0;0;0;0;0,22;0,22;0,45;0,22;0,45;BEL;FW,MF;27;1998;8,9;2;22;10;45,5;2,47;1,12;0,09;0,2;0;0;BEL;FW,MF;27;1998;15;802;53;24,8;8,9;9;69;1;6;31;1;1,4;18;14;4;0,45;0,78;BEL;FW,MF;27;1998;8,9;0;0;0;8;2;10;34;4;6;0;;;;;;;;;;;;;;;;;;;;;;;
Edan Diop;Cercle Brugge;2526;BEL-Belgian Pro League;FRA;MF;20;2004;33;31;2597;28,9;7;3;10;6;1;1;6;0;0,24;0,1;0,35;0,21;0,31;FRA;MF;20;2004;28,9;7;52;21;40,4;1,8;0,73;0,13;0,33;1;1;FRA;MF;20;2004;33;2597;79;80,2;28,9;31;82;19;2;32;1;1,18;46;47;-1;-0,03;0,53;FRA;MF;20;2004;28,9;6;0;0;30;36;5;61;16;29;0;;;;;;;;;;;;;;;;;;;;;;;
Edgaras Utkus;Cercle Brugge;2526;BEL-Belgian Pro League;LTU;DF;25;2000;19;17;1450;16,1;3;0;3;3;0;0;2;0;0,19;0,0;0,19;0,19;0,19;LTU;DF;25;2000;16,1;3;15;5;33,3;0,93;0,31;0,2;0,6;0;0;LTU;DF;25;2000;19;1450;76;44,8;16,1;17;81;12;2;33;1;1,05;19;20;-1;-0,06;0,14;LTU;DF;25;2000;16,1;2;0;0;17;28;0;0;27;21;1;;;;;;;;;;;;;;;;;;;;;;;
Elhadji Koné;Cercle Brugge;2526;BEL-Belgian Pro League;;;;;;;;;;;;;;;;;;;;;;;;;;;;;;;;;;;;;MLI;FW;19;2006;0;;;;;0;;0;0;;3;;;;;;;;;;;;;;;;;;;;;;;;;;;;;;;;;;;;;;;;;;;;
Emmanuel Kakou;Cercle Brugge;2526;BEL-Belgian Pro League;CIV;DF;20;2005;24;19;1732;19,2;2;1;3;2;0;0;1;1;0,1;0,05;0,16;0,1;0,16;CIV;DF;20;2005;19,2;2;21;5;23,8;1,09;0,26;0,1;0,4;0;0;CIV;DF;20;2005;24;1732;72;53,5;19,2;19;83;15;5;30;7;0,83;29;34;-5;-0,26;-0,26;CIV;DF;20;2005;19,2;1;1;0;16;18;1;13;40;26;0;;;;;;;;;;;;;;;;;;;;;;;
Erick Nunes;Cercle Brugge;2526;BEL-Belgian Pro League;BRA;DF;21;2004;15;1;307;3,4;0;1;1;0;0;0;0;0;0,0;0,29;0,29;0,0;0,29;BRA;DF;21;2004;3,4;0;3;0;0,0;0,88;0,0;0,0;;0;0;BRA;DF;21;2004;15;307;20;9,5;3,4;1;64;0;14;17;4;1,0;5;4;1;0,29;0,48;BRA;DF;21;2004;3,4;0;0;0;4;6;1;15;8;9;0;;;;;;;;;;;;;;;;;;;;;;;
Flávio Nazinho;Cercle Brugge;2526;BEL-Belgian Pro League;POR;DF,MF;22;2003;30;28;2553;28,4;3;8;11;3;0;0;13;0;0,11;0,28;0,39;0,11;0,39;POR;DF,MF;22;2003;28,4;3;27;8;29,6;0,95;0,28;0,11;0,38;0;0;POR;DF,MF;22;2003;30;2553;85;78,8;28,4;28;89;25;2;27;0;1,23;44;45;-1;-0,04;0,49;POR;DF,MF;22;2003;28,4;13;0;0;34;37;0;178;50;39;0;;;;;;;;;;;;;;;;;;;;;;;
Francis Abu;Cercle Brugge;2526;BEL-Belgian Pro League;;;;;;;;;;;;;;;;;;;;;;;;;;;;;;;;;;;;;GHA;MF;24;2001;0;;;;;0;;0;0;;1;;;;;;;;;;;;;;;;;;;;;;;;;;;;;;;;;;;;;;;;;;;;
Gary Magnée;Cercle Brugge;2526;BEL-Belgian Pro League;BEL;DF,MF;25;1999;34;31;2888;32,1;4;7;11;0;4;5;4;0;0,12;0,22;0,34;0,0;0,22;BEL;DF,MF;25;1999;32,1;4;31;10;32,3;0,97;0,31;0,13;0,4;4;5;BEL;DF,MF;25;1999;34;2888;85;89,1;32,1;31;89;26;3;42;0;1,03;45;52;-7;-0,22;-0,73;BEL;DF,MF;25;1999;32,1;4;0;0;18;24;3;255;68;48;0;;;;;;;;;;;;;;;;;;;;;;;
Geoffrey Kondo;Cercle Brugge;2526;BEL-Belgian Pro League;FRA;DF;23;2002;10;10;900;10,0;1;1;2;1;0;0;0;0;0,1;0,1;0,2;0,1;0,2;FRA;DF;23;2002;10,0;1;9;2;22,2;0,9;0,2;0,11;0,5;0;0;FRA;DF;23;2002;10;900;90;27,8;10,0;10;90;10;0;;3;1,3;19;22;-3;-0,3;-0,22;FRA;DF;23;2002;10,0;0;0;0;5;3;0;3;8;10;0;;;;;;;;;;;;;;;;;;;;;;;
Hannes Van der Bruggen;Cercle Brugge;2526;BEL-Belgian Pro League;BEL;MF;32;1993;32;32;2554;28,4;0;1;1;0;0;0;7;0;0,0;0,04;0,04;0,0;0,04;BEL;MF;32;1993;28,4;0;28;4;14,3;0,99;0,14;0,0;0,0;0;0;BEL;MF;32;1993;32;2554;80;78,8;28,4;32;80;12;0;;1;1,28;43;40;3;0,11;1,16;BEL;MF;32;1993;28,4;7;0;0;38;25;1;14;41;41;0;;;;;;;;;;;;;;;;;;;;;;;
Heriberto Jurado;Cercle Brugge;2526;BEL-Belgian Pro League;MEX;MF;20;2005;8;1;161;1,8;0;0;0;0;0;0;1;0;0,0;0,0;0,0;0,0;0,0;MEX;MF;20;2005;1,8;0;3;1;33,3;1,68;0,56;0,0;0,0;0;0;MEX;MF;20;2005;8;161;20;5,0;1,8;1;77;0;7;12;17;0,88;3;6;-3;-1,68;-1,62;MEX;MF;20;2005;1,8;1;0;0;2;3;1;11;0;3;0;;;;;;;;;;;;;;;;;;;;;;;
Ibrahim Diakité;Cercle Brugge;2526;BEL-Belgian Pro League;GUI;DF,MF;21;2003;19;10;859;9,5;0;1;1;0;0;0;3;0;0,0;0,1;0,1;0,0;0,1;GUI;DF,MF;21;2003;9,5;0;4;1;25,0;0,42;0,1;0,0;0,0;0;0;GUI;DF,MF;21;2003;19;859;45;26,5;9,5;10;72;4;9;15;6;1,32;13;16;-3;-0,31;-0,24;GUI;DF,MF;21;2003;9,5;3;0;0;12;8;1;11;8;20;0;;;;;;;;;;;;;;;;;;;;;;;
Ibrahima Diaby;Cercle Brugge;2526;BEL-Belgian Pro League;GUI;MF,DF;18;2007;26;10;1018;11,3;2;1;3;2;0;0;6;1;0,18;0,09;0,27;0,18;0,27;GUI;MF,DF;18;2007;11,3;2;18;7;38,9;1,59;0,62;0,11;0,29;0;0;GUI;MF,DF;18;2007;26;1018;39;31,4;11,3;10;71;4;16;19;9;1,31;18;22;-4;-0,35;-0,31;GUI;MF,DF;18;2007;11,3;6;1;1;27;14;2;6;19;24;0;;;;;;;;;;;;;;;;;;;;;;;
Ilias Ben Sadik;Cercle Brugge;2526;BEL-Belgian Pro League;;;;;;;;;;;;;;;;;;;;;;;;;;;;;;;;;;;;;BEL;DF;18;2007;0;;;;;0;;0;0;;1;;;;;;;;;;;;;;;;;;;;;;;;;;;;;;;;;;;;;;;;;;;;
Kader Ouattara;Cercle Brugge;2526;BEL-Belgian Pro League;BFA;MF;20;2005;3;1;92;1,0;0;0;0;0;0;0;0;0;0,0;0,0;0,0;0,0;0,0;BFA;MF;20;2005;1,0;0;0;0;;0,0;0,0;;;0;0;BFA;MF;20;2005;3;92;31;2,8;1,0;1;61;0;2;16;0;0,67;0;1;-1;-0,98;-0,86;BFA;MF;20;2005;1,0;0;0;0;0;5;2;0;0;0;0;;;;;;;;;;;;;;;;;;;;;;;
Krys Kouassi;Cercle Brugge;2526;BEL-Belgian Pro League;FRA;FW;18;2007;12;0;126;1,4;0;0;0;0;0;0;1;0;0,0;0,0;0,0;0,0;0,0;FRA;FW;18;2007;1,4;0;3;0;0,0;2,14;0,0;0,0;;0;0;FRA;FW;18;2007;12;126;11;3,9;1,4;0;;0;12;11;6;0,5;2;3;-1;-0,71;-0,6;FRA;FW;18;2007;1,4;1;0;0;3;5;1;4;1;0;0;;;;;;;;;;;;;;;;;;;;;;;
Lawrence Agyekum;Cercle Brugge;2526;BEL-Belgian Pro League;GHA;MF;21;2003;29;25;1877;20,9;0;2;2;0;0;0;5;0;0,0;0,1;0,1;0,0;0,1;GHA;MF;21;2003;20,9;0;25;5;20,0;1,2;0,24;0,0;0,0;0;0;GHA;MF;21;2003;29;1877;65;57,9;20,9;25;73;7;4;16;1;1,24;27;31;-4;-0,19;-0,13;GHA;MF;21;2003;20,9;5;0;0;28;48;2;39;23;45;0;;;;;;;;;;;;;;;;;;;;;;;
Maxime Delanghe;Cercle Brugge;2526;BEL-Belgian Pro League;BEL;GK;24;2001;18;17;1591;17,7;0;0;0;0;0;0;1;0;0,0;0,0;0,0;0,0;0,0;BEL;GK;24;2001;17,7;0;0;0;;0,0;0,0;;;0;0;BEL;GK;24;2001;18;1591;88;49,1;17,7;17;89;16;1;79;16;0,67;21;31;-10;-0,57;-0,84;BEL;GK;24;2001;17,7;1;0;0;1;6;0;0;0;0;0;BEL;GK;24;2001;18;17;1591;17,7;31;1,75;82;51;62,2;2;6;9;3;17,6;3;3;0;0;0,0
Nils De Wilde;Cercle Brugge;2526;BEL-Belgian Pro League;BEL;MF;22;2003;10;0;99;1,1;0;0;0;0;0;0;1;0;0,0;0,0;0,0;0,0;0,0;BEL;MF;22;2003;1,1;0;2;1;50,0;1,82;0,91;0,0;0,0;0;0;BEL;MF;22;2003;10;99;10;3,1;1,1;0;;0;10;10;26;1,2;2;2;0;0,0;0,14;BEL;MF;22;2003;1,1;1;0;0;1;2;1;6;0;0;0;;;;;;;;;;;;;;;;;;;;;;;
Oluwaseun Adewumi;Cercle Brugge;2526;BEL-Belgian Pro League;AUT;FW,MF;20;2005;32;16;1591;17,7;5;0;5;5;0;0;2;0;0,28;0,0;0,28;0,28;0,28;AUT;FW,MF;20;2005;17,7;5;57;24;42,1;3,22;1,36;0,09;0,21;0;0;AUT;FW,MF;20;2005;32;1591;50;49,1;17,7;16;76;6;16;23;1;1,16;25;33;-8;-0,45;-0,62;AUT;FW,MF;20;2005;17,7;2;0;0;16;21;12;21;7;7;0;;;;;;;;;;;;;;;;;;;;;;;
Oumar Diakité;Cercle Brugge;2526;BEL-Belgian Pro League;CIV;FW;21;2003;25;15;1424;15,8;7;0;7;6;1;1;4;1;0,44;0,0;0,44;0,38;0,38;CIV;FW;21;2003;15,8;7;39;18;46,2;2,46;1,14;0,18;0,39;1;1;CIV;FW;21;2003;25;1424;57;44,0;15,8;15;78;4;10;26;1;1,04;27;28;-1;-0,06;0,14;CIV;FW;21;2003;15,8;4;1;0;30;21;22;12;1;10;0;;;;;;;;;;;;;;;;;;;;;;;
Pieter Gerkens;Cercle Brugge;2526;BEL-Belgian Pro League;BEL;MF;29;1995;35;31;2830;31,4;6;1;7;5;1;1;2;0;0,19;0,03;0,22;0,16;0,19;BEL;MF;29;1995;31,4;6;41;16;39,0;1,3;0,51;0,15;0,38;1;1;BEL;MF;29;1995;35;2830;81;87,3;31,4;31;87;23;4;36;1;1,17;47;49;-2;-0,06;0,59;BEL;MF;29;1995;31,4;2;0;0;26;12;2;48;32;24;0;;;;;;;;;;;;;;;;;;;;;;;
Royer Caicedo;Cercle Brugge;2526;BEL-Belgian Pro League;COL;DF;19;2006;2;1;76;0,8;0;0;0;0;0;0;0;0;0,0;0,0;0,0;0,0;0,0;COL;DF;19;2006;0,8;0;2;1;50,0;2,37;1,18;0,0;0,0;0;0;COL;DF;19;2006;2;76;38;2,3;0,8;1;59;0;1;17;8;1,5;1;2;-1;-1,18;-1,07;COL;DF;19;2006;0,8;0;0;0;1;0;0;0;2;1;0;;;;;;;;;;;;;;;;;;;;;;;
Sebbe Gheerardyns;Cercle Brugge;2526;BEL-Belgian Pro League;;;;;;;;;;;;;;;;;;;;;;;;;;;;;;;;;;;;;BEL;DF;20;2005;0;;;;;0;;0;0;;3;;;;;;;;;;;;;;;;;;;;;;;;;;;;;;;;;;;;;;;;;;;;
Steve Ngoura;Cercle Brugge;2526;BEL-Belgian Pro League;FRA;FW;20;2005;34;26;2075;23,1;7;4;11;5;2;3;2;0;0,3;0,17;0,48;0,22;0,39;FRA;FW;20;2005;23,1;7;72;24;33,3;3,12;1,04;0,1;0,29;2;3;FRA;FW;20;2005;34;2075;61;64,0;23,1;26;71;3;8;28;1;1,12;31;31;0;0,0;0,39;FRA;FW;20;2005;23,1;2;0;0;29;43;28;21;2;9;0;;;;;;;;;;;;;;;;;;;;;;;
Valy Konaté;Cercle Brugge;2526;BEL-Belgian Pro League;CIV;DF,MF;18;2006;13;9;824;9,2;0;0;0;0;0;0;2;0;0,0;0,0;0,0;0,0;0,0;CIV;DF,MF;18;2006;9,2;0;3;1;33,3;0,33;0,11;0,0;0,0;0;0;CIV;DF,MF;18;2006;13;824;63;25,4;9,2;9;86;7;4;12;7;1,54;19;13;6;0,66;1,07;CIV;DF,MF;18;2006;9,2;2;0;0;10;10;2;28;20;29;0;;;;;;;;;;;;;;;;;;;;;;;
Warleson;Cercle Brugge;2526;BEL-Belgian Pro League;BRA;GK;28;1996;19;18;1557;17,3;0;0;0;0;0;0;2;1;0,0;0,0;0,0;0,0;0,0;BRA;GK;28;1996;17,3;0;0;0;;0,0;0,0;;;0;0;BRA;GK;28;1996;19;1557;82;48,1;17,3;18;86;17;1;18;16;1,53;31;23;8;0,46;1,16;BRA;GK;28;1996;17,3;2;1;0;1;4;0;0;0;0;0;BRA;GK;28;1996;19;18;1557;17,3;27;1,56;95;68;71,6;8;5;5;5;27,8;2;2;0;0;0,0
Xander Martlé;Cercle Brugge;2526;BEL-Belgian Pro League;;;;;;;;;;;;;;;;;;;;;;;;;;;;;;;;;;;;;BEL;MF;21;2003;0;;;;;0;;0;0;;1;;;;;;;;;;;;;;;;;;;;;;;;;;;;;;;;;;;;;;;;;;;;
Aiham Ousou;Charleroi;2526;BEL-Belgian Pro League;SYR;DF;25;2000;39;39;3393;37,7;2;1;3;2;0;0;12;1;0,05;0,03;0,08;0,05;0,08;SYR;DF;25;2000;37,7;2;34;10;29,4;0,9;0,27;0,06;0,2;0;0;SYR;DF;25;2000;39;3393;87;94,3;37,7;39;87;36;0;;0;1,28;48;47;1;0,03;0,46;SYR;DF;25;2000;37,7;12;1;0;40;19;2;1;37;35;0;;;;;;;;;;;;;;;;;;;;;;;
Alexandre Stanic;Charleroi;2526;BEL-Belgian Pro League;;;;;;;;;;;;;;;;;;;;;;;;;;;;;;;;;;;;;BEL;FW;20;2004;0;;;;;0;;0;0;;1;;;;;;;;;;;;;;;;;;;;;;;;;;;;;;;;;;;;;;;;;;;;
Amine Boukamir;Charleroi;2526;BEL-Belgian Pro League;MAR;MF;18;2006;7;6;448;5,0;0;0;0;0;0;0;1;0;0,0;0,0;0,0;0,0;0,0;MAR;MF;18;2006;5,0;0;0;0;;0,0;0,0;;;0;0;MAR;MF;18;2006;7;448;64;12,4;5,0;6;75;3;1;1;30;1,57;8;6;2;0,4;0,46;MAR;MF;18;2006;5,0;1;0;0;5;4;0;3;5;6;0;;;;;;;;;;;;;;;;;;;;;;;
Anthony Descotte;Charleroi;2526;BEL-Belgian Pro League;BEL;FW;21;2003;3;1;93;1,0;0;0;0;0;0;0;0;0;0,0;0,0;0,0;0,0;0,0;BEL;FW;21;2003;1,0;0;0;0;;0,0;0,0;;;0;0;BEL;FW;21;2003;3;93;31;2,6;1,0;1;60;0;2;17;0;0,67;2;2;0;0,0;0,0;BEL;FW;21;2003;1,0;0;0;0;6;1;1;1;0;0;0;;;;;;;;;;;;;;;;;;;;;;;
Antoine Bernier;Charleroi;2526;BEL-Belgian Pro League;BEL;MF;27;1997;38;31;2355;26,2;7;2;9;7;0;0;7;0;0,27;0,08;0,34;0,27;0,34;BEL;MF;27;1997;26,2;7;42;16;38,1;1,61;0,61;0,17;0,44;0;0;BEL;MF;27;1997;38;2355;62;65,4;26,2;31;71;2;7;22;1;1,32;33;22;11;0,42;1,22;BEL;MF;27;1997;26,2;7;0;0;43;37;10;52;15;32;0;;;;;;;;;;;;;;;;;;;;;;;
Antoine Colassin;Charleroi;2526;BEL-Belgian Pro League;BEL;MF,FW;24;2001;29;6;630;7,0;2;2;4;2;0;0;2;0;0,29;0,29;0,57;0,29;0,57;BEL;MF,FW;24;2001;7,0;2;23;7;30,4;3,29;1,0;0,09;0,29;0;0;BEL;MF,FW;24;2001;29;630;22;17,5;7,0;6;51;0;23;14;10;1,31;11;8;3;0,43;0,52;BEL;MF,FW;24;2001;7,0;2;0;0;14;7;2;8;4;7;0;;;;;;;;;;;;;;;;;;;;;;;
Aurélien Scheidler;Charleroi;2526;BEL-Belgian Pro League;FRA;FW;27;1998;36;33;2923;32,5;9;4;13;8;1;1;2;0;0,28;0,12;0,4;0,25;0,37;FRA;FW;27;1998;32,5;9;65;24;36,9;2,0;0,74;0,14;0,38;1;1;FRA;FW;27;1998;36;2923;81;81,2;32,5;33;86;23;3;30;0;1,33;41;40;1;0,03;0,16;FRA;FW;27;1998;32,5;2;0;0;39;40;21;6;7;4;0;;;;;;;;;;;;;;;;;;;;;;;
Check Keita;Charleroi;2526;BEL-Belgian Pro League;FRA;DF;22;2003;40;39;3435;38,2;3;0;3;3;0;0;5;0;0,08;0,0;0,08;0,08;0,08;FRA;DF;22;2003;38,2;3;17;3;17,6;0,45;0,08;0,18;1,0;0;0;FRA;DF;22;2003;40;3435;86;95,4;38,2;39;88;32;1;16;0;1,28;47;49;-2;-0,05;-1,14;FRA;DF;22;2003;38,2;5;0;0;32;19;15;4;23;27;0;;;;;;;;;;;;;;;;;;;;;;;
Etienne Camara;Charleroi;2526;BEL-Belgian Pro League;FRA;MF;22;2003;38;38;3016;33,5;2;3;5;2;0;0;13;1;0,06;0,09;0,15;0,06;0,15;FRA;MF;22;2003;33,5;2;20;6;30,0;0,6;0,18;0,1;0,33;0;0;FRA;MF;22;2003;38;3016;79;83,8;33,5;38;79;17;0;;0;1,18;35;45;-10;-0,3;-1,84;FRA;MF;22;2003;33,5;13;1;1;73;11;0;16;53;57;1;;;;;;;;;;;;;;;;;;;;;;;
Filip Szymczak;Charleroi;2526;BEL-Belgian Pro League;POL;FW,MF;23;2002;19;0;293;3,3;0;0;0;0;0;0;1;0;0,0;0,0;0,0;0,0;0,0;POL;FW,MF;23;2002;3,3;0;10;3;30,0;3,07;0,92;0,0;0,0;0;0;POL;FW,MF;23;2002;19;293;15;8,1;3,3;0;;0;19;15;12;0,58;2;4;-2;-0,61;-0,67;POL;FW,MF;23;2002;3,3;1;0;0;7;3;1;5;3;2;0;;;;;;;;;;;;;;;;;;;;;;;
Freddy Mbemba;Charleroi;2526;BEL-Belgian Pro League;FRA;FW;22;2002;2;0;19;0,2;0;0;0;0;0;0;0;0;0,0;0,0;0,0;0,0;0,0;FRA;FW;22;2002;0,2;0;2;1;50,0;9,47;4,74;0,0;0,0;0;0;FRA;FW;22;2002;2;19;10;0,5;0,2;0;;0;2;10;1;0,5;0;0;0;0,0;0,0;FRA;FW;22;2002;0,2;0;0;0;2;1;1;2;0;1;0;;;;;;;;;;;;;;;;;;;;;;;
Isaac Mbenza;Charleroi;2526;BEL-Belgian Pro League;BEL;MF;29;1996;4;2;188;2,1;0;0;0;0;0;0;1;0;0,0;0,0;0,0;0,0;0,0;BEL;MF;29;1996;2,1;0;2;1;50,0;0,96;0,48;0,0;0,0;0;0;BEL;MF;29;1996;4;188;47;5,2;2,1;2;73;1;2;21;6;0,5;3;3;0;0,0;0,0;BEL;MF;29;1996;2,1;1;0;0;7;2;0;26;0;1;0;;;;;;;;;;;;;;;;;;;;;;;
Jakob Romsaas;Charleroi;2526;BEL-Belgian Pro League;NOR;MF;21;2004;37;16;1753;19,5;2;3;5;2;0;0;2;0;0,1;0,15;0,26;0,1;0,26;NOR;MF;21;2004;19,5;2;40;15;37,5;2,05;0,77;0,05;0,13;0;0;NOR;MF;21;2004;37;1753;47;48,7;19,5;16;81;8;21;22;1;1,35;29;33;-4;-0,21;-0,4;NOR;MF;21;2004;19,5;2;0;0;12;16;1;18;20;21;0;;;;;;;;;;;;;;;;;;;;;;;
Jules Gaudin;Charleroi;2526;BEL-Belgian Pro League;FRA;DF;25;2000;19;6;640;7,1;0;0;0;0;0;0;1;1;0,0;0,0;0,0;0,0;0,0;FRA;DF;25;2000;7,1;0;7;1;14,3;0,98;0,14;0,0;0,0;0;0;FRA;DF;25;2000;19;640;34;17,8;7,1;6;74;1;13;15;14;1,37;12;13;-1;-0,14;-0,17;FRA;DF;25;2000;7,1;1;1;0;11;14;2;45;11;11;0;;;;;;;;;;;;;;;;;;;;;;;
Jérémy Pétris;Charleroi;2526;BEL-Belgian Pro League;FRA;DF;27;1998;5;4;376;4,2;0;0;0;0;0;0;0;0;0,0;0,0;0,0;0,0;0,0;FRA;DF;27;1998;4,2;0;0;0;;0,0;0,0;;;0;0;FRA;DF;27;1998;5;376;75;10,4;4,2;4;87;3;1;29;0;1,2;7;5;2;0,48;0,53;FRA;DF;27;1998;4,2;0;0;0;2;10;1;13;2;3;0;;;;;;;;;;;;;;;;;;;;;;;
Kévin Van Den Kerkhof;Charleroi;2526;BEL-Belgian Pro League;ALG;DF,MF;29;1996;30;25;2108;23,4;3;4;7;3;0;0;5;1;0,13;0,17;0,3;0,13;0,3;ALG;DF,MF;29;1996;23,4;3;35;11;31,4;1,49;0,47;0,09;0,27;0;0;ALG;DF,MF;29;1996;30;2108;70;58,6;23,4;25;80;10;5;21;0;1,5;34;26;8;0,34;0,82;ALG;DF,MF;29;1996;23,4;5;1;0;19;9;3;117;11;35;0;;;;;;;;;;;;;;;;;;;;;;;
Lewin Blum;Charleroi;2526;BEL-Belgian Pro League;SUI;DF;24;2001;32;17;1784;19,8;0;1;1;0;0;0;8;0;0,0;0,05;0,05;0,0;0,05;SUI;DF;24;2001;19,8;0;8;2;25,0;0,4;0,1;0,0;0,0;0;0;SUI;DF;24;2001;32;1784;56;49,6;19,8;17;84;11;15;24;2;1,28;20;25;-5;-0,25;-0,5;SUI;DF;24;2001;19,8;8;0;0;34;22;6;108;19;34;0;;;;;;;;;;;;;;;;;;;;;;;
Mardochee Nzita;Charleroi;2526;BEL-Belgian Pro League;BEL;DF;25;2000;38;34;3001;33,3;0;2;2;0;0;0;6;1;0,0;0,06;0,06;0,0;0,06;BEL;DF;25;2000;33,3;0;13;4;30,8;0,39;0,12;0,0;0,0;0;0;BEL;DF;25;2000;38;3001;79;83,4;33,3;34;85;23;4;30;0;1,32;38;37;1;0,03;0,18;BEL;DF;25;2000;33,3;6;1;1;33;49;4;122;37;45;2;;;;;;;;;;;;;;;;;;;;;;;
Martin Delavallée;Charleroi;2526;BEL-Belgian Pro League;BEL;GK;21;2004;21;21;1890;21,0;0;0;0;0;0;0;0;0;0,0;0,0;0,0;0,0;0,0;BEL;GK;21;2004;21,0;0;1;0;0,0;0,05;0,0;0,0;;0;0;BEL;GK;21;2004;21;1890;90;52,5;21,0;21;90;21;0;;19;1,33;32;32;0;0,0;0,0;BEL;GK;21;2004;21,0;0;0;0;0;5;0;0;0;0;0;BEL;GK;21;2004;21;21;1890;21,0;32;1,52;84;52;61,9;8;4;9;5;23,8;8;8;0;0;0,0
Massamba Sow;Charleroi;2526;BEL-Belgian Pro League;FRA;DF;21;2004;4;1;158;1,8;0;0;0;0;0;0;1;0;0,0;0,0;0,0;0,0;0,0;FRA;DF;21;2004;1,8;0;0;0;;0,0;0,0;;;0;0;FRA;DF;21;2004;4;158;40;4,4;1,8;1;90;1;3;23;1;1,25;5;2;3;1,71;1,79;FRA;DF;21;2004;1,8;1;0;0;3;1;0;0;0;0;0;;;;;;;;;;;;;;;;;;;;;;;
Matteo Noto;Charleroi;2526;BEL-Belgian Pro League;;;;;;;;;;;;;;;;;;;;;;;;;;;;;;;;;;;;;BEL;MF;17;2007;0;;;;;0;;0;0;;1;;;;;;;;;;;;;;;;;;;;;;;;;;;;;;;;;;;;;;;;;;;;
Mehdi Boukamir;Charleroi;2526;BEL-Belgian Pro League;MAR;DF;21;2004;16;1;302;3,4;0;0;0;0;0;0;0;0;0,0;0,0;0,0;0,0;0,0;MAR;DF;21;2004;3,4;0;0;0;;0,0;0,0;;;0;0;MAR;DF;21;2004;16;302;19;8,4;3,4;1;90;1;15;14;20;2,0;1;5;-4;-1,19;-1,3;MAR;DF;21;2004;3,4;0;0;0;5;0;0;0;7;2;0;;;;;;;;;;;;;;;;;;;;;;;
Mohamed Koné;Charleroi;2526;BEL-Belgian Pro League;CIV;GK;23;2002;19;19;1710;19,0;0;0;0;0;0;0;2;0;0,0;0,0;0,0;0,0;0,0;CIV;GK;23;2002;19,0;0;0;0;;0,0;0,0;;;0;0;CIV;GK;23;2002;19;1710;90;47,5;19,0;19;90;19;0;;19;1,21;18;18;0;0,0;0,0;CIV;GK;23;2002;19,0;2;0;0;0;4;0;0;0;1;0;CIV;GK;23;2002;19;19;1710;19,0;18;0,95;69;50;73,9;6;5;8;6;31,6;5;3;0;2;0,0
Mory Kera;Charleroi;2526;BEL-Belgian Pro League;;;;;;;;;;;;;;;;;;;;;;;;;;;;;;;;;;;;;BEL;MF;17;2008;0;;;;;0;;0;0;;2;;;;;;;;;;;;;;;;;;;;;;;;;;;;;;;;;;;;;;;;;;;;
Nicolas Closset;Charleroi;2526;BEL-Belgian Pro League;;;;;;;;;;;;;;;;;;;;;;;;;;;;;;;;;;;;;BEL;GK;21;2004;0;;;;;0;;0;0;;2;;;;;;;;;;;;;;;;;;;;;;;;;;;;;;;;;;;;;;;;;;;;
Nikola Štulić;Charleroi;2526;BEL-Belgian Pro League;SRB;FW;23;2001;3;3;215;2,4;1;0;1;1;0;0;2;1;0,42;0,0;0,42;0,42;0,42;SRB;FW;23;2001;2,4;1;3;2;66,7;1,26;0,84;0,33;0,5;0;0;SRB;FW;23;2001;3;215;72;6,0;2,4;3;72;1;0;;0;1,0;2;3;-1;-0,42;-0,45;SRB;FW;23;2001;2,4;2;1;1;5;5;3;0;0;0;0;;;;;;;;;;;;;;;;;;;;;;;
Nikoloz Chikovani;Charleroi;2526;BEL-Belgian Pro League;GEO;FW;18;2007;1;0;1;0,0;0;0;0;0;0;0;0;0;0,0;0,0;0,0;0,0;0,0;GEO;FW;18;2007;0,0;0;0;0;;0,0;0,0;;;0;0;GEO;FW;18;2007;1;1;1;0,0;0,0;0;;0;1;1;0;3,0;0;0;0;0,0;0,0;GEO;FW;18;2007;0,0;0;0;0;0;0;0;0;0;0;0;;;;;;;;;;;;;;;;;;;;;;;
Parfait Guiagon;Charleroi;2526;BEL-Belgian Pro League;CIV;MF;24;2001;33;29;2544;28,3;9;5;14;6;3;4;6;0;0,32;0,18;0,5;0,21;0,39;CIV;MF;24;2001;28,3;9;80;22;27,5;2,83;0,78;0,11;0,41;3;4;CIV;MF;24;2001;33;2544;77;70,7;28,3;29;83;12;4;32;0;1,42;38;33;5;0,18;0,6;CIV;MF;24;2001;28,3;6;0;0;30;63;3;99;12;14;0;;;;;;;;;;;;;;;;;;;;;;;
Patrick Pflücke;Charleroi;2526;BEL-Belgian Pro League;GER;MF;28;1996;35;29;2341;26,0;4;7;11;4;0;0;0;0;0,15;0,27;0,42;0,15;0,42;GER;MF;28;1996;26,0;4;56;20;35,7;2,15;0,77;0,07;0,2;0;0;GER;MF;28;1996;35;2341;67;65,0;26,0;29;74;6;6;30;0;1,29;29;34;-5;-0,19;-0,55;GER;MF;28;1996;26,0;0;0;0;3;12;5;195;5;11;0;;;;;;;;;;;;;;;;;;;;;;;
Quentin Benaets;Charleroi;2526;BEL-Belgian Pro League;BEL;FW;21;2003;1;0;7;0,1;0;0;0;0;0;0;0;0;0,0;0,0;0,0;0,0;0,0;BEL;FW;21;2003;0,1;0;0;0;;0,0;0,0;;;0;0;BEL;FW;21;2003;1;7;7;0,2;0,1;0;;0;1;7;7;0,0;0;0;0;0,0;0,0;BEL;FW;21;2003;0,1;0;0;0;0;0;0;2;0;0;0;;;;;;;;;;;;;;;;;;;;;;;
Raymond Asante;Charleroi;2526;BEL-Belgian Pro League;GHA;FW;21;2004;2;0;19;0,2;0;0;0;0;0;0;0;0;0,0;0,0;0,0;0,0;0,0;GHA;FW;21;2004;0,2;0;2;1;50,0;9,47;4,74;0,0;0,0;0;0;GHA;FW;21;2004;2;19;10;0,5;0,2;0;;0;2;10;8;0,0;0;0;0;0,0;0,0;GHA;FW;21;2004;0,2;0;0;0;0;2;0;2;0;1;0;;;;;;;;;;;;;;;;;;;;;;;
Robin Denuit;Charleroi;2526;BEL-Belgian Pro League;;;;;;;;;;;;;;;;;;;;;;;;;;;;;;;;;;;;;BEL;DF;23;2002;0;;;;;0;;0;0;;3;;;;;;;;;;;;;;;;;;;;;;;;;;;;;;;;;;;;;;;;;;;;
Vetle Dragsnes;Charleroi;2526;BEL-Belgian Pro League;NOR;DF;31;1994;2;1;94;1,0;1;0;1;1;0;0;0;0;0,96;0,0;0,96;0,96;0,96;NOR;DF;31;1994;1,0;1;3;3;100,0;2,87;2,87;0,33;0,33;0;0;NOR;DF;31;1994;2;94;47;2,6;1,0;1;90;1;1;4;2;1,0;2;2;0;0,0;0,0;NOR;DF;31;1994;1,0;0;0;0;0;1;2;8;1;2;0;;;;;;;;;;;;;;;;;;;;;;;
Yassine Khalifi;Charleroi;2526;BEL-Belgian Pro League;MAR;MF;19;2005;20;4;627;7,0;0;1;1;0;0;0;2;0;0,0;0,14;0,14;0,0;0,14;MAR;MF;19;2005;7,0;0;3;0;0,0;0,43;0,0;0,0;;0;0;MAR;MF;19;2005;20;627;31;17,4;7,0;4;78;2;16;20;14;1,4;13;8;5;0,72;0,87;MAR;MF;19;2005;7,0;2;0;0;5;14;0;2;12;12;0;;;;;;;;;;;;;;;;;;;;;;;
Yassine Titraoui;Charleroi;2526;BEL-Belgian Pro League;ALG;MF;22;2003;35;33;2900;32,2;5;1;6;5;0;0;7;0;0,16;0,03;0,19;0,16;0,19;ALG;MF;22;2003;32,2;5;53;20;37,7;1,64;0,62;0,09;0,25;0;0;ALG;MF;22;2003;35;2900;83;80,6;32,2;33;86;25;2;37;0;1,26;39;40;-1;-0,03;-0,16;ALG;MF;22;2003;32,2;7;0;0;23;38;3;41;41;33;0;;;;;;;;;;;;;;;;;;;;;;;
Yoann Cissé;Charleroi;2526;BEL-Belgian Pro League;FRA;MF;20;2004;5;0;29;0,3;0;0;0;0;0;0;0;0;0,0;0,0;0,0;0,0;0,0;FRA;MF;20;2004;0,3;0;2;1;50,0;6,21;3,1;0,0;0,0;0;0;FRA;MF;20;2004;5;29;6;0,8;0,3;0;;0;5;6;7;0,8;0;1;-1;-3,1;-3,13;FRA;MF;20;2004;0,3;0;0;0;0;1;0;4;0;0;0;;;;;;;;;;;;;;;;;;;;;;;
Žan Rogelj;Charleroi;2526;BEL-Belgian Pro League;SVN;MF,DF;25;1999;2;2;151;1,7;0;0;0;0;0;0;0;0;0,0;0,0;0,0;0,0;0,0;SVN;MF,DF;25;1999;1,7;0;0;0;;0,0;0,0;;;0;0;SVN;MF,DF;25;1999;2;151;76;4,2;1,7;2;76;1;0;;2;1,0;1;2;-1;-0,6;-0,62;SVN;MF,DF;25;1999;1,7;0;0;0;0;1;0;5;0;3;0;;;;;;;;;;;;;;;;;;;;;;;
Aleksandar Stanković;Club Brugge;2526;BEL-Belgian Pro League;SRB;MF;19;2005;39;34;3071;34,1;6;2;8;6;0;0;4;0;0,18;0,06;0,23;0,18;0,23;SRB;MF;19;2005;34,1;6;74;25;33,8;2,17;0,73;0,08;0,24;0;0;SRB;MF;19;2005;39;3071;79;85,3;34,1;34;85;24;5;35;0;2,18;77;37;40;1,17;0,15;SRB;MF;19;2005;34,1;4;0;0;29;29;0;30;43;23;0;;;;;;;;;;;;;;;;;;;;;;;
Argus Vanden Driessche;Club Brugge;2526;BEL-Belgian Pro League;BEL;GK;18;2007;1;0;13;0,1;0;0;0;0;0;0;0;0;0,0;0,0;0,0;0,0;0,0;BEL;GK;18;2007;0,1;0;0;0;;0,0;0,0;;;0;0;BEL;GK;18;2007;1;13;13;0,4;0,1;0;;0;1;13;1;3,0;1;0;1;6,92;5,79;BEL;GK;18;2007;0,1;0;0;0;0;0;0;0;0;0;0;BEL;GK;18;2007;1;0;13;0,1;0;0,0;0;0;;0;0;0;1;;0;0;0;0;
Axl De Corte;Club Brugge;2526;BEL-Belgian Pro League;;;;;;;;;;;;;;;;;;;;;;;;;;;;;;;;;;;;;BEL;GK;19;2006;0;;;;;0;;0;0;;3;;;;;;;;;;;;;;;;;;;;;;;;;;;;;;;;;;;;;;;;;;;;
Bjorn Meijer;Club Brugge;2526;BEL-Belgian Pro League;NED;DF;22;2003;27;9;1033;11,5;1;1;2;1;0;0;1;0;0,09;0,09;0,17;0,09;0,17;NED;DF;22;2003;11,5;1;14;4;28,6;1,22;0,35;0,07;0,25;0;0;NED;DF;22;2003;27;1033;38;28,7;11,5;9;80;4;18;17;8;2,3;28;10;18;1,57;0,59;NED;DF;22;2003;11,5;1;0;0;7;9;4;38;13;7;0;;;;;;;;;;;;;;;;;;;;;;;
Brandon Mechele;Club Brugge;2526;BEL-Belgian Pro League;BEL;DF;32;1993;39;39;3433;38,1;5;2;7;5;0;0;4;0;0,13;0,05;0,18;0,13;0,18;BEL;DF;32;1993;38,1;5;34;14;41,2;0,89;0,37;0,15;0,36;0;0;BEL;DF;32;1993;39;3433;88;95,4;38,1;39;88;37;0;;1;2,18;86;41;45;1,18;0,64;BEL;DF;32;1993;38,1;4;0;0;37;21;2;5;45;44;1;;;;;;;;;;;;;;;;;;;;;;;
Carlos Forbs;Club Brugge;2526;BEL-Belgian Pro League;POR;MF;21;2004;37;34;2794;31,0;8;8;16;8;0;0;3;0;0,26;0,26;0,52;0,26;0,52;POR;MF;21;2004;31,0;8;57;21;36,8;1,84;0,68;0,14;0,38;0;0;POR;MF;21;2004;37;2794;76;77,6;31,0;34;79;7;3;40;1;2,22;74;30;44;1,42;1,19;POR;MF;21;2004;31,0;3;0;0;26;27;9;93;16;25;0;;;;;;;;;;;;;;;;;;;;;;;
Christos Tzolis;Club Brugge;2526;BEL-Belgian Pro League;GRE;MF,FW;23;2002;36;34;3068;34,1;17;23;40;14;3;4;6;0;0,5;0,67;1,17;0,41;1,09;GRE;MF,FW;23;2002;34,1;17;123;44;35,8;3,61;1,29;0,14;0,39;3;4;GRE;MF,FW;23;2002;36;3068;85;85,2;34,1;34;88;29;2;38;0;2,11;79;37;42;1,23;0,56;GRE;MF,FW;23;2002;34,1;6;0;0;31;60;5;278;9;19;0;;;;;;;;;;;;;;;;;;;;;;;
Cisse Sandra;Club Brugge;2526;BEL-Belgian Pro League;BEL;MF,FW;21;2003;16;6;595;6,6;1;1;2;1;0;0;2;0;0,15;0,15;0,3;0,15;0,3;BEL;MF,FW;21;2003;6,6;1;15;4;26,7;2,27;0,61;0,07;0,25;0;0;BEL;MF,FW;21;2003;16;595;37;16,5;6,6;6;79;3;10;12;15;2,69;15;4;11;1,66;0,62;BEL;MF,FW;21;2003;6,6;2;0;0;13;1;1;4;6;5;0;;;;;;;;;;;;;;;;;;;;;;;
Dani van den Heuvel;Club Brugge;2526;BEL-Belgian Pro League;NED;GK;22;2003;10;8;764;8,5;0;0;0;0;0;0;0;0;0,0;0,0;0,0;0,0;0,0;NED;GK;22;2003;8,5;0;0;0;;0,0;0,0;;;0;0;NED;GK;22;2003;10;764;76;21,2;8,5;8;81;7;2;58;13;1,9;25;12;13;1,53;0,48;NED;GK;22;2003;8,5;0;0;0;1;2;0;0;0;0;1;NED;GK;22;2003;10;8;764;8,5;12;1,41;34;22;64,7;5;1;2;2;25,0;2;1;0;1;0,0
Félix Lemaréchal;Club Brugge;2526;BEL-Belgian Pro League;FRA;MF;21;2003;2;1;69;0,8;0;0;0;0;0;0;0;0;0,0;0,0;0,0;0,0;0,0;FRA;MF;21;2003;0,8;0;1;1;100,0;1,3;1,3;0,0;0,0;0;0;FRA;MF;21;2003;2;69;35;1,9;0,8;1;55;0;1;14;8;1,5;1;1;0;0,0;-1,17;FRA;MF;21;2003;0,8;0;0;0;1;2;0;3;0;3;0;;;;;;;;;;;;;;;;;;;;;;;
Gustaf Nilsson;Club Brugge;2526;BEL-Belgian Pro League;SWE;FW;28;1997;7;0;46;0,5;0;0;0;0;0;0;1;0;0,0;0,0;0,0;0,0;0,0;SWE;FW;28;1997;0,5;0;3;1;33,3;5,87;1,96;0,0;0,0;0;0;SWE;FW;28;1997;7;46;7;1,3;0,5;0;;0;7;7;15;2,14;1;0;1;1,96;0,82;SWE;FW;28;1997;0,5;1;0;0;7;0;0;0;0;0;0;;;;;;;;;;;;;;;;;;;;;;;
Hans Vanaken;Club Brugge;2526;BEL-Belgian Pro League;BEL;MF;32;1992;39;38;3364;37,4;7;3;10;7;0;0;2;0;0,19;0,08;0,27;0,19;0,27;BEL;MF;32;1992;37,4;7;58;21;36,2;1,55;0,56;0,12;0,33;0;0;BEL;MF;32;1992;39;3364;86;93,4;37,4;38;88;34;1;22;0;2,18;82;42;40;1,07;-1,22;BEL;MF;32;1992;37,4;2;0;0;19;29;1;43;22;24;0;;;;;;;;;;;;;;;;;;;;;;;
Hugo Siquet;Club Brugge;2526;BEL-Belgian Pro League;BEL;DF;23;2002;31;13;1290;14,3;0;2;2;0;0;0;2;0;0,0;0,14;0,14;0,0;0,14;BEL;DF;23;2002;14,3;0;16;2;12,5;1,12;0,14;0,0;0,0;0;0;BEL;DF;23;2002;31;1290;42;35,8;14,3;13;76;2;18;17;9;2,23;39;13;26;1,81;1,03;BEL;DF;23;2002;14,3;2;0;0;7;7;1;92;10;16;0;;;;;;;;;;;;;;;;;;;;;;;
Hugo Vetlesen;Club Brugge;2526;BEL-Belgian Pro League;NOR;MF,FW;25;2000;25;15;1289;14,3;5;6;11;5;0;0;4;0;0,35;0,42;0,77;0,35;0,77;NOR;MF,FW;25;2000;14,3;5;36;14;38,9;2,51;0,98;0,14;0,36;0;0;NOR;MF,FW;25;2000;25;1289;52;35,8;14,3;15;76;5;10;15;10;2,24;39;21;18;1,26;0,17;NOR;MF,FW;25;2000;14,3;4;0;0;29;13;1;13;4;13;0;;;;;;;;;;;;;;;;;;;;;;;
Joaquin Seys;Club Brugge;2526;BEL-Belgian Pro League;BEL;DF;20;2005;39;35;2966;33,0;2;5;7;2;0;0;3;0;0,06;0,15;0,21;0,06;0,21;BEL;DF;20;2005;33,0;2;16;4;25,0;0,49;0,12;0,13;0,5;0;0;BEL;DF;20;2005;39;2966;76;82,4;33,0;35;82;18;4;23;0;2,26;72;41;31;0,94;-1,19;BEL;DF;20;2005;33,0;3;0;0;22;22;1;62;40;25;0;;;;;;;;;;;;;;;;;;;;;;;
Joel Ordóñez;Club Brugge;2526;BEL-Belgian Pro League;ECU;DF;21;2004;33;30;2666;29,6;3;0;3;3;0;0;4;2;0,1;0,0;0,1;0,1;0,1;ECU;DF;21;2004;29,6;3;16;4;25,0;0,54;0,14;0,19;0,75;0;0;ECU;DF;21;2004;33;2666;81;74,1;29,6;30;86;25;3;31;1;2,27;76;31;45;1,52;1,42;ECU;DF;21;2004;29,6;4;2;0;38;17;0;1;25;28;0;;;;;;;;;;;;;;;;;;;;;;;
Jorne Spileers;Club Brugge;2526;BEL-Belgian Pro League;BEL;DF;20;2005;23;13;1202;13,4;0;1;1;0;0;0;4;0;0,0;0,07;0,07;0,0;0,07;BEL;DF;20;2005;13,4;0;3;0;0,0;0,22;0,0;0,0;;0;0;BEL;DF;20;2005;23;1202;52;33,4;13,4;13;80;8;10;16;11;2,09;21;17;4;0,3;-1,28;BEL;DF;20;2005;13,4;4;0;0;13;2;1;2;9;12;0;;;;;;;;;;;;;;;;;;;;;;;
Kaye Furo;Club Brugge;2526;BEL-Belgian Pro League;BEL;FW;18;2007;5;0;89;1,0;1;0;1;1;0;0;0;0;1,01;0,0;1,01;1,01;1,01;BEL;FW;18;2007;1,0;1;4;2;50,0;4,04;2,02;0,25;0,5;0;0;BEL;FW;18;2007;5;89;18;2,5;1,0;0;;0;5;18;4;0,8;2;3;-1;-1,01;-2,22;BEL;FW;18;2007;1,0;0;0;0;1;2;3;1;0;1;0;;;;;;;;;;;;;;;;;;;;;;;
Kyriani Sabbe;Club Brugge;2526;BEL-Belgian Pro League;BEL;DF;20;2005;27;20;1643;18,3;3;3;6;3;0;0;2;0;0,16;0,16;0,33;0,16;0,33;BEL;DF;20;2005;18,3;3;18;9;50,0;0,99;0,49;0,17;0,33;0;0;BEL;DF;20;2005;27;1643;61;45,6;18,3;20;74;4;7;23;3;2,33;41;22;19;1,04;-0,2;BEL;DF;20;2005;18,3;2;0;0;9;11;2;40;27;22;0;;;;;;;;;;;;;;;;;;;;;;;
Ludovit Reis;Club Brugge;2526;BEL-Belgian Pro League;NED;MF;25;2000;7;3;265;2,9;0;0;0;0;0;0;1;0;0,0;0,0;0,0;0,0;0,0;NED;MF;25;2000;2,9;0;6;2;33,3;2,04;0,68;0,0;0,0;0;0;NED;MF;25;2000;7;265;38;7,4;2,9;3;56;0;4;24;3;2,14;3;5;-2;-0,68;-1,97;NED;MF;25;2000;2,9;1;0;0;5;3;1;2;3;0;0;;;;;;;;;;;;;;;;;;;;;;;
Lynnt Audoor;Club Brugge;2526;BEL-Belgian Pro League;BEL;MF;21;2003;7;3;197;2,2;0;1;1;0;0;0;0;0;0,0;0,46;0,46;0,0;0,46;BEL;MF;21;2003;2,2;0;0;0;;0,0;0,0;;;0;0;BEL;MF;21;2003;7;197;28;5,5;2,2;3;50;0;4;12;7;2,0;3;4;-1;-0,46;-1,7;BEL;MF;21;2003;2,2;0;0;0;3;9;0;2;4;6;0;;;;;;;;;;;;;;;;;;;;;;;
Mamadou Diakhon;Club Brugge;2526;BEL-Belgian Pro League;SEN;MF,FW;19;2005;23;8;802;8,9;0;7;7;0;0;0;1;0;0,0;0,79;0,79;0,0;0,79;SEN;MF,FW;19;2005;8,9;0;16;3;18,8;1,8;0,34;0,0;0,0;0;0;SEN;MF,FW;19;2005;23;802;35;22,3;8,9;8;67;0;15;18;10;2,09;21;12;9;1,01;-0,18;SEN;MF,FW;19;2005;8,9;1;0;0;6;28;2;37;4;4;0;;;;;;;;;;;;;;;;;;;;;;;
Michał Skóraś;Club Brugge;2526;BEL-Belgian Pro League;POL;MF;25;2000;2;0;76;0,8;0;0;0;0;0;0;0;0;0,0;0,0;0,0;0,0;0,0;POL;MF;25;2000;0,8;0;3;0;0,0;3,55;0,0;0,0;;0;0;POL;MF;25;2000;2;76;38;2,1;0,8;0;;0;2;38;1;1,5;3;0;3;3,55;2,45;POL;MF;25;2000;0,8;0;0;0;2;7;0;7;1;0;0;;;;;;;;;;;;;;;;;;;;;;;
Nicolo Tresoldi;Club Brugge;2526;BEL-Belgian Pro League;GER;FW;20;2004;40;29;2488;27,6;19;5;24;19;0;0;1;0;0,69;0,18;0,87;0,69;0,87;GER;FW;20;2004;27,6;19;100;39;39,0;3,62;1,41;0,19;0,49;0;0;GER;FW;20;2004;40;2488;62;69,1;27,6;29;78;6;11;21;0;2,2;63;25;38;1,37;0,73;GER;FW;20;2004;27,6;1;0;0;20;46;6;8;7;14;0;;;;;;;;;;;;;;;;;;;;;;;
Nordin Jackers;Club Brugge;2526;BEL-Belgian Pro League;BEL;GK;27;1997;21;20;1801;20,0;0;0;0;0;0;0;1;0;0,0;0,0;0,0;0,0;0,0;BEL;GK;27;1997;20,0;0;0;0;;0,0;0,0;;;0;0;BEL;GK;27;1997;21;1801;86;50,0;20,0;20;86;19;1;72;11;2,1;38;22;16;0,8;-0,7;BEL;GK;27;1997;20,0;1;0;0;0;9;0;0;0;1;0;BEL;GK;27;1997;21;20;1801;20,0;22;1,1;76;53;71,1;14;2;4;8;40,0;1;1;0;0;0,0
Raphael Onyedika;Club Brugge;2526;BEL-Belgian Pro League;NGA;MF;24;2001;30;22;1994;22,2;1;0;1;1;0;0;3;0;0,05;0,0;0,05;0,05;0,05;NGA;MF;24;2001;22,2;1;29;11;37,9;1,31;0,5;0,03;0,09;0;0;NGA;MF;24;2001;30;1994;66;55,4;22,2;22;82;11;8;23;2;2,1;46;27;19;0,86;-0,66;NGA;MF;24;2001;22,2;3;0;0;30;25;0;4;22;26;0;;;;;;;;;;;;;;;;;;;;;;;
Romeo Vermant;Club Brugge;2526;BEL-Belgian Pro League;BEL;FW,MF;21;2004;35;13;1328;14,8;8;2;10;8;0;0;3;0;0,54;0,14;0,68;0,54;0,68;BEL;FW,MF;21;2004;14,8;8;48;19;39,6;3,25;1,29;0,17;0,42;0;0;BEL;FW,MF;21;2004;35;1328;38;36,9;14,8;13;73;2;22;17;0;2,31;33;17;16;1,08;-0,1;BEL;FW,MF;21;2004;14,8;3;0;0;40;34;9;3;3;8;0;;;;;;;;;;;;;;;;;;;;;;;
Shandre Campbell;Club Brugge;2526;BEL-Belgian Pro League;RSA;MF;20;2005;11;0;105;1,2;1;0;1;1;0;0;1;0;0,86;0,0;0,86;0,86;0,86;RSA;MF;20;2005;1,2;1;5;1;20,0;4,29;0,86;0,2;1,0;0;0;RSA;MF;20;2005;11;105;10;2,9;1,2;0;;0;11;10;9;2,18;4;4;0;0,0;-1,18;RSA;MF;20;2005;1,2;1;0;0;2;3;0;5;0;3;0;;;;;;;;;;;;;;;;;;;;;;;
Simon Mignolet;Club Brugge;2526;BEL-Belgian Pro League;BEL;GK;37;1988;12;12;1022;11,4;0;0;0;0;0;0;1;0;0,0;0,0;0,0;0,0;0,0;BEL;GK;37;1988;11,4;0;0;0;;0,0;0,0;;;0;0;BEL;GK;37;1988;12;1022;85;28,4;11,4;12;85;10;0;;8;2,33;27;11;16;1,41;0,36;BEL;GK;37;1988;11,4;1;0;0;0;0;0;0;0;0;0;BEL;GK;37;1988;12;12;1022;11,4;11;0,97;45;34;75,6;9;1;2;2;16,7;1;0;0;1;
Tian Koren;Club Brugge;2526;BEL-Belgian Pro League;;;;;;;;;;;;;;;;;;;;;;;;;;;;;;;;;;;;;SVN;MF;16;2009;0;;;;;0;;0;0;;2;;;;;;;;;;;;;;;;;;;;;;;;;;;;;;;;;;;;;;;;;;;;
Vince Osuji;Club Brugge;2526;BEL-Belgian Pro League;NGA;DF;19;2006;1;0;16;0,2;0;0;0;0;0;0;0;0;0,0;0,0;0,0;0,0;0,0;NGA;DF;19;2006;0,2;0;0;0;;0,0;0,0;;;0;0;NGA;DF;19;2006;1;16;16;0,4;0,2;0;;0;1;16;10;3,0;1;1;0;0,0;-1,16;NGA;DF;19;2006;0,2;0;0;0;0;0;0;0;0;0;0;;;;;;;;;;;;;;;;;;;;;;;
Zaid Romero;Club Brugge;2526;BEL-Belgian Pro League;ARG;DF;25;1999;1;1;58;0,6;0;0;0;0;0;0;0;0;0,0;0,0;0,0;0,0;0,0;ARG;DF;25;1999;0,6;0;1;1;100,0;1,55;1,55;0,0;0,0;0;0;ARG;DF;25;1999;1;58;58;1,6;0,6;1;58;0;0;;5;0,0;0;2;-2;-3,1;-4,32;ARG;DF;25;1999;0,6;0;0;0;0;0;0;0;0;0;0;;;;;;;;;;;;;;;;;;;;;;;
Alireza Jahanbakhsh;Dender;2526;BEL-Belgian Pro League;IRN;MF,FW;31;1993;21;9;903;10,0;1;1;2;0;1;1;5;0;0,1;0,1;0,2;0,0;0,1;IRN;MF,FW;31;1993;10,0;1;20;7;35,0;1,99;0,7;0,05;0,14;1;1;IRN;MF,FW;31;1993;21;903;43;27,9;10,0;9;72;2;12;22;1;0,95;11;17;-6;-0,6;0,36;IRN;MF,FW;31;1993;10,0;5;0;0;14;13;8;30;4;6;0;;;;;;;;;;;;;;;;;;;;;;;
Amine Daali;Dender;2526;BEL-Belgian Pro League;BEL;MF;21;2004;5;0;110;1,2;0;0;0;0;0;0;1;0;0,0;0,0;0,0;0,0;0,0;BEL;MF;21;2004;1,2;0;2;2;100,0;1,64;1,64;0,0;0,0;0;0;BEL;MF;21;2004;5;110;22;3,4;1,2;0;;0;5;22;6;1,2;1;2;-1;-0,82;0,04;BEL;MF;21;2004;1,2;1;0;0;2;2;1;2;0;6;0;;;;;;;;;;;;;;;;;;;;;;;
Aurélien Scheidler;Dender;2526;BEL-Belgian Pro League;FRA;FW;27;1998;4;4;335;3,7;0;0;0;0;0;0;1;0;0,0;0,0;0,0;0,0;0,0;FRA;FW;27;1998;3,7;0;6;4;66,7;1,61;1,07;0,0;0,0;0;0;FRA;FW;27;1998;4;335;84;10,3;3,7;4;84;3;0;;0;0,5;1;5;-4;-1,07;-0,24;FRA;FW;27;1998;3,7;1;0;0;4;4;6;2;2;0;0;;;;;;;;;;;;;;;;;;;;;;;
Benjamin Fredrick;Dender;2526;BEL-Belgian Pro League;NGA;DF,MF;20;2005;14;10;860;9,6;0;0;0;0;0;0;2;0;0,0;0,0;0,0;0,0;0,0;NGA;DF,MF;20;2005;9,6;0;6;1;16,7;0,63;0,1;0,0;0,0;0;0;NGA;DF,MF;20;2005;14;860;61;26,5;9,6;10;78;4;4;20;0;0,36;7;16;-9;-0,94;-0,11;NGA;DF,MF;20;2005;9,6;2;0;0;8;5;2;18;13;14;0;;;;;;;;;;;;;;;;;;;;;;;
Bo De Kerf;Dender;2526;BEL-Belgian Pro League;BEL;DF;21;2003;8;5;459;5,1;0;0;0;0;0;0;1;1;0,0;0,0;0,0;0,0;0,0;BEL;DF;21;2003;5,1;0;4;0;0,0;0,78;0,0;0,0;;0;0;BEL;DF;21;2003;8;459;57;14,2;5,1;5;74;2;3;29;5;0,88;7;10;-3;-0,59;0,32;BEL;DF;21;2003;5,1;1;1;0;8;1;2;2;11;9;0;;;;;;;;;;;;;;;;;;;;;;;
Bruny Nsimba;Dender;2526;BEL-Belgian Pro League;BEL;FW;25;2000;28;22;1810;20,1;9;4;13;5;4;4;4;0;0,45;0,2;0,65;0,25;0,45;BEL;FW;25;2000;20,1;9;57;22;38,6;2,83;1,09;0,16;0,41;4;4;BEL;FW;25;2000;28;1810;65;55,9;20,1;22;75;7;6;26;0;0,71;22;30;-8;-0,4;1,05;BEL;FW;25;2000;20,1;4;0;0;26;36;8;35;3;5;0;;;;;;;;;;;;;;;;;;;;;;;
Bryan Goncalves;Dender;2526;BEL-Belgian Pro League;FRA;DF;29;1996;26;24;2109;23,4;1;2;3;0;1;1;5;0;0,04;0,09;0,13;0,0;0,09;FRA;DF;29;1996;23,4;1;10;4;40,0;0,43;0,17;0,1;0,25;1;1;FRA;DF;29;1996;26;2109;81;65,1;23,4;24;85;18;2;31;10;0,77;22;42;-20;-0,85;0,02;FRA;DF;29;1996;23,4;5;0;0;26;11;0;130;27;18;1;;;;;;;;;;;;;;;;;;;;;;;
David Hrnčár;Dender;2526;BEL-Belgian Pro League;SVK;MF,FW;27;1997;18;9;817;9,1;2;0;2;2;0;0;1;0;0,22;0,0;0,22;0,22;0,22;SVK;MF,FW;27;1997;9,1;2;17;8;47,1;1,87;0,88;0,12;0,25;0;0;SVK;MF,FW;27;1997;18;817;45;25,2;9,1;9;73;1;9;18;10;0,44;8;16;-8;-0,88;-0,03;SVK;MF,FW;27;1997;9,1;1;0;0;6;5;5;35;7;7;0;;;;;;;;;;;;;;;;;;;;;;;
David Toshevski;Dender;2526;BEL-Belgian Pro League;MKD;FW;24;2001;25;19;1479;16,4;4;0;4;4;0;0;5;1;0,24;0,0;0,24;0,24;0,24;MKD;FW;24;2001;16,4;4;39;12;30,8;2,37;0,73;0,1;0,33;0;0;MKD;FW;24;2001;25;1479;59;45,6;16,4;19;69;1;6;27;1;0,76;16;30;-14;-0,85;0,02;MKD;FW;24;2001;16,4;5;1;0;30;27;13;5;1;7;0;;;;;;;;;;;;;;;;;;;;;;;
Desmond Acquah;Dender;2526;BEL-Belgian Pro League;BEL;MF,FW;23;2002;11;2;243;2,7;0;1;1;0;0;0;1;0;0,0;0,37;0,37;0,0;0,37;BEL;MF,FW;23;2002;2,7;0;7;1;14,3;2,59;0,37;0,0;0,0;0;0;BEL;MF,FW;23;2002;11;243;22;7,5;2,7;2;53;0;9;15;12;1,0;3;4;-1;-0,37;0,53;BEL;MF,FW;23;2002;2,7;1;0;0;6;1;0;3;2;5;0;;;;;;;;;;;;;;;;;;;;;;;
Fabio Ferraro;Dender;2526;BEL-Belgian Pro League;BEL;DF,MF;22;2002;29;29;2524;28,0;1;3;4;1;0;0;5;0;0,04;0,11;0,14;0,04;0,14;BEL;DF,MF;22;2002;28,0;1;30;12;40,0;1,07;0,43;0,03;0,08;0;0;BEL;DF,MF;22;2002;29;2524;87;77,9;28,0;29;87;21;0;;0;0,62;21;46;-25;-0,89;-0,14;BEL;DF,MF;22;2002;28,0;5;0;0;21;20;2;115;29;42;0;;;;;;;;;;;;;;;;;;;;;;;
Gauthier Gallon;Dender;2526;BEL-Belgian Pro League;FRA;GK;32;1993;13;13;1145;12,7;0;0;0;0;0;0;1;0;0,0;0,0;0,0;0,0;0,0;FRA;GK;32;1993;12,7;0;0;0;;0,0;0,0;;;0;0;FRA;GK;32;1993;13;1145;88;35,3;12,7;13;88;12;0;;0;0,69;11;23;-12;-0,94;-0,13;FRA;GK;32;1993;12,7;1;0;0;1;1;0;0;0;0;0;FRA;GK;32;1993;13;13;1145;12,7;23;1,81;65;42;64,6;2;3;8;4;30,8;3;1;2;0;66,7
Guillaume Dietsch;Dender;2526;BEL-Belgian Pro League;FRA;GK;24;2001;14;13;1195;13,3;0;0;0;0;0;0;1;0;0,0;0,0;0,0;0,0;0,0;FRA;GK;24;2001;13,3;0;0;0;;0,0;0,0;;;0;0;FRA;GK;24;2001;14;1195;85;36,9;13,3;13;90;13;1;25;16;0,86;16;24;-8;-0,6;0,41;FRA;GK;24;2001;13,3;1;0;0;0;2;0;0;0;0;0;FRA;GK;24;2001;14;13;1195;13,3;24;1,81;76;52;68,4;3;3;7;0;0,0;2;1;1;0;50,0
Joedrick Pupe;Dender;2526;BEL-Belgian Pro League;BEL;DF;28;1997;4;4;313;3,5;0;0;0;0;0;0;1;0;0,0;0,0;0,0;0,0;0,0;BEL;DF;28;1997;3,5;0;3;1;33,3;0,86;0,29;0,0;0,0;0;0;BEL;DF;28;1997;4;313;78;9,7;3,5;4;78;2;0;;0;0,5;0;3;-3;-0,86;0,0;BEL;DF;28;1997;3,5;1;0;0;4;3;0;3;3;3;0;;;;;;;;;;;;;;;;;;;;;;;
Jordan Kadiri;Dender;2526;BEL-Belgian Pro League;NGA;FW;25;2000;13;1;270;3,0;1;0;1;1;0;0;2;0;0,33;0,0;0,33;0,33;0,33;NGA;FW;25;2000;3,0;1;11;3;27,3;3,67;1,0;0,09;0,33;0;0;NGA;FW;25;2000;13;270;21;8,3;3,0;1;65;0;12;17;11;0,23;4;9;-5;-1,67;-0,88;NGA;FW;25;2000;3,0;2;0;0;4;13;3;1;1;1;0;;;;;;;;;;;;;;;;;;;;;;;
Kobe Cools;Dender;2526;BEL-Belgian Pro League;BEL;DF;28;1997;19;15;1325;14,7;0;0;0;0;0;0;2;0;0,0;0,0;0,0;0,0;0,0;BEL;DF;28;1997;14,7;0;12;6;50,0;0,82;0,41;0,0;0,0;0;0;BEL;DF;28;1997;19;1325;70;40,9;14,7;15;85;11;4;13;5;0,79;9;21;-12;-0,82;0,08;BEL;DF;28;1997;14,7;2;0;0;21;3;2;0;17;13;0;;;;;;;;;;;;;;;;;;;;;;;
Krzysztof Kotoń;Dender;2526;BEL-Belgian Pro League;POL;MF;22;2003;13;2;380;4,2;0;0;0;0;0;0;1;0;0,0;0,0;0,0;0,0;0,0;POL;MF;22;2003;4,2;0;6;3;50,0;1,42;0,71;0,0;0,0;0;0;POL;MF;22;2003;13;380;29;11,7;4,2;2;90;2;11;18;15;0,69;4;7;-3;-0,71;0,17;POL;MF;22;2003;4,2;1;0;0;11;10;0;6;1;8;0;;;;;;;;;;;;;;;;;;;;;;;
Kéres Masangu;Dender;2526;BEL-Belgian Pro League;;;;;;;;;;;;;;;;;;;;;;;;;;;;;;;;;;;;;BEL;MF;25;2000;0;;;;;0;;0;0;;2;;;;;;;;;;;;;;;;;;;;;;;;;;;;;;;;;;;;;;;;;;;;
Louis Fortin;Dender;2526;BEL-Belgian Pro League;;;;;;;;;;;;;;;;;;;;;;;;;;;;;;;;;;;;;BEL;GK;23;2002;0;;;;;0;;0;0;;21;;;;;;;;;;;;;;;;;;;;;;;;;;;;;;;;;;;;;;;;;;;;
Luc De Fougerolles;Dender;2526;BEL-Belgian Pro League;CAN;DF;19;2005;27;18;1650;18,3;0;1;1;0;0;0;6;2;0,0;0,05;0,05;0,0;0,05;CAN;DF;19;2005;18,3;0;5;0;0,0;0,27;0,0;0,0;;0;0;CAN;DF;19;2005;27;1650;61;50,9;18,3;18;76;7;9;31;1;0,52;13;32;-19;-1,04;-0,36;CAN;DF;19;2005;18,3;6;2;1;26;44;2;9;19;18;0;;;;;;;;;;;;;;;;;;;;;;;
Luc Marijnissen;Dender;2526;BEL-Belgian Pro League;NED;DF;22;2003;35;35;3057;34,0;1;0;1;1;0;0;6;0;0,03;0,0;0,03;0,03;0,03;NED;DF;22;2003;34,0;1;16;6;37,5;0,47;0,18;0,06;0,17;0;0;NED;DF;22;2003;35;3057;87;94,4;34,0;35;87;31;0;;0;0,69;29;58;-29;-0,85;0,13;NED;DF;22;2003;34,0;6;0;0;35;13;2;33;41;46;0;;;;;;;;;;;;;;;;;;;;;;;
Malcolm Viltard;Dender;2526;BEL-Belgian Pro League;FRA;MF;22;2002;34;32;2550;28,3;1;1;2;1;0;0;8;1;0,04;0,04;0,07;0,04;0,07;FRA;MF;22;2002;28,3;1;12;4;33,3;0,42;0,14;0,08;0,25;0;0;FRA;MF;22;2002;34;2550;75;78,7;28,3;32;79;11;2;19;0;0,71;24;51;-27;-0,95;-0,43;FRA;MF;22;2002;28,3;8;1;1;31;37;2;43;36;42;0;;;;;;;;;;;;;;;;;;;;;;;
Marsoni Sambu;Dender;2526;BEL-Belgian Pro League;ANG;DF,MF;29;1996;29;23;2009;22,3;0;4;4;0;0;0;6;0;0,0;0,18;0,18;0,0;0,18;ANG;DF,MF;29;1996;22,3;0;11;2;18,2;0,49;0,09;0,0;0,0;0;0;ANG;DF,MF;29;1996;29;2009;69;62,0;22,3;23;81;12;6;25;1;0,79;20;41;-21;-0,94;-0,21;ANG;DF,MF;29;1996;22,3;6;0;0;18;4;7;42;23;37;0;;;;;;;;;;;;;;;;;;;;;;;
Michael Verrips;Dender;2526;BEL-Belgian Pro League;NED;GK;28;1996;10;10;900;10,0;0;0;0;0;0;0;0;0;0,0;0,0;0,0;0,0;0,0;NED;GK;28;1996;10,0;0;0;0;;0,0;0,0;;;0;0;NED;GK;28;1996;10;900;90;27,8;10,0;10;90;10;0;;1;0,4;4;15;-11;-1,1;-0,33;NED;GK;28;1996;10,0;0;0;0;0;3;0;0;1;0;0;NED;GK;28;1996;10;10;900;10,0;15;1,5;36;21;58,3;0;4;6;2;20,0;2;2;0;0;0,0
Mohamed Berte;Dender;2526;BEL-Belgian Pro League;BEL;FW;23;2002;28;8;967;10,7;2;0;2;2;0;0;1;0;0,19;0,0;0,19;0,19;0,19;BEL;FW;23;2002;10,7;2;21;9;42,9;1,95;0,84;0,1;0,22;0;0;BEL;FW;23;2002;28;967;35;29,8;10,7;8;65;2;20;22;1;0,82;9;23;-14;-1,3;-0,63;BEL;FW;23;2002;10,7;1;0;0;18;20;1;4;1;6;0;;;;;;;;;;;;;;;;;;;;;;;
Moïse Sahi Dion;Dender;2526;BEL-Belgian Pro League;CIV;FW;23;2001;5;0;82;0,9;0;0;0;0;0;0;0;0;0,0;0,0;0,0;0,0;0,0;CIV;FW;23;2001;0,9;0;1;0;0,0;1,1;0,0;0,0;;0;0;CIV;FW;23;2001;5;82;16;2,5;0,9;0;;0;5;16;1;0,2;1;2;-1;-1,1;-0,24;CIV;FW;23;2001;0,9;0;0;0;0;0;1;1;0;0;0;;;;;;;;;;;;;;;;;;;;;;;
Nathan Rôdes;Dender;2526;BEL-Belgian Pro League;BEL;MF,DF;27;1997;33;22;1986;22,1;0;0;0;0;0;0;1;0;0,0;0,0;0,0;0,0;0,0;BEL;MF,DF;27;1997;22,1;0;20;3;15,0;0,91;0,14;0,0;0,0;0;0;BEL;MF,DF;27;1997;33;1986;60;61,3;22,1;22;83;15;11;14;3;0,76;21;38;-17;-0,77;0,23;BEL;MF,DF;27;1997;22,1;1;0;0;11;6;0;12;14;34;0;;;;;;;;;;;;;;;;;;;;;;;
Naïl Moutha-Sebtaoui;Dender;2526;BEL-Belgian Pro League;BEL;DF;19;2005;14;1;266;3,0;0;0;0;0;0;0;3;0;0,0;0,0;0,0;0,0;0,0;BEL;DF;19;2005;3,0;0;2;1;50,0;0,68;0,34;0,0;0,0;0;0;BEL;DF;19;2005;14;266;19;8,2;3,0;1;67;0;13;15;18;0,5;8;5;3;1,02;2,04;BEL;DF;19;2005;3,0;3;0;0;3;1;0;26;2;4;0;;;;;;;;;;;;;;;;;;;;;;;
Noah Mbamba;Dender;2526;BEL-Belgian Pro League;BEL;MF;20;2005;33;33;2687;29,9;2;2;4;2;0;0;4;0;0,07;0,07;0,13;0,07;0,13;BEL;MF;20;2005;29,9;2;26;9;34,6;0,87;0,3;0,08;0,22;0;0;BEL;MF;20;2005;33;2687;81;82,9;29,9;33;81;18;0;;0;0,67;23;47;-24;-0,8;0,34;BEL;MF;20;2005;29,9;4;0;0;39;48;1;11;43;58;0;;;;;;;;;;;;;;;;;;;;;;;
Oumar Baldé;Dender;2526;BEL-Belgian Pro League;;;;;;;;;;;;;;;;;;;;;;;;;;;;;;;;;;;;;BEL;MF;18;2006;0;;;;;0;;0;0;;4;;;;;;;;;;;;;;;;;;;;;;;;;;;;;;;;;;;;;;;;;;;;
Ragnar Oratmangoen;Dender;2526;BEL-Belgian Pro League;IDN;MF,FW;27;1998;16;3;510;5,7;1;0;1;1;0;0;1;0;0,18;0,0;0,18;0,18;0,18;IDN;MF,FW;27;1998;5,7;1;8;4;50,0;1,41;0,71;0,13;0,25;0;0;IDN;MF,FW;27;1998;16;510;32;15,7;5,7;3;73;1;13;22;3;0,56;4;13;-9;-1,59;-0,86;IDN;MF,FW;27;1998;5,7;1;0;0;9;6;2;10;2;5;0;;;;;;;;;;;;;;;;;;;;;;;
Roman Květ;Dender;2526;BEL-Belgian Pro League;CZE;MF,FW;27;1997;32;30;2545;28,3;5;0;5;5;0;0;5;0;0,18;0,0;0,18;0,18;0,18;CZE;MF,FW;27;1997;28,3;5;37;11;29,7;1,31;0,39;0,14;0,45;0;0;CZE;MF,FW;27;1997;32;2545;80;78,5;28,3;30;83;20;2;21;0;0,69;22;50;-28;-0,99;-0,6;CZE;MF,FW;27;1997;28,3;5;0;0;25;26;5;88;23;20;0;;;;;;;;;;;;;;;;;;;;;;;
Ryan Adewusi;Dender;2526;BEL-Belgian Pro League;BEL;FW;20;2005;1;0;24;0,3;0;0;0;0;0;0;0;0;0,0;0,0;0,0;0,0;0,0;BEL;FW;20;2005;0,3;0;0;0;;0,0;0,0;;;0;0;BEL;FW;20;2005;1;24;24;0,7;0,3;0;;0;1;24;2;0,0;0;0;0;0,0;0,87;BEL;FW;20;2005;0,3;0;0;0;1;0;0;0;0;0;0;;;;;;;;;;;;;;;;;;;;;;;
Victoir Lembi;Dender;2526;BEL-Belgian Pro League;BEL;DF;19;2005;2;0;45;0,5;0;0;0;0;0;0;0;0;0,0;0,0;0,0;0,0;0,0;BEL;DF;19;2005;0,5;0;0;0;;0,0;0,0;;;0;0;BEL;DF;19;2005;2;45;23;1,4;0,5;0;;0;2;23;4;0,0;0;0;0;0,0;0,87;BEL;DF;19;2005;0,5;0;0;0;0;0;0;0;1;2;0;;;;;;;;;;;;;;;;;;;;;;;
Aaron Bibout;Genk;2526;BEL-Belgian Pro League;CMR;FW;20;2004;20;12;1107;12,3;6;0;6;6;0;0;0;0;0,49;0,0;0,49;0,49;0,49;CMR;FW;20;2004;12,3;6;47;17;36,2;3,82;1,38;0,13;0,35;0;0;CMR;FW;20;2004;20;1107;55;30,8;12,3;12;78;4;8;21;2;1,67;17;14;3;0,24;0,21;CMR;FW;20;2004;12,3;0;0;0;20;14;20;2;0;3;0;;;;;;;;;;;;;;;;;;;;;;;
Adrián Palacios;Genk;2526;BEL-Belgian Pro League;VEN;DF;21;2004;10;2;222;2,5;0;1;1;0;0;0;0;0;0,0;0,41;0,41;0,0;0,41;VEN;DF;21;2004;2,5;0;2;0;0,0;0,81;0,0;0,0;;0;0;VEN;DF;21;2004;10;222;22;6,2;2,5;2;64;0;8;12;17;0,64;3;7;-4;-1,62;-1,83;VEN;DF;21;2004;2,5;0;0;0;3;1;0;7;5;4;0;;;;;;;;;;;;;;;;;;;;;;;
August De Wannemacker;Genk;2526;BEL-Belgian Pro League;BEL;MF;16;2008;3;0;42;0,5;0;0;0;0;0;0;0;0;0,0;0,0;0,0;0,0;0,0;BEL;MF;16;2008;0,5;0;0;0;;0,0;0,0;;;0;0;BEL;MF;16;2008;3;42;14;1,2;0,5;0;;0;3;14;1;2,0;0;0;0;0,0;-0,1;BEL;MF;16;2008;0,5;0;0;0;1;3;0;1;0;0;0;;;;;;;;;;;;;;;;;;;;;;;
Ayumu Yokoyama;Genk;2526;BEL-Belgian Pro League;JPN;MF;22;2003;8;2;302;3,4;1;0;1;1;0;0;0;0;0,3;0,0;0,3;0,3;0,3;JPN;MF;22;2003;3,4;1;13;6;46,2;3,87;1,79;0,08;0,17;0;0;JPN;MF;22;2003;8;302;38;8,4;3,4;2;80;1;6;24;6;1,33;3;2;1;0,3;0,22;JPN;MF;22;2003;3,4;0;0;0;2;4;1;25;2;3;0;;;;;;;;;;;;;;;;;;;;;;;
Brent Stevens;Genk;2526;BEL-Belgian Pro League;;;;;;;;;;;;;;;;;;;;;;;;;;;;;;;;;;;;;BEL;GK;21;2003;0;;;;;0;;0;0;;1;;;;;;;;;;;;;;;;;;;;;;;;;;;;;;;;;;;;;;;;;;;;
Bryan Heynen;Genk;2526;BEL-Belgian Pro League;BEL;MF;28;1997;39;39;3479;38,7;4;1;5;4;0;0;5;0;0,1;0,03;0,13;0,1;0,13;BEL;MF;28;1997;38,7;4;45;11;24,4;1,16;0,28;0,09;0,36;0;0;BEL;MF;28;1997;39;3479;89;96,6;38,7;39;89;35;0;;0;1,5;55;51;4;0,1;0,1;BEL;MF;28;1997;38,7;5;0;0;44;40;0;23;45;64;1;;;;;;;;;;;;;;;;;;;;;;;
Daan Heymans;Genk;2526;BEL-Belgian Pro League;BEL;MF;26;1999;30;27;2244;24,9;10;4;14;7;3;4;3;0;0,4;0,16;0,56;0,28;0,44;BEL;MF;26;1999;24,9;10;58;24;41,4;2,33;0,96;0,17;0,42;3;4;BEL;MF;26;1999;30;2244;75;62,3;24,9;27;82;13;3;12;0;1,45;36;34;2;0,08;-0,05;BEL;MF;26;1999;24,9;3;0;0;31;24;6;18;18;35;0;;;;;;;;;;;;;;;;;;;;;;;
Hendrik Van Crombrugge;Genk;2526;BEL-Belgian Pro League;BEL;GK;32;1993;12;12;1080;12,0;0;0;0;0;0;0;0;0;0,0;0,0;0,0;0,0;0,0;BEL;GK;32;1993;12,0;0;0;0;;0,0;0,0;;;0;0;BEL;GK;32;1993;12;1080;90;30,0;12,0;12;90;12;0;;19;1,42;18;18;0;0,0;-0,14;BEL;GK;32;1993;12,0;0;0;0;0;1;0;0;1;0;0;BEL;GK;32;1993;12;12;1080;12,0;18;1,5;58;40;69,0;4;5;3;1;8,3;1;1;0;0;0,0
Ibrahima Sory Bangoura;Genk;2526;BEL-Belgian Pro League;GUI;MF;21;2004;27;17;1393;15,5;0;0;0;0;0;0;4;0;0,0;0,0;0,0;0,0;0,0;GUI;MF;21;2004;15,5;0;7;3;42,9;0,45;0,19;0,0;0,0;0;0;GUI;MF;21;2004;27;1393;52;38,7;15,5;17;74;6;10;13;8;1,5;25;18;7;0,45;0,57;GUI;MF;21;2004;15,5;4;0;0;40;7;0;1;20;32;0;;;;;;;;;;;;;;;;;;;;;;;
Jarne Steuckers;Genk;2526;BEL-Belgian Pro League;BEL;MF;23;2002;29;15;1439;16,0;0;6;6;0;0;0;1;0;0,0;0,38;0,38;0,0;0,38;BEL;MF;23;2002;16,0;0;28;7;25,0;1,75;0,44;0,0;0,0;0;0;BEL;MF;23;2002;29;1439;50;40,0;16,0;15;80;7;14;17;10;1,33;20;25;-5;-0,31;-0,69;BEL;MF;23;2002;16,0;1;0;0;7;9;1;137;3;6;0;;;;;;;;;;;;;;;;;;;;;;;
Joris Kayembe;Genk;2526;BEL-Belgian Pro League;COD;DF;30;1994;28;23;2106;23,4;0;1;1;0;0;0;5;0;0,0;0,04;0,04;0,0;0,04;COD;DF;30;1994;23,4;0;13;2;15,4;0,56;0,09;0,0;0,0;0;0;COD;DF;30;1994;28;2106;75;58,5;23,4;23;87;18;5;20;2;1,46;36;32;4;0,17;0,17;COD;DF;30;1994;23,4;5;0;0;22;19;2;46;26;31;0;;;;;;;;;;;;;;;;;;;;;;;
Josué Kongolo;Genk;2526;BEL-Belgian Pro League;BEL;DF;19;2006;15;11;1050;11,7;0;0;0;0;0;0;3;0;0,0;0,0;0,0;0,0;0,0;BEL;DF;19;2006;11,7;0;4;0;0,0;0,34;0,0;0,0;;0;0;BEL;DF;19;2006;15;1050;70;29,2;11,7;11;85;8;4;29;22;1,75;15;9;6;0,51;0,58;BEL;DF;19;2006;11,7;3;0;0;10;16;1;4;11;13;0;;;;;;;;;;;;;;;;;;;;;;;
Junya Itō;Genk;2526;BEL-Belgian Pro League;JPN;MF,FW;32;1993;28;22;1773;19,7;6;5;11;6;0;0;4;0;0,3;0,25;0,56;0,3;0,56;JPN;MF,FW;32;1993;19,7;6;35;16;45,7;1,78;0,81;0,17;0,38;0;0;JPN;MF,FW;32;1993;28;1773;63;49,3;19,7;22;75;2;6;21;0;1,68;28;26;2;0,1;0,0;JPN;MF,FW;32;1993;19,7;4;0;0;15;13;12;147;16;21;0;;;;;;;;;;;;;;;;;;;;;;;
Jusef Erabi;Genk;2526;BEL-Belgian Pro League;SWE;FW;22;2003;15;4;463;5,1;1;0;1;1;0;0;2;0;0,19;0,0;0,19;0,19;0,19;SWE;FW;22;2003;5,1;1;14;6;42,9;2,72;1,17;0,07;0,17;0;0;SWE;FW;22;2003;15;463;31;12,9;5,1;4;69;0;11;17;8;1,2;7;4;3;0,58;0,55;SWE;FW;22;2003;5,1;2;0;0;9;7;2;1;0;2;0;;;;;;;;;;;;;;;;;;;;;;;
Ken Nkuba;Genk;2526;BEL-Belgian Pro League;BEL;DF;23;2002;14;5;531;5,9;1;0;1;1;0;0;2;0;0,17;0,0;0,17;0,17;0,17;BEL;DF;23;2002;5,9;1;11;6;54,5;1,86;1,02;0,09;0,17;0;0;BEL;DF;23;2002;14;531;38;14,8;5,9;5;90;4;9;9;14;1,71;8;9;-1;-0,17;-0,32;BEL;DF;23;2002;5,9;2;0;0;9;6;1;21;4;15;0;;;;;;;;;;;;;;;;;;;;;;;
Kos Karetsas;Genk;2526;BEL-Belgian Pro League;GRE;MF,FW;17;2007;34;27;2235;24,8;0;10;10;0;0;0;3;0;0,0;0,4;0,4;0,0;0,4;GRE;MF,FW;17;2007;24,8;0;68;27;39,7;2,74;1,09;0,0;0,0;0;0;GRE;MF,FW;17;2007;34;2235;66;62,1;24,8;27;77;8;7;21;0;1,56;42;39;3;0,12;0,05;GRE;MF,FW;17;2007;24,8;3;0;0;23;63;3;168;6;16;0;;;;;;;;;;;;;;;;;;;;;;;
Lucca Brughmans;Genk;2526;BEL-Belgian Pro League;BEL;GK;17;2008;10;10;900;10,0;0;0;0;0;0;0;0;0;0,0;0,0;0,0;0,0;0,0;BEL;GK;17;2008;10,0;0;0;0;;0,0;0,0;;;0;0;BEL;GK;17;2008;10;900;90;25,0;10,0;10;90;10;0;;10;1,64;11;6;5;0,5;0,53;BEL;GK;17;2008;10,0;0;0;0;0;0;0;0;0;0;0;BEL;GK;17;2008;10;10;900;10,0;6;0,6;31;25;80,6;4;5;1;5;50,0;1;1;0;0;0,0
Matte Smets;Genk;2526;BEL-Belgian Pro League;BEL;DF;21;2004;39;39;3509;39,0;0;1;1;0;0;0;4;0;0,0;0,03;0,03;0,0;0,03;BEL;DF;21;2004;39,0;0;15;0;0,0;0,38;0,0;0,0;;0;0;BEL;DF;21;2004;39;3509;90;97,5;39,0;39;90;38;0;;0;1,44;55;53;2;0,05;-1,93;BEL;DF;21;2004;39,0;4;0;0;21;19;0;10;53;45;0;;;;;;;;;;;;;;;;;;;;;;;
Mujaid Sadick;Genk;2526;BEL-Belgian Pro League;ESP;DF;25;2000;36;34;3014;33,5;2;0;2;2;0;0;4;1;0,06;0,0;0,06;0,06;0,06;ESP;DF;25;2000;33,5;2;7;3;42,9;0,21;0,09;0,29;0,67;0;0;ESP;DF;25;2000;36;3014;84;83,7;33,5;34;88;33;2;6;2;1,44;48;47;1;0,03;-0,43;ESP;DF;25;2000;33,5;4;1;0;26;13;2;2;29;51;0;;;;;;;;;;;;;;;;;;;;;;;
Nikolas Sattlberger;Genk;2526;BEL-Belgian Pro League;AUT;MF;21;2004;24;11;974;10,8;0;1;1;0;0;0;3;0;0,0;0,09;0,09;0,0;0,09;AUT;MF;21;2004;10,8;0;8;2;25,0;0,74;0,18;0,0;0,0;0;0;AUT;MF;21;2004;24;974;41;27,1;10,8;11;71;2;13;15;15;1,48;10;19;-9;-0,83;-1,28;AUT;MF;21;2004;10,8;3;0;0;28;5;0;1;11;9;0;;;;;;;;;;;;;;;;;;;;;;;
Noah Adedeji;Genk;2526;BEL-Belgian Pro League;BEL;MF;20;2005;25;12;1028;11,4;1;1;2;1;0;0;0;0;0,09;0,09;0,18;0,09;0,18;BEL;MF;20;2005;11,4;1;22;4;18,2;1,93;0,35;0,05;0,25;0;0;BEL;MF;20;2005;25;1028;41;28,6;11,4;12;69;0;13;15;4;1,48;13;11;2;0,18;0,11;BEL;MF;20;2005;11,4;0;0;0;12;36;3;48;8;16;0;;;;;;;;;;;;;;;;;;;;;;;
Oh Hyeon-gyu;Genk;2526;BEL-Belgian Pro League;KOR;FW;24;2001;20;13;1107;12,3;6;3;9;6;0;0;2;0;0,49;0,24;0,73;0,49;0,73;KOR;FW;24;2001;12,3;6;50;25;50,0;4,07;2,03;0,12;0,24;0;0;KOR;FW;24;2001;20;1107;55;30,8;12,3;13;74;2;7;21;3;1,25;17;20;-3;-0,24;-0,5;KOR;FW;24;2001;12,3;2;0;0;14;16;6;6;0;5;0;;;;;;;;;;;;;;;;;;;;;;;
Patrik Hrošovský;Genk;2526;BEL-Belgian Pro League;SVK;MF;33;1992;16;10;1005;11,2;1;1;2;1;0;0;0;0;0,09;0,09;0,18;0,09;0,18;SVK;MF;33;1992;11,2;1;24;8;33,3;2,15;0,72;0,04;0,13;0;0;SVK;MF;33;1992;16;1005;63;27,9;11,2;10;86;4;6;24;4;1,31;17;14;3;0,27;0,23;SVK;MF;33;1992;11,2;0;0;0;6;7;0;30;8;10;0;;;;;;;;;;;;;;;;;;;;;;;
Robin Mirisola;Genk;2526;BEL-Belgian Pro League;BEL;FW;18;2006;29;13;1239;13,8;4;2;6;4;0;0;3;0;0,29;0,15;0,44;0,29;0,44;BEL;FW;18;2006;13,8;4;34;12;35,3;2,47;0,87;0,12;0,33;0;0;BEL;FW;18;2006;29;1239;43;34,4;13,8;13;69;1;16;21;7;1,5;25;15;10;0,73;0,96;BEL;FW;18;2006;13,8;3;0;0;30;11;2;8;5;9;0;;;;;;;;;;;;;;;;;;;;;;;
Tobias Lawal;Genk;2526;BEL-Belgian Pro League;AUT;GK;25;2000;18;18;1620;18,0;0;0;0;0;0;0;2;0;0,0;0,0;0,0;0,0;0,0;AUT;GK;25;2000;18,0;0;0;0;;0,0;0,0;;;0;0;AUT;GK;25;2000;18;1620;90;45,0;18,0;18;90;18;0;;11;1,39;28;29;-1;-0,06;-0,28;AUT;GK;25;2000;18,0;2;0;0;0;3;0;1;0;0;1;AUT;GK;25;2000;18;18;1620;18,0;29;1,61;82;53;64,6;7;4;7;3;16,7;2;2;0;0;0,0
Tolu Arokodare;Genk;2526;BEL-Belgian Pro League;NGA;FW;24;2000;4;0;84;0,9;1;0;1;1;0;0;0;0;1,07;0,0;1,07;1,07;1,07;NGA;FW;24;2000;0,9;1;6;2;33,3;6,43;2,14;0,17;0,5;0;0;NGA;FW;24;2000;4;84;21;2,3;0,9;0;;0;4;21;0;1,0;1;1;0;0,0;-0,1;NGA;FW;24;2000;0,9;0;0;0;1;3;1;1;0;0;0;;;;;;;;;;;;;;;;;;;;;;;
Yaimar Medina;Genk;2526;BEL-Belgian Pro League;ECU;DF,MF;20;2004;27;18;1528;17,0;0;3;3;0;0;0;4;0;0,0;0,18;0,18;0,0;0,18;ECU;DF,MF;20;2004;17,0;0;27;11;40,7;1,59;0,65;0,0;0,0;0;0;ECU;DF,MF;20;2004;27;1528;57;42,4;17,0;18;74;5;9;21;7;1,48;22;19;3;0,18;0,13;ECU;DF,MF;20;2004;17,0;4;0;0;16;29;1;53;13;17;0;;;;;;;;;;;;;;;;;;;;;;;
Yira Sor;Genk;2526;BEL-Belgian Pro League;NGA;MF,FW;25;2000;27;10;1077;12,0;4;1;5;4;0;0;0;0;0,33;0,08;0,42;0,33;0,42;NGA;MF,FW;25;2000;12,0;4;35;17;48,6;2,92;1,42;0,11;0,24;0;0;NGA;MF,FW;25;2000;27;1077;40;29,9;12,0;10;73;1;17;20;7;1,32;16;16;0;0,0;-0,14;NGA;MF,FW;25;2000;12,0;0;0;0;15;20;8;32;9;6;0;;;;;;;;;;;;;;;;;;;;;;;
Zakaria El Ouahdi;Genk;2526;BEL-Belgian Pro League;MAR;DF,MF;23;2001;34;34;2991;33,2;8;4;12;8;0;0;4;0;0,24;0,12;0,36;0,24;0,36;MAR;DF,MF;23;2001;33,2;8;70;25;35,7;2,11;0,75;0,11;0,32;0;0;MAR;DF,MF;23;2001;34;2991;88;83,1;33,2;34;88;28;0;;0;1,47;50;44;6;0,18;0,48;MAR;DF,MF;23;2001;33,2;4;0;0;20;38;5;83;27;25;0;;;;;;;;;;;;;;;;;;;;;;;
Abdelkahar Kadri;Gent;2526;BEL-Belgian Pro League;ALG;MF;25;2000;32;21;2001;22,2;2;5;7;2;0;1;5;0;0,09;0,22;0,31;0,09;0,31;ALG;MF;25;2000;22,2;2;25;8;32,0;1,12;0,36;0,08;0,25;0;1;ALG;MF;25;2000;32;2001;63;55,6;22,2;21;82;6;11;26;2;1,27;31;30;1;0,04;0,33;ALG;MF;25;2000;22,2;5;0;0;16;26;2;35;19;21;0;;;;;;;;;;;;;;;;;;;;;;;
Aimé Omgba;Gent;2526;BEL-Belgian Pro League;NED;MF;22;2002;19;2;432;4,8;0;0;0;0;0;0;0;0;0,0;0,0;0,0;0,0;0,0;NED;MF;22;2002;4,8;0;5;2;40,0;1,04;0,42;0,0;0,0;0;0;NED;MF;22;2002;19;432;23;12,0;4,8;2;75;0;17;17;12;1,35;12;7;5;1,04;1,3;NED;MF;22;2002;4,8;0;0;0;7;3;0;2;3;6;0;;;;;;;;;;;;;;;;;;;;;;;
Andri Guðjohnsen;Gent;2526;BEL-Belgian Pro League;ISL;FW;23;2002;2;0;5;0,1;0;0;0;0;0;0;0;0;0,0;0,0;0,0;0,0;0,0;ISL;FW;23;2002;0,1;0;0;0;;0,0;0,0;;;0;0;ISL;FW;23;2002;2;5;3;0,1;0,1;0;;0;2;3;0;1,5;0;2;-2;-36,0;-35,95;ISL;FW;23;2002;0,1;0;0;0;1;0;0;0;0;0;0;;;;;;;;;;;;;;;;;;;;;;;
Atsuki Ito;Gent;2526;BEL-Belgian Pro League;JPN;MF;26;1998;29;25;2103;23,4;4;3;7;4;0;0;3;0;0,17;0,13;0,3;0,17;0,3;JPN;MF;26;1998;23,4;4;36;13;36,1;1,54;0,56;0,11;0,31;0;0;JPN;MF;26;1998;29;2103;73;58,4;23,4;25;81;13;4;19;9;1,3;33;38;-5;-0,21;-0,27;JPN;MF;26;1998;23,4;3;0;0;26;16;1;24;22;24;0;;;;;;;;;;;;;;;;;;;;;;;
Bram Lagae;Gent;2526;BEL-Belgian Pro League;;;;;;;;;;;;;;;;;;;;;;;;;;;;;;;;;;;;;BEL;DF;21;2004;0;;;;;0;;0;0;;8;;;;;;;;;;;;;;;;;;;;;;;;;;;;;;;;;;;;;;;;;;;;
Daiki Hashioka;Gent;2526;BEL-Belgian Pro League;JPN;DF;26;1999;16;15;1278;14,2;0;0;0;0;0;0;1;0;0,0;0,0;0,0;0,0;0,0;JPN;DF;26;1999;14,2;0;6;1;16,7;0,42;0,07;0,0;0,0;0;0;JPN;DF;26;1999;16;1278;80;35,5;14,2;15;84;10;1;14;1;1,06;13;19;-6;-0,42;-0,5;JPN;DF;26;1999;14,2;1;0;0;18;12;0;28;17;9;0;;;;;;;;;;;;;;;;;;;;;;;
Dante Vanzeir;Gent;2526;BEL-Belgian Pro League;BEL;FW;27;1998;5;1;148;1,6;0;0;0;0;0;0;0;0;0,0;0,0;0,0;0,0;0,0;BEL;FW;27;1998;1,6;0;1;0;0,0;0,61;0,0;0,0;;0;0;BEL;FW;27;1998;5;148;30;4,1;1,6;1;61;0;4;22;9;0,6;2;2;0;0,0;0,1;BEL;FW;27;1998;1,6;0;0;0;3;0;5;4;0;0;0;;;;;;;;;;;;;;;;;;;;;;;
Davy Roef;Gent;2526;BEL-Belgian Pro League;BEL;GK;31;1994;40;40;3600;40,0;0;0;0;0;0;0;0;0;0,0;0,0;0,0;0,0;0,0;BEL;GK;31;1994;40,0;0;0;0;;0,0;0,0;;;0;0;BEL;GK;31;1994;40;3600;90;100,0;40,0;40;90;40;0;;0;1,27;53;57;-4;-0,1;;BEL;GK;31;1994;40,0;0;0;0;0;8;0;0;1;1;0;BEL;GK;31;1994;40;40;3600;40,0;57;1,42;198;141;71,2;13;12;15;10;25,0;4;2;2;0;50,0
El Hadji Seck;Gent;2526;BEL-Belgian Pro League;;;;;;;;;;;;;;;;;;;;;;;;;;;;;;;;;;;;;SEN;FW;18;2007;0;;;;;0;;0;0;;2;1,0;;;;;;;;;;;;;;;;;;;;;;;;;;;;;;;;;;;;;;;;;;;
Franck Surdez;Gent;2526;BEL-Belgian Pro League;SUI;MF,FW;23;2002;14;4;369;4,1;1;0;1;1;0;0;2;0;0,24;0,0;0,24;0,24;0,24;SUI;MF,FW;23;2002;4,1;1;11;4;36,4;2,68;0,98;0,09;0,25;0;0;SUI;MF,FW;23;2002;14;369;26;10,3;4,1;4;57;0;10;14;1;1,29;2;10;-8;-1,95;-2,06;SUI;MF,FW;23;2002;4,1;2;0;0;7;8;0;25;3;11;0;;;;;;;;;;;;;;;;;;;;;;;
Gilles De Meyer;Gent;2526;BEL-Belgian Pro League;BEL;DF;18;2006;1;0;8;0,1;0;0;0;0;0;0;0;0;0,0;0,0;0,0;0,0;0,0;BEL;DF;18;2006;0,1;0;0;0;;0,0;0,0;;;0;0;BEL;DF;18;2006;1;8;8;0,2;0,1;0;;0;1;8;5;3,0;0;0;0;0,0;0,1;BEL;DF;18;2006;0,1;0;0;0;0;0;0;0;0;1;0;;;;;;;;;;;;;;;;;;;;;;;
Hannes Vernemmen;Gent;2526;BEL-Belgian Pro League;BEL;DF;20;2005;1;0;22;0,2;0;0;0;0;0;0;0;0;0,0;0,0;0,0;0,0;0,0;BEL;DF;20;2005;0,2;0;0;0;;0,0;0,0;;;0;0;BEL;DF;20;2005;1;22;22;0,6;0,2;0;;0;1;22;8;0,0;0;1;-1;-4,09;-4,02;BEL;DF;20;2005;0,2;0;0;0;1;0;0;0;0;0;0;;;;;;;;;;;;;;;;;;;;;;;
Hatim Es-Saoubi;Gent;2526;BEL-Belgian Pro League;MAR;DF;24;2000;10;2;198;2,2;0;0;0;0;0;0;0;1;0,0;0,0;0,0;0,0;0,0;MAR;DF;24;2000;2,2;0;0;0;;0,0;0,0;;;0;0;MAR;DF;24;2000;10;198;20;5,5;2,2;2;62;0;8;9;6;1,7;3;3;0;0,0;0,11;MAR;DF;24;2000;2,2;0;1;0;2;3;0;1;2;2;0;;;;;;;;;;;;;;;;;;;;;;;
Hong Hyunseok;Gent;2526;BEL-Belgian Pro League;KOR;MF;26;1999;18;13;843;9,4;1;0;1;1;0;0;0;0;0,11;0,0;0,11;0,11;0,11;KOR;MF;26;1999;9,4;1;6;4;66,7;0,64;0,43;0,17;0,25;0;0;KOR;MF;26;1999;18;843;47;23,4;9,4;13;59;0;5;15;2;1,32;12;11;1;0,11;0,27;KOR;MF;26;1999;9,4;0;0;0;5;12;1;8;11;9;0;;;;;;;;;;;;;;;;;;;;;;;
Hugo Gambor;Gent;2526;BEL-Belgian Pro League;;;;;;;;;;;;;;;;;;;;;;;;;;;;;;;;;;;;;CTA;DF;22;2002;0;;;;;0;;0;0;;2;;;;;;;;;;;;;;;;;;;;;;;;;;;;;;;;;;;;;;;;;;;;
Hyllarion Goore;Gent;2526;BEL-Belgian Pro League;CIV;FW;19;2005;33;14;1416;15,7;5;4;9;5;0;0;2;0;0,32;0,25;0,57;0,32;0,57;CIV;FW;19;2005;15,7;5;55;15;27,3;3,5;0,95;0,09;0,33;0;0;CIV;FW;19;2005;33;1416;43;39,3;15,7;14;69;1;19;23;1;1,24;24;25;-1;-0,06;0,06;CIV;FW;19;2005;15,7;2;0;0;23;15;8;15;6;6;0;;;;;;;;;;;;;;;;;;;;;;;
Hélio Varela;Gent;2526;BEL-Belgian Pro League;CPV;MF;23;2002;3;2;161;1,8;0;0;0;0;0;0;0;0;0,0;0,0;0,0;0,0;0,0;CPV;MF;23;2002;1,8;0;2;0;0,0;1,12;0,0;0,0;;0;0;CPV;MF;23;2002;3;161;54;4,5;1,8;2;67;0;1;27;1;1,0;2;1;1;0,56;0,69;CPV;MF;23;2002;1,8;0;0;0;0;6;1;15;2;0;0;;;;;;;;;;;;;;;;;;;;;;;
Ibrahima Cissé;Gent;2526;BEL-Belgian Pro League;SEN;FW;17;2007;11;1;276;3,1;1;0;1;1;0;0;1;0;0,33;0,0;0,33;0,33;0,33;SEN;FW;17;2007;3,1;1;8;2;25,0;2,61;0,65;0,13;0,5;0;0;SEN;FW;17;2007;11;276;25;7,7;3,1;1;77;0;10;20;1;1,25;4;6;-2;-0,65;-0,6;SEN;FW;17;2007;3,1;1;0;0;8;7;3;1;1;3;0;;;;;;;;;;;;;;;;;;;;;;;
Jean-Kevin Duverne;Gent;2526;BEL-Belgian Pro League;HAI;DF,MF;28;1997;22;12;1157;12,9;1;1;2;1;0;0;5;0;0,08;0,08;0,16;0,08;0,16;HAI;DF,MF;28;1997;12,9;1;4;3;75,0;0,31;0,23;0,25;0,33;0;0;HAI;DF,MF;28;1997;22;1157;53;32,1;12,9;12;85;6;10;14;6;1,55;20;20;0;0,0;0,15;HAI;DF,MF;28;1997;12,9;5;0;0;11;4;1;27;12;12;0;;;;;;;;;;;;;;;;;;;;;;;
Kjell Peersman;Gent;2526;BEL-Belgian Pro League;;;;;;;;;;;;;;;;;;;;;;;;;;;;;;;;;;;;;BEL;GK;21;2004;0;;;;;0;;0;0;;28;;;;;;;;;;;;;;;;;;;;;;;;;;;;;;;;;;;;;;;;;;;;
Leonardo da Silva Lopes;Gent;2526;BEL-Belgian Pro League;POR;MF,DF;26;1998;36;25;2337;26,0;1;1;2;1;0;0;3;0;0,04;0,04;0,08;0,04;0,08;POR;MF,DF;26;1998;26,0;1;17;2;11,8;0,65;0,08;0,06;0,5;0;0;POR;MF,DF;26;1998;36;2337;65;64,9;26,0;25;83;19;11;23;0;1,27;33;38;-5;-0,19;-0,26;POR;MF,DF;26;1998;26,0;3;0;0;22;35;1;9;36;28;2;;;;;;;;;;;;;;;;;;;;;;;
Maksim Paskotši;Gent;2526;BEL-Belgian Pro League;EST;DF;22;2003;22;22;1808;20,1;4;1;5;4;0;0;1;0;0,2;0,05;0,25;0,2;0,25;EST;DF;22;2003;20,1;4;16;6;37,5;0,8;0,3;0,25;0,67;0;0;EST;DF;22;2003;22;1808;82;50,2;20,1;22;82;17;0;;0;1,36;33;31;2;0,1;0,4;EST;DF;22;2003;20,1;1;0;0;24;8;0;3;25;16;0;;;;;;;;;;;;;;;;;;;;;;;
Mamadou Aliou Diallo;Gent;2526;BEL-Belgian Pro League;;;;;;;;;;;;;;;;;;;;;;;;;;;;;;;;;;;;;SEN;DF;18;2007;0;;;;;0;;0;0;;1;;;;;;;;;;;;;;;;;;;;;;;;;;;;;;;;;;;;;;;;;;;;
Mathias Delorge;Gent;2526;BEL-Belgian Pro League;BEL;MF;21;2004;19;18;1269;14,1;0;3;3;0;0;0;1;0;0,0;0,21;0,21;0,0;0,21;BEL;MF;21;2004;14,1;0;9;5;55,6;0,64;0,35;0,0;0,0;0;0;BEL;MF;21;2004;19;1269;67;35,3;14,1;18;69;4;1;31;5;1,25;13;18;-5;-0,35;-0,39;BEL;MF;21;2004;14,1;1;0;0;13;11;0;48;13;17;0;;;;;;;;;;;;;;;;;;;;;;;
Matisse Samoise;Gent;2526;BEL-Belgian Pro League;BEL;MF,DF;23;2001;18;16;1368;15,2;2;2;4;2;0;0;5;0;0,13;0,13;0,26;0,13;0,26;BEL;MF,DF;23;2001;15,2;2;8;4;50,0;0,53;0,26;0,25;0,5;0;0;BEL;MF,DF;23;2001;18;1368;76;38,0;15,2;16;83;7;2;20;1;1,39;23;23;0;0,0;0,16;BEL;MF,DF;23;2001;15,2;5;0;0;19;13;1;72;18;18;0;;;;;;;;;;;;;;;;;;;;;;;
Matties Volckaert;Gent;2526;BEL-Belgian Pro League;BEL;DF;22;2002;26;25;2229;24,8;0;0;0;0;0;0;2;0;0,0;0,0;0,0;0,0;0,0;BEL;DF;22;2002;24,8;0;13;1;7,7;0,52;0,04;0,0;0,0;0;0;BEL;DF;22;2002;26;2229;86;61,9;24,8;25;89;22;1;7;0;1,15;30;35;-5;-0,2;-0,27;BEL;DF;22;2002;24,8;2;0;0;9;11;0;31;27;19;0;;;;;;;;;;;;;;;;;;;;;;;
Max Dean;Gent;2526;BEL-Belgian Pro League;ENG;FW,MF;21;2004;23;11;1180;13,1;7;1;8;5;2;3;2;1;0,53;0,08;0,61;0,38;0,46;ENG;FW,MF;21;2004;13,1;7;49;21;42,9;3,74;1,6;0,14;0,33;2;3;ENG;FW,MF;21;2004;23;1180;51;32,8;13,1;11;79;3;12;26;1;1,22;17;17;0;0,0;0,15;ENG;FW,MF;21;2004;13,1;2;1;0;12;19;3;15;6;5;0;;;;;;;;;;;;;;;;;;;;;;;
Michał Skóraś;Gent;2526;BEL-Belgian Pro League;POL;MF;25;2000;31;30;2503;27,8;2;7;9;2;0;0;6;1;0,07;0,25;0,32;0,07;0,32;POL;MF;25;2000;27,8;2;39;10;25,6;1,4;0,36;0,05;0,2;0;0;POL;MF;25;2000;31;2503;81;69,5;27,8;30;83;11;1;23;0;1,38;39;33;6;0,22;1,04;POL;MF;25;2000;27,8;6;1;0;35;47;9;132;43;30;0;;;;;;;;;;;;;;;;;;;;;;;
Moctar Diop;Gent;2526;BEL-Belgian Pro League;SEN;FW;20;2005;3;0;33;0,4;0;0;0;0;0;0;0;0;0,0;0,0;0,0;0,0;0,0;SEN;FW;20;2005;0,4;0;1;0;0,0;2,73;0,0;0,0;;0;0;SEN;FW;20;2005;3;33;11;0,9;0,4;0;;0;3;11;2;1,0;0;1;-1;-2,73;-2,65;SEN;FW;20;2005;0,4;0;0;0;1;0;0;0;0;0;0;;;;;;;;;;;;;;;;;;;;;;;
Mohammed El Âdfaoui;Gent;2526;BEL-Belgian Pro League;BEL;MF;17;2008;4;0;68;0,8;0;1;1;0;0;0;0;0;0,0;1,32;1,32;0,0;1,32;BEL;MF;17;2008;0,8;0;2;0;0,0;2,65;0,0;0,0;;0;0;BEL;MF;17;2008;4;68;17;1,9;0,8;0;;0;4;17;8;0,75;3;3;0;0,0;0,1;BEL;MF;17;2008;0,8;0;0;0;1;1;0;7;0;0;0;;;;;;;;;;;;;;;;;;;;;;;
Momodou Sonko;Gent;2526;BEL-Belgian Pro League;SWE;MF;20;2005;27;6;799;8,9;0;2;2;0;0;0;2;0;0,0;0,23;0,23;0,0;0,23;SWE;MF;20;2005;8,9;0;18;2;11,1;2,03;0,23;0,0;0,0;0;0;SWE;MF;20;2005;27;799;30;22,2;8,9;6;59;0;21;21;11;1,07;15;17;-2;-0,23;-0,16;SWE;MF;20;2005;8,9;2;0;0;7;5;1;58;5;9;0;;;;;;;;;;;;;;;;;;;;;;;
Omri Gandelman;Gent;2526;BEL-Belgian Pro League;ISR;MF;25;2000;18;16;1425;15,8;7;1;8;7;0;0;1;0;0,44;0,06;0,51;0,44;0,51;ISR;MF;25;2000;15,8;7;28;11;39,3;1,77;0,69;0,25;0,64;0;0;ISR;MF;25;2000;18;1425;79;39,6;15,8;16;87;11;2;20;0;1,28;23;23;0;0,0;0,17;ISR;MF;25;2000;15,8;1;0;0;13;8;6;1;8;8;0;;;;;;;;;;;;;;;;;;;;;;;
Rachid Ayindé;Gent;2526;BEL-Belgian Pro League;BFA;DF;20;2005;2;0;9;0,1;0;0;0;0;0;0;0;0;0,0;0,0;0,0;0,0;0,0;BFA;DF;20;2005;0,1;0;0;0;;0,0;0,0;;;0;0;BFA;DF;20;2005;2;9;5;0,3;0,1;0;;0;2;5;4;1,5;0;0;0;0,0;0,1;BFA;DF;20;2005;0,1;0;0;0;0;1;0;0;1;0;0;;;;;;;;;;;;;;;;;;;;;;;
Samuel Kotto;Gent;2526;BEL-Belgian Pro League;CMR;DF;21;2003;8;6;489;5,4;0;0;0;0;0;0;0;1;0,0;0,0;0,0;0,0;0,0;CMR;DF;21;2003;5,4;0;2;0;0,0;0,37;0,0;0,0;;0;0;CMR;DF;21;2003;8;489;61;13,6;5,4;6;72;3;2;28;5;1,5;7;8;-1;-0,18;-0,1;CMR;DF;21;2003;5,4;0;1;0;5;4;0;2;5;7;0;;;;;;;;;;;;;;;;;;;;;;;
Siebe Van Der Heyden;Gent;2526;BEL-Belgian Pro League;BEL;DF;27;1998;35;33;2953;32,8;2;1;3;2;0;0;10;0;0,06;0,03;0,09;0,06;0,09;BEL;DF;27;1998;32,8;2;24;8;33,3;0,73;0,24;0,08;0,25;0;0;BEL;DF;27;1998;35;2953;84;82,0;32,8;33;88;30;2;32;1;1,22;42;48;-6;-0,18;-0,46;BEL;DF;27;1998;32,8;10;0;0;49;25;3;30;71;30;0;;;;;;;;;;;;;;;;;;;;;;;
Stefan Mitrović;Gent;2526;BEL-Belgian Pro League;;;;;;;;;;;;;;;;;;;;;;;;;;;;;;;;;;;;;SRB;DF;35;1990;0;;;;;0;;0;0;;4;;;;;;;;;;;;;;;;;;;;;;;;;;;;;;;;;;;;;;;;;;;;
Tiago Araújo;Gent;2526;BEL-Belgian Pro League;POR;DF,MF;24;2001;34;31;2688;29,9;1;4;5;1;0;0;8;0;0,03;0,13;0,17;0,03;0,17;POR;DF,MF;24;2001;29,9;1;19;3;15,8;0,64;0,1;0,05;0,33;0;0;POR;DF,MF;24;2001;34;2688;79;74,7;29,9;31;86;22;3;7;5;1,11;35;44;-9;-0,3;-0,79;POR;DF,MF;24;2001;29,9;8;0;0;18;27;1;227;36;23;0;;;;;;;;;;;;;;;;;;;;;;;
Tibe De Vlieger;Gent;2526;BEL-Belgian Pro League;BEL;MF;19;2005;24;17;1565;17,4;0;0;0;0;0;0;5;0;0,0;0,0;0,0;0,0;0,0;BEL;MF;19;2005;17,4;0;15;0;0,0;0,86;0,0;0,0;;0;0;BEL;MF;19;2005;24;1565;65;43,5;17,4;17;86;14;7;15;12;1,16;18;20;-2;-0,12;-0,03;BEL;MF;19;2005;17,4;5;0;0;20;44;0;29;31;33;0;;;;;;;;;;;;;;;;;;;;;;;
Tom Vandenberghe;Gent;2526;BEL-Belgian Pro League;;;;;;;;;;;;;;;;;;;;;;;;;;;;;;;;;;;;;BEL;GK;32;1992;0;;;;;0;;0;0;;12;;;;;;;;;;;;;;;;;;;;;;;;;;;;;;;;;;;;;;;;;;;;
Wilfried Kanga;Gent;2526;BEL-Belgian Pro League;CIV;FW;27;1998;35;32;2742;30,5;12;4;16;8;4;5;4;0;0,39;0,13;0,53;0,26;0,39;CIV;FW;27;1998;30,5;12;87;34;39,1;2,86;1,12;0,14;0,35;4;5;CIV;FW;27;1998;35;2742;78;76,2;30,5;32;83;19;3;25;0;1,28;39;35;4;0,13;0,97;CIV;FW;27;1998;30,5;4;0;0;33;47;18;11;1;4;0;;;;;;;;;;;;;;;;;;;;;;;
Wout Asselman;Gent;2526;BEL-Belgian Pro League;;;;;;;;;;;;;;;;;;;;;;;;;;;;;;;;;;;;;BEL;MF;20;2005;0;;;;;0;;0;0;;3;;;;;;;;;;;;;;;;;;;;;;;;;;;;;;;;;;;;;;;;;;;;
Alexis Beka Beka;La Louvière;2526;BEL-Belgian Pro League;FRA;MF;24;2001;7;2;171;1,9;1;0;1;1;0;0;0;0;0,53;0,0;0,53;0,53;0,53;FRA;MF;24;2001;1,9;1;8;2;25,0;4,21;1,05;0,13;0,5;0;0;FRA;MF;24;2001;7;171;24;5,3;1,9;2;45;0;5;16;10;0,43;2;6;-4;-2,11;-1,78;FRA;MF;24;2001;1,9;0;0;0;3;1;0;4;3;4;0;;;;;;;;;;;;;;;;;;;;;;;
Bryan Soumaré;La Louvière;2526;BEL-Belgian Pro League;FRA;MF;26;1999;7;3;314;3,5;0;0;0;0;0;0;1;0;0,0;0,0;0,0;0,0;0,0;FRA;MF;26;1999;3,5;0;4;3;75,0;1,15;0,86;0,0;0,0;0;0;FRA;MF;26;1999;7;314;45;9,7;3,5;3;64;0;4;31;4;1,0;7;9;-2;-0,57;-0,17;FRA;MF;26;1999;3,5;1;0;0;3;8;1;5;1;5;0;;;;;;;;;;;;;;;;;;;;;;;
Celestin De Schrevel;La Louvière;2526;BEL-Belgian Pro League;BEL;GK;23;2002;2;2;180;2,0;0;0;0;0;0;0;0;0;0,0;0,0;0,0;0,0;0,0;BEL;GK;23;2002;2,0;0;0;0;;0,0;0,0;;;0;0;BEL;GK;23;2002;2;180;90;5,6;2,0;2;90;2;0;;34;0,0;1;6;-5;-2,5;-2,21;BEL;GK;23;2002;2,0;0;0;0;0;1;0;0;0;1;0;BEL;GK;23;2002;2;2;180;2,0;6;3,0;7;1;14,3;0;0;2;0;0,0;1;1;0;0;0,0
Cristian Makate;La Louvière;2526;BEL-Belgian Pro League;EQG;FW;22;2002;6;0;131;1,5;0;0;0;0;0;0;0;0;0,0;0,0;0,0;0,0;0,0;EQG;FW;22;2002;1,5;0;3;2;66,7;2,06;1,37;0,0;0,0;0;0;EQG;FW;22;2002;6;131;22;4,0;1,5;0;;0;6;22;6;0,83;1;2;-1;-0,69;-0,28;EQG;FW;22;2002;1,5;0;0;0;5;6;0;1;0;0;0;;;;;;;;;;;;;;;;;;;;;;;
Darío Fuentes;La Louvière;2526;BEL-Belgian Pro League;ESP;MF;22;2003;20;12;968;10,8;0;1;1;0;0;0;1;0;0,0;0,09;0,09;0,0;0,09;ESP;MF;22;2003;10,8;0;7;1;14,3;0,65;0,09;0,0;0,0;0;0;ESP;MF;22;2003;20;968;48;29,9;10,8;12;69;2;8;18;10;0,7;5;15;-10;-0,93;-0,73;ESP;MF;22;2003;10,8;1;0;0;12;13;0;30;22;12;0;;;;;;;;;;;;;;;;;;;;;;;
Djibril Lamego;La Louvière;2526;BEL-Belgian Pro League;FRA;DF;22;2003;30;29;2554;28,4;0;0;0;0;0;0;2;0;0,0;0,0;0,0;0,0;0,0;FRA;DF;22;2003;28,4;0;4;0;0,0;0,14;0,0;0,0;;0;0;FRA;DF;22;2003;30;2554;85;78,8;28,4;29;87;27;1;34;5;1,0;27;38;-11;-0,39;0,14;FRA;DF;22;2003;28,4;2;0;0;7;17;0;16;46;22;0;;;;;;;;;;;;;;;;;;;;;;;
Jerry Afriyie;La Louvière;2526;BEL-Belgian Pro League;GHA;FW;18;2006;31;29;2486;27,6;5;1;6;5;0;0;7;0;0,18;0,04;0,22;0,18;0,22;GHA;FW;18;2006;27,6;5;51;21;41,2;1,85;0,76;0,1;0,24;0;0;GHA;FW;18;2006;31;2486;80;76,7;27,6;29;83;15;2;45;0;0,97;29;37;-8;-0,29;0,55;GHA;FW;18;2006;27,6;7;0;0;37;14;25;15;6;14;0;;;;;;;;;;;;;;;;;;;;;;;
Jordi Liongola;La Louvière;2526;BEL-Belgian Pro League;BDI;MF,DF;25;2000;31;30;2613;29,0;2;6;8;1;1;1;10;0;0,07;0,21;0,28;0,03;0,24;BDI;MF,DF;25;2000;29,0;2;30;7;23,3;1,03;0,24;0,07;0,29;1;1;BDI;MF,DF;25;2000;31;2613;84;80,6;29,0;30;87;23;1;18;0;1,06;28;36;-8;-0,28;0,73;BDI;MF,DF;25;2000;29,0;10;0;0;46;53;1;162;38;35;0;;;;;;;;;;;;;;;;;;;;;;;
Joël Ito;La Louvière;2526;BEL-Belgian Pro League;BEL;MF;27;1998;33;27;2332;25,9;1;1;2;1;0;0;2;0;0,04;0,04;0,08;0,04;0,08;BEL;MF;27;1998;25,9;1;22;7;31,8;0,85;0,27;0,05;0,14;0;0;BEL;MF;27;1998;33;2332;71;72,0;25,9;27;79;13;6;35;1;1,0;25;34;-9;-0,35;0,25;BEL;MF;27;1998;25,9;2;0;0;29;16;3;30;15;36;0;;;;;;;;;;;;;;;;;;;;;;;
Lucas Bretelle;La Louvière;2526;BEL-Belgian Pro League;FRA;MF;23;2002;1;0;14;0,2;0;1;1;0;0;0;0;0;0,0;6,43;6,43;0,0;6,43;FRA;MF;23;2002;0,2;0;0;0;;0,0;0,0;;;0;0;FRA;MF;23;2002;1;14;14;0,4;0,2;0;;0;1;14;2;0,0;1;0;1;6,43;6,87;FRA;MF;23;2002;0,2;0;0;0;0;0;0;0;0;1;0;;;;;;;;;;;;;;;;;;;;;;;
Lucas Monteiro;La Louvière;2526;BEL-Belgian Pro League;;;;;;;;;;;;;;;;;;;;;;;;;;;;;;;;;;;;;POR;GK;19;2005;0;;;;;0;;0;0;;1;;;;;;;;;;;;;;;;;;;;;;;;;;;;;;;;;;;;;;;;;;;;
Majeed Ashimeru;La Louvière;2526;BEL-Belgian Pro League;GHA;MF;27;1997;9;6;410;4,6;0;0;0;0;0;0;2;1;0,0;0,0;0,0;0,0;0,0;GHA;MF;27;1997;4,6;0;7;0;0,0;1,54;0,0;0,0;;0;0;GHA;MF;27;1997;9;410;46;12,7;4,6;6;54;0;3;29;1;1,0;4;7;-3;-0,66;-0,28;GHA;MF;27;1997;4,6;2;1;0;8;10;0;3;3;8;0;;;;;;;;;;;;;;;;;;;;;;;
Marcos Peano;La Louvière;2526;BEL-Belgian Pro League;ARG;GK;26;1998;34;34;3060;34,0;0;0;0;0;0;0;2;0;0,0;0,0;0,0;0,0;0,0;ARG;GK;26;1998;34,0;0;0;0;;0,0;0,0;;;0;0;ARG;GK;26;1998;34;3060;90;94,4;34,0;34;90;34;0;;2;1,0;34;44;-10;-0,29;2,21;ARG;GK;26;1998;34,0;2;0;0;1;8;0;0;0;4;0;ARG;GK;26;1998;34;34;3060;34,0;44;1,29;164;118;73,2;7;13;14;10;29,4;8;6;0;2;0,0
Matthis Riou;La Louvière;2526;BEL-Belgian Pro League;FRA;DF;24;2001;1;0;1;0,0;0;0;0;0;0;0;0;0;0,0;0,0;0,0;0,0;0,0;FRA;DF;24;2001;0,0;0;0;0;;0,0;0,0;;;0;0;FRA;DF;24;2001;1;1;1;0,0;0,0;0;;0;1;1;14;1,0;0;0;0;0,0;0,42;FRA;DF;24;2001;0,0;0;0;0;0;0;0;0;0;0;0;;;;;;;;;;;;;;;;;;;;;;;
Mauricio Ndefe;La Louvière;2526;BEL-Belgian Pro League;;;;;;;;;;;;;;;;;;;;;;;;;;;;;;;;;;;;;BEL;MF;19;2006;0;;;;;0;;0;0;;3;;;;;;;;;;;;;;;;;;;;;;;;;;;;;;;;;;;;;;;;;;;;
Maxence Maisonneuve;La Louvière;2526;BEL-Belgian Pro League;FRA;DF;26;1999;31;24;2298;25,5;0;1;1;0;0;0;3;0;0,0;0,04;0,04;0,0;0,04;FRA;DF;26;1999;25,5;0;24;5;20,8;0,94;0,2;0,0;0,0;0;0;FRA;DF;26;1999;31;2298;74;70,9;25,5;24;90;24;7;20;5;0,9;26;45;-19;-0,74;-1,13;FRA;DF;26;1999;25,5;3;0;0;20;6;1;14;42;22;1;;;;;;;;;;;;;;;;;;;;;;;
Maxime Pau;La Louvière;2526;BEL-Belgian Pro League;FRA;MF,FW;25;2000;14;8;690;7,7;1;0;1;1;0;0;2;0;0,13;0,0;0,13;0,13;0,13;FRA;MF,FW;25;2000;7,7;1;9;2;22,2;1,17;0,26;0,11;0,5;0;0;FRA;MF,FW;25;2000;14;690;49;21,3;7,7;8;74;2;6;16;6;0,79;5;8;-3;-0,39;0,03;FRA;MF,FW;25;2000;7,7;2;0;0;10;10;0;69;3;10;0;;;;;;;;;;;;;;;;;;;;;;;
Mo Guindo;La Louvière;2526;BEL-Belgian Pro League;MLI;FW;21;2003;14;6;578;6,4;0;0;0;0;0;0;2;0;0,0;0,0;0,0;0,0;0,0;MLI;FW;21;2003;6,4;0;15;3;20,0;2,34;0,47;0,0;0,0;0;0;MLI;FW;21;2003;14;578;41;17,8;6,4;6;73;3;8;18;7;0,86;4;7;-3;-0,47;-0,06;MLI;FW;21;2003;6,4;2;0;0;8;6;1;3;2;4;0;;;;;;;;;;;;;;;;;;;;;;;
Mouhamed Belkheir;La Louvière;2526;BEL-Belgian Pro League;FRA;FW;26;1999;3;2;167;1,9;0;0;0;0;0;0;0;0;0,0;0,0;0,0;0,0;0,0;FRA;FW;26;1999;1,9;0;4;2;50,0;2,16;1,08;0,0;0,0;0;0;FRA;FW;26;1999;3;167;56;5,2;1,9;2;75;1;1;18;2;1,33;0;2;-2;-1,08;-0,7;FRA;FW;26;1999;1,9;0;0;0;1;6;1;0;0;1;0;;;;;;;;;;;;;;;;;;;;;;;
Nachon Nsingi;La Louvière;2526;BEL-Belgian Pro League;BEL;MF,FW;24;2001;10;2;260;2,9;1;0;1;1;0;0;1;0;0,35;0,0;0,35;0,35;0,35;BEL;MF,FW;24;2001;2,9;1;8;3;37,5;2,77;1,04;0,13;0,33;0;0;BEL;MF,FW;24;2001;10;260;26;8,0;2,9;2;60;0;8;18;5;0,6;4;9;-5;-1,73;-1,43;BEL;MF,FW;24;2001;2,9;1;0;0;3;5;3;8;0;5;0;;;;;;;;;;;;;;;;;;;;;;;
Noah Makembo;La Louvière;2526;BEL-Belgian Pro League;BEL;FW;18;2007;2;0;34;0,4;0;0;0;0;0;0;0;0;0,0;0,0;0,0;0,0;0,0;BEL;FW;18;2007;0,4;0;0;0;;0,0;0,0;;;0;0;BEL;FW;18;2007;2;34;17;1,0;0,4;0;;0;2;17;11;0,0;0;1;-1;-2,65;-2,25;BEL;FW;18;2007;0,4;0;0;0;1;0;0;1;0;0;0;;;;;;;;;;;;;;;;;;;;;;;
Nolan Gillot;La Louvière;2526;BEL-Belgian Pro League;FRA;MF;22;2002;21;13;1283;14,3;2;4;6;2;0;0;0;0;0,14;0,28;0,42;0,14;0,42;FRA;MF;22;2002;14,3;2;30;9;30,0;2,1;0,63;0,07;0,22;0;0;FRA;MF;22;2002;21;1283;61;39,6;14,3;13;85;9;8;22;12;0,76;16;26;-10;-0,7;-0,47;FRA;MF;22;2002;14,3;0;0;0;13;5;0;138;12;19;0;;;;;;;;;;;;;;;;;;;;;;;
Oucasse Mendy;La Louvière;2526;BEL-Belgian Pro League;FRA;FW;24;2001;17;12;923;10,3;1;0;1;1;0;0;4;0;0,1;0,0;0,1;0,1;0,1;FRA;FW;24;2001;10,3;1;7;2;28,6;0,68;0,2;0,14;0,5;0;0;FRA;FW;24;2001;17;923;54;28,5;10,3;12;68;0;5;23;3;1,06;10;8;2;0,2;0,86;FRA;FW;24;2001;10,3;4;0;0;21;27;9;7;5;8;0;;;;;;;;;;;;;;;;;;;;;;;
Owen Maes;La Louvière;2526;BEL-Belgian Pro League;FRA;MF;26;1998;22;14;1274;14,2;0;1;1;0;0;0;3;1;0,0;0,07;0,07;0,0;0,07;FRA;MF;26;1998;14,2;0;17;5;29,4;1,2;0,35;0,0;0,0;0;0;FRA;MF;26;1998;22;1274;58;39,3;14,2;14;77;4;8;25;5;0,95;14;16;-2;-0,14;0,45;FRA;MF;26;1998;14,2;3;1;0;28;34;0;97;14;17;0;;;;;;;;;;;;;;;;;;;;;;;
Pape Moussa Fall;La Louvière;2526;BEL-Belgian Pro League;SEN;FW;21;2004;27;18;1774;19,7;11;1;12;10;1;1;3;0;0,56;0,05;0,61;0,51;0,56;SEN;FW;21;2004;19,7;11;62;23;37,1;3,15;1,17;0,18;0,48;1;1;SEN;FW;21;2004;27;1774;66;54,8;19,7;18;84;13;9;28;3;0,89;25;28;-3;-0,15;0,58;SEN;FW;21;2004;19,7;3;0;0;26;37;8;8;5;10;0;;;;;;;;;;;;;;;;;;;;;;;
Sami Lahssaini;La Louvière;2526;BEL-Belgian Pro League;BEL;MF;26;1998;32;31;2764;30,7;1;1;2;1;0;0;4;0;0,03;0,03;0,07;0,03;0,07;BEL;MF;26;1998;30,7;1;13;2;15,4;0,42;0,07;0,08;0,5;0;0;BEL;MF;26;1998;32;2764;86;85,3;30,7;31;88;25;1;45;2;0,94;28;39;-11;-0,36;0,4;BEL;MF;26;1998;30,7;4;0;0;47;68;0;30;42;44;0;;;;;;;;;;;;;;;;;;;;;;;
Samuel Gueulette;La Louvière;2526;BEL-Belgian Pro League;RWA;MF;25;2000;29;12;1266;14,1;0;0;0;0;0;0;4;0;0,0;0,0;0,0;0,0;0,0;RWA;MF;25;2000;14,1;0;12;3;25,0;0,85;0,21;0,0;0,0;0;0;RWA;MF;25;2000;29;1266;44;39,1;14,1;12;74;3;17;22;5;1,0;13;21;-8;-0,57;-0,25;RWA;MF;25;2000;14,1;4;0;0;25;12;1;3;17;25;0;;;;;;;;;;;;;;;;;;;;;;;
Sekou Sidibe;La Louvière;2526;BEL-Belgian Pro League;BEL;FW;24;2001;5;1;147;1,6;0;0;0;0;0;0;1;0;0,0;0,0;0,0;0,0;0,0;BEL;FW;24;2001;1,6;0;2;1;50,0;1,22;0,61;0,0;0,0;0;0;BEL;FW;24;2001;5;147;29;4,5;1,6;1;65;0;4;21;9;0,2;3;2;1;0,61;1,08;BEL;FW;24;2001;1,6;1;0;0;4;3;0;8;2;1;0;;;;;;;;;;;;;;;;;;;;;;;
Soumaela Traoré;La Louvière;2526;BEL-Belgian Pro League;FRA;DF;20;2004;1;0;4;0,0;0;0;0;0;0;0;0;0;0,0;0,0;0,0;0,0;0,0;FRA;DF;20;2004;0,0;0;0;0;;0,0;0,0;;;0;0;FRA;DF;20;2004;1;4;4;0,1;0,0;0;;0;1;4;5;3,0;0;0;0;0,0;0,42;FRA;DF;20;2004;0,0;0;0;0;0;0;0;0;0;0;0;;;;;;;;;;;;;;;;;;;;;;;
Theo Epailly;La Louvière;2526;BEL-Belgian Pro League;FRA;FW;26;1999;4;1;89;1,0;0;0;0;0;0;0;0;0;0,0;0,0;0,0;0,0;0,0;FRA;FW;26;1999;1,0;0;1;0;0,0;1,01;0,0;0,0;;0;0;FRA;FW;26;1999;4;89;22;2,7;1,0;1;45;0;3;15;4;0,75;0;4;-4;-4,04;-3,73;FRA;FW;26;1999;1,0;0;0;0;3;0;2;3;0;1;0;;;;;;;;;;;;;;;;;;;;;;;
Thierry Lutonda;La Louvière;2526;BEL-Belgian Pro League;BEL;MF,DF;24;2000;26;22;1721;19,1;1;1;2;1;0;0;0;0;0,05;0,05;0,1;0,05;0,1;BEL;MF,DF;24;2000;19,1;1;19;4;21,1;0,99;0,21;0,05;0,25;0;0;BEL;MF,DF;24;2000;26;1721;66;53,1;19,1;22;75;7;4;20;8;1,04;18;20;-2;-0,1;0,67;BEL;MF,DF;24;2000;19,1;0;0;0;12;22;2;35;10;22;0;;;;;;;;;;;;;;;;;;;;;;;
Wagane Faye;La Louvière;2526;BEL-Belgian Pro League;SEN;DF;31;1993;27;26;2302;25,6;3;1;4;3;0;0;6;0;0,12;0,04;0,16;0,12;0,16;SEN;DF;31;1993;25,6;3;17;5;29,4;0,66;0,2;0,18;0,6;0;0;SEN;DF;31;1993;27;2302;85;71,0;25,6;26;87;23;1;45;3;1,04;23;31;-8;-0,31;0,36;SEN;DF;31;1993;25,6;6;0;0;25;30;0;30;26;49;0;;;;;;;;;;;;;;;;;;;;;;;
Yllan Okou;La Louvière;2526;BEL-Belgian Pro League;FRA;DF;22;2002;33;30;2713;30,1;1;0;1;1;0;0;6;0;0,03;0,0;0,03;0,03;0,03;FRA;DF;22;2002;30,1;1;10;3;30,0;0,33;0,1;0,1;0,33;0;0;FRA;DF;22;2002;33;2713;82;83,7;30,1;30;90;30;3;4;1;1,03;31;44;-13;-0,43;-0,09;FRA;DF;22;2002;30,1;6;0;0;13;3;1;24;48;27;0;;;;;;;;;;;;;;;;;;;;;;;
Axel Willockx;Mechelen;2526;BEL-Belgian Pro League;;;;;;;;;;;;;;;;;;;;;;;;;;;;;;;;;;;;;BEL;GK;18;2007;0;;;;;0;;0;0;;5;;;;;;;;;;;;;;;;;;;;;;;;;;;;;;;;;;;;;;;;;;;;
Benito Raman;Mechelen;2526;BEL-Belgian Pro League;BEL;FW;30;1994;29;10;1058;11,8;3;3;6;3;0;0;0;0;0,26;0,26;0,51;0,26;0,51;BEL;FW;30;1994;11,8;3;28;10;35,7;2,38;0,85;0,11;0,3;0;0;BEL;FW;30;1994;29;1058;36;29,4;11,8;10;68;1;19;20;1;1,21;13;20;-7;-0,6;-0,38;BEL;FW;30;1994;11,8;0;0;0;10;7;8;12;2;6;0;;;;;;;;;;;;;;;;;;;;;;;
Bilal Bafdili;Mechelen;2526;BEL-Belgian Pro League;BEL;MF,FW;20;2004;19;11;855;9,5;1;3;4;1;0;0;2;0;0,11;0,32;0,42;0,11;0,42;BEL;MF,FW;20;2004;9,5;1;11;4;36,4;1,16;0,42;0,09;0,25;0;0;BEL;MF,FW;20;2004;19;855;45;23,8;9,5;11;69;2;8;13;20;1,21;12;11;1;0,11;0,56;BEL;MF,FW;20;2004;9,5;2;0;0;12;13;0;31;6;4;0;;;;;;;;;;;;;;;;;;;;;;;
Bill Antonio;Mechelen;2526;BEL-Belgian Pro League;ZIM;MF;22;2002;33;7;1177;13,1;1;1;2;1;0;0;2;0;0,08;0,08;0,15;0,08;0,15;ZIM;MF;22;2002;13,1;1;15;4;26,7;1,15;0,31;0,07;0,25;0;0;ZIM;MF;22;2002;33;1177;36;32,7;13,1;7;73;2;26;26;5;1,12;22;28;-6;-0,46;-0,2;ZIM;MF;22;2002;13,1;2;0;0;14;16;0;49;10;11;0;;;;;;;;;;;;;;;;;;;;;;;
Bouke Boersma;Mechelen;2526;BEL-Belgian Pro League;NED;FW;20;2005;17;15;1320;14,7;3;3;6;3;0;0;1;0;0,2;0,2;0,41;0,2;0,41;NED;FW;20;2005;14,7;3;23;11;47,8;1,57;0,75;0,13;0,27;0;0;NED;FW;20;2005;17;1320;78;36,7;14,7;15;85;7;2;20;0;1,12;20;27;-7;-0,48;-0,24;NED;FW;20;2005;14,7;1;0;0;20;31;6;4;1;3;0;;;;;;;;;;;;;;;;;;;;;;;
Dikeni-Rafid Salifou;Mechelen;2526;BEL-Belgian Pro League;TOG;MF;22;2003;18;11;995;11,1;0;0;0;0;0;0;2;0;0,0;0,0;0,0;0,0;0,0;TOG;MF;22;2003;11,1;0;3;2;66,7;0,27;0,18;0,0;0,0;0;0;TOG;MF;22;2003;18;995;55;27,6;11,1;11;72;3;7;29;2;1,56;14;20;-6;-0,54;-0,3;TOG;MF;22;2003;11,1;2;0;0;16;6;0;3;17;18;0;;;;;;;;;;;;;;;;;;;;;;;
Fredrik Hammer;Mechelen;2526;BEL-Belgian Pro League;SWE;MF;24;2001;38;38;3364;37,4;1;1;2;1;0;0;11;0;0,03;0,03;0,05;0,03;0,05;SWE;MF;24;2001;37,4;1;28;6;21,4;0,75;0,16;0,04;0,17;0;0;SWE;MF;24;2001;38;3364;89;93,4;37,4;38;89;36;0;;0;1,34;47;53;-6;-0,16;2,51;SWE;MF;24;2001;37,4;11;0;0;55;46;0;7;63;98;0;;;;;;;;;;;;;;;;;;;;;;;
Gora Diouf;Mechelen;2526;BEL-Belgian Pro League;SEN;DF;21;2003;18;9;929;10,3;1;1;2;1;0;0;5;1;0,1;0,1;0,19;0,1;0,19;SEN;DF;21;2003;10,3;1;6;1;16,7;0,58;0,1;0,17;1,0;0;0;SEN;DF;21;2003;18;929;52;25,8;10,3;9;84;6;9;20;11;1,5;12;17;-5;-0,48;-0,21;SEN;DF;21;2003;10,3;5;1;0;9;5;0;1;19;11;0;;;;;;;;;;;;;;;;;;;;;;;
Halil Özdemir;Mechelen;2526;BEL-Belgian Pro League;TUR;FW;19;2005;7;1;184;2,0;0;0;0;0;0;0;1;0;0,0;0,0;0,0;0,0;0,0;TUR;FW;19;2005;2,0;0;2;0;0,0;0,98;0,0;0,0;;0;0;TUR;FW;19;2005;7;184;26;5,1;2,0;1;64;0;6;20;7;1,29;2;3;-1;-0,49;-0,17;TUR;FW;19;2005;2,0;1;0;0;3;4;0;4;0;4;0;;;;;;;;;;;;;;;;;;;;;;;
Hassane Bandé;Mechelen;2526;BEL-Belgian Pro League;BFA;FW,MF;26;1998;7;0;72;0,8;0;0;0;0;0;0;0;0;0,0;0,0;0,0;0,0;0,0;BFA;FW,MF;26;1998;0,8;0;0;0;;0,0;0,0;;;0;0;BFA;FW,MF;26;1998;7;72;10;2,0;0,8;0;;0;7;10;13;1,14;2;3;-1;-1,25;-0,94;BFA;FW,MF;26;1998;0,8;0;0;0;2;7;2;0;0;0;0;;;;;;;;;;;;;;;;;;;;;;;
Ian Struyf;Mechelen;2526;BEL-Belgian Pro League;BEL;DF;17;2007;11;6;427;4,7;0;0;0;0;0;0;2;0;0,0;0,0;0,0;0,0;0,0;BEL;DF;17;2007;4,7;0;1;0;0,0;0,21;0,0;0,0;;0;0;BEL;DF;17;2007;11;427;39;11,9;4,7;6;63;0;5;10;16;2,0;6;2;4;0,84;1,33;BEL;DF;17;2007;4,7;2;0;0;3;2;0;1;11;5;0;;;;;;;;;;;;;;;;;;;;;;;
José Marsà;Mechelen;2526;BEL-Belgian Pro League;ESP;DF,MF;23;2002;33;28;2591;28,8;1;2;3;1;0;0;4;0;0,03;0,07;0,1;0,03;0,1;ESP;DF,MF;23;2002;28,8;1;15;3;20,0;0,52;0,1;0,07;0,33;0;0;ESP;DF,MF;23;2002;33;2591;79;72,0;28,8;28;88;22;5;26;1;1,21;29;46;-17;-0,59;-0,95;ESP;DF,MF;23;2002;28,8;4;0;0;20;26;7;37;36;26;0;;;;;;;;;;;;;;;;;;;;;;;
Keano Vanrafelghem;Mechelen;2526;BEL-Belgian Pro League;BEL;FW,MF;21;2003;16;5;525;5,8;3;0;3;3;0;0;3;0;0,51;0,0;0,51;0,51;0,51;BEL;FW,MF;21;2003;5,8;3;10;4;40,0;1,71;0,69;0,3;0,75;0;0;BEL;FW,MF;21;2003;16;525;33;14,6;5,8;5;66;0;11;18;6;0,94;11;9;2;0,34;0,78;BEL;FW,MF;21;2003;5,8;3;0;0;3;8;1;11;0;2;0;;;;;;;;;;;;;;;;;;;;;;;
Kerim Mrabti;Mechelen;2526;BEL-Belgian Pro League;SWE;MF,FW;31;1994;33;28;2285;25,4;5;3;8;5;0;0;5;0;0,2;0,12;0,32;0,2;0,32;SWE;MF,FW;31;1994;25,4;5;30;10;33,3;1,18;0,39;0,17;0,5;0;0;SWE;MF,FW;31;1994;33;2285;69;63,5;25,4;28;77;8;5;25;1;1,36;32;42;-10;-0,39;-0,19;SWE;MF,FW;31;1994;25,4;5;0;0;30;18;1;25;23;16;0;;;;;;;;;;;;;;;;;;;;;;;
Lion Lauberbach;Mechelen;2526;BEL-Belgian Pro League;GER;FW;27;1998;22;21;1866;20,7;6;1;7;6;0;0;4;0;0,29;0,05;0,34;0,29;0,34;GER;FW;27;1998;20,7;6;48;25;52,1;2,32;1,21;0,13;0,24;0;0;GER;FW;27;1998;22;1866;85;51,8;20,7;21;87;15;1;45;0;1,45;24;22;2;0,1;0,88;GER;FW;27;1998;20,7;4;0;0;20;30;12;10;0;7;0;;;;;;;;;;;;;;;;;;;;;;;
Lovro Golič;Mechelen;2526;BEL-Belgian Pro League;;;;;;;;;;;;;;;;;;;;;;;;;;;;;;;;;;;;;SVN;DF;19;2006;0;;;;;0;;0;0;;19;;;;;;;;;;;;;;;;;;;;;;;;;;;;;;;;;;;;;;;;;;;;
Maksim Kirejeŭ;Mechelen;2526;BEL-Belgian Pro League;BLR;FW;21;2004;13;3;295;3,3;0;0;0;0;0;0;1;0;0,0;0,0;0,0;0,0;0,0;BLR;FW;21;2004;3,3;0;5;1;20,0;1,53;0,31;0,0;0,0;0;0;BLR;FW;21;2004;13;295;23;8,2;3,3;3;65;0;10;10;3;0,77;1;5;-4;-1,22;-0,98;BLR;FW;21;2004;3,3;1;0;0;7;9;0;10;5;6;0;;;;;;;;;;;;;;;;;;;;;;;
Massimo Decoene;Mechelen;2526;BEL-Belgian Pro League;BEL;DF;21;2004;8;2;242;2,7;0;0;0;0;0;0;4;0;0,0;0,0;0,0;0,0;0,0;BEL;DF;21;2004;2,7;0;2;2;100,0;0,74;0,74;0,0;0,0;0;0;BEL;DF;21;2004;8;242;30;6,7;2,7;2;90;2;6;10;23;1,75;2;9;-7;-2,6;-2,44;BEL;DF;21;2004;2,7;4;0;0;4;1;0;2;2;1;0;;;;;;;;;;;;;;;;;;;;;;;
Mathis Servais;Mechelen;2526;BEL-Belgian Pro League;BEL;MF;20;2004;32;32;2788;31,0;2;4;6;2;0;0;5;0;0,06;0,13;0,19;0,06;0,19;BEL;MF;20;2004;31,0;2;41;11;26,8;1,32;0,36;0,05;0,18;0;0;BEL;MF;20;2004;32;2788;87;77,4;31,0;32;87;22;0;;1;1,16;36;48;-12;-0,39;-0,28;BEL;MF;20;2004;31,0;5;0;0;24;31;5;145;22;32;0;;;;;;;;;;;;;;;;;;;;;;;
Mauro Lenaerts;Mechelen;2526;BEL-Belgian Pro League;BEL;MF;17;2007;2;0;18;0,2;0;0;0;0;0;0;0;0;0,0;0,0;0,0;0,0;0,0;BEL;MF;17;2007;0,2;0;1;0;0,0;5,0;0,0;0,0;;0;0;BEL;MF;17;2007;2;18;9;0,5;0,2;0;;0;2;9;2;0,0;0;2;-2;-10,0;-9,72;BEL;MF;17;2007;0,2;0;0;0;0;0;0;0;0;0;0;;;;;;;;;;;;;;;;;;;;;;;
Moncef Zekri;Mechelen;2526;BEL-Belgian Pro League;MAR;MF;16;2008;16;11;824;9,2;0;0;0;0;0;0;1;0;0,0;0,0;0,0;0,0;0,0;MAR;MF;16;2008;9,2;0;7;4;57,1;0,76;0,44;0,0;0,0;0;0;MAR;MF;16;2008;16;824;52;22,9;9,2;11;67;1;5;17;6;1,63;9;7;2;0,22;0,7;MAR;MF;16;2008;9,2;1;0;0;12;8;0;22;15;12;0;;;;;;;;;;;;;;;;;;;;;;;
Mory Konaté;Mechelen;2526;BEL-Belgian Pro League;GUI;DF;31;1993;30;23;2005;22,3;2;1;3;2;0;0;7;0;0,09;0,04;0,13;0,09;0,13;GUI;DF;31;1993;22,3;2;13;5;38,5;0,58;0,22;0,15;0,4;0;0;GUI;DF;31;1993;30;2005;67;55,7;22,3;23;84;17;7;11;7;1,3;28;35;-7;-0,31;0,02;GUI;DF;31;1993;22,3;7;0;0;34;19;0;1;29;22;0;;;;;;;;;;;;;;;;;;;;;;;
Myron van Brederode;Mechelen;2526;BEL-Belgian Pro League;NED;FW,MF;22;2003;34;32;2833;31,5;9;5;14;8;1;1;2;0;0,29;0,16;0,44;0,25;0,41;NED;FW,MF;22;2003;31,5;9;41;17;41,5;1,3;0,54;0,22;0,53;1;1;NED;FW,MF;22;2003;34;2833;83;78,7;31,5;32;87;22;2;19;0;1,18;35;49;-14;-0,44;-0,56;NED;FW,MF;22;2003;31,5;2;0;0;15;46;2;128;14;19;0;;;;;;;;;;;;;;;;;;;;;;;
Nacho Miras;Mechelen;2526;BEL-Belgian Pro League;ESP;GK;28;1997;33;33;2925;32,5;0;0;0;0;0;0;2;0;0,0;0,0;0,0;0,0;0,0;ESP;GK;28;1997;32,5;0;0;0;;0,0;0,0;;;0;0;ESP;GK;28;1997;33;2925;89;81,3;32,5;33;89;32;0;;5;1,21;37;49;-12;-0,37;-0,24;ESP;GK;28;1997;32,5;2;0;0;0;8;0;0;0;0;0;ESP;GK;28;1997;33;33;2925;32,5;49;1,51;186;136;73,7;10;10;13;8;24,2;10;8;2;0;20,0
Nikola Storm;Mechelen;2526;BEL-Belgian Pro League;BEL;FW;30;1994;1;1;72;0,8;0;0;0;0;0;0;0;0;0,0;0,0;0,0;0,0;0,0;BEL;FW;30;1994;0,8;0;0;0;;0,0;0,0;;;0;0;BEL;FW;30;1994;1;72;72;2,0;0,8;1;72;0;0;;1;1,0;1;0;1;1,25;1,61;BEL;FW;30;1994;0,8;0;0;0;0;0;0;4;0;0;0;;;;;;;;;;;;;;;;;;;;;;;
Ortwin De Wolf;Mechelen;2526;BEL-Belgian Pro League;BEL;GK;28;1997;8;7;675;7,5;0;0;0;0;0;0;1;0;0,0;0,0;0,0;0,0;0,0;BEL;GK;28;1997;7,5;0;0;0;;0,0;0,0;;;0;0;BEL;GK;28;1997;8;675;84;18,8;7,5;7;90;7;1;45;12;1,5;11;12;-1;-0,13;0,24;BEL;GK;28;1997;7,5;1;0;0;0;2;0;0;0;0;1;BEL;GK;28;1997;8;7;675;7,5;12;1,6;33;21;63,6;3;2;2;1;14,3;1;1;0;0;0,0
Patrick Pflücke;Mechelen;2526;BEL-Belgian Pro League;GER;MF;28;1996;6;4;290;3,2;0;1;1;0;0;0;0;0;0,0;0,31;0,31;0,0;0,31;GER;MF;28;1996;3,2;0;7;2;28,6;2,17;0,62;0,0;0,0;0;0;GER;MF;28;1996;6;290;48;8,1;3,2;4;69;1;2;8;0;1,83;6;3;3;0,93;1,37;GER;MF;28;1996;3,2;0;0;0;1;0;0;21;0;2;0;;;;;;;;;;;;;;;;;;;;;;;
Rafik Belghali;Mechelen;2526;BEL-Belgian Pro League;ALG;DF;23;2002;3;3;239;2,7;0;0;0;0;0;0;1;0;0,0;0,0;0,0;0,0;0,0;ALG;DF;23;2002;2,7;0;1;0;0,0;0,38;0,0;0,0;;0;0;ALG;DF;23;2002;3;239;80;6,6;2,7;3;80;2;0;;0;2,33;3;2;1;0,38;0,75;ALG;DF;23;2002;2,7;1;0;0;2;1;1;3;4;3;0;;;;;;;;;;;;;;;;;;;;;;;
Redouane Halhal;Mechelen;2526;BEL-Belgian Pro League;MAR;DF;22;2003;33;32;2847;31,6;1;2;3;1;0;0;10;0;0,03;0,06;0,09;0,03;0,09;MAR;DF;22;2003;31,6;1;12;4;33,3;0,38;0,13;0,08;0,25;0;0;MAR;DF;22;2003;33;2847;86;79,1;31,6;32;88;29;1;26;0;1,18;37;49;-12;-0,38;-0,26;MAR;DF;22;2003;31,6;10;0;0;53;48;1;6;49;36;1;;;;;;;;;;;;;;;;;;;;;;;
Rob Schoofs;Mechelen;2526;BEL-Belgian Pro League;BEL;MF;31;1994;6;6;530;5,9;2;0;2;1;1;1;1;0;0,34;0,0;0,34;0,17;0,17;BEL;MF;31;1994;5,9;2;12;6;50,0;2,04;1,02;0,17;0,33;1;1;BEL;MF;31;1994;6;530;88;14,7;5,9;6;88;5;0;;0;1,83;7;6;1;0,17;0,58;BEL;MF;31;1994;5,9;1;0;0;5;7;0;4;6;5;0;;;;;;;;;;;;;;;;;;;;;;;
Ryan Teague;Mechelen;2526;BEL-Belgian Pro League;AUS;MF;23;2002;5;0;40;0,4;0;0;0;0;0;0;0;0;0,0;0,0;0,0;0,0;0,0;AUS;MF;23;2002;0,4;0;0;0;;0,0;0,0;;;0;0;AUS;MF;23;2002;5;40;8;1,1;0,4;0;;0;5;8;6;1,8;2;2;0;0,0;0,33;AUS;MF;23;2002;0,4;0;0;0;2;0;0;4;0;0;0;;;;;;;;;;;;;;;;;;;;;;;
Therence Koudou;Mechelen;2526;BEL-Belgian Pro League;FRA;MF;20;2004;37;36;3046;33,8;5;2;7;5;0;0;5;0;0,15;0,06;0,21;0,15;0,21;FRA;MF;20;2004;33,8;5;25;8;32,0;0,74;0,24;0,2;0,63;0;0;FRA;MF;20;2004;37;3046;82;84,6;33,8;36;84;20;1;30;2;1,14;38;50;-12;-0,35;-0,19;FRA;MF;20;2004;33,8;5;0;0;15;38;5;127;26;24;0;;;;;;;;;;;;;;;;;;;;;;;
Tijn Van Ingelgom;Mechelen;2526;BEL-Belgian Pro League;;;;;;;;;;;;;;;;;;;;;;;;;;;;;;;;;;;;;BEL;GK;18;2007;0;;;;;0;;0;0;;25;;;;;;;;;;;;;;;;;;;;;;;;;;;;;;;;;;;;;;;;;;;;
Tommy St. Jago;Mechelen;2526;BEL-Belgian Pro League;NED;DF;25;2000;28;25;2282;25,4;0;1;1;0;0;0;4;0;0,0;0,04;0,04;0,0;0,04;NED;DF;25;2000;25,4;0;6;0;0,0;0,24;0,0;0,0;;0;0;NED;DF;25;2000;28;2282;82;63,4;25,4;25;89;22;3;22;1;1,25;28;39;-11;-0,43;-0,3;NED;DF;25;2000;25,4;4;0;0;23;11;3;9;28;37;0;;;;;;;;;;;;;;;;;;;;;;;
Xander Van Der Velde;Mechelen;2526;BEL-Belgian Pro League;;;;;;;;;;;;;;;;;;;;;;;;;;;;;;;;;;;;;BEL;FW;19;2005;0;;;;;0;;0;0;;1;;;;;;;;;;;;;;;;;;;;;;;;;;;;;;;;;;;;;;;;;;;;
Xavi Everaert;Mechelen;2526;BEL-Belgian Pro League;;;;;;;;;;;;;;;;;;;;;;;;;;;;;;;;;;;;;BEL;FW;18;2007;0;;;;;0;;0;0;;1;;;;;;;;;;;;;;;;;;;;;;;;;;;;;;;;;;;;;;;;;;;;
Abdoul Karim Traoré;OH Leuven;2526;BEL-Belgian Pro League;GUI;FW,MF;18;2007;25;11;953;10,6;2;1;3;2;0;0;3;0;0,19;0,09;0,28;0,19;0,28;GUI;FW,MF;18;2007;10,6;2;34;8;23,5;3,21;0,76;0,06;0,25;0;0;GUI;FW,MF;18;2007;25;953;38;26,5;10,6;11;70;1;14;13;8;0,84;14;15;-1;-0,09;0,52;GUI;FW,MF;18;2007;10,6;3;0;0;23;13;11;16;3;5;0;;;;;;;;;;;;;;;;;;;;;;;
Ayumu Ohata;OH Leuven;2526;BEL-Belgian Pro League;;;;;;;;;;;;;;;;;;;;;;;;;;;;;;;;;;;;;JPN;DF;24;2001;0;;;;;0;;0;0;;1;;;;;;;;;;;;;;;;;;;;;;;;;;;;;;;;;;;;;;;;;;;;
Birger Verstraete;OH Leuven;2526;BEL-Belgian Pro League;BEL;MF;31;1994;26;18;1710;19,0;0;0;0;0;0;0;10;2;0,0;0,0;0,0;0,0;0,0;BEL;MF;31;1994;19,0;0;4;0;0,0;0,21;0,0;0,0;;0;0;BEL;MF;31;1994;26;1710;66;47,5;19,0;18;83;8;8;28;3;1,31;21;29;-8;-0,42;0,1;BEL;MF;31;1994;19,0;10;2;1;30;20;0;3;34;26;0;;;;;;;;;;;;;;;;;;;;;;;
Bryang Kayo;OH Leuven;2526;BEL-Belgian Pro League;USA;MF;23;2002;5;1;99;1,1;0;0;0;0;0;0;0;0;0,0;0,0;0,0;0,0;0,0;USA;MF;23;2002;1,1;0;0;0;;0,0;0,0;;;0;0;USA;MF;23;2002;5;99;20;2,8;1,1;1;45;0;4;14;4;1,0;0;0;0;0,0;0,49;USA;MF;23;2002;1,1;0;0;0;2;4;0;2;1;4;0;;;;;;;;;;;;;;;;;;;;;;;
Casper Terho;OH Leuven;2526;BEL-Belgian Pro League;FIN;MF,FW;22;2003;12;6;553;6,1;0;0;0;0;0;0;2;0;0,0;0,0;0,0;0,0;0,0;FIN;MF,FW;22;2003;6,1;0;20;8;40,0;3,25;1,3;0,0;0,0;0;0;FIN;MF,FW;22;2003;12;553;46;15,4;6,1;6;64;0;6;28;5;0,75;2;10;-8;-1,3;-0,98;FIN;MF,FW;22;2003;6,1;2;0;0;14;5;0;32;4;4;0;;;;;;;;;;;;;;;;;;;;;;;
Christ Souanga;OH Leuven;2526;BEL-Belgian Pro League;BEL;DF;18;2006;1;1;90;1,0;1;0;1;1;0;0;0;0;1,0;0,0;1,0;1,0;1,0;BEL;DF;18;2006;1,0;1;1;1;100,0;1,0;1,0;1,0;1,0;0;0;BEL;DF;18;2006;1;90;90;2,5;1,0;1;90;1;0;;5;1,0;1;1;0;0,0;0,49;BEL;DF;18;2006;1,0;0;0;0;2;0;0;0;3;0;0;;;;;;;;;;;;;;;;;;;;;;;
Chukwubuikem Ikwuemesi;OH Leuven;2526;BEL-Belgian Pro League;NGA;FW;23;2001;34;20;1815;20,2;4;0;4;4;0;0;4;0;0,2;0,0;0,2;0,2;0,2;NGA;FW;23;2001;20,2;4;46;18;39,1;2,28;0,89;0,09;0,22;0;0;NGA;FW;23;2001;34;1815;53;50,4;20,2;20;77;4;14;20;1;0,97;19;23;-4;-0,2;0,56;NGA;FW;23;2001;20,2;4;0;0;60;40;15;8;3;4;0;;;;;;;;;;;;;;;;;;;;;;;
Davis Opoku;OH Leuven;2526;BEL-Belgian Pro League;BEL;MF,DF;17;2007;21;5;826;9,2;0;2;2;0;0;0;2;0;0,0;0,22;0,22;0,0;0,22;BEL;MF,DF;17;2007;9,2;0;4;1;25,0;0,44;0,11;0,0;0,0;0;0;BEL;MF,DF;17;2007;21;826;39;22,9;9,2;5;79;3;16;27;9;1,43;12;14;-2;-0,22;0,33;BEL;MF,DF;17;2007;9,2;2;0;0;16;15;0;21;16;23;0;;;;;;;;;;;;;;;;;;;;;;;
Ewoud Pletinckx;OH Leuven;2526;BEL-Belgian Pro League;BEL;DF;24;2000;40;40;3537;39,3;3;0;3;3;0;0;4;0;0,08;0,0;0,08;0,08;0,08;BEL;DF;24;2000;39,3;3;35;12;34,3;0,89;0,31;0,09;0,25;0;0;BEL;DF;24;2000;40;3537;88;98,3;39,3;40;88;39;0;;0;1,0;41;60;-19;-0,48;-0,48;BEL;DF;24;2000;39,3;4;0;0;30;4;1;15;43;35;2;;;;;;;;;;;;;;;;;;;;;;;
Hasan Bulut;OH Leuven;2526;BEL-Belgian Pro League;;;;;;;;;;;;;;;;;;;;;;;;;;;;;;;;;;;;;TUR;MF;18;2007;0;;;;;0;;0;0;;1;;;;;;;;;;;;;;;;;;;;;;;;;;;;;;;;;;;;;;;;;;;;
Henok Teklab;OH Leuven;2526;BEL-Belgian Pro League;GER;MF;26;1998;25;21;1632;18,1;3;0;3;3;0;0;4;0;0,17;0,0;0,17;0,17;0,17;GER;MF;26;1998;18,1;3;22;7;31,8;1,21;0,39;0,14;0,43;0;0;GER;MF;26;1998;25;1632;65;45,3;18,1;21;74;8;4;20;8;1,04;20;25;-5;-0,28;0,36;GER;MF;26;1998;18,1;4;0;0;18;9;6;36;13;27;0;;;;;;;;;;;;;;;;;;;;;;;
Jovan Mijatović;OH Leuven;2526;BEL-Belgian Pro League;SRB;FW,MF;20;2005;14;7;722;8,0;0;1;1;0;0;0;2;0;0,0;0,12;0,12;0,0;0,12;SRB;FW,MF;20;2005;8,0;0;15;4;26,7;1,87;0,5;0,0;0,0;0;0;SRB;FW,MF;20;2005;14;722;52;20,1;8,0;7;81;0;7;22;6;0,93;8;17;-9;-1,12;-0,81;SRB;FW,MF;20;2005;8,0;2;0;0;12;14;2;10;1;2;0;;;;;;;;;;;;;;;;;;;;;;;
Kyan Vaesen;OH Leuven;2526;BEL-Belgian Pro League;BEL;FW,MF;24;2001;13;7;563;6,3;1;0;1;1;0;0;2;0;0,16;0,0;0,16;0,16;0,16;BEL;FW,MF;24;2001;6,3;1;11;5;45,5;1,76;0,8;0,09;0,2;0;0;BEL;FW,MF;24;2001;13;563;43;15,6;6,3;7;67;0;6;16;4;1,08;10;14;-4;-0,64;-0,19;BEL;FW,MF;24;2001;6,3;2;0;0;4;5;7;3;2;3;0;;;;;;;;;;;;;;;;;;;;;;;
Liam McAlinney;OH Leuven;2526;BEL-Belgian Pro League;;;;;;;;;;;;;;;;;;;;;;;;;;;;;;;;;;;;;IRL;DF;19;2006;0;;;;;0;;0;0;;3;;;;;;;;;;;;;;;;;;;;;;;;;;;;;;;;;;;;;;;;;;;;
Mathieu Maertens;OH Leuven;2526;BEL-Belgian Pro League;BEL;MF,FW;30;1995;35;12;1283;14,3;1;3;4;1;0;0;5;0;0,07;0,21;0,28;0,07;0,28;BEL;MF,FW;30;1995;14,3;1;52;17;32,7;3,65;1,19;0,02;0,06;0;0;BEL;MF,FW;30;1995;35;1283;37;35,6;14,3;12;73;3;23;18;2;1,0;13;21;-8;-0,56;-0,13;BEL;MF,FW;30;1995;14,3;5;0;0;34;32;8;21;11;13;0;;;;;;;;;;;;;;;;;;;;;;;
Matteo Heremans;OH Leuven;2526;BEL-Belgian Pro League;BEL;MF;19;2006;1;0;45;0,5;0;0;0;0;0;0;0;0;0,0;0,0;0,0;0,0;0,0;BEL;MF;19;2006;0,5;0;0;0;;0,0;0,0;;;0;0;BEL;MF;19;2006;1;45;45;1,3;0,5;0;;0;1;45;0;1,0;0;3;-3;-6,0;-5,59;BEL;MF;19;2006;0,5;0;0;0;1;0;0;0;0;0;0;;;;;;;;;;;;;;;;;;;;;;;
Maxence Prevot;OH Leuven;2526;BEL-Belgian Pro League;FRA;GK;28;1997;9;8;742;8,2;0;0;0;0;0;0;1;0;0,0;0,0;0,0;0,0;0,0;FRA;GK;28;1997;8,2;0;0;0;;0,0;0,0;;;0;0;FRA;GK;28;1997;9;742;82;20,6;8,2;8;90;8;1;22;28;1,44;10;13;-3;-0,36;0,14;FRA;GK;28;1997;8,2;1;0;0;0;3;0;0;0;0;0;FRA;GK;28;1997;9;8;742;8,2;13;1,58;39;26;66,7;3;1;4;3;37,5;3;3;0;0;0,0
Milan Gigot;OH Leuven;2526;BEL-Belgian Pro League;;;;;;;;;;;;;;;;;;;;;;;;;;;;;;;;;;;;;BEL;DF;18;2007;0;;;;;0;;0;0;;1;;;;;;;;;;;;;;;;;;;;;;;;;;;;;;;;;;;;;;;;;;;;
Nachon Nsingi;OH Leuven;2526;BEL-Belgian Pro League;BEL;FW;24;2001;6;0;52;0,6;0;0;0;0;0;0;3;0;0,0;0,0;0,0;0,0;0,0;BEL;FW;24;2001;0,6;0;0;0;;0,0;0,0;;;0;0;BEL;FW;24;2001;6;52;9;1,4;0,6;0;;0;6;9;0;0,67;1;3;-2;-3,46;-3,03;BEL;FW;24;2001;0,6;3;0;0;4;0;1;1;0;0;0;;;;;;;;;;;;;;;;;;;;;;;
Noë Dussenne;OH Leuven;2526;BEL-Belgian Pro League;BEL;DF;33;1992;23;22;1869;20,8;1;0;1;1;0;0;6;0;0,05;0,0;0,05;0,05;0,05;BEL;DF;33;1992;20,8;1;18;4;22,2;0,87;0,19;0,06;0,25;0;0;BEL;DF;33;1992;23;1869;81;51,9;20,8;22;83;13;1;45;3;1,13;19;24;-5;-0,24;0,49;BEL;DF;33;1992;20,8;6;0;0;26;16;4;1;34;20;0;;;;;;;;;;;;;;;;;;;;;;;
Owen Jochmans;OH Leuven;2526;BEL-Belgian Pro League;;;;;;;;;;;;;;;;;;;;;;;;;;;;;;;;;;;;;BEL;GK;22;2003;0;;;;;0;;0;0;;4;;;;;;;;;;;;;;;;;;;;;;;;;;;;;;;;;;;;;;;;;;;;
Roggerio Nyakossi;OH Leuven;2526;BEL-Belgian Pro League;SUI;DF;21;2004;27;26;2237;24,9;4;0;4;4;0;0;4;0;0,16;0,0;0,16;0,16;0,16;SUI;DF;21;2004;24,9;4;13;5;38,5;0,52;0,2;0,31;0,8;0;0;SUI;DF;21;2004;27;2237;83;62,1;24,9;26;86;20;1;11;10;0,96;23;40;-17;-0,68;-0,55;SUI;DF;21;2004;24,9;4;0;0;10;5;1;3;33;15;0;;;;;;;;;;;;;;;;;;;;;;;
Roméo Monticelli;OH Leuven;2526;BEL-Belgian Pro League;;;;;;;;;;;;;;;;;;;;;;;;;;;;;;;;;;;;;BEL;DF;19;2005;0;;;;;0;;0;0;;2;;;;;;;;;;;;;;;;;;;;;;;;;;;;;;;;;;;;;;;;;;;;
Sebastian Murru;OH Leuven;2526;BEL-Belgian Pro League;BEL;MF;18;2007;1;0;1;0,0;0;0;0;0;0;0;0;0;0,0;0,0;0,0;0,0;0,0;BEL;MF;18;2007;0,0;0;0;0;;0,0;0,0;;;0;0;BEL;MF;18;2007;1;1;1;0,0;0,0;0;;0;1;1;0;0,0;0;0;0;0,0;0,48;BEL;MF;18;2007;0,0;0;0;0;0;0;0;0;0;0;0;;;;;;;;;;;;;;;;;;;;;;;
Siebe Schrijvers;OH Leuven;2526;BEL-Belgian Pro League;BEL;MF;29;1996;30;25;2115;23,5;3;3;6;1;2;3;6;0;0,13;0,13;0,26;0,04;0,17;BEL;MF;29;1996;23,5;3;29;4;13,8;1,23;0,17;0,1;0,75;2;3;BEL;MF;29;1996;30;2115;71;58,8;23,5;25;81;14;5;18;0;0,83;19;35;-16;-0,68;-0,5;BEL;MF;29;1996;23,5;6;0;0;40;28;0;105;27;39;0;;;;;;;;;;;;;;;;;;;;;;;
Sory Kaba;OH Leuven;2526;BEL-Belgian Pro League;GUI;FW;30;1995;30;16;1600;17,8;6;2;8;5;1;1;6;0;0,34;0,11;0,45;0,28;0,39;GUI;FW;30;1995;17,8;6;41;13;31,7;2,31;0,73;0,15;0,46;1;1;GUI;FW;30;1995;30;1600;53;44,4;17,8;16;82;8;14;20;1;0,97;19;25;-6;-0,34;0,25;GUI;FW;30;1995;17,8;6;0;0;48;22;15;4;1;7;0;;;;;;;;;;;;;;;;;;;;;;;
Takahiro Akimoto;OH Leuven;2526;BEL-Belgian Pro League;JPN;DF,MF;27;1998;31;30;2711;30,1;0;0;0;0;0;0;4;0;0,0;0,0;0,0;0,0;0,0;JPN;DF,MF;27;1998;30,1;0;20;6;30,0;0,66;0,2;0,0;0,0;0;0;JPN;DF,MF;27;1998;31;2711;87;75,3;30,1;30;90;30;1;11;1;1,1;37;47;-10;-0,33;0,58;JPN;DF,MF;27;1998;30,1;4;0;0;27;34;1;46;40;41;0;;;;;;;;;;;;;;;;;;;;;;;
Takuma Ominami;OH Leuven;2526;BEL-Belgian Pro League;JPN;DF;27;1997;22;18;1707;19,0;0;1;1;0;0;0;3;0;0,0;0,05;0,05;0,0;0,05;JPN;DF;27;1997;19,0;0;9;1;11,1;0,47;0,05;0,0;0,0;0;0;JPN;DF;27;1997;22;1707;78;47,4;19,0;18;88;16;4;33;13;0,95;13;30;-17;-0,9;-0,8;JPN;DF;27;1997;19,0;3;0;0;14;5;1;3;15;21;0;;;;;;;;;;;;;;;;;;;;;;;
Thibaud Verlinden;OH Leuven;2526;BEL-Belgian Pro League;BEL;MF,FW;26;1999;26;17;1455;16,2;2;4;6;2;0;0;4;0;0,12;0,25;0,37;0,12;0,37;BEL;MF,FW;26;1999;16,2;2;20;10;50,0;1,24;0,62;0,1;0,2;0;0;BEL;MF,FW;26;1999;26;1455;56;40,4;16,2;17;70;2;9;29;4;0,85;19;25;-6;-0,37;0,17;BEL;MF,FW;26;1999;16,2;4;0;0;12;6;7;114;9;16;0;;;;;;;;;;;;;;;;;;;;;;;
Thibault Vlietinck;OH Leuven;2526;BEL-Belgian Pro League;BEL;MF,DF;27;1997;9;4;333;3,7;0;0;0;0;0;0;3;0;0,0;0,0;0,0;0,0;0,0;BEL;MF,DF;27;1997;3,7;0;2;1;50,0;0,54;0,27;0,0;0,0;0;0;BEL;MF,DF;27;1997;9;333;37;9,3;3,7;4;51;0;5;26;5;1,0;2;5;-3;-0,81;-0,37;BEL;MF,DF;27;1997;3,7;3;0;0;4;6;1;6;2;6;0;;;;;;;;;;;;;;;;;;;;;;;
Théo Radelet;OH Leuven;2526;BEL-Belgian Pro League;;;;;;;;;;;;;;;;;;;;;;;;;;;;;;;;;;;;;BEL;GK;17;2007;0;;;;;0;;0;0;;6;;;;;;;;;;;;;;;;;;;;;;;;;;;;;;;;;;;;;;;;;;;;
Tobe Leysen;OH Leuven;2526;BEL-Belgian Pro League;BEL;GK;23;2002;32;32;2858;31,8;0;0;0;0;0;0;2;0;0,0;0,0;0,0;0,0;0,0;BEL;GK;23;2002;31,8;0;0;0;;0,0;0,0;;;0;0;BEL;GK;23;2002;32;2858;89;79,4;31,8;32;89;31;0;;2;0,94;31;47;-16;-0,5;-0,14;BEL;GK;23;2002;31,8;2;0;0;0;7;0;0;1;1;0;BEL;GK;23;2002;32;32;2858;31,8;47;1,48;153;106;69,3;7;9;16;7;21,9;6;5;1;0;16,7
Viktor Damjanić;OH Leuven;2526;BEL-Belgian Pro League;;;;;;;;;;;;;;;;;;;;;;;;;;;;;;;;;;;;;CRO;DF;19;2005;0;;;;;0;;0;0;;1;;;;;;;;;;;;;;;;;;;;;;;;;;;;;;;;;;;;;;;;;;;;
William Balikwisha;OH Leuven;2526;BEL-Belgian Pro League;COD;MF;26;1999;11;3;302;3,4;0;0;0;0;0;0;0;0;0,0;0,0;0,0;0,0;0,0;COD;MF;26;1999;3,4;0;5;2;40,0;1,49;0,6;0,0;0,0;0;0;COD;MF;26;1999;11;302;27;8,4;3,4;3;69;0;8;12;7;0,73;4;6;-2;-0,6;-0,13;COD;MF;26;1999;3,4;0;0;0;4;5;1;3;3;2;0;;;;;;;;;;;;;;;;;;;;;;;
Wouter George;OH Leuven;2526;BEL-Belgian Pro League;BEL;MF;23;2002;24;12;1182;13,1;1;1;2;1;0;0;2;0;0,08;0,08;0,15;0,08;0,15;BEL;MF;23;2002;13,1;1;11;3;27,3;0,84;0,23;0,09;0,33;0;0;BEL;MF;23;2002;24;1182;49;32,8;13,1;12;72;2;12;27;13;1,17;15;17;-2;-0,15;0,48;BEL;MF;23;2002;13,1;2;0;0;28;10;0;41;12;21;0;;;;;;;;;;;;;;;;;;;;;;;
Yassine Azzouz;OH Leuven;2526;BEL-Belgian Pro League;;;;;;;;;;;;;;;;;;;;;;;;;;;;;;;;;;;;;MAR;MF;18;2007;0;;;;;0;;0;0;;1;;;;;;;;;;;;;;;;;;;;;;;;;;;;;;;;;;;;;;;;;;;;
Youssef Maziz;OH Leuven;2526;BEL-Belgian Pro League;FRA;MF,FW;27;1998;36;24;2092;23,2;3;4;7;3;0;0;6;0;0,13;0,17;0,3;0,13;0,3;FRA;MF,FW;27;1998;23,2;3;50;12;24,0;2,15;0,52;0,06;0,25;0;0;FRA;MF,FW;27;1998;36;2092;58;58,1;23,2;24;75;6;12;24;1;1,03;23;28;-5;-0,22;0,62;FRA;MF,FW;27;1998;23,2;6;0;0;20;42;2;158;7;18;0;;;;;;;;;;;;;;;;;;;;;;;
Óscar Gil;OH Leuven;2526;BEL-Belgian Pro League;ESP;MF,DF;28;1997;33;29;2314;25,7;2;1;3;2;0;0;14;1;0,08;0,04;0,12;0,08;0,12;ESP;MF,DF;28;1997;25,7;2;21;10;47,6;0,82;0,39;0,1;0,2;0;0;ESP;MF,DF;28;1997;33;2314;70;64,3;25,7;29;75;14;4;35;1;0,91;28;39;-11;-0,43;0,13;ESP;MF,DF;28;1997;25,7;14;1;1;57;50;2;34;29;41;0;;;;;;;;;;;;;;;;;;;;;;;
Łukasz Łakomy;OH Leuven;2526;BEL-Belgian Pro League;POL;MF;24;2001;32;25;2113;23,5;3;3;6;3;0;0;6;0;0,13;0,13;0,26;0,13;0,26;POL;MF;24;2001;23,5;3;32;12;37,5;1,36;0,51;0,09;0,25;0;0;POL;MF;24;2001;32;2113;66;58,7;23,5;25;78;12;7;24;2;0,94;26;40;-14;-0,6;-0,29;POL;MF;24;2001;23,5;6;0;0;39;23;1;79;29;19;0;;;;;;;;;;;;;;;;;;;;;;;
Abdoulaye Sissako;Sint-Truiden;2526;BEL-Belgian Pro League;FRA;MF;27;1998;40;39;3339;37,1;2;3;5;2;0;0;5;0;0,05;0,08;0,13;0,05;0,13;FRA;MF;27;1998;37,1;2;30;4;13,3;0,81;0,11;0,07;0,5;0;0;FRA;MF;27;1998;40;3339;83;92,8;37,1;39;85;27;1;11;0;1,78;57;44;13;0,35;-0,34;FRA;MF;27;1998;37,1;5;0;0;43;17;0;10;50;53;0;;;;;;;;;;;;;;;;;;;;;;;
Adam Nhaili;Sint-Truiden;2526;BEL-Belgian Pro League;;;;;;;;;;;;;;;;;;;;;;;;;;;;;;;;;;;;;BEL;FW;19;2005;0;;;;;0;;0;0;;11;;;;;;;;;;;;;;;;;;;;;;;;;;;;;;;;;;;;;;;;;;;;
Adriano Bertaccini;Sint-Truiden;2526;BEL-Belgian Pro League;BEL;FW,MF;24;2000;1;0;28;0,3;1;1;2;1;0;0;0;0;3,21;3,21;6,43;3,21;6,43;BEL;FW,MF;24;2000;0,3;1;4;3;75,0;12,86;9,64;0,25;0,33;0;0;BEL;FW,MF;24;2000;1;28;28;0,8;0,3;0;;0;1;28;0;3,0;3;1;2;6,43;6,1;BEL;FW,MF;24;2000;0,3;0;0;0;0;0;0;0;0;0;0;;;;;;;;;;;;;;;;;;;;;;;
Alouis Diriken;Sint-Truiden;2526;BEL-Belgian Pro League;BEL;DF;21;2004;7;0;69;0,8;0;0;0;0;0;0;0;0;0,0;0,0;0,0;0,0;0,0;BEL;DF;21;2004;0,8;0;2;1;50,0;2,61;1,3;0,0;0,0;0;0;BEL;DF;21;2004;7;69;10;1,9;0,8;0;;0;7;10;33;1,43;0;1;-1;-1,3;-1,71;BEL;DF;21;2004;0,8;0;0;0;1;0;0;1;1;2;0;;;;;;;;;;;;;;;;;;;;;;;
Andrés Ferrari;Sint-Truiden;2526;BEL-Belgian Pro League;URU;FW,MF;22;2003;20;10;867;9,6;3;1;4;2;1;2;4;0;0,31;0,1;0,42;0,21;0,31;URU;FW,MF;22;2003;9,6;3;32;8;25,0;3,32;0,83;0,09;0,38;1;2;URU;FW,MF;22;2003;20;867;43;24,1;9,6;10;73;3;10;14;1;1,95;11;10;1;0,1;-0,36;URU;FW,MF;22;2003;9,6;4;0;0;23;16;8;3;5;8;0;;;;;;;;;;;;;;;;;;;;;;;
Arbnor Muja;Sint-Truiden;2526;BEL-Belgian Pro League;ALB;MF,FW;26;1998;26;22;1846;20,5;6;2;8;5;1;1;3;1;0,29;0,1;0,39;0,24;0,34;ALB;MF,FW;26;1998;20,5;6;43;16;37,2;2,1;0,78;0,14;0,38;1;1;ALB;MF,FW;26;1998;26;1846;71;51,3;20,5;22;75;5;4;52;1;1,58;28;26;2;0,1;-0,57;ALB;MF,FW;26;1998;20,5;3;1;0;13;21;10;89;8;16;0;;;;;;;;;;;;;;;;;;;;;;;
Hugo Lambotte;Sint-Truiden;2526;BEL-Belgian Pro League;;;;;;;;;;;;;;;;;;;;;;;;;;;;;;;;;;;;;BEL;DF;19;2006;0;;;;;0;;0;0;;7;;;;;;;;;;;;;;;;;;;;;;;;;;;;;;;;;;;;;;;;;;;;
Ilias Sebaoui;Sint-Truiden;2526;BEL-Belgian Pro League;BEL;MF,FW;23;2001;40;40;3253;36,1;5;6;11;5;0;0;4;0;0,14;0,17;0,3;0,14;0,3;BEL;MF,FW;23;2001;36,1;5;92;27;29,3;2,55;0,75;0,05;0,19;0;0;BEL;MF,FW;23;2001;40;3253;81;90,4;36,1;40;81;18;0;;0;1,78;51;42;9;0,25;-1,31;BEL;MF,FW;23;2001;36,1;4;0;0;50;40;6;45;16;31;0;;;;;;;;;;;;;;;;;;;;;;;
Illyès Benachour;Sint-Truiden;2526;BEL-Belgian Pro League;;;;;;;;;;;;;;;;;;;;;;;;;;;;;;;;;;;;;BEL;MF;18;2007;0;;;;;0;;0;0;;9;;;;;;;;;;;;;;;;;;;;;;;;;;;;;;;;;;;;;;;;;;;;
Isaías Delpupo;Sint-Truiden;2526;BEL-Belgian Pro League;ARG;MF;22;2003;4;0;25;0,3;0;0;0;0;0;0;0;0;0,0;0,0;0,0;0,0;0,0;ARG;MF;22;2003;0,3;0;0;0;;0,0;0,0;;;0;0;ARG;MF;22;2003;4;25;6;0,7;0,3;0;;0;4;6;18;1,0;0;0;0;0,0;-0,38;ARG;MF;22;2003;0,3;0;0;0;1;1;0;3;0;1;0;;;;;;;;;;;;;;;;;;;;;;;
Jay-David Mbalanda;Sint-Truiden;2526;BEL-Belgian Pro League;FRA;MF;18;2007;1;0;4;0,0;0;0;0;0;0;0;0;0;0,0;0,0;0,0;0,0;0,0;FRA;MF;18;2007;0,0;0;1;0;0,0;22,5;0,0;0,0;;0;0;FRA;MF;18;2007;1;4;4;0,1;0,0;0;;0;1;4;3;1,0;0;0;0;0,0;-0,38;FRA;MF;18;2007;0,0;0;0;0;0;0;0;2;0;0;0;;;;;;;;;;;;;;;;;;;;;;;
Jo Coppens;Sint-Truiden;2526;BEL-Belgian Pro League;BEL;GK;34;1990;1;0;2;0,0;0;0;0;0;0;0;0;0;0,0;0,0;0,0;0,0;0,0;BEL;GK;34;1990;0,0;0;0;0;;0,0;0,0;;;0;0;BEL;GK;34;1990;1;2;2;0,1;0,0;0;;0;1;2;1;3,0;0;0;0;0,0;-0,38;BEL;GK;34;1990;0,0;0;0;0;0;0;0;0;0;0;0;BEL;GK;34;1990;1;0;2;0,0;0;0,0;0;0;;0;0;0;1;;0;0;0;0;
Joedrick Pupe;Sint-Truiden;2526;BEL-Belgian Pro League;BEL;DF;28;1997;8;6;474;5,3;1;0;1;1;0;0;1;0;0,19;0,0;0,19;0,19;0,19;BEL;DF;28;1997;5,3;1;3;2;66,7;0,57;0,38;0,33;0,5;0;0;BEL;DF;28;1997;8;474;59;13,2;5,3;6;77;2;2;7;10;1,38;4;7;-3;-0,57;-1,09;BEL;DF;28;1997;5,3;1;0;0;4;5;0;19;14;4;0;;;;;;;;;;;;;;;;;;;;;;;
Kaito Matsuzawa;Sint-Truiden;2526;BEL-Belgian Pro League;JPN;MF;24;2001;32;3;712;7,9;2;2;4;2;0;0;1;0;0,25;0,25;0,51;0,25;0,51;JPN;MF;24;2001;7,9;2;23;8;34,8;2,91;1,01;0,09;0,25;0;0;JPN;MF;24;2001;32;712;22;19,8;7,9;3;67;0;29;18;7;1,59;15;7;8;1,01;0,79;JPN;MF;24;2001;7,9;1;0;0;9;18;3;34;5;2;0;;;;;;;;;;;;;;;;;;;;;;;
Keisuke Gotō;Sint-Truiden;2526;BEL-Belgian Pro League;JPN;FW;20;2005;38;32;2878;32,0;11;7;18;9;2;2;5;0;0,34;0,22;0,56;0,28;0,5;JPN;FW;20;2005;32,0;11;62;25;40,3;1,94;0,78;0,18;0,44;2;2;JPN;FW;20;2005;38;2878;76;79,9;32,0;32;86;18;6;22;0;1,76;50;36;14;0,44;0,31;JPN;FW;20;2005;32,0;5;0;0;37;33;25;3;10;22;0;;;;;;;;;;;;;;;;;;;;;;;
Leo Kokubo;Sint-Truiden;2526;BEL-Belgian Pro League;JPN;GK;24;2001;38;38;3420;38,0;0;0;0;0;0;0;5;0;0,0;0,0;0,0;0,0;0,0;JPN;GK;24;2001;38,0;0;0;0;;0,0;0,0;;;0;0;JPN;GK;24;2001;38;3420;90;95,0;38,0;38;90;38;0;;1;1,79;57;43;14;0,37;-0,13;JPN;GK;24;2001;38,0;5;0;0;1;11;0;0;0;3;0;JPN;GK;24;2001;38;38;3420;38,0;43;1,13;153;110;71,9;21;5;12;9;23,7;3;3;0;0;0,0
Louis Patris;Sint-Truiden;2526;BEL-Belgian Pro League;BEL;DF;24;2001;6;6;517;5,7;0;1;1;0;0;0;0;0;0,0;0,17;0,17;0,0;0,17;BEL;DF;24;2001;5,7;0;4;2;50,0;0,7;0,35;0,0;0,0;0;0;BEL;DF;24;2001;6;517;86;14,4;5,7;6;86;4;0;;0;2,33;10;4;6;1,04;0,78;BEL;DF;24;2001;5,7;0;0;0;8;3;0;19;13;13;0;;;;;;;;;;;;;;;;;;;;;;;
Loïc Mbe Soh;Sint-Truiden;2526;BEL-Belgian Pro League;FRA;DF;24;2001;14;9;918;10,2;2;0;2;2;0;0;1;0;0,2;0,0;0,2;0,2;0,2;FRA;DF;24;2001;10,2;2;5;2;40,0;0,49;0,2;0,4;1,0;0;0;FRA;DF;24;2001;14;918;66;25,5;10,2;9;90;9;5;22;5;1,57;17;14;3;0,29;-0,11;FRA;DF;24;2001;10,2;1;0;0;9;3;0;1;17;5;0;;;;;;;;;;;;;;;;;;;;;;;
Matt Lendfers;Sint-Truiden;2526;BEL-Belgian Pro League;BEL;GK;19;2006;2;2;178;2,0;0;0;0;0;0;0;0;0;0,0;0,0;0,0;0,0;0,0;BEL;GK;19;2006;2,0;0;0;0;;0,0;0,0;;;0;0;BEL;GK;19;2006;2;178;89;4,9;2,0;2;89;1;0;;38;1,5;4;3;1;0,51;0,14;BEL;GK;19;2006;2,0;0;0;0;0;1;0;0;0;0;0;BEL;GK;19;2006;2;2;178;2,0;3;1,52;8;5;62,5;1;0;1;1;50,0;0;0;0;0;
Oumar Diouf;Sint-Truiden;2526;BEL-Belgian Pro League;SEN;FW;22;2003;16;0;204;2,3;3;0;3;3;0;0;1;0;1,32;0,0;1,32;1,32;1,32;SEN;FW;22;2003;2,3;3;12;6;50,0;5,29;2,65;0,25;0,5;0;0;SEN;FW;22;2003;16;204;13;5,7;2,3;0;;0;16;13;2;1,38;7;3;4;1,76;1,47;SEN;FW;22;2003;2,3;1;0;0;2;4;1;0;0;1;0;;;;;;;;;;;;;;;;;;;;;;;
Rein Van Helden;Sint-Truiden;2526;BEL-Belgian Pro League;BEL;DF;23;2002;21;21;1706;19,0;1;0;1;1;0;0;2;1;0,05;0,0;0,05;0,05;0,05;BEL;DF;23;2002;19,0;1;8;3;37,5;0,42;0,16;0,13;0,33;0;0;BEL;DF;23;2002;21;1706;81;47,4;19,0;21;81;15;0;;0;2,0;27;20;7;0,37;-0,01;BEL;DF;23;2002;19,0;2;1;0;16;11;3;19;17;30;0;;;;;;;;;;;;;;;;;;;;;;;
Rihito Yamamoto;Sint-Truiden;2526;BEL-Belgian Pro League;JPN;MF;23;2001;38;38;3281;36,5;5;6;11;5;0;0;6;0;0,14;0,16;0,3;0,14;0,3;JPN;MF;23;2001;36,5;5;51;16;31,4;1,4;0,44;0,1;0,31;0;0;JPN;MF;23;2001;38;3281;86;91,1;36,5;38;86;27;0;;0;1,79;52;42;10;0,27;-1,14;JPN;MF;23;2001;36,5;6;0;0;51;96;5;78;45;51;0;;;;;;;;;;;;;;;;;;;;;;;
Robert-Jan Vanwesemael;Sint-Truiden;2526;BEL-Belgian Pro League;BEL;DF,MF;23;2002;37;37;3064;34,0;1;1;2;1;0;0;10;0;0,03;0,03;0,06;0,03;0,06;BEL;DF,MF;23;2002;34,0;1;34;8;23,5;1,0;0,23;0,03;0,13;0;0;BEL;DF,MF;23;2002;37;3064;83;85,1;34,0;37;83;23;0;;0;1,76;51;41;10;0,29;-0,55;BEL;DF,MF;23;2002;34,0;10;0;0;55;21;3;111;40;45;0;;;;;;;;;;;;;;;;;;;;;;;
Ryan Merlen;Sint-Truiden;2526;BEL-Belgian Pro League;FRA;MF;23;2002;33;7;968;10,8;3;1;4;3;0;0;4;1;0,28;0,09;0,37;0,28;0,37;FRA;MF;23;2002;10,8;3;24;5;20,8;2,23;0,46;0,13;0,6;0;0;FRA;MF;23;2002;33;968;29;26,9;10,8;7;80;2;26;16;1;1,91;23;8;15;1,39;1,39;FRA;MF;23;2002;10,8;4;1;0;8;2;3;27;7;4;0;;;;;;;;;;;;;;;;;;;;;;;
Ryotaro Ito;Sint-Truiden;2526;BEL-Belgian Pro League;JPN;MF;27;1998;35;34;2821;31,3;10;5;15;6;4;4;2;0;0,32;0,16;0,48;0,19;0,35;JPN;MF;27;1998;31,3;10;73;27;37,0;2,33;0,86;0,14;0,37;4;4;JPN;MF;27;1998;35;2821;81;78,4;31,3;34;82;13;1;26;0;1,83;47;35;12;0,38;0,04;JPN;MF;27;1998;31,3;2;0;0;17;40;4;155;13;9;0;;;;;;;;;;;;;;;;;;;;;;;
Shion Shinkawa;Sint-Truiden;2526;BEL-Belgian Pro League;JPN;FW;17;2007;4;1;80;0,9;0;0;0;0;0;0;0;0;0,0;0,0;0,0;0,0;0,0;JPN;FW;17;2007;0,9;0;2;0;0,0;2,25;0,0;0,0;;0;0;JPN;FW;17;2007;4;80;20;2,2;0,9;1;57;0;3;8;4;1,75;0;2;-2;-2,25;-2,68;JPN;FW;17;2007;0,9;0;0;0;2;3;0;0;1;0;0;;;;;;;;;;;;;;;;;;;;;;;
Shogo Taniguchi;Sint-Truiden;2526;BEL-Belgian Pro League;JPN;DF;34;1991;38;32;2959;32,9;1;1;2;1;0;0;4;0;0,03;0,03;0,06;0,03;0,06;JPN;DF;34;1991;32,9;1;13;2;15,4;0,4;0,06;0,08;0,5;0;0;JPN;DF;34;1991;38;2959;78;82,2;32,9;32;90;30;6;16;2;1,84;51;39;12;0,36;-0,06;JPN;DF;34;1991;32,9;4;0;0;25;25;1;6;42;28;1;;;;;;;;;;;;;;;;;;;;;;;
Simen Juklerød;Sint-Truiden;2526;BEL-Belgian Pro League;NOR;DF;31;1994;22;7;863;9,6;1;4;5;1;0;0;0;0;0,1;0,42;0,52;0,1;0,52;NOR;DF;31;1994;9,6;1;8;3;37,5;0,83;0,31;0,13;0,33;0;0;NOR;DF;31;1994;22;863;39;24,0;9,6;7;79;3;15;21;16;1,73;26;9;17;1,77;1,84;NOR;DF;31;1994;9,6;0;0;0;7;5;0;37;9;10;0;;;;;;;;;;;;;;;;;;;;;;;
Taiga Hata;Sint-Truiden;2526;BEL-Belgian Pro League;JPN;DF;23;2002;32;28;2442;27,1;1;3;4;1;0;0;0;0;0,04;0,11;0,15;0,04;0,15;JPN;DF;23;2002;27,1;1;6;3;50,0;0,22;0,11;0,17;0,33;0;0;JPN;DF;23;2002;32;2442;76;67,8;27,1;28;84;22;4;21;3;1,66;37;32;5;0,18;-0,59;JPN;DF;23;2002;27,1;0;0;0;15;9;5;62;17;22;0;;;;;;;;;;;;;;;;;;;;;;;
Visar Musliu;Sint-Truiden;2526;BEL-Belgian Pro League;MKD;DF;30;1994;30;28;2520;28,0;0;0;0;0;0;0;4;0;0,0;0,0;0,0;0,0;0,0;MKD;DF;30;1994;28,0;0;17;3;17,6;0,61;0,11;0,0;0,0;0;0;MKD;DF;30;1994;30;2520;84;70,0;28,0;28;87;27;2;43;3;1,83;42;32;10;0,36;-0,06;MKD;DF;30;1994;28,0;4;0;0;22;26;0;3;43;23;0;;;;;;;;;;;;;;;;;;;;;;;
Wolke Janssens;Sint-Truiden;2526;BEL-Belgian Pro League;BEL;DF,FW;30;1995;7;0;46;0,5;0;0;0;0;0;0;0;0;0,0;0,0;0,0;0,0;0,0;BEL;DF,FW;30;1995;0,5;0;0;0;;0,0;0,0;;;0;0;BEL;DF,FW;30;1995;7;46;7;1,3;0,5;0;;0;7;7;33;2,29;1;1;0;0,0;-0,38;BEL;DF,FW;30;1995;0,5;0;0;0;0;0;0;0;2;1;0;;;;;;;;;;;;;;;;;;;;;;;
Adnane Abid;Standard Liège;2526;BEL-Belgian Pro League;BEL;MF,FW;21;2003;34;26;2107;23,4;2;5;7;2;0;0;5;1;0,09;0,21;0,3;0,09;0,3;BEL;MF,FW;21;2003;23,4;2;22;11;50,0;0,94;0,47;0,09;0,18;0;0;BEL;MF,FW;21;2003;34;2107;62;58,5;23,4;26;73;10;8;25;3;1,44;31;29;2;0,09;0,33;BEL;MF,FW;21;2003;23,4;5;1;0;18;39;5;47;15;31;0;;;;;;;;;;;;;;;;;;;;;;;
Alexandro Calut;Standard Liège;2526;BEL-Belgian Pro League;BEL;DF,MF;22;2003;9;4;418;4,6;0;0;0;0;0;0;1;0;0,0;0,0;0,0;0,0;0,0;BEL;DF,MF;22;2003;4,6;0;0;0;;0,0;0,0;;;0;0;BEL;DF,MF;22;2003;9;418;46;11,6;4,6;4;79;3;5;21;5;1,22;5;4;1;0,22;0,3;BEL;DF,MF;22;2003;4,6;1;0;0;6;10;0;12;3;4;0;;;;;;;;;;;;;;;;;;;;;;;
Belmin Dizdarević;Standard Liège;2526;BEL-Belgian Pro League;;;;;;;;;;;;;;;;;;;;;;;;;;;;;;;;;;;;;BIH;GK;23;2001;0;;;;;0;;0;0;;7;;;;;;;;;;;;;;;;;;;;;;;;;;;;;;;;;;;;;;;;;;;;
Bernard Nguene;Standard Liège;2526;BEL-Belgian Pro League;CMR;MF;18;2006;14;1;310;3,4;1;0;1;1;0;0;1;0;0,29;0,0;0,29;0,29;0,29;CMR;MF;18;2006;3,4;1;8;5;62,5;2,32;1,45;0,13;0,2;0;0;CMR;MF;18;2006;14;310;22;8,6;3,4;1;61;0;13;19;4;1,57;9;6;3;0,87;1,01;CMR;MF;18;2006;3,4;1;0;0;6;5;3;5;2;3;0;;;;;;;;;;;;;;;;;;;;;;;
Boli Bolingoli-Mbombo;Standard Liège;2526;BEL-Belgian Pro League;BEL;DF;30;1995;3;1;116;1,3;0;0;0;0;0;0;0;0;0,0;0,0;0,0;0,0;0,0;BEL;DF;30;1995;1,3;0;0;0;;0,0;0,0;;;0;0;BEL;DF;30;1995;3;116;39;3,2;1,3;1;45;0;2;36;5;0,0;0;5;-5;-3,88;-3,96;BEL;DF;30;1995;1,3;0;0;0;0;1;0;0;5;3;0;;;;;;;;;;;;;;;;;;;;;;;
Casper Nielsen;Standard Liège;2526;BEL-Belgian Pro League;DEN;MF;31;1994;26;23;1869;20,8;5;2;7;4;1;1;5;0;0,24;0,1;0,34;0,19;0,29;DEN;MF;31;1994;20,8;5;32;11;34,4;1,54;0,53;0,16;0,45;1;1;DEN;MF;31;1994;26;1869;72;51,9;20,8;23;78;10;3;27;1;1,42;26;27;-1;-0,05;0,0;DEN;MF;31;1994;20,8;5;0;0;19;27;4;99;11;27;0;;;;;;;;;;;;;;;;;;;;;;;
Charli Spoden;Standard Liège;2526;BEL-Belgian Pro League;BEL;MF;17;2008;1;0;24;0,3;0;0;0;0;0;0;0;0;0,0;0,0;0,0;0,0;0,0;BEL;MF;17;2008;0,3;0;0;0;;0,0;0,0;;;0;0;BEL;MF;17;2008;1;24;24;0,7;0,3;0;;0;1;24;13;0,0;0;0;0;0,0;0,05;BEL;MF;17;2008;0,3;0;0;0;1;0;0;0;0;0;0;;;;;;;;;;;;;;;;;;;;;;;
Daan Dierckx;Standard Liège;2526;BEL-Belgian Pro League;BEL;DF;22;2003;20;16;1317;14,6;0;0;0;0;0;0;2;0;0,0;0,0;0,0;0,0;0,0;BEL;DF;22;2003;14,6;0;13;4;30,8;0,89;0,27;0,0;0,0;0;0;BEL;DF;22;2003;20;1317;66;36,6;14,6;16;79;8;4;12;12;1,4;13;16;-3;-0,21;-0,24;BEL;DF;22;2003;14,6;2;0;0;20;2;1;1;16;11;1;;;;;;;;;;;;;;;;;;;;;;;
Daryl Leunga Leunga;Standard Liège;2526;BEL-Belgian Pro League;;;;;;;;;;;;;;;;;;;;;;;;;;;;;;;;;;;;;BEL;DF;17;2008;0;;;;;0;;0;0;;2;;;;;;;;;;;;;;;;;;;;;;;;;;;;;;;;;;;;;;;;;;;;
David Bates;Standard Liège;2526;BEL-Belgian Pro League;SCO;DF;28;1996;18;15;1377;15,3;1;0;1;1;0;0;3;0;0,07;0,0;0,07;0,07;0,07;SCO;DF;28;1996;15,3;1;9;3;33,3;0,59;0,2;0,11;0,33;0;0;SCO;DF;28;1996;18;1377;77;38,3;15,3;15;85;11;3;32;4;1,67;21;16;5;0,33;0,61;SCO;DF;28;1996;15,3;3;0;0;14;7;0;0;21;11;1;;;;;;;;;;;;;;;;;;;;;;;
Dennis Eckert;Standard Liège;2526;BEL-Belgian Pro League;;FW,MF;28;1997;35;23;1979;22,0;5;0;5;4;1;1;2;0;0,23;0,0;0,23;0,18;0,18;;FW,MF;28;1997;22,0;5;32;10;31,3;1,46;0,45;0,16;0,5;1;1;;FW,MF;28;1997;35;1979;57;55,0;22,0;23;69;3;12;33;0;1,6;26;25;1;0,05;0,21;;FW,MF;28;1997;22,0;2;0;0;30;33;11;16;6;11;0;;;;;;;;;;;;;;;;;;;;;;;
Gustav Mortensen;Standard Liège;2526;BEL-Belgian Pro League;DEN;MF,DF;21;2004;20;19;1736;19,3;0;0;0;0;0;0;0;0;0,0;0,0;0,0;0,0;0,0;DEN;MF,DF;21;2004;19,3;0;7;1;14,3;0,36;0,05;0,0;0,0;0;0;DEN;MF,DF;21;2004;20;1736;87;48,2;19,3;19;90;18;1;30;0;1,5;25;21;4;0,21;0,5;DEN;MF,DF;21;2004;19,3;0;0;0;9;3;1;80;7;14;0;;;;;;;;;;;;;;;;;;;;;;;
Hakim Sahabo;Standard Liège;2526;BEL-Belgian Pro League;RWA;MF;20;2005;14;5;580;6,4;0;0;0;0;0;0;4;0;0,0;0,0;0,0;0,0;0,0;RWA;MF;20;2005;6,4;0;5;1;20,0;0,78;0,16;0,0;0,0;0;0;RWA;MF;20;2005;14;580;41;16,1;6,4;5;76;2;9;22;3;1,07;7;8;-1;-0,16;-0,13;RWA;MF;20;2005;6,4;4;0;0;13;5;0;3;6;13;0;;;;;;;;;;;;;;;;;;;;;;;
Henry Lawrence;Standard Liège;2526;BEL-Belgian Pro League;ENG;DF,MF;23;2001;30;27;2429;27,0;2;0;2;2;0;0;5;0;0,07;0,0;0,07;0,07;0,07;ENG;DF,MF;23;2001;27,0;2;11;3;27,3;0,41;0,11;0,18;0,67;0;0;ENG;DF,MF;23;2001;30;2429;81;67,5;27,0;27;87;21;3;29;3;1,43;28;25;3;0,11;0,5;ENG;DF,MF;23;2001;27,0;5;0;0;19;37;0;32;21;23;0;;;;;;;;;;;;;;;;;;;;;;;
Ibe Hautekiet;Standard Liège;2526;BEL-Belgian Pro League;BEL;DF;23;2002;36;32;2948;32,8;2;0;2;2;0;0;3;0;0,06;0,0;0,06;0,06;0,06;BEL;DF;23;2002;32,8;2;18;6;33,3;0,55;0,18;0,11;0,33;0;0;BEL;DF;23;2002;36;2948;82;81,9;32,8;32;89;30;4;25;2;1,42;36;42;-6;-0,18;-0,74;BEL;DF;23;2002;32,8;3;0;0;28;14;2;2;58;40;0;;;;;;;;;;;;;;;;;;;;;;;
Ibrahim Karamoko;Standard Liège;2526;BEL-Belgian Pro League;FRA;MF,DF;24;2001;31;25;2179;24,2;1;0;1;1;0;0;9;1;0,04;0,0;0,04;0,04;0,04;FRA;MF,DF;24;2001;24,2;1;22;7;31,8;0,91;0,29;0,05;0,14;0;0;FRA;MF,DF;24;2001;31;2179;70;60,5;24,2;25;79;17;6;34;3;1,65;30;20;10;0,41;1,17;FRA;MF,DF;24;2001;24,2;9;1;1;38;23;2;7;24;21;0;;;;;;;;;;;;;;;;;;;;;;;
James Nam;Standard Liège;2526;BEL-Belgian Pro League;BEL;MF;18;2006;1;0;4;0,0;0;0;0;0;0;0;0;0;0,0;0,0;0,0;0,0;0,0;BEL;MF;18;2006;0,0;0;0;0;;0,0;0,0;;;0;0;BEL;MF;18;2006;1;4;4;0,1;0,0;0;;0;1;4;2;0,0;0;0;0;0,0;0,05;BEL;MF;18;2006;0,0;0;0;0;0;0;0;0;0;0;0;;;;;;;;;;;;;;;;;;;;;;;
Jordi Makiese;Standard Liège;2526;BEL-Belgian Pro League;;;;;;;;;;;;;;;;;;;;;;;;;;;;;;;;;;;;;BEL;MF;16;2009;0;;;;;0;;0;0;;1;;;;;;;;;;;;;;;;;;;;;;;;;;;;;;;;;;;;;;;;;;;;
Josué Homawoo;Standard Liège;2526;BEL-Belgian Pro League;TOG;DF;27;1997;30;26;2181;24,2;0;1;1;0;0;0;2;1;0,0;0,04;0,04;0,0;0,04;TOG;DF;27;1997;24,2;0;6;0;0,0;0,25;0,0;0,0;;0;0;TOG;DF;27;1997;30;2181;73;60,6;24,2;26;81;20;4;20;3;1,57;27;26;1;0,04;0,23;TOG;DF;27;1997;24,2;2;1;0;35;25;1;2;42;27;0;;;;;;;;;;;;;;;;;;;;;;;
Lucas Pirard;Standard Liège;2526;BEL-Belgian Pro League;BEL;GK;30;1995;11;11;990;11,0;0;0;0;0;0;0;1;0;0,0;0,0;0,0;0,0;0,0;BEL;GK;30;1995;11,0;0;0;0;;0,0;0,0;;;0;0;BEL;GK;30;1995;11;990;90;27,5;11,0;11;90;11;0;;29;1,64;15;11;4;0,36;0,57;BEL;GK;30;1995;11,0;1;0;0;0;3;0;0;0;0;0;BEL;GK;30;1995;11;11;990;11,0;11;1,0;56;45;80,4;5;3;3;4;36,4;0;0;0;0;
Léandre Kuavita;Standard Liège;2526;BEL-Belgian Pro League;BEL;MF;21;2004;13;1;317;3,5;0;0;0;0;0;0;2;0;0,0;0,0;0,0;0,0;0,0;BEL;MF;21;2004;3,5;0;4;2;50,0;1,14;0,57;0,0;0,0;0;0;BEL;MF;21;2004;13;317;24;8,8;3,5;1;45;0;12;23;12;1,85;3;5;-2;-0,57;-0,57;BEL;MF;21;2004;3,5;2;0;0;4;9;1;2;2;5;0;;;;;;;;;;;;;;;;;;;;;;;
Marco Ilaimaharitra;Standard Liège;2526;BEL-Belgian Pro League;MAD;MF;30;1995;31;29;2434;27,0;3;0;3;0;3;4;10;1;0,11;0,0;0,11;0,0;0,0;MAD;MF;30;1995;27,0;3;14;6;42,9;0,52;0,22;0,21;0,5;3;4;MAD;MF;30;1995;31;2434;79;67,6;27,0;29;82;17;2;24;1;1,48;29;32;-3;-0,11;-0,19;MAD;MF;30;1995;27,0;10;1;0;31;33;0;13;34;27;0;;;;;;;;;;;;;;;;;;;;;;;
Marlon Fossey;Standard Liège;2526;BEL-Belgian Pro League;USA;DF,MF;26;1998;20;20;1462;16,2;1;2;3;1;0;0;2;1;0,06;0,12;0,18;0,06;0,18;USA;DF,MF;26;1998;16,2;1;9;4;44,4;0,55;0,25;0,11;0,25;0;0;USA;DF,MF;26;1998;20;1462;73;40,6;16,2;20;73;9;0;;0;1,45;21;20;1;0,06;0,19;USA;DF,MF;26;1998;16,2;2;1;0;9;15;3;43;19;10;0;;;;;;;;;;;;;;;;;;;;;;;
Matteo Godfroid;Standard Liège;2526;BEL-Belgian Pro League;;;;;;;;;;;;;;;;;;;;;;;;;;;;;;;;;;;;;BEL;GK;21;2004;0;;;;;0;;0;0;;7;;;;;;;;;;;;;;;;;;;;;;;;;;;;;;;;;;;;;;;;;;;;
Matthieu Epolo;Standard Liège;2526;BEL-Belgian Pro League;BEL;GK;20;2005;29;29;2610;29,0;0;0;0;0;0;0;1;0;0,0;0,0;0,0;0,0;0,0;BEL;GK;20;2005;29,0;0;1;0;0,0;0,03;0,0;0,0;;0;0;BEL;GK;20;2005;29;2610;90;72,5;29,0;29;90;29;0;;1;1,34;29;35;-6;-0,21;-0,57;BEL;GK;20;2005;29,0;1;0;0;0;8;0;0;0;0;0;BEL;GK;20;2005;29;29;2610;29,0;35;1,21;137;101;74,5;11;6;12;8;27,6;1;0;1;0;100,0
Mohamed El Hankouri;Standard Liège;2526;BEL-Belgian Pro League;MAR;MF,FW;28;1997;15;6;639;7,1;0;0;0;0;0;0;0;0;0,0;0,0;0,0;0,0;0,0;MAR;MF,FW;28;1997;7,1;0;6;2;33,3;0,85;0,28;0,0;0,0;0;0;MAR;MF,FW;28;1997;15;639;43;17,8;7,1;6;78;3;9;19;3;1,27;7;4;3;0,42;0,57;MAR;MF,FW;28;1997;7,1;0;0;0;3;11;0;16;6;6;0;;;;;;;;;;;;;;;;;;;;;;;
Nayel Mehssatou;Standard Liège;2526;BEL-Belgian Pro League;CHI;MF;23;2002;29;10;1057;11,7;0;1;1;0;0;0;2;0;0,0;0,09;0,09;0,0;0,09;CHI;MF;23;2002;11,7;0;10;5;50,0;0,85;0,43;0,0;0,0;0;0;CHI;MF;23;2002;29;1057;36;29,4;11,7;10;69;2;19;20;10;1,45;7;15;-8;-0,68;-0,89;CHI;MF;23;2002;11,7;2;0;0;13;22;2;23;4;9;0;;;;;;;;;;;;;;;;;;;;;;;
Noah Sy;Standard Liège;2526;BEL-Belgian Pro League;;;;;;;;;;;;;;;;;;;;;;;;;;;;;;;;;;;;;BEL;DF;18;2007;0;;;;;0;;0;0;;1;;;;;;;;;;;;;;;;;;;;;;;;;;;;;;;;;;;;;;;;;;;;
Oscar Olivier;Standard Liège;2526;BEL-Belgian Pro League;;;;;;;;;;;;;;;;;;;;;;;;;;;;;;;;;;;;;BEL;DF;18;2007;0;;;;;0;;0;0;;2;;;;;;;;;;;;;;;;;;;;;;;;;;;;;;;;;;;;;;;;;;;;
Quentin Durka;Standard Liège;2526;BEL-Belgian Pro League;;;;;;;;;;;;;;;;;;;;;;;;;;;;;;;;;;;;;BEL;GK;18;2007;0;;;;;0;;0;0;;3;;;;;;;;;;;;;;;;;;;;;;;;;;;;;;;;;;;;;;;;;;;;
Rafiki Said;Standard Liège;2526;BEL-Belgian Pro League;COM;MF,FW;25;2000;37;34;2743;30,5;8;4;12;8;0;0;4;0;0,26;0,13;0,39;0,26;0,39;COM;MF,FW;25;2000;30,5;8;91;32;35,2;2,99;1,05;0,09;0,25;0;0;COM;MF,FW;25;2000;37;2743;74;76,2;30,5;34;79;14;3;24;0;1,38;27;37;-10;-0,33;-1,17;COM;MF,FW;25;2000;30,5;4;0;0;20;46;22;73;19;26;0;;;;;;;;;;;;;;;;;;;;;;;
René Mitongo;Standard Liège;2526;BEL-Belgian Pro League;BEL;FW;17;2008;7;0;153;1,7;0;0;0;0;0;0;0;0;0,0;0,0;0,0;0,0;0,0;BEL;FW;17;2008;1,7;0;2;0;0,0;1,18;0,0;0,0;;0;0;BEL;FW;17;2008;7;153;22;4,3;1,7;0;;0;7;22;14;0,43;1;2;-1;-0,59;-0,56;BEL;FW;17;2008;1,7;0;0;0;4;0;1;1;0;0;0;;;;;;;;;;;;;;;;;;;;;;;
Steeven Assengue;Standard Liège;2526;BEL-Belgian Pro League;BEL;DF;20;2005;6;0;117;1,3;0;0;0;0;0;0;0;0;0,0;0,0;0,0;0,0;0,0;BEL;DF;20;2005;1,3;0;0;0;;0,0;0,0;;;0;0;BEL;DF;20;2005;6;117;20;3,3;1,3;0;;0;6;20;13;0,17;0;1;-1;-0,77;-0,74;BEL;DF;20;2005;1,3;0;0;0;3;3;0;1;1;4;0;;;;;;;;;;;;;;;;;;;;;;;
Teddy Teuma;Standard Liège;2526;BEL-Belgian Pro League;MLT;MF,FW;31;1993;9;3;375;4,2;0;1;1;0;0;0;2;0;0,0;0,24;0,24;0,0;0,24;MLT;MF,FW;31;1993;4,2;0;6;3;50,0;1,44;0,72;0,0;0,0;0;0;MLT;MF,FW;31;1993;9;375;42;10,4;4,2;3;78;1;6;24;0;1,33;3;7;-4;-0,96;-1,02;MLT;MF,FW;31;1993;4,2;2;0;0;7;2;0;42;1;6;0;;;;;;;;;;;;;;;;;;;;;;;
Thomas Henry;Standard Liège;2526;BEL-Belgian Pro League;FRA;FW;30;1994;21;17;1356;15,1;3;2;5;2;1;1;7;1;0,2;0,13;0,33;0,13;0,27;FRA;FW;30;1994;15,1;3;16;6;37,5;1,06;0,4;0,19;0,5;1;1;FRA;FW;30;1994;21;1356;65;37,7;15,1;17;75;8;4;20;2;1,33;14;19;-5;-0,33;-0,45;FRA;FW;30;1994;15,1;7;1;1;34;43;7;1;2;6;0;;;;;;;;;;;;;;;;;;;;;;;
Timothée Nkada;Standard Liège;2526;BEL-Belgian Pro League;FRA;FW;26;1999;30;11;1245;13,8;4;1;5;3;1;1;1;1;0,29;0,07;0,36;0,22;0,29;FRA;FW;26;1999;13,8;4;25;10;40,0;1,81;0,72;0,16;0,4;1;1;FRA;FW;26;1999;30;1245;42;34,6;13,8;11;66;1;19;28;2;1,5;19;12;7;0,51;0,85;FRA;FW;26;1999;13,8;1;1;0;8;11;12;9;1;6;0;;;;;;;;;;;;;;;;;;;;;;;
Tobias Mohr;Standard Liège;2526;BEL-Belgian Pro League;GER;DF,MF;29;1995;38;26;2286;25,4;2;2;4;2;0;0;5;0;0,08;0,08;0,16;0,08;0,16;GER;DF,MF;29;1995;25,4;2;25;5;20,0;0,98;0,2;0,08;0,4;0;0;GER;DF,MF;29;1995;38;2286;60;63,5;25,4;26;79;11;12;20;2;1,42;24;30;-6;-0,24;-0,51;GER;DF,MF;29;1995;25,4;5;0;0;17;11;3;157;34;29;0;;;;;;;;;;;;;;;;;;;;;;;
Yann Gboua;Standard Liège;2526;BEL-Belgian Pro League;;;;;;;;;;;;;;;;;;;;;;;;;;;;;;;;;;;;;BEL;FW;17;2008;0;;;;;0;;0;0;;2;;;;;;;;;;;;;;;;;;;;;;;;;;;;;;;;;;;;;;;;;;;;
Adem Zorgane;Union SG;2526;BEL-Belgian Pro League;ALG;MF;25;2000;37;34;2963;32,9;4;4;8;4;0;0;7;0;0,12;0,12;0,24;0,12;0,24;ALG;MF;25;2000;32,9;4;28;12;42,9;0,85;0,36;0,14;0,33;0;0;ALG;MF;25;2000;37;2963;80;82,3;32,9;34;86;26;3;12;0;2,14;55;22;33;1,0;0,15;ALG;MF;25;2000;32,9;7;0;0;45;6;5;61;30;46;0;;;;;;;;;;;;;;;;;;;;;;;
Alessio Castro-Montes;Union SG;2526;BEL-Belgian Pro League;BEL;MF;28;1997;5;2;144;1,6;0;0;0;0;0;0;0;0;0,0;0,0;0,0;0,0;0,0;BEL;MF;28;1997;1,6;0;1;0;0,0;0,62;0,0;0,0;;0;0;BEL;MF;28;1997;5;144;29;4,0;1,6;2;52;0;3;13;1;2,2;2;2;0;0,0;-1,02;BEL;MF;28;1997;1,6;0;0;0;3;2;1;3;1;2;0;;;;;;;;;;;;;;;;;;;;;;;
Anan Khalaili;Union SG;2526;BEL-Belgian Pro League;ISR;MF;20;2004;38;36;3087;34,3;3;5;8;3;0;0;7;0;0,09;0,15;0,23;0,09;0,23;ISR;MF;20;2004;34,3;3;38;13;34,2;1,11;0,38;0,08;0,23;0;0;ISR;MF;20;2004;38;3087;81;85,8;34,3;36;84;21;2;26;0;2,16;55;22;33;0,96;-0,09;ISR;MF;20;2004;34,3;7;0;0;23;10;6;114;45;45;0;;;;;;;;;;;;;;;;;;;;;;;
Anouar Ait El Hadj;Union SG;2526;BEL-Belgian Pro League;BEL;MF,FW;23;2002;38;34;2635;29,3;2;5;7;2;0;0;2;0;0,07;0,17;0,24;0,07;0,24;BEL;MF,FW;23;2002;29,3;2;43;14;32,6;1,47;0,48;0,05;0,14;0;0;BEL;MF,FW;23;2002;38;2635;69;73,2;29,3;34;76;8;4;14;1;2,16;47;16;31;1,06;0,31;BEL;MF,FW;23;2002;29,3;2;0;0;15;25;6;114;12;15;0;;;;;;;;;;;;;;;;;;;;;;;
Besfort Zeneli;Union SG;2526;BEL-Belgian Pro League;SWE;MF,FW;22;2002;15;8;766;8,5;3;6;9;3;0;0;0;0;0,35;0,7;1,06;0,35;1,06;SWE;MF,FW;22;2002;8,5;3;16;8;50,0;1,88;0,94;0,19;0,38;0;0;SWE;MF,FW;22;2002;15;766;51;21,3;8,5;8;74;1;7;24;1;2,27;18;6;12;1,41;0,55;SWE;MF,FW;22;2002;8,5;0;0;0;7;9;0;56;4;4;0;;;;;;;;;;;;;;;;;;;;;;;
Charles Vanhoutte;Union SG;2526;BEL-Belgian Pro League;BEL;MF;26;1998;5;5;450;5,0;0;1;1;0;0;0;2;0;0,0;0,2;0,2;0,0;0,2;BEL;MF;26;1998;5,0;0;2;1;50,0;0,4;0,2;0,0;0,0;0;0;BEL;MF;26;1998;5;450;90;12,5;5,0;5;90;5;0;;0;2,2;12;3;9;1,8;0,94;BEL;MF;26;1998;5,0;2;0;0;5;1;0;41;3;11;0;;;;;;;;;;;;;;;;;;;;;;;
Christian Burgess;Union SG;2526;BEL-Belgian Pro League;ENG;DF;33;1991;35;35;3146;35,0;2;3;5;2;0;0;16;1;0,06;0,09;0,14;0,06;0,14;ENG;DF;33;1991;35,0;2;22;9;40,9;0,63;0,26;0,09;0,22;0;0;ENG;DF;33;1991;35;3146;90;87,4;35,0;35;90;34;0;;0;2,03;54;26;28;0,8;-1,38;ENG;DF;33;1991;35,0;16;1;1;34;22;0;2;42;30;0;;;;;;;;;;;;;;;;;;;;;;;
Cristian Makate;Union SG;2526;BEL-Belgian Pro League;EQG;FW;22;2002;2;0;48;0,5;0;0;0;0;0;0;0;0;0,0;0,0;0,0;0,0;0,0;EQG;FW;22;2002;0,5;0;2;2;100,0;3,75;3,75;0,0;0,0;0;0;EQG;FW;22;2002;2;48;24;1,3;0,5;0;;0;2;24;4;2,0;1;2;-1;-1,87;-2,89;EQG;FW;22;2002;0,5;0;0;0;1;0;0;0;0;0;0;;;;;;;;;;;;;;;;;;;;;;;
Fedde Leysen;Union SG;2526;BEL-Belgian Pro League;BEL;DF;22;2003;27;20;1877;20,9;1;1;2;1;0;0;3;0;0,05;0,05;0,1;0,05;0,1;BEL;DF;22;2003;20,9;1;11;4;36,4;0,53;0,19;0,09;0,25;0;0;BEL;DF;22;2003;27;1877;70;52,1;20,9;20;86;19;7;22;9;2,19;35;14;21;1,01;0,07;BEL;DF;22;2003;20,9;3;0;0;34;6;1;8;25;28;0;;;;;;;;;;;;;;;;;;;;;;;
Giorgi Kavlashvili;Union SG;2526;BEL-Belgian Pro League;;;;;;;;;;;;;;;;;;;;;;;;;;;;;;;;;;;;;GEO;GK;18;2007;0;;;;;0;;0;0;;1;;;;;;;;;;;;;;;;;;;;;;;;;;;;;;;;;;;;;;;;;;;;
Guilherme Smith;Union SG;2526;BEL-Belgian Pro League;BRA;MF,FW;22;2003;22;18;1533;17,0;4;2;6;4;0;0;4;0;0,23;0,12;0,35;0,23;0,35;BRA;MF,FW;22;2003;17,0;4;21;7;33,3;1,23;0,41;0,19;0,57;0;0;BRA;MF,FW;22;2003;22;1533;70;42,6;17,0;18;79;6;4;26;12;2,18;29;12;17;1,0;0,04;BRA;MF,FW;22;2003;17,0;4;0;0;17;23;6;61;19;23;0;;;;;;;;;;;;;;;;;;;;;;;
Guillaume François;Union SG;2526;BEL-Belgian Pro League;BEL;DF,FW;35;1990;2;0;24;0,3;0;0;0;0;0;0;0;0;0,0;0,0;0,0;0,0;0,0;BEL;DF,FW;35;1990;0,3;0;0;0;;0,0;0,0;;;0;0;BEL;DF,FW;35;1990;2;24;12;0,7;0,3;0;;0;2;12;17;3,0;0;1;-1;-3,75;-4,76;BEL;DF,FW;35;1990;0,3;0;0;0;1;0;0;0;0;0;0;;;;;;;;;;;;;;;;;;;;;;;
Henok Teklab;Union SG;2526;BEL-Belgian Pro League;;;;;;;;;;;;;;;;;;;;;;;;;;;;;;;;;;;;;GER;MF;26;1998;0;;;;;0;;0;0;;1;;;;;;;;;;;;;;;;;;;;;;;;;;;;;;;;;;;;;;;;;;;;
Ivan Pavlic;Union SG;2526;BEL-Belgian Pro League;BEL;MF;23;2001;9;0;74;0,8;0;0;0;0;0;0;1;0;0,0;0,0;0,0;0,0;0,0;BEL;MF;23;2001;0,8;0;1;0;0,0;1,22;0,0;0,0;;0;0;BEL;MF;23;2001;9;74;8;2,1;0,8;0;;0;9;8;14;3,0;1;2;-1;-1,22;-2,24;BEL;MF;23;2001;0,8;1;0;0;3;2;0;1;0;0;0;;;;;;;;;;;;;;;;;;;;;;;
Jens Teunckens;Union SG;2526;BEL-Belgian Pro League;;;;;;;;;;;;;;;;;;;;;;;;;;;;;;;;;;;;;BEL;GK;27;1998;0;;;;;0;;0;0;;6;;;;;;;;;;;;;;;;;;;;;;;;;;;;;;;;;;;;;;;;;;;;
Kamiel Van De Perre;Union SG;2526;BEL-Belgian Pro League;BEL;MF;21;2004;30;25;2201;24,5;0;3;3;0;0;0;9;0;0,0;0,12;0,12;0,0;0,12;BEL;MF;21;2004;24,5;0;11;0;0,0;0,45;0,0;0,0;;0;0;BEL;MF;21;2004;30;2201;73;61,1;24,5;25;83;13;5;25;1;2,0;33;17;16;0,65;-0,83;BEL;MF;21;2004;24,5;9;0;0;40;36;0;8;45;56;0;;;;;;;;;;;;;;;;;;;;;;;
Kevin Mac Allister;Union SG;2526;BEL-Belgian Pro League;ARG;DF;27;1997;34;34;2926;32,5;1;1;2;1;0;0;11;1;0,03;0,03;0,06;0,03;0,06;ARG;DF;27;1997;32,5;1;22;5;22,7;0,68;0,15;0,05;0,2;0;0;ARG;DF;27;1997;34;2926;86;81,3;32,5;34;86;30;0;;1;2,12;54;20;34;1,05;0,38;ARG;DF;27;1997;32,5;11;1;0;48;35;3;12;50;70;0;;;;;;;;;;;;;;;;;;;;;;;
Kevin Rodríguez;Union SG;2526;BEL-Belgian Pro League;ECU;FW;25;2000;31;22;1817;20,2;10;2;12;10;0;0;2;0;0,5;0,1;0,59;0,5;0,59;ECU;FW;25;2000;20,2;10;78;31;39,7;3,86;1,54;0,13;0,32;0;0;ECU;FW;25;2000;31;1817;59;50,5;20,2;22;72;4;9;25;0;2,1;37;12;25;1,24;0,53;ECU;FW;25;2000;20,2;2;0;0;32;45;10;6;5;12;0;;;;;;;;;;;;;;;;;;;;;;;
Kjell Scherpen;Union SG;2526;BEL-Belgian Pro League;NED;GK;25;2000;32;32;2835;31,5;0;0;0;0;0;0;1;0;0,0;0,0;0,0;0,0;0,0;NED;GK;25;2000;31,5;0;0;0;;0,0;0,0;;;0;0;NED;GK;25;2000;32;2835;89;78,8;31,5;32;89;31;0;;2;2,13;47;20;27;0,86;-0,55;NED;GK;25;2000;31,5;1;0;0;0;2;0;0;1;0;0;NED;GK;25;2000;32;32;2835;31,5;20;0,63;79;58;74,7;20;8;4;17;53,1;6;5;1;0;16,7
Louis Patris;Union SG;2526;BEL-Belgian Pro League;BEL;MF;24;2001;28;8;933;10,4;0;1;1;0;0;0;2;0;0,0;0,1;0,1;0,0;0,1;BEL;MF;24;2001;10,4;0;9;4;44,4;0,87;0,39;0,0;0,0;0;0;BEL;MF;24;2001;28;933;33;25,9;10,4;8;78;4;20;16;5;2,04;18;7;11;1,06;0,12;BEL;MF;24;2001;10,4;2;0;0;11;9;3;40;19;18;0;;;;;;;;;;;;;;;;;;;;;;;
Mamadou Thierno Barry;Union SG;2526;BEL-Belgian Pro League;SEN;DF;20;2005;2;1;67;0,7;0;0;0;0;0;0;0;0;0,0;0,0;0,0;0,0;0,0;SEN;DF;20;2005;0,7;0;1;0;0,0;1,34;0,0;0,0;;0;0;SEN;DF;20;2005;2;67;34;1,9;0,7;1;56;0;1;11;19;3,0;1;0;1;1,34;0,38;SEN;DF;20;2005;0,7;0;0;0;1;1;0;0;3;2;0;;;;;;;;;;;;;;;;;;;;;;;
Marc Giger;Union SG;2526;BEL-Belgian Pro League;SUI;MF,FW;21;2004;16;5;480;5,3;3;1;4;3;0;1;2;0;0,56;0,19;0,75;0,56;0,75;SUI;MF,FW;21;2004;5,3;3;15;8;53,3;2,81;1,5;0,2;0,38;0;1;SUI;MF,FW;21;2004;16;480;30;13,3;5,3;5;67;0;11;13;13;2,13;11;3;8;1,5;0,61;SUI;MF,FW;21;2004;5,3;2;0;0;16;4;1;6;2;7;0;;;;;;;;;;;;;;;;;;;;;;;
Massire Sylla;Union SG;2526;BEL-Belgian Pro League;SEN;DF;20;2005;3;1;92;1,0;0;0;0;0;0;0;1;0;0,0;0,0;0,0;0,0;0,0;SEN;DF;20;2005;1,0;0;0;0;;0,0;0,0;;;0;0;SEN;DF;20;2005;3;92;31;2,6;1,0;1;90;1;2;1;12;2,0;4;1;3;2,93;2,01;SEN;DF;20;2005;1,0;1;0;0;1;1;0;0;4;3;0;;;;;;;;;;;;;;;;;;;;;;;
Mateo Biondic;Union SG;2526;BEL-Belgian Pro League;CRO;FW,MF;22;2003;15;9;756;8,4;4;2;6;4;0;0;0;0;0,48;0,24;0,71;0,48;0,71;CRO;FW,MF;22;2003;8,4;4;27;15;55,6;3,21;1,79;0,15;0,27;0;0;CRO;FW,MF;22;2003;15;756;50;21,0;8,4;9;75;2;6;13;2;2,4;17;5;12;1,43;0,57;CRO;FW,MF;22;2003;8,4;0;0;0;19;6;2;7;2;1;0;;;;;;;;;;;;;;;;;;;;;;;
Mathias Rasmussen;Union SG;2526;BEL-Belgian Pro League;NOR;MF;27;1997;16;7;714;7,9;2;1;3;2;0;0;1;0;0,25;0,13;0,38;0,25;0,38;NOR;MF;27;1997;7,9;2;10;3;30,0;1,26;0,38;0,2;0,67;0;0;NOR;MF;27;1997;16;714;45;19,8;7,9;7;76;4;9;20;3;2,25;11;8;3;0,38;-0,74;NOR;MF;27;1997;7,9;1;0;0;7;10;0;28;16;14;0;;;;;;;;;;;;;;;;;;;;;;;
Mohammed Fuseini;Union SG;2526;BEL-Belgian Pro League;GHA;FW,MF;23;2002;21;4;594;6,6;1;0;1;1;0;0;0;0;0,15;0,0;0,15;0,15;0,15;GHA;FW,MF;23;2002;6,6;1;16;5;31,3;2,42;0,76;0,06;0,2;0;0;GHA;FW,MF;23;2002;21;594;28;16,5;6,6;4;78;0;17;17;2;2,24;8;8;0;0,0;-1,17;GHA;FW,MF;23;2002;6,6;0;0;0;6;9;9;6;0;2;0;;;;;;;;;;;;;;;;;;;;;;;
Noah Stassin;Union SG;2526;BEL-Belgian Pro League;;;;;;;;;;;;;;;;;;;;;;;;;;;;;;;;;;;;;BEL;DF;21;2004;0;;;;;0;;0;0;;1;;;;;;;;;;;;;;;;;;;;;;;;;;;;;;;;;;;;;;;;;;;;
Ousseynou Niang;Union SG;2526;BEL-Belgian Pro League;SEN;MF;23;2001;27;18;1609;17,9;2;3;5;2;0;0;5;0;0,11;0,17;0,28;0,11;0,28;SEN;MF;23;2001;17,9;2;22;6;27,3;1,23;0,34;0,09;0,33;0;0;SEN;MF;23;2001;27;1609;60;44,7;17,9;18;78;8;9;22;3;1,96;28;11;17;0,95;-0,04;SEN;MF;23;2001;17,9;5;0;0;16;40;8;61;7;20;0;;;;;;;;;;;;;;;;;;;;;;;
Promise David;Union SG;2526;BEL-Belgian Pro League;CAN;FW;24;2001;24;17;1489;16,5;9;1;10;9;0;1;1;0;0,54;0,06;0,6;0,54;0,6;CAN;FW;24;2001;16,5;9;70;26;37,1;4,23;1,57;0,13;0,35;0;1;CAN;FW;24;2001;24;1489;62;41,4;16,5;17;75;4;7;30;0;2,08;20;11;9;0,54;-0,74;CAN;FW;24;2001;16,5;1;0;0;29;18;24;3;3;2;0;;;;;;;;;;;;;;;;;;;;;;;
Raul Florucz;Union SG;2526;BEL-Belgian Pro League;AUT;FW,MF;24;2001;24;15;1207;13,4;7;3;10;5;2;2;1;0;0,52;0,22;0,75;0,37;0,6;AUT;FW,MF;24;2001;13,4;7;47;15;31,9;3,5;1,12;0,15;0,47;2;2;AUT;FW,MF;24;2001;24;1207;50;33,5;13,4;15;68;0;9;20;6;1,96;23;7;16;1,19;0,33;AUT;FW,MF;24;2001;13,4;1;0;0;14;12;6;24;5;11;0;;;;;;;;;;;;;;;;;;;;;;;
Rob Schoofs;Union SG;2526;BEL-Belgian Pro League;BEL;MF;31;1994;30;14;1474;16,4;2;6;8;2;0;0;3;0;0,12;0,37;0,49;0,12;0,49;BEL;MF;31;1994;16,4;2;29;5;17,2;1,77;0,31;0,07;0,4;0;0;BEL;MF;31;1994;30;1474;49;40,9;16,4;14;84;7;16;18;0;2,07;26;7;19;1,16;0,31;BEL;MF;31;1994;16,4;3;0;0;21;9;1;67;15;13;0;;;;;;;;;;;;;;;;;;;;;;;
Ross Sykes;Union SG;2526;BEL-Belgian Pro League;ENG;DF;26;1999;32;28;2625;29,2;5;0;5;5;0;0;9;0;0,17;0,0;0,17;0,17;0,17;ENG;DF;26;1999;29,2;5;56;23;41,1;1,92;0,79;0,09;0,22;0;0;ENG;DF;26;1999;32;2625;82;72,9;29,2;28;90;26;4;29;5;2,34;52;20;32;1,1;0,45;ENG;DF;26;1999;29,2;9;0;0;35;23;2;12;54;18;0;;;;;;;;;;;;;;;;;;;;;;;
Sekou Keita;Union SG;2526;BEL-Belgian Pro League;BEL;FW;19;2006;1;0;8;0,1;0;0;0;0;0;0;0;0;0,0;0,0;0,0;0,0;0,0;BEL;FW;19;2006;0,1;0;1;0;0,0;11,25;0,0;0,0;;0;0;BEL;FW;19;2006;1;8;8;0,2;0,1;0;;0;1;8;1;1,0;0;0;0;0,0;-0,98;BEL;FW;19;2006;0,1;0;0;0;0;0;1;0;0;0;0;;;;;;;;;;;;;;;;;;;;;;;
Sofiane Boufal;Union SG;2526;BEL-Belgian Pro League;MAR;FW,MF;31;1993;9;0;178;2,0;0;1;1;0;0;0;0;0;0,0;0,51;0,51;0,0;0,51;MAR;FW,MF;31;1993;2,0;0;8;2;25,0;4,04;1,01;0,0;0,0;0;0;MAR;FW,MF;31;1993;9;178;20;4,9;2,0;0;;0;9;20;6;2,11;6;3;3;1,52;0,57;MAR;FW,MF;31;1993;2,0;0;0;0;6;7;1;6;0;5;0;;;;;;;;;;;;;;;;;;;;;;;
Vic Chambaere;Union SG;2526;BEL-Belgian Pro League;BEL;GK;22;2003;9;8;765;8,5;0;0;0;0;0;0;1;0;0,0;0,0;0,0;0,0;0,0;BEL;GK;22;2003;8,5;0;0;0;;0,0;0,0;;;0;0;BEL;GK;22;2003;9;765;85;21,3;8,5;8;90;8;1;45;31;2,33;19;7;12;1,41;0,55;BEL;GK;22;2003;8,5;1;0;0;0;1;0;0;0;0;0;BEL;GK;22;2003;9;8;765;8,5;7;0,82;21;14;66,7;5;3;0;3;37,5;0;0;0;0;
Yari Stevens;Union SG;2526;BEL-Belgian Pro League;;;;;;;;;;;;;;;;;;;;;;;;;;;;;;;;;;;;;BEL;DF;21;2003;0;;;;;0;;0;0;;1;;;;;;;;;;;;;;;;;;;;;;;;;;;;;;;;;;;;;;;;;;;;
Afonso Patrão;Westerlo;2526;BEL-Belgian Pro League;POR;FW;18;2007;11;1;229;2,5;1;0;1;1;0;0;0;0;0,39;0,0;0,39;0,39;0,39;POR;FW;18;2007;2,5;1;8;4;50,0;3,14;1,57;0,13;0,25;0;0;POR;FW;18;2007;11;229;21;6,4;2,5;1;31;0;10;20;5;0,91;5;4;1;0,39;0,61;POR;FW;18;2007;2,5;0;0;0;3;2;1;3;1;0;0;;;;;;;;;;;;;;;;;;;;;;;
Allahyar Sayyadmanesh;Westerlo;2526;BEL-Belgian Pro League;IRN;MF;24;2001;30;27;2223;24,7;7;3;10;3;4;4;5;0;0,28;0,12;0,4;0,12;0,24;IRN;MF;24;2001;24,7;7;48;15;31,3;1,94;0,61;0,15;0,47;4;4;IRN;MF;24;2001;30;2223;74;61,8;24,7;27;81;12;3;11;1;1,2;29;35;-6;-0,24;-0,18;IRN;MF;24;2001;24,7;5;0;0;32;44;6;71;16;25;0;;;;;;;;;;;;;;;;;;;;;;;
Amando Lapage;Westerlo;2526;BEL-Belgian Pro League;BEL;DF;20;2004;16;14;1267;14,1;0;0;0;0;0;0;3;0;0,0;0,0;0,0;0,0;0,0;BEL;DF;20;2004;14,1;0;8;2;25,0;0,57;0,14;0,0;0,0;0;0;BEL;DF;20;2004;16;1267;79;35,2;14,1;14;87;13;2;26;21;1,44;17;19;-2;-0,14;0,05;BEL;DF;20;2004;14,1;3;0;0;9;3;0;7;22;10;0;;;;;;;;;;;;;;;;;;;;;;;
Andreas Jungdal;Westerlo;2526;BEL-Belgian Pro League;DEN;GK;23;2002;40;40;3600;40,0;0;0;0;0;0;0;3;0;0,0;0,0;0,0;0,0;0,0;DEN;GK;23;2002;40,0;0;0;0;;0,0;0,0;;;0;0;DEN;GK;23;2002;40;3600;90;100,0;40,0;40;90;40;0;;0;1,3;50;57;-7;-0,17;;DEN;GK;23;2002;40,0;3;0;0;0;10;0;0;1;0;0;DEN;GK;23;2002;40;40;3600;40,0;57;1,42;168;111;66,1;14;10;16;14;35,0;2;1;1;0;50,0
Antonio Cordero;Westerlo;2526;BEL-Belgian Pro League;ESP;MF;18;2006;7;0;92;1,0;0;0;0;0;0;0;0;0;0,0;0,0;0,0;0,0;0,0;ESP;MF;18;2006;1,0;0;4;1;25,0;3,91;0,98;0,0;0,0;0;0;ESP;MF;18;2006;7;92;13;2,6;1,0;0;;0;7;13;7;0,71;0;2;-2;-1,96;-1,83;ESP;MF;18;2006;1,0;0;0;0;0;1;0;7;1;2;0;;;;;;;;;;;;;;;;;;;;;;;
Arthur Piedfort;Westerlo;2526;BEL-Belgian Pro League;BEL;MF;20;2005;36;35;2978;33,1;3;2;5;3;0;0;5;0;0,09;0,06;0,15;0,09;0,15;BEL;MF;20;2005;33,1;3;23;7;30,4;0,7;0,21;0,13;0,43;0;0;BEL;MF;20;2005;36;2978;83;82,7;33,1;35;84;18;1;31;3;1,44;41;41;0;0,0;1,01;BEL;MF;20;2005;33,1;5;0;0;21;56;1;17;47;50;0;;;;;;;;;;;;;;;;;;;;;;;
Bryan Reynolds;Westerlo;2526;BEL-Belgian Pro League;USA;DF;24;2001;39;39;3493;38,8;2;3;5;2;0;0;8;0;0,05;0,08;0,13;0,05;0,13;USA;DF;24;2001;38,8;2;23;8;34,8;0,59;0,21;0,09;0,25;0;0;USA;DF;24;2001;39;3493;90;97,0;38,8;39;90;38;0;;0;1,26;49;56;-7;-0,18;-0,18;USA;DF;24;2001;38,8;8;0;0;37;23;3;72;32;35;0;;;;;;;;;;;;;;;;;;;;;;;
Clinton Nsiala;Westerlo;2526;BEL-Belgian Pro League;FRA;DF;21;2004;4;4;262;2,9;0;0;0;0;0;0;1;1;0,0;0,0;0,0;0,0;0,0;FRA;DF;21;2004;2,9;0;0;0;;0,0;0,0;;;0;0;FRA;DF;21;2004;4;262;66;7,3;2,9;4;66;1;0;;6;1,75;3;3;0;0,0;0,19;FRA;DF;21;2004;2,9;1;1;0;6;3;0;6;4;2;0;;;;;;;;;;;;;;;;;;;;;;;
Dago Ourega;Westerlo;2526;BEL-Belgian Pro League;FRA;DF;20;2004;8;3;414;4,6;1;1;2;1;0;0;2;1;0,22;0,22;0,43;0,22;0,43;FRA;DF;20;2004;4,6;1;3;1;33,3;0,65;0,22;0,33;1,0;0;0;FRA;DF;20;2004;8;414;52;11,5;4,6;3;85;2;5;32;0;1,75;6;7;-1;-0,22;-0,05;FRA;DF;20;2004;4,6;2;1;1;6;15;0;7;6;6;0;;;;;;;;;;;;;;;;;;;;;;;
Dire Mebude;Westerlo;2526;BEL-Belgian Pro League;SCO;MF;21;2004;13;1;389;4,3;2;0;2;2;0;0;0;0;0,46;0,0;0,46;0,46;0,46;SCO;MF;21;2004;4,3;2;14;4;28,6;3,24;0,93;0,14;0,5;0;0;SCO;MF;21;2004;13;389;30;10,8;4,3;1;90;1;12;25;3;1,23;5;8;-3;-0,69;-0,58;SCO;MF;21;2004;4,3;0;0;0;1;6;1;8;2;9;0;;;;;;;;;;;;;;;;;;;;;;;
Dogucan Haspolat;Westerlo;2526;BEL-Belgian Pro League;TUR;MF;25;2000;38;38;3393;37,7;1;4;5;1;0;1;7;0;0,03;0,11;0,13;0,03;0,13;TUR;MF;25;2000;37,7;1;46;10;21,7;1,22;0,27;0,02;0,1;0;1;TUR;MF;25;2000;38;3393;89;94,3;37,7;38;89;36;0;;0;1,21;44;57;-13;-0,34;-2,95;TUR;MF;25;2000;37,7;7;0;0;45;63;0;256;60;47;0;;;;;;;;;;;;;;;;;;;;;;;
Eliot Bujupi;Westerlo;2526;BEL-Belgian Pro League;KVX;FW;19;2006;5;0;13;0,1;0;0;0;0;0;0;1;0;0,0;0,0;0,0;0,0;0,0;KVX;FW;19;2006;0,1;0;2;1;50,0;13,85;6,92;0,0;0,0;0;0;KVX;FW;19;2006;5;13;3;0,4;0,1;0;;0;5;3;4;0,4;0;0;0;0,0;0,18;KVX;FW;19;2006;0,1;1;0;0;2;1;0;1;0;0;0;;;;;;;;;;;;;;;;;;;;;;;
Emin Bayram;Westerlo;2526;BEL-Belgian Pro League;TUR;DF;22;2003;38;38;3320;36,9;4;2;6;3;1;1;4;2;0,11;0,05;0,16;0,08;0,14;TUR;DF;22;2003;36,9;4;38;11;28,9;1,03;0,3;0,11;0,36;1;1;TUR;DF;22;2003;38;3320;87;92,2;36,9;38;87;36;0;;0;1,26;44;49;-5;-0,14;0,51;TUR;DF;22;2003;36,9;4;2;0;26;22;0;13;54;24;2;;;;;;;;;;;;;;;;;;;;;;;
Enis Destan;Westerlo;2526;BEL-Belgian Pro League;TUR;FW;23;2002;3;1;97;1,1;0;0;0;0;0;0;1;0;0,0;0,0;0,0;0,0;0,0;TUR;FW;23;2002;1,1;0;3;1;33,3;2,78;0,93;0,0;0,0;0;0;TUR;FW;23;2002;3;97;32;2,7;1,1;1;70;0;2;14;0;1,0;1;2;-1;-0,93;-0,77;TUR;FW;23;2002;1,1;1;0;0;4;2;0;0;0;0;0;;;;;;;;;;;;;;;;;;;;;;;
Fernand Gouré;Westerlo;2526;BEL-Belgian Pro League;CIV;FW;23;2002;13;1;173;1,9;0;0;0;0;0;0;1;0;0,0;0,0;0,0;0,0;0,0;CIV;FW;23;2002;1,9;0;3;1;33,3;1,56;0,52;0,0;0,0;0;0;CIV;FW;23;2002;13;173;13;4,8;1,9;1;66;0;12;9;6;1,69;2;1;1;0,52;0,73;CIV;FW;23;2002;1,9;1;0;0;6;3;0;0;0;1;0;;;;;;;;;;;;;;;;;;;;;;;
Griffin Yow;Westerlo;2526;BEL-Belgian Pro League;USA;MF;22;2002;16;8;657;7,3;3;0;3;2;1;1;0;0;0,41;0,0;0,41;0,27;0,27;USA;MF;22;2002;7,3;3;24;6;25,0;3,29;0,82;0,13;0,5;1;1;USA;MF;22;2002;16;657;41;18,3;7,3;8;62;0;8;21;1;1,06;11;13;-2;-0,27;-0,12;USA;MF;22;2002;7,3;0;0;0;5;10;1;23;2;12;0;;;;;;;;;;;;;;;;;;;;;;;
Isa Sakamoto;Westerlo;2526;BEL-Belgian Pro League;JPN;MF;21;2003;38;38;2999;33,3;6;4;10;6;0;1;1;0;0,18;0,12;0,3;0,18;0,3;JPN;MF;21;2003;33,3;6;66;21;31,8;1,98;0,63;0,09;0,29;0;1;JPN;MF;21;2003;38;2999;79;83,3;33,3;38;79;7;0;;0;1,29;39;46;-7;-0,21;-0,21;JPN;MF;21;2003;33,3;1;0;0;51;26;5;13;6;29;0;;;;;;;;;;;;;;;;;;;;;;;
Josimar Alcocer;Westerlo;2526;BEL-Belgian Pro League;CRC;MF;21;2004;35;33;2703;30,0;3;4;7;3;0;0;6;0;0,1;0,13;0,23;0,1;0,23;CRC;MF;21;2004;30,0;3;53;24;45,3;1,76;0,8;0,06;0,13;0;0;CRC;MF;21;2004;35;2703;77;75,1;30,0;33;80;11;2;39;0;1,31;35;43;-8;-0,27;-0,37;CRC;MF;21;2004;30,0;6;0;0;31;43;6;39;23;40;0;;;;;;;;;;;;;;;;;;;;;;;
Ján Bernát;Westerlo;2526;BEL-Belgian Pro League;;;;;;;;;;;;;;;;;;;;;;;;;;;;;;;;;;;;;SVK;MF;24;2001;0;;;;;0;;0;0;;1;;;;;;;;;;;;;;;;;;;;;;;;;;;;;;;;;;;;;;;;;;;;
Koen Van Langendonck;Westerlo;2526;BEL-Belgian Pro League;;;;;;;;;;;;;;;;;;;;;;;;;;;;;;;;;;;;;BEL;GK;36;1989;0;;;;;0;;0;0;;40;;;;;;;;;;;;;;;;;;;;;;;;;;;;;;;;;;;;;;;;;;;;
Kyan Vaesen;Westerlo;2526;BEL-Belgian Pro League;BEL;FW;24;2001;19;0;278;3,1;1;1;2;1;0;0;2;0;0,32;0,32;0,65;0,32;0,65;BEL;FW;24;2001;3,1;1;11;4;36,4;3,56;1,29;0,09;0,25;0;0;BEL;FW;24;2001;19;278;15;7,7;3,1;0;;0;19;15;4;1,05;4;9;-5;-1,62;-1,56;BEL;FW;24;2001;3,1;2;0;0;7;6;1;0;1;4;0;;;;;;;;;;;;;;;;;;;;;;;
Lucas Mbamba;Westerlo;2526;BEL-Belgian Pro League;BEL;DF;18;2006;14;9;765;8,5;0;0;0;0;0;0;2;0;0,0;0,0;0,0;0,0;0,0;BEL;DF;18;2006;8,5;0;8;2;25,0;0,94;0,24;0,0;0,0;0;0;BEL;DF;18;2006;14;765;55;21,3;8,5;9;69;3;5;29;14;0,93;12;14;-2;-0,24;-0,08;BEL;DF;18;2006;8,5;2;0;0;12;12;0;9;19;12;0;;;;;;;;;;;;;;;;;;;;;;;
Mathias Fixelles;Westerlo;2526;BEL-Belgian Pro League;BEL;MF;28;1996;4;0;29;0,3;0;0;0;0;0;0;0;0;0,0;0,0;0,0;0,0;0,0;BEL;MF;28;1996;0,3;0;0;0;;0,0;0,0;;;0;0;BEL;MF;28;1996;4;29;7;0,8;0,3;0;;0;4;7;10;2,0;1;2;-1;-3,1;-2,95;BEL;MF;28;1996;0,3;0;0;0;1;0;0;0;1;4;0;;;;;;;;;;;;;;;;;;;;;;;
Matija Frigan;Westerlo;2526;BEL-Belgian Pro League;CRO;FW;22;2003;3;2;175;1,9;1;0;1;1;0;0;0;0;0,51;0,0;0,51;0,51;0,51;CRO;FW;22;2003;1,9;1;2;2;100,0;1,03;1,03;0,5;0,5;0;0;CRO;FW;22;2003;3;175;58;4,9;1,9;2;78;1;1;19;0;1,0;4;7;-3;-1,54;-1,44;CRO;FW;22;2003;1,9;0;0;0;2;2;0;0;0;0;0;;;;;;;;;;;;;;;;;;;;;;;
Michée Ndembi;Westerlo;2526;BEL-Belgian Pro League;;;;;;;;;;;;;;;;;;;;;;;;;;;;;;;;;;;;;BEL;DF;18;2007;0;;;;;0;;0;0;;5;;;;;;;;;;;;;;;;;;;;;;;;;;;;;;;;;;;;;;;;;;;;
Nacho Ferri;Westerlo;2526;BEL-Belgian Pro League;ESP;FW;20;2004;36;34;2891;32,1;11;2;13;11;0;0;7;0;0,34;0,06;0,4;0,34;0,4;ESP;FW;20;2004;32,1;11;102;43;42,2;3,18;1,34;0,11;0,26;0;0;ESP;FW;20;2004;36;2891;80;80,3;32,1;34;84;9;2;25;1;1,36;39;37;2;0,06;1,2;ESP;FW;20;2004;32,1;7;0;0;72;70;12;14;6;16;0;;;;;;;;;;;;;;;;;;;;;;;
Naoufal Bohamdi-Kamoni;Westerlo;2526;BEL-Belgian Pro League;BEL;FW;17;2007;11;0;116;1,3;0;1;1;0;0;0;0;0;0,0;0,78;0,78;0,0;0,78;BEL;FW;17;2007;1,3;0;1;0;0,0;0,78;0,0;0,0;;0;0;BEL;FW;17;2007;11;116;11;3,2;1,3;0;;0;11;11;7;0,73;3;1;2;1,55;1,78;BEL;FW;17;2007;1,3;0;0;0;2;5;0;10;1;9;0;;;;;;;;;;;;;;;;;;;;;;;
Oskar Annell;Westerlo;2526;BEL-Belgian Pro League;;;;;;;;;;;;;;;;;;;;;;;;;;;;;;;;;;;;;BEL;GK;20;2005;0;;;;;0;;0;0;;1;;;;;;;;;;;;;;;;;;;;;;;;;;;;;;;;;;;;;;;;;;;;
Raf Smekens;Westerlo;2526;BEL-Belgian Pro League;BEL;MF;21;2004;2;0;46;0,5;0;0;0;0;0;0;0;0;0,0;0,0;0,0;0,0;0,0;BEL;MF;21;2004;0,5;0;2;0;0,0;3,91;0,0;0,0;;0;0;BEL;MF;21;2004;2;46;23;1,3;0,5;0;;0;2;23;17;1,5;0;0;0;0,0;0,18;BEL;MF;21;2004;0,5;0;0;0;0;0;0;1;1;1;0;;;;;;;;;;;;;;;;;;;;;;;
Reda Laalaoui;Westerlo;2526;BEL-Belgian Pro League;MAR;MF;20;2005;3;0;41;0,5;0;0;0;0;0;0;0;0;0,0;0,0;0,0;0,0;0,0;MAR;MF;20;2005;0,5;0;2;1;50,0;4,39;2,2;0,0;0,0;0;0;MAR;MF;20;2005;3;41;14;1,1;0,5;0;;0;3;14;0;1,0;1;0;1;2,2;2,4;MAR;MF;20;2005;0,5;0;0;0;0;0;0;0;0;3;0;;;;;;;;;;;;;;;;;;;;;;;
Roman Neustädter;Westerlo;2526;BEL-Belgian Pro League;RUS;DF;37;1988;18;17;1391;15,5;0;0;0;0;0;0;3;0;0,0;0,0;0,0;0,0;0,0;RUS;DF;37;1988;15,5;0;6;2;33,3;0,39;0,13;0,0;0,0;0;0;RUS;DF;37;1988;18;1391;77;38,6;15,5;17;81;12;1;18;16;1,56;20;23;-3;-0,19;-0,03;RUS;DF;37;1988;15,5;3;0;0;9;4;1;0;13;7;0;;;;;;;;;;;;;;;;;;;;;;;
Seiji Kimura;Westerlo;2526;BEL-Belgian Pro League;JPN;DF;23;2001;21;20;1838;20,4;1;0;1;1;0;0;1;0;0,05;0,0;0,05;0,05;0,05;JPN;DF;23;2001;20,4;1;16;2;12,5;0,78;0,1;0,06;0,5;0;0;JPN;DF;23;2001;21;1838;88;51,1;20,4;20;90;19;1;45;0;1,1;26;30;-4;-0,2;-0,04;JPN;DF;23;2001;20,4;1;0;0;10;10;0;1;17;16;0;;;;;;;;;;;;;;;;;;;;;;;
Serhiy Sydorchuk;Westerlo;2526;BEL-Belgian Pro League;UKR;MF;34;1991;16;3;345;3,8;0;0;0;0;0;0;0;0;0,0;0,0;0,0;0,0;0,0;UKR;MF;34;1991;3,8;0;1;0;0,0;0,26;0,0;0,0;;0;0;UKR;MF;34;1991;16;345;22;9,6;3,8;3;75;2;13;9;17;1,88;7;2;5;1,3;1,64;UKR;MF;34;1991;3,8;0;0;0;4;0;0;0;5;3;0;;;;;;;;;;;;;;;;;;;;;;;
Shunsuke Saito;Westerlo;2526;BEL-Belgian Pro League;JPN;MF,FW;20;2005;17;10;853;9,5;1;1;2;1;0;0;2;0;0,11;0,11;0,21;0,11;0,21;JPN;MF,FW;20;2005;9,5;1;18;2;11,1;1,9;0,21;0,06;0,5;0;0;JPN;MF,FW;20;2005;17;853;50;23,7;9,5;10;68;0;7;25;1;1,41;12;8;4;0,42;0,78;JPN;MF,FW;20;2005;9,5;2;0;0;9;10;0;28;5;6;0;;;;;;;;;;;;;;;;;;;;;;;
Thomas Van den Keybus;Westerlo;2526;BEL-Belgian Pro League;BEL;MF,FW;24;2001;32;10;1131;12,6;1;0;1;1;0;0;3;0;0,08;0,0;0,08;0,08;0,08;BEL;MF,FW;24;2001;12,6;1;30;8;26,7;2,39;0,64;0,03;0,13;0;0;BEL;MF,FW;24;2001;32;1131;35;31,4;12,6;10;74;2;22;18;8;1,5;15;21;-6;-0,48;-0,44;BEL;MF,FW;24;2001;12,6;3;0;0;20;17;0;17;5;14;0;;;;;;;;;;;;;;;;;;;;;;;
Tuur Rommens;Westerlo;2526;BEL-Belgian Pro League;BEL;DF;22;2003;15;14;1222;13,6;0;0;0;0;0;0;2;0;0,0;0,0;0,0;0,0;0,0;BEL;DF;22;2003;13,6;0;8;2;25,0;0,59;0,15;0,0;0,0;0;0;BEL;DF;22;2003;15;1222;81;33,9;13,6;14;84;13;1;45;0;1,4;22;24;-2;-0,15;0,04;BEL;DF;22;2003;13,6;2;0;0;15;12;2;31;20;22;0;;;;;;;;;;;;;;;;;;;;;;;
Abdoulaye Traoré;Zulte Waregem;2526;BEL-Belgian Pro League;CIV;MF,FW;22;2003;4;3;237;2,6;0;0;0;0;0;0;1;0;0,0;0,0;0,0;0,0;0,0;CIV;MF,FW;22;2003;2,6;0;10;3;30,0;3,8;1,14;0,0;0,0;0;0;CIV;MF,FW;22;2003;4;237;59;7,3;2,6;3;77;1;1;6;0;1,0;5;7;-2;-0,76;-0,82;CIV;MF,FW;22;2003;2,6;1;0;0;1;1;1;7;5;3;0;;;;;;;;;;;;;;;;;;;;;;;
Andres Labie;Zulte Waregem;2526;BEL-Belgian Pro League;;;;;;;;;;;;;;;;;;;;;;;;;;;;;;;;;;;;;BEL;DF;21;2004;0;;;;;0;;0;0;;2;;;;;;;;;;;;;;;;;;;;;;;;;;;;;;;;;;;;;;;;;;;;
Anosike Ementa;Zulte Waregem;2526;BEL-Belgian Pro League;DEN;FW;23;2002;32;29;2615;29,1;4;8;12;4;0;0;5;0;0,14;0,28;0,41;0,14;0,41;DEN;FW;23;2002;29,1;4;39;18;46,2;1,34;0,62;0,1;0,22;0;0;DEN;FW;23;2002;32;2615;82;80,7;29,1;29;88;25;3;20;2;1,38;42;40;2;0,07;0,36;DEN;FW;23;2002;29,1;5;0;0;50;85;9;1;5;17;0;;;;;;;;;;;;;;;;;;;;;;;
Anton Tanghe;Zulte Waregem;2526;BEL-Belgian Pro League;BEL;DF;26;1999;21;20;1659;18,4;3;0;3;0;3;3;2;0;0,16;0,0;0,16;0,0;0,0;BEL;DF;26;1999;18,4;3;5;3;60,0;0,27;0,16;0,6;1,0;3;3;BEL;DF;26;1999;21;1659;79;51,2;18,4;20;83;14;1;1;8;1,24;24;26;-2;-0,11;-0,22;BEL;DF;26;1999;18,4;2;0;0;14;7;0;1;10;11;1;;;;;;;;;;;;;;;;;;;;;;;
Benoit De Jaegere;Zulte Waregem;2526;BEL-Belgian Pro League;BEL;DF;21;2004;17;10;931;10,3;0;0;0;0;0;0;1;0;0,0;0,0;0,0;0,0;0,0;BEL;DF;21;2004;10,3;0;2;0;0,0;0,19;0,0;0,0;;0;0;BEL;DF;21;2004;17;931;55;28,7;10,3;10;79;6;7;21;5;1,29;19;18;1;0,1;0,14;BEL;DF;21;2004;10,3;1;0;0;8;6;0;6;7;16;0;;;;;;;;;;;;;;;;;;;;;;;
Benoit Nyssen;Zulte Waregem;2526;BEL-Belgian Pro League;BEL;MF,DF;27;1997;28;20;1738;19,3;2;2;4;2;0;0;3;0;0,1;0,1;0,21;0,1;0,21;BEL;MF,DF;27;1997;19,3;2;16;5;31,3;0,83;0,26;0,13;0,4;0;0;BEL;MF,DF;27;1997;28;1738;62;53,6;19,3;20;80;8;8;18;3;1,29;25;28;-3;-0,16;-0,34;BEL;MF,DF;27;1997;19,3;3;0;0;22;9;5;61;20;20;0;;;;;;;;;;;;;;;;;;;;;;;
Brent Gabriël;Zulte Waregem;2526;BEL-Belgian Pro League;BEL;GK;26;1999;36;36;3240;36,0;0;1;1;0;0;0;1;0;0,0;0,03;0,03;0,0;0,03;BEL;GK;26;1999;36,0;0;0;0;;0,0;0,0;;;0;0;BEL;GK;26;1999;36;3240;90;100,0;36,0;36;90;36;0;;0;1,33;53;53;0;0,0;;BEL;GK;26;1999;36,0;1;0;0;0;4;0;0;1;0;0;BEL;GK;26;1999;36;36;3240;36,0;53;1,47;162;108;67,3;13;9;14;8;22,2;7;6;1;0;14,3
Dirk Asare;Zulte Waregem;2526;BEL-Belgian Pro League;BEL;MF;21;2004;11;9;818;9,1;0;0;0;0;0;0;1;0;0,0;0,0;0,0;0,0;0,0;BEL;MF;21;2004;9,1;0;9;5;55,6;0,99;0,55;0,0;0,0;0;0;BEL;MF;21;2004;11;818;74;25,2;9,1;9;86;7;2;22;1;1,45;13;14;-1;-0,11;-0,15;BEL;MF;21;2004;9,1;1;0;0;15;10;0;4;13;15;0;;;;;;;;;;;;;;;;;;;;;;;
Emran Soglo;Zulte Waregem;2526;BEL-Belgian Pro League;FRA;MF;20;2005;18;11;1038;11,5;0;3;3;0;0;0;2;0;0,0;0,26;0,26;0,0;0,26;FRA;MF;20;2005;11,5;0;16;2;12,5;1,39;0,17;0,0;0,0;0;0;FRA;MF;20;2005;18;1038;58;32,0;11,5;11;79;5;7;24;3;0,94;13;18;-5;-0,43;-0,64;FRA;MF;20;2005;11,5;2;0;0;16;13;1;43;15;18;0;;;;;;;;;;;;;;;;;;;;;;;
Enrique Lofolomo;Zulte Waregem;2526;BEL-Belgian Pro League;GER;MF,DF;25;2000;22;14;1313;14,6;0;2;2;0;0;1;7;0;0,0;0,14;0,14;0,0;0,14;GER;MF,DF;25;2000;14,6;0;9;3;33,3;0,62;0,21;0,0;0,0;0;1;GER;MF,DF;25;2000;22;1313;60;40,5;14,6;14;85;11;8;16;13;1,68;24;22;2;0,14;0,23;GER;MF,DF;25;2000;14,6;7;0;0;28;29;1;2;15;15;0;;;;;;;;;;;;;;;;;;;;;;;
Jakob Kiilerich;Zulte Waregem;2526;BEL-Belgian Pro League;DEN;DF;25;2000;29;25;2291;25,5;0;0;0;0;0;0;3;1;0,0;0,0;0,0;0,0;0,0;DEN;DF;25;2000;25,5;0;8;3;37,5;0,31;0,12;0,0;0,0;0;0;DEN;DF;25;2000;29;2291;79;70,7;25,5;25;87;22;4;27;2;1,45;39;36;3;0,12;0,4;DEN;DF;25;2000;25,5;3;1;0;29;18;2;0;34;19;0;;;;;;;;;;;;;;;;;;;;;;;
Jelle Vossen;Zulte Waregem;2526;BEL-Belgian Pro League;BEL;FW,MF;36;1989;17;4;457;5,1;2;0;2;1;1;1;0;0;0,39;0,0;0,39;0,2;0,2;BEL;FW,MF;36;1989;5,1;2;19;7;36,8;3,74;1,38;0,11;0,29;1;1;BEL;FW,MF;36;1989;17;457;27;14,1;5,1;4;77;2;13;12;18;1,0;9;8;1;0,2;0,23;BEL;FW,MF;36;1989;5,1;0;0;0;8;5;3;2;2;3;0;;;;;;;;;;;;;;;;;;;;;;;
Jeppe Erenbjerg;Zulte Waregem;2526;BEL-Belgian Pro League;DEN;MF,FW;25;2000;34;31;2676;29,7;14;3;17;13;1;2;2;0;0,47;0,1;0,57;0,44;0,54;DEN;MF,FW;25;2000;29,7;14;86;33;38,4;2,89;1,11;0,16;0,42;1;2;DEN;MF,FW;25;2000;34;2676;79;82,6;29,7;31;85;18;3;10;0;1,32;41;40;1;0,03;0,19;DEN;MF,FW;25;2000;29,7;2;0;0;12;18;2;63;16;11;0;;;;;;;;;;;;;;;;;;;;;;;
Joseph Opoku;Zulte Waregem;2526;BEL-Belgian Pro League;GHA;MF,FW;19;2005;33;30;2443;27,1;10;7;17;10;0;0;2;0;0,37;0,26;0,63;0,37;0,63;GHA;MF,FW;19;2005;27,1;10;69;24;34,8;2,54;0,88;0,14;0,42;0;0;GHA;MF,FW;19;2005;33;2443;74;75,4;27,1;30;79;11;3;27;0;1,36;37;37;0;0,0;0,0;GHA;MF,FW;19;2005;27,1;2;0;0;40;28;9;27;12;9;0;;;;;;;;;;;;;;;;;;;;;;;
Kadir Seven;Zulte Waregem;2526;BEL-Belgian Pro League;;;;;;;;;;;;;;;;;;;;;;;;;;;;;;;;;;;;;;DF;22;2003;0;;;;;0;;0;0;;1;;;;;;;;;;;;;;;;;;;;;;;;;;;;;;;;;;;;;;;;;;;;
Kewan Vemba;Zulte Waregem;2526;BEL-Belgian Pro League;;;;;;;;;;;;;;;;;;;;;;;;;;;;;;;;;;;;;BEL;MF;20;2005;0;;;;;0;;0;0;;4;;;;;;;;;;;;;;;;;;;;;;;;;;;;;;;;;;;;;;;;;;;;
Laurent Lemoine;Zulte Waregem;2526;BEL-Belgian Pro League;BEL;DF;27;1998;22;19;1671;18,6;1;0;1;1;0;0;3;0;0,05;0,0;0,05;0,05;0,05;BEL;DF;27;1998;18,6;1;3;1;33,3;0,16;0,05;0,33;1,0;0;0;BEL;DF;27;1998;22;1671;76;51,6;18,6;19;84;16;3;27;0;1,32;28;25;3;0,16;0,33;BEL;DF;27;1998;18,6;3;0;0;19;16;0;4;20;22;0;;;;;;;;;;;;;;;;;;;;;;;
Louis Bostyn;Zulte Waregem;2526;BEL-Belgian Pro League;;;;;;;;;;;;;;;;;;;;;;;;;;;;;;;;;;;;;BEL;GK;31;1993;0;;;;;0;;0;0;;36;;;;;;;;;;;;;;;;;;;;;;;;;;;;;;;;;;;;;;;;;;;;
Lukas Willen;Zulte Waregem;2526;BEL-Belgian Pro League;BEL;DF;22;2003;20;16;1440;16,0;0;1;1;0;0;0;3;0;0,0;0,06;0,06;0,0;0,06;BEL;DF;22;2003;16,0;0;4;0;0,0;0,25;0,0;0,0;;0;0;BEL;DF;22;2003;20;1440;72;44,4;16,0;16;87;13;4;10;9;1,7;23;24;-1;-0,06;-0,11;BEL;DF;22;2003;16,0;3;0;0;11;7;0;7;25;18;0;;;;;;;;;;;;;;;;;;;;;;;
Malick Mbaye;Zulte Waregem;2526;BEL-Belgian Pro League;SEN;FW;21;2004;6;0;66;0,7;1;0;1;1;0;0;0;0;1,36;0,0;1,36;1,36;1,36;SEN;FW;21;2004;0,7;1;3;2;66,7;4,09;2,73;0,33;0,5;0;0;SEN;FW;21;2004;6;66;11;2,0;0,7;0;;0;6;11;1;1,17;2;1;1;1,36;1,39;SEN;FW;21;2004;0,7;0;0;0;1;2;0;3;2;1;0;;;;;;;;;;;;;;;;;;;;;;;
Marley Aké;Zulte Waregem;2526;BEL-Belgian Pro League;FRA;MF,FW;24;2001;30;16;1749;19,4;8;0;8;8;0;0;1;0;0,41;0,0;0,41;0,41;0,41;FRA;MF,FW;24;2001;19,4;8;48;17;35,4;2,47;0,87;0,17;0,47;0;0;FRA;MF,FW;24;2001;30;1749;58;54,0;19,4;16;85;8;14;28;0;1,47;33;27;6;0,31;0,67;FRA;MF,FW;24;2001;19,4;1;0;0;11;36;4;54;9;14;0;;;;;;;;;;;;;;;;;;;;;;;
Nikola Mituljikić;Zulte Waregem;2526;BEL-Belgian Pro League;SRB;MF;22;2003;2;0;45;0,5;0;0;0;0;0;0;0;0;0,0;0,0;0,0;0,0;0,0;SRB;MF;22;2003;0,5;0;0;0;;0,0;0,0;;;0;0;SRB;MF;22;2003;2;45;23;1,4;0,5;0;;0;2;23;7;0,0;0;1;-1;-2,0;-2,03;SRB;MF;22;2003;0,5;0;0;0;1;0;0;1;0;0;0;;;;;;;;;;;;;;;;;;;;;;;
Serxho Ujka;Zulte Waregem;2526;BEL-Belgian Pro League;ALB;MF,FW;26;1998;15;6;605;6,7;1;2;3;1;0;0;0;0;0,15;0,3;0,45;0,15;0,45;ALB;MF,FW;26;1998;6,7;1;11;2;18,2;1,64;0,3;0,09;0,5;0;0;ALB;MF,FW;26;1998;15;605;40;18,7;6,7;6;81;2;9;13;12;1,53;11;12;-1;-0,15;-0,18;ALB;MF,FW;26;1998;6,7;0;0;0;12;12;0;8;6;7;0;;;;;;;;;;;;;;;;;;;;;;;
Siebe Van Keymolen;Zulte Waregem;2526;BEL-Belgian Pro League;;;;;;;;;;;;;;;;;;;;;;;;;;;;;;;;;;;;;BEL;FW;20;2005;0;;;;;0;;0;0;;5;;;;;;;;;;;;;;;;;;;;;;;;;;;;;;;;;;;;;;;;;;;;
Stavros Gavriel;Zulte Waregem;2526;BEL-Belgian Pro League;CYP;MF;23;2002;22;7;633;7,0;1;1;2;1;0;0;0;0;0,14;0,14;0,28;0,14;0,28;CYP;MF;23;2002;7,0;1;26;7;26,9;3,7;1,0;0,04;0,14;0;0;CYP;MF;23;2002;22;633;29;19,5;7,0;7;59;0;15;15;14;1,23;13;10;3;0,43;0,53;CYP;MF;23;2002;7,0;0;0;0;7;9;3;52;2;6;0;;;;;;;;;;;;;;;;;;;;;;;
Thibaud Sergeant;Zulte Waregem;2526;BEL-Belgian Pro League;;;;;;;;;;;;;;;;;;;;;;;;;;;;;;;;;;;;;BEL;MF;19;2005;0;;;;;0;;0;0;;3;;;;;;;;;;;;;;;;;;;;;;;;;;;;;;;;;;;;;;;;;;;;
Thomas Claes;Zulte Waregem;2526;BEL-Belgian Pro League;BEL;MF;21;2004;34;32;2775;30,8;2;1;3;2;0;0;3;0;0,06;0,03;0,1;0,06;0,1;BEL;MF;21;2004;30,8;2;50;16;32,0;1,62;0,52;0,04;0,13;0;0;BEL;MF;21;2004;34;2775;82;85,6;30,8;32;86;20;2;17;0;1,29;43;47;-4;-0,13;-0,9;BEL;MF;21;2004;30,8;3;0;0;33;27;1;93;14;35;0;;;;;;;;;;;;;;;;;;;;;;;
Tobias Hedl;Zulte Waregem;2526;BEL-Belgian Pro League;AUT;FW,MF;22;2003;11;4;334;3,7;1;0;1;1;0;0;0;1;0,27;0,0;0,27;0,27;0,27;AUT;FW,MF;22;2003;3,7;1;5;3;60,0;1,35;0,81;0,2;0,33;0;0;AUT;FW,MF;22;2003;11;334;30;10,3;3,7;4;68;0;7;9;20;1,18;8;5;3;0,81;0,9;AUT;FW,MF;22;2003;3,7;0;1;0;3;8;4;2;1;2;0;;;;;;;;;;;;;;;;;;;;;;;
Tochukwu Nnadi;Zulte Waregem;2526;BEL-Belgian Pro League;NGA;MF;22;2003;18;17;1415;15,7;0;1;1;0;0;0;7;1;0,0;0,06;0,06;0,0;0,06;NGA;MF;22;2003;15,7;0;2;0;0,0;0,13;0,0;0,0;;0;0;NGA;MF;22;2003;18;1415;79;43,7;15,7;17;82;12;1;27;0;1,06;21;26;-5;-0,32;-0,56;NGA;MF;22;2003;15,7;7;1;0;31;20;0;6;21;23;0;;;;;;;;;;;;;;;;;;;;;;;
Tuur Dierickx;Zulte Waregem;2526;BEL-Belgian Pro League;;;;;;;;;;;;;;;;;;;;;;;;;;;;;;;;;;;;;BEL;MF;17;2007;0;;;;;0;;0;0;;3;;;;;;;;;;;;;;;;;;;;;;;;;;;;;;;;;;;;;;;;;;;;
Wilguens Paugain;Zulte Waregem;2526;BEL-Belgian Pro League;HAI;MF,DF;23;2001;24;15;1279;14,2;1;0;1;1;0;0;1;0;0,07;0,0;0,07;0,07;0,07;HAI;MF,DF;23;2001;14,2;1;6;1;16,7;0,42;0,07;0,17;1,0;0;0;HAI;MF,DF;23;2001;24;1279;53;39,5;14,2;15;75;4;9;17;6;1,54;22;21;1;0,07;0,12;HAI;MF,DF;23;2001;14,2;1;0;0;12;26;3;20;30;25;0;;;;;;;;;;;;;;;;;;;;;;;
Yannick Cappelle;Zulte Waregem;2526;BEL-Belgian Pro League;BEL;DF,MF;22;2003;30;22;2016;22,4;1;1;2;1;0;0;2;0;0,04;0,04;0,09;0,04;0,09;BEL;DF,MF;22;2003;22,4;1;8;1;12,5;0,36;0,04;0,13;1,0;0;0;BEL;DF,MF;22;2003;30;2016;67;62,2;22,4;22;83;13;8;25;6;1,5;34;32;2;0,09;0,24;BEL;DF,MF;22;2003;22,4;2;0;0;10;25;1;90;15;35;0;;;;;;;;;;;;;;;;;;;;;;;
