player;team;season;league;fbref_standard_nation;fbref_standard_pos;fbref_standard_age;fbref_standard_born;fbref_standard_playing_time_mp;fbref_standard_playing_time_starts;fbref_standard_playing_time_min;fbref_standard_playing_time_90s;fbref_standard_performance_gls;fbref_standard_performance_ast;fbref_standard_performance_g_plus_a;fbref_standard_performance_g_pk;fbref_standard_performance_pk;fbref_standard_performance_pkatt;fbref_standard_performance_crdy;fbref_standard_performance_crdr;fbref_standard_per_90_minutes_gls;fbref_standard_per_90_minutes_ast;fbref_standard_per_90_minutes_g_plus_a;fbref_standard_per_90_minutes_g_pk;fbref_standard_per_90_minutes_g_plus_a_pk;fbref_shooting_nation;fbref_shooting_pos;fbref_shooting_age;fbref_shooting_born;fbref_shooting_90s;fbref_shooting_standard_gls;fbref_shooting_standard_sh;fbref_shooting_standard_sot;fbref_shooting_standard_sotpct;fbref_shooting_standard_sh_per_90;fbref_shooting_standard_sot_per_90;fbref_shooting_standard_g_per_sh;fbref_shooting_standard_g_per_sot;fbref_shooting_standard_pk;fbref_shooting_standard_pkatt;fbref_playing_time_nation;fbref_playing_time_pos;fbref_playing_time_age;fbref_playing_time_born;fbref_playing_time_playing_time_mp;fbref_playing_time_playing_time_min;fbref_playing_time_playing_time_mn_per_mp;fbref_playing_time_playing_time_minpct;fbref_playing_time_playing_time_90s;fbref_playing_time_starts_starts;fbref_playing_time_starts_mn_per_start;fbref_playing_time_starts_compl;fbref_playing_time_subs_subs;fbref_playing_time_subs_mn_per_sub;fbref_playing_time_subs_unsub;fbref_playing_time_team_success_ppm;fbref_playing_time_team_success_ong;fbref_playing_time_team_success_onga;fbref_playing_time_team_success_plus_minus;fbref_playing_time_team_success_plus_minus90;fbref_playing_time_team_success_on_off;fbref_misc_nation;fbref_misc_pos;fbref_misc_age;fbref_misc_born;fbref_misc_90s;fbref_misc_performance_crdy;fbref_misc_performance_crdr;fbref_misc_performance_2crdy;fbref_misc_performance_fls;fbref_misc_performance_fld;fbref_misc_performance_off;fbref_misc_performance_crs;fbref_misc_performance_int;fbref_misc_performance_tklw;fbref_misc_performance_og;fbref_keeper_nation;fbref_keeper_pos;fbref_keeper_age;fbref_keeper_born;fbref_keeper_playing_time_mp;fbref_keeper_playing_time_starts;fbref_keeper_playing_time_min;fbref_keeper_playing_time_90s;fbref_keeper_performance_ga;fbref_keeper_performance_ga90;fbref_keeper_performance_sota;fbref_keeper_performance_saves;fbref_keeper_performance_savepct;fbref_keeper_performance_w;fbref_keeper_performance_d;fbref_keeper_performance_l;fbref_keeper_performance_cs;fbref_keeper_performance_cspct;fbref_keeper_penalty_kicks_pkatt;fbref_keeper_penalty_kicks_pka;fbref_keeper_penalty_kicks_pksv;fbref_keeper_penalty_kicks_pkm;fbref_keeper_penalty_kicks_savepct
Abou Lô;Amiens;2526;FRA-Ligue 2;SEN;DF;25;2000;25;20;1801;20,0;1;0;1;1;0;0;5;0;0,05;0,0;0,05;0,05;0,05;SEN;DF;25;2000;20,0;1;6;2;33,3;0,3;0,1;0,17;0,5;0;0;SEN;DF;25;2000;25;1801;72;58,9;20,0;20;88;17;5;8;2;0,76;26;41;-15;-0,75;0,18;SEN;DF;25;2000;20,0;5;0;0;17;6;1;0;14;24;0;;;;;;;;;;;;;;;;;;;;;;;
Alexis Sauvage;Amiens;2526;FRA-Ligue 2;FRA;GK;33;1991;6;6;540;6,0;0;0;0;0;0;0;0;0;0,0;0,0;0,0;0,0;0,0;FRA;GK;33;1991;6,0;0;0;0;;0,0;0,0;;;0;0;FRA;GK;33;1991;6;540;90;17,6;6,0;6;90;6;0;;28;0,17;4;15;-11;-1,83;-1,23;FRA;GK;33;1991;6,0;0;0;0;0;0;0;0;0;0;0;FRA;GK;33;1991;6;6;540;6,0;15;2,5;44;29;65,9;0;1;5;0;0,0;1;1;0;0;0,0
Alfoussen Dramé;Amiens;2526;FRA-Ligue 2;;;;;;;;;;;;;;;;;;;;;;;;;;;;;;;;;;;;;FRA;DF;19;2006;0;;;;;0;;0;0;;2;;;;;;;;;;;;;;;;;;;;;;;;;;;;;;;;;;;;;;;;;;;;
Aly Traore;Amiens;2526;FRA-Ligue 2;FRA;FW;16;2009;5;0;68;0,8;0;0;0;0;0;0;0;0;0,0;0,0;0,0;0,0;0,0;FRA;FW;16;2009;0,8;0;1;0;0,0;1,32;0,0;0,0;;0;0;FRA;FW;16;2009;5;68;14;2,2;0,8;0;;0;5;14;2;0,2;0;4;-4;-5,29;-4,57;FRA;FW;16;2009;0,8;0;0;0;0;2;1;1;1;0;0;;;;;;;;;;;;;;;;;;;;;;;
Amine Chabane;Amiens;2526;FRA-Ligue 2;FRA;DF;18;2006;25;24;2089;23,2;0;0;0;0;0;0;8;0;0,0;0,0;0,0;0,0;0,0;FRA;DF;18;2006;23,2;0;1;0;0,0;0,04;0,0;0,0;;0;0;FRA;DF;18;2006;25;2089;84;68,3;23,2;24;85;17;1;45;3;0,76;25;39;-14;-0,6;0,69;FRA;DF;18;2006;23,2;8;0;0;34;35;0;20;40;42;0;;;;;;;;;;;;;;;;;;;;;;;
Ange Chibozo;Amiens;2526;FRA-Ligue 2;BEN;FW;22;2003;6;1;132;1,5;2;0;2;2;0;0;0;0;1,36;0,0;1,36;1,36;1,36;BEN;FW;22;2003;1,5;2;3;2;66,7;2,05;1,36;0,67;1,0;0;0;BEN;FW;22;2003;6;132;22;4,3;1,5;1;71;0;5;12;5;0,33;2;1;1;0,68;1,57;BEN;FW;22;2003;1,5;0;0;0;0;1;2;0;2;0;0;;;;;;;;;;;;;;;;;;;;;;;
Antoine Léautey;Amiens;2526;FRA-Ligue 2;FRA;MF,DF;29;1996;20;18;1574;17,5;2;2;4;2;0;0;1;0;0,11;0,11;0,23;0,11;0,23;FRA;MF,DF;29;1996;17,5;2;26;11;42,3;1,49;0,63;0,08;0,18;0;0;FRA;MF,DF;29;1996;20;1574;79;51,4;17,5;18;84;12;2;33;0;0,6;20;40;-20;-1,14;-0,66;FRA;MF,DF;29;1996;17,5;1;0;0;15;20;12;75;6;8;0;;;;;;;;;;;;;;;;;;;;;;;
Arvin Appiah;Amiens;2526;FRA-Ligue 2;ENG;DF;24;2001;14;11;995;11,1;0;0;0;0;0;0;0;0;0,0;0,0;0,0;0,0;0,0;ENG;DF;24;2001;11,1;0;5;1;20,0;0,45;0,09;0,0;0,0;0;0;ENG;DF;24;2001;14;995;71;32,5;11,1;11;88;5;3;9;0;1,07;14;20;-6;-0,54;0,42;ENG;DF;24;2001;11,1;0;0;0;12;14;1;29;8;9;0;;;;;;;;;;;;;;;;;;;;;;;
Carraro Injai;Amiens;2526;FRA-Ligue 2;FRA;MF;19;2006;4;0;40;0,4;0;0;0;0;0;0;0;0;0,0;0,0;0,0;0,0;0,0;FRA;MF;19;2006;0,4;0;0;0;;0,0;0,0;;;0;0;FRA;MF;19;2006;4;40;10;1,3;0,4;0;;0;4;10;3;0,5;1;3;-2;-4,5;-3,73;FRA;MF;19;2006;0,4;0;0;0;3;0;0;0;1;0;0;;;;;;;;;;;;;;;;;;;;;;;
Coleen Louis;Amiens;2526;FRA-Ligue 2;FRA;DF,MF;20;2005;25;14;1343;14,9;0;2;2;0;0;0;2;0;0,0;0,13;0,13;0,0;0,13;FRA;DF,MF;20;2005;14,9;0;10;1;10,0;0,67;0,07;0,0;0,0;0;0;FRA;DF,MF;20;2005;25;1343;54;43,9;14,9;14;85;9;11;14;4;0,72;11;24;-13;-0,87;-0,08;FRA;DF,MF;20;2005;14,9;2;0;0;28;25;1;37;26;24;0;;;;;;;;;;;;;;;;;;;;;;;
Enzo Somon;Amiens;2526;FRA-Ligue 2;FRA;FW;17;2008;3;1;103;1,1;0;0;0;0;0;0;0;0;0,0;0,0;0,0;0,0;0,0;FRA;FW;17;2008;1,1;0;1;0;0,0;0,87;0,0;0,0;;0;0;FRA;FW;17;2008;3;103;34;3,4;1,1;1;56;0;2;24;1;0,0;1;4;-3;-2,62;-1,86;FRA;FW;17;2008;1,1;0;0;0;1;1;0;3;1;1;0;;;;;;;;;;;;;;;;;;;;;;;
Ibou Sané;Amiens;2526;FRA-Ligue 2;SEN;FW,MF;20;2005;9;6;467;5,2;2;0;2;2;0;0;0;0;0,39;0,0;0,39;0,39;0,39;SEN;FW,MF;20;2005;5,2;2;11;5;45,5;2,12;0,96;0,18;0,4;0;0;SEN;FW,MF;20;2005;9;467;52;15,3;5,2;6;62;1;3;31;0;0,44;10;13;-3;-0,58;0,29;SEN;FW,MF;20;2005;5,2;0;0;0;6;12;2;5;1;3;0;;;;;;;;;;;;;;;;;;;;;;;
Ibrahim Fofana;Amiens;2526;FRA-Ligue 2;CIV;MF;21;2003;28;28;2402;26,7;0;1;1;0;0;0;8;2;0,0;0,04;0,04;0,0;0,04;CIV;MF;21;2003;26,7;0;24;4;16,7;0,9;0,15;0,0;0,0;0;0;CIV;MF;21;2003;28;2402;86;78,5;26,7;28;86;23;0;;0;0,61;30;52;-22;-0,82;0,0;CIV;MF;21;2003;26,7;8;2;1;42;32;0;4;34;59;0;;;;;;;;;;;;;;;;;;;;;;;
Ilan Daf;Amiens;2526;FRA-Ligue 2;FRA;DF;18;2007;2;0;10;0,1;0;0;0;0;0;0;0;0;0,0;0,0;0,0;0,0;0,0;FRA;DF;18;2007;0,1;0;0;0;;0,0;0,0;;;0;0;FRA;DF;18;2007;2;10;5;0,3;0,1;0;;0;2;5;4;0,0;1;0;1;9,0;9,86;FRA;DF;18;2007;0,1;0;0;0;0;0;0;0;0;1;0;;;;;;;;;;;;;;;;;;;;;;;
Ilies Abdelkrim;Amiens;2526;FRA-Ligue 2;FRA;MF;18;2006;1;1;74;0,8;0;0;0;0;0;0;0;0;0,0;0,0;0,0;0,0;0,0;FRA;MF;18;2006;0,8;0;0;0;;0,0;0,0;;;0;0;FRA;MF;18;2006;1;74;74;2,4;0,8;1;74;0;0;;1;0,0;0;1;-1;-1,22;-0,4;FRA;MF;18;2006;0,8;0;0;0;0;0;0;1;1;1;0;;;;;;;;;;;;;;;;;;;;;;;
Ilyes Hamache;Amiens;2526;FRA-Ligue 2;FRA;MF,FW;22;2003;28;14;1235;13,7;3;1;4;3;0;0;1;0;0,22;0,07;0,29;0,22;0,29;FRA;MF,FW;22;2003;13,7;3;18;9;50,0;1,31;0,66;0,17;0,33;0;0;FRA;MF,FW;22;2003;28;1235;44;40,4;13,7;14;71;3;14;17;0;0,68;12;30;-18;-1,31;-0,82;FRA;MF,FW;22;2003;13,7;1;0;0;6;7;3;16;12;17;0;;;;;;;;;;;;;;;;;;;;;;;
Jan Mlakar;Amiens;2526;FRA-Ligue 2;SVN;FW,MF;26;1998;14;6;543;6,0;1;0;1;1;0;0;2;0;0,17;0,0;0,17;0,17;0,17;SVN;FW,MF;26;1998;6,0;1;9;2;22,2;1,49;0,33;0,11;0,5;0;0;SVN;FW,MF;26;1998;14;543;39;17,7;6,0;6;74;2;8;13;0;0,79;7;11;-4;-0,66;0,2;SVN;FW,MF;26;1998;6,0;2;0;0;4;7;2;1;1;7;0;;;;;;;;;;;;;;;;;;;;;;;
Joseph Nduquidi;Amiens;2526;FRA-Ligue 2;FRA;MF,DF;20;2004;22;9;1005;11,2;0;0;0;0;0;0;1;0;0,0;0,0;0,0;0,0;0,0;FRA;MF,DF;20;2004;11,2;0;4;0;0,0;0,36;0,0;0,0;;0;0;FRA;MF,DF;20;2004;22;1005;46;32,8;11,2;9;87;5;13;17;2;0,86;10;16;-6;-0,54;0,43;FRA;MF,DF;20;2004;11,2;1;0;0;17;28;2;5;17;9;0;;;;;;;;;;;;;;;;;;;;;;;
Jérôme Roussillon;Amiens;2526;FRA-Ligue 2;GLP;DF;32;1993;7;5;397;4,4;0;1;1;0;0;0;1;1;0,0;0,23;0,23;0,0;0,23;GLP;DF;32;1993;4,4;0;2;0;0,0;0,45;0,0;0,0;;0;0;GLP;DF;32;1993;7;397;57;13,0;4,4;5;71;1;2;21;0;0,57;6;12;-6;-1,36;-0,62;GLP;DF;32;1993;4,4;1;1;0;5;3;0;14;2;6;1;;;;;;;;;;;;;;;;;;;;;;;
Kylian Kaïboué;Amiens;2526;FRA-Ligue 2;FRA;DF,MF;26;1998;31;24;2198;24,4;2;2;4;1;1;2;11;0;0,08;0,08;0,16;0,04;0,12;FRA;DF,MF;26;1998;24,4;2;24;11;45,8;0,98;0,45;0,08;0,18;1;2;FRA;DF,MF;26;1998;31;2198;71;71,8;24,4;24;82;12;7;31;0;0,65;29;40;-11;-0,45;1,32;FRA;DF,MF;26;1998;24,4;11;0;0;42;59;2;45;18;30;0;;;;;;;;;;;;;;;;;;;;;;;
Lou Alexandre;Amiens;2526;FRA-Ligue 2;;;;;;;;;;;;;;;;;;;;;;;;;;;;;;;;;;;;;FRA;GK;19;2005;0;;;;;0;;0;0;;1;;;;;;;;;;;;;;;;;;;;;;;;;;;;;;;;;;;;;;;;;;;;
Mathis Touho;Amiens;2526;FRA-Ligue 2;FRA;MF;20;2004;6;1;100;1,1;0;0;0;0;0;0;0;0;0,0;0,0;0,0;0,0;0,0;FRA;MF;20;2004;1,1;0;1;1;100,0;0,9;0,9;0,0;0,0;0;0;FRA;MF;20;2004;6;100;17;3,3;1,1;1;62;0;5;8;3;0,67;0;1;-1;-0,9;-0,08;FRA;MF;20;2004;1,1;0;0;0;2;2;1;3;2;2;0;;;;;;;;;;;;;;;;;;;;;;;
Messy Mubundu;Amiens;2526;FRA-Ligue 2;COD;MF;19;2006;3;0;37;0,4;0;0;0;0;0;0;0;0;0,0;0,0;0,0;0,0;0,0;COD;MF;19;2006;0,4;0;2;1;50,0;4,86;2,43;0,0;0,0;0;0;COD;MF;19;2006;3;37;12;1,2;0,4;0;;0;3;12;2;0,33;0;3;-3;-7,3;-6,55;COD;MF;19;2006;0,4;0;0;0;0;0;0;0;0;2;0;;;;;;;;;;;;;;;;;;;;;;;
Nathan Talbot;Amiens;2526;FRA-Ligue 2;FRA;DF;17;2007;4;1;99;1,1;0;1;1;0;0;0;0;0;0,0;0,91;0,91;0,0;0,91;FRA;DF;17;2007;1,1;0;1;0;0,0;0,91;0,0;0,0;;0;0;FRA;DF;17;2007;4;99;25;3,2;1,1;1;81;0;3;6;7;0,75;2;7;-5;-4,55;-3,85;FRA;DF;17;2007;1,1;0;0;0;0;3;0;1;2;10;0;;;;;;;;;;;;;;;;;;;;;;;
Nordine Kandil;Amiens;2526;FRA-Ligue 2;FRA;MF,FW;23;2001;17;11;969;10,8;3;3;6;3;0;0;1;0;0,28;0,28;0,56;0,28;0,56;FRA;MF,FW;23;2001;10,8;3;22;6;27,3;2,04;0,56;0,14;0,5;0;0;FRA;MF,FW;23;2001;17;969;57;31,7;10,8;11;72;2;6;29;0;0,35;11;26;-15;-1,39;-0,83;FRA;MF,FW;23;2001;10,8;1;0;0;9;22;1;70;4;7;0;;;;;;;;;;;;;;;;;;;;;;;
Oscar Aissat;Amiens;2526;FRA-Ligue 2;FRA;MF;18;2007;5;1;118;1,3;0;0;0;0;0;0;0;0;0,0;0,0;0,0;0,0;0,0;FRA;MF;18;2007;1,3;0;0;0;;0,0;0,0;;;0;0;FRA;MF;18;2007;5;118;24;3,9;1,3;1;65;0;4;13;3;0,2;1;3;-2;-1,53;-0,73;FRA;MF;18;2007;1,3;0;0;0;0;4;0;3;2;4;0;;;;;;;;;;;;;;;;;;;;;;;
Paul Bernardoni;Amiens;2526;FRA-Ligue 2;FRA;GK;28;1997;28;28;2520;28,0;0;0;0;0;0;0;0;0;0,0;0,0;0,0;0,0;0,0;FRA;GK;28;1997;28,0;0;0;0;;0,0;0,0;;;0;0;FRA;GK;28;1997;28;2520;90;82,4;28,0;28;90;28;0;;5;0,82;33;50;-17;-0,61;1,23;FRA;GK;28;1997;28,0;0;0;0;0;7;0;0;0;0;0;FRA;GK;28;1997;28;28;2520;28,0;50;1,79;138;88;63,8;6;5;17;5;17,9;10;7;2;1;22,2
Peterson Paul;Amiens;2526;FRA-Ligue 2;FRA;FW;18;2006;1;0;28;0,3;0;0;0;0;0;0;0;0;0,0;0,0;0,0;0,0;0,0;FRA;FW;18;2006;0,3;0;0;0;;0,0;0,0;;;0;0;FRA;FW;18;2006;1;28;28;0,9;0,3;0;;0;1;28;1;0,0;0;0;0;0,0;0,83;FRA;FW;18;2006;0,3;0;0;0;1;2;0;1;0;0;0;;;;;;;;;;;;;;;;;;;;;;;
Rayan Lutin;Amiens;2526;FRA-Ligue 2;COM;MF,FW;22;2003;27;15;1341;14,9;2;2;4;2;0;0;3;0;0,13;0,13;0,27;0,13;0,27;COM;MF,FW;22;2003;14,9;2;6;2;33,3;0,4;0,13;0,33;1,0;0;0;COM;MF,FW;22;2003;27;1341;50;43,8;14,9;15;73;2;12;21;3;0,63;16;27;-11;-0,74;0,15;COM;MF,FW;22;2003;14,9;3;0;0;26;41;1;61;12;26;0;;;;;;;;;;;;;;;;;;;;;;;
Samuel Ntamack;Amiens;2526;FRA-Ligue 2;FRA;FW,MF;24;2001;13;10;840;9,3;2;0;2;2;0;0;0;0;0,21;0,0;0,21;0,21;0,21;FRA;FW,MF;24;2001;9,3;2;21;7;33,3;2,25;0,75;0,1;0,29;0;0;FRA;FW,MF;24;2001;13;840;65;27,5;9,3;10;77;4;3;24;0;0,38;8;22;-14;-1,5;-0,93;FRA;FW,MF;24;2001;9,3;0;0;0;13;23;2;3;1;2;0;;;;;;;;;;;;;;;;;;;;;;;
Siaka Bakayoko;Amiens;2526;FRA-Ligue 2;CIV;DF;20;2005;32;31;2747;30,5;1;0;1;1;0;0;2;1;0,03;0,0;0,03;0,03;0,03;CIV;DF;20;2005;30,5;1;11;3;27,3;0,36;0,1;0,09;0,33;0;0;CIV;DF;20;2005;32;2747;86;89,8;30,5;31;88;30;1;14;0;0,75;34;58;-24;-0,79;0,36;CIV;DF;20;2005;30,5;2;1;0;27;49;1;0;39;23;0;;;;;;;;;;;;;;;;;;;;;;;
Skelly Alvero;Amiens;2526;FRA-Ligue 2;FRA;MF;23;2002;8;6;467;5,2;0;1;1;0;0;0;1;1;0,0;0,19;0,19;0,0;0,19;FRA;MF;23;2002;5,2;0;1;0;0,0;0,19;0,0;0,0;;0;0;FRA;MF;23;2002;8;467;58;15,3;5,2;6;72;2;2;18;2;0,63;5;8;-3;-0,58;0,29;FRA;MF;23;2002;5,2;1;1;0;12;7;0;0;12;8;0;;;;;;;;;;;;;;;;;;;;;;;
Teddy Averlant;Amiens;2526;FRA-Ligue 2;GAB;MF,FW;25;1999;32;25;2148;23,9;5;1;6;5;0;1;3;0;0,21;0,04;0,25;0,21;0,25;GAB;MF,FW;25;1999;23,9;5;65;30;46,2;2,72;1,26;0,08;0,17;0;1;GAB;MF,FW;25;1999;32;2148;67;70,2;23,9;25;78;6;7;27;0;0,72;22;34;-12;-0,5;1,08;GAB;MF,FW;25;1999;23,9;3;0;0;29;17;5;102;6;26;0;;;;;;;;;;;;;;;;;;;;;;;
Thomas Monconduit;Amiens;2526;FRA-Ligue 2;FRA;MF,DF;34;1991;24;21;1841;20,5;0;2;2;0;0;0;7;0;0,0;0,1;0,1;0,0;0,1;FRA;MF,DF;34;1991;20,5;0;20;3;15,0;0,98;0,15;0,0;0,0;0;0;FRA;MF,DF;34;1991;24;1841;77;60,2;20,5;21;84;10;3;28;0;0,63;22;40;-18;-0,88;-0,14;FRA;MF,DF;34;1991;20,5;7;0;0;21;25;1;4;8;18;0;;;;;;;;;;;;;;;;;;;;;;;
Victor Lobry;Amiens;2526;FRA-Ligue 2;FRA;FW,MF;30;1995;14;13;1116;12,4;1;2;3;1;0;0;1;0;0,08;0,16;0,24;0,08;0,24;FRA;FW,MF;30;1995;12,4;1;19;3;15,8;1,53;0,24;0,05;0,33;0;0;FRA;FW,MF;30;1995;14;1116;80;36,5;12,4;13;85;11;1;12;0;1,07;14;20;-6;-0,48;0,53;FRA;FW,MF;30;1995;12,4;1;0;0;18;17;2;23;2;7;0;;;;;;;;;;;;;;;;;;;;;;;
Yanis Rafii;Amiens;2526;FRA-Ligue 2;FRA;FW;20;2005;9;4;306;3,4;1;0;1;1;0;0;1;0;0,29;0,0;0,29;0,29;0,29;FRA;FW;20;2005;3,4;1;5;1;20,0;1,47;0,29;0,2;1,0;0;0;FRA;FW;20;2005;9;306;34;10,0;3,4;4;57;0;5;16;1;0,56;3;7;-4;-1,18;-0,39;FRA;FW;20;2005;3,4;1;0;0;11;13;0;0;0;1;0;;;;;;;;;;;;;;;;;;;;;;;
Yoan Koré;Amiens;2526;FRA-Ligue 2;FRA;DF;20;2004;8;8;706;7,8;2;0;2;2;0;0;4;0;0,25;0,0;0,25;0,25;0,25;FRA;DF;20;2004;7,8;2;5;3;60,0;0,64;0,38;0,4;0,67;0;0;FRA;DF;20;2004;8;706;88;23,1;7,8;8;88;6;0;;1;0,63;9;17;-8;-1,02;-0,26;FRA;DF;20;2004;7,8;4;0;0;8;4;0;7;12;4;0;;;;;;;;;;;;;;;;;;;;;;;
Yvan Ikia Dimi;Amiens;2526;FRA-Ligue 2;FRA;FW,MF;20;2004;20;11;1071;11,9;4;2;6;4;0;0;5;0;0,34;0,17;0,5;0,34;0,5;FRA;FW,MF;20;2004;11,9;4;17;11;64,7;1,43;0,92;0,24;0,36;0;0;FRA;FW,MF;20;2004;20;1071;54;35,0;11,9;11;79;5;9;22;0;0,95;17;21;-4;-0,34;0,75;FRA;FW,MF;20;2004;11,9;5;0;0;30;15;7;23;3;6;0;;;;;;;;;;;;;;;;;;;;;;;
Abdel Hbouch;Annecy FC;2526;FRA-Ligue 2;FRA;FW,MF;26;1999;26;14;1332;14,8;2;3;5;2;0;1;1;0;0,14;0,2;0,34;0,14;0,34;FRA;FW,MF;26;1999;14,8;2;25;10;40,0;1,69;0,68;0,08;0,2;0;1;FRA;FW,MF;26;1999;26;1332;51;43,5;14,8;14;74;3;12;25;0;1,46;16;20;-4;-0,27;-1,0;FRA;FW,MF;26;1999;14,8;1;0;0;28;39;2;98;7;14;0;;;;;;;;;;;;;;;;;;;;;;;
Adam Yahi;Annecy FC;2526;FRA-Ligue 2;FRA;DF;20;2004;2;0;16;0,2;0;0;0;0;0;0;0;0;0,0;0,0;0,0;0,0;0,0;FRA;DF;20;2004;0,2;0;1;0;0,0;5,63;0,0;0,0;;0;0;FRA;DF;20;2004;2;16;8;0,5;0,2;0;;0;2;8;2;0,0;0;0;0;0,0;-0,3;FRA;DF;20;2004;0,2;0;0;0;1;0;0;0;0;0;0;;;;;;;;;;;;;;;;;;;;;;;
Ahmed Kashi;Annecy FC;2526;FRA-Ligue 2;ALG;MF;36;1988;34;34;3008;33,4;1;2;3;1;0;0;5;0;0,03;0,06;0,09;0,03;0,09;ALG;MF;36;1988;33,4;1;19;2;10,5;0,57;0,06;0,05;0,5;0;0;ALG;MF;36;1988;34;3008;88;98,3;33,4;34;88;32;0;;0;1,53;49;38;11;0,33;2,06;ALG;MF;36;1988;33,4;5;0;0;41;14;0;2;26;33;0;;;;;;;;;;;;;;;;;;;;;;;
Alejandro Rodriguez;Annecy FC;2526;FRA-Ligue 2;POR;FW,MF;17;2008;13;4;514;5,7;2;1;3;2;0;0;2;0;0,35;0,18;0,53;0,35;0,53;POR;FW,MF;17;2008;5,7;2;17;6;35,3;2,98;1,05;0,12;0,33;0;0;POR;FW,MF;17;2008;13;514;40;16,8;5,7;4;65;0;9;28;0;1,62;7;13;-6;-1,05;-1,62;POR;FW,MF;17;2008;5,7;2;0;0;20;7;3;19;2;8;0;;;;;;;;;;;;;;;;;;;;;;;
Alexis Casadei;Annecy FC;2526;FRA-Ligue 2;FRA;MF;20;2004;20;8;795;8,8;1;0;1;1;0;0;2;0;0,11;0,0;0,11;0,11;0,11;FRA;MF;20;2004;8,8;1;8;2;25,0;0,91;0,23;0,13;0,5;0;0;FRA;MF;20;2004;20;795;40;26,0;8,8;8;75;3;12;16;7;1,9;18;7;11;1,25;1,29;FRA;MF;20;2004;8,8;2;0;0;27;9;0;0;7;15;0;;;;;;;;;;;;;;;;;;;;;;;
Antoine Larose;Annecy FC;2526;FRA-Ligue 2;FRA;FW,MF;32;1993;26;20;1503;16,7;7;4;11;7;0;0;5;0;0,42;0,24;0,66;0,42;0,66;FRA;FW,MF;32;1993;16,7;7;31;12;38,7;1,86;0,72;0,23;0,58;0;0;FRA;FW,MF;32;1993;26;1503;58;49,1;16,7;20;69;1;6;21;0;1,65;31;16;15;0,9;1,19;FRA;FW,MF;32;1993;16,7;5;0;0;25;19;6;19;6;15;0;;;;;;;;;;;;;;;;;;;;;;;
Axel Drouhin;Annecy FC;2526;FRA-Ligue 2;FRA;DF;25;2000;27;25;2262;25,1;0;0;0;0;0;0;8;0;0,0;0,0;0,0;0,0;0,0;FRA;DF;25;2000;25,1;0;21;2;9,5;0,84;0,08;0,0;0,0;0;0;FRA;DF;25;2000;27;2262;84;73,9;25,1;25;89;23;2;16;1;1,67;39;25;14;0,56;1,01;FRA;DF;25;2000;25,1;8;0;0;27;17;0;0;20;10;0;;;;;;;;;;;;;;;;;;;;;;;
Ben Hamed Touré;Annecy FC;2526;FRA-Ligue 2;CIV;FW,MF;21;2003;20;10;1058;11,8;3;3;6;3;0;0;1;0;0,26;0,26;0,51;0,26;0,51;CIV;FW,MF;21;2003;11,8;3;22;9;40,9;1,87;0,77;0,14;0,33;0;0;CIV;FW,MF;21;2003;20;1058;53;34,6;11,8;10;76;1;10;30;0;1,55;16;13;3;0,26;-0,06;CIV;FW,MF;21;2003;11,8;1;0;0;54;30;4;13;3;7;0;;;;;;;;;;;;;;;;;;;;;;;
Cedric Makutungu;Annecy FC;2526;FRA-Ligue 2;FRA;DF,MF;27;1997;16;5;611;6,8;0;1;1;0;0;0;0;0;0,0;0,15;0,15;0,0;0,15;FRA;DF,MF;27;1997;6,8;0;0;0;;0,0;0,0;;;0;0;FRA;DF,MF;27;1997;16;611;38;20,0;6,8;5;80;3;11;19;2;1,75;8;11;-3;-0,44;-0,92;FRA;DF,MF;27;1997;6,8;0;0;0;2;10;0;10;8;10;0;;;;;;;;;;;;;;;;;;;;;;;
Clément Billemaz;Annecy FC;2526;FRA-Ligue 2;FRA;MF;26;1998;32;31;2543;28,3;5;7;12;5;0;0;8;0;0,18;0,25;0,42;0,18;0,42;FRA;MF;26;1998;28,3;5;37;13;35,1;1,31;0,46;0,14;0,38;0;0;FRA;MF;26;1998;32;2543;79;83,1;28,3;31;81;16;1;45;1;1,53;40;29;11;0,39;0,56;FRA;MF;26;1998;28,3;8;0;0;43;19;5;117;29;46;0;;;;;;;;;;;;;;;;;;;;;;;
Esteban Riou;Annecy FC;2526;FRA-Ligue 2;;;;;;;;;;;;;;;;;;;;;;;;;;;;;;;;;;;;;FRA;DF;19;2006;0;;;;;0;;0;0;;4;;;;;;;;;;;;;;;;;;;;;;;;;;;;;;;;;;;;;;;;;;;;
Fabrice N'Sakala;Annecy FC;2526;FRA-Ligue 2;COD;DF;35;1990;2;1;75;0,8;0;0;0;0;0;0;0;0;0,0;0,0;0,0;0,0;0,0;COD;DF;35;1990;0,8;0;0;0;;0,0;0,0;;;0;0;COD;DF;35;1990;2;75;38;2,5;0,8;1;69;0;1;6;6;1,5;0;1;-1;-1,2;-1,53;COD;DF;35;1990;0,8;0;0;0;1;0;0;0;2;1;0;;;;;;;;;;;;;;;;;;;;;;;
Florian Escales;Annecy FC;2526;FRA-Ligue 2;FRA;GK;29;1996;29;29;2610;29,0;0;0;0;0;0;0;2;0;0,0;0,0;0,0;0,0;0,0;FRA;GK;29;1996;29,0;0;0;0;;0,0;0,0;;;0;0;FRA;GK;29;1996;29;2610;90;85,3;29,0;29;90;29;0;;0;1,55;42;35;7;0,24;-0,36;FRA;GK;29;1996;29,0;2;0;0;0;6;0;0;0;1;0;FRA;GK;29;1996;29;29;2610;29,0;35;1,21;83;48;57,8;13;6;10;9;31,0;5;3;1;1;25,0
François Lajugie;Annecy FC;2526;FRA-Ligue 2;FRA;DF;29;1996;25;23;1980;22,0;5;1;6;5;0;0;1;0;0,23;0,05;0,27;0,23;0,27;FRA;DF;29;1996;22,0;5;14;6;42,9;0,64;0,27;0,36;0,83;0;0;FRA;DF;29;1996;25;1980;79;64,7;22,0;23;85;19;2;17;1;1,64;33;22;11;0,5;0,58;FRA;DF;29;1996;22,0;1;0;0;18;15;0;7;17;15;0;;;;;;;;;;;;;;;;;;;;;;;
Hamza Koutoune;Annecy FC;2526;FRA-Ligue 2;MAR;MF,DF;18;2006;7;4;329;3,7;0;0;0;0;0;0;0;0;0,0;0,0;0,0;0,0;0,0;MAR;MF,DF;18;2006;3,7;0;1;0;0,0;0,27;0,0;0,0;;0;0;MAR;MF,DF;18;2006;7;329;47;10,8;3,7;4;65;1;3;23;1;1,14;4;4;0;0,0;-0,33;MAR;MF,DF;18;2006;3,7;0;0;0;6;8;0;11;0;1;0;;;;;;;;;;;;;;;;;;;;;;;
Ibrahim Raache;Annecy FC;2526;FRA-Ligue 2;FRA;MF;19;2006;1;0;7;0,1;0;0;0;0;0;0;0;0;0,0;0,0;0,0;0,0;0,0;FRA;MF;19;2006;0,1;0;0;0;;0,0;0,0;;;0;0;FRA;MF;19;2006;1;7;7;0,2;0,1;0;;0;1;7;0;0,0;0;0;0;0,0;-0,29;FRA;MF;19;2006;0,1;0;0;0;0;0;0;0;0;0;0;;;;;;;;;;;;;;;;;;;;;;;
Josué Tiendrébéogo;Annecy FC;2526;FRA-Ligue 2;BFA;FW,MF;22;2002;13;7;561;6,2;3;1;4;3;0;0;4;1;0,48;0,16;0,64;0,48;0,64;BFA;FW,MF;22;2002;6,2;3;14;12;85,7;2,25;1,93;0,21;0,25;0;0;BFA;FW,MF;22;2002;13;561;43;18,3;6,2;7;60;0;6;23;2;1,31;9;6;3;0,48;0,23;BFA;FW,MF;22;2002;6,2;4;1;1;18;13;0;43;4;10;0;;;;;;;;;;;;;;;;;;;;;;;
Julien Kouadio;Annecy FC;2526;FRA-Ligue 2;CTA;DF;25;1999;31;30;2664;29,6;0;1;1;0;0;0;6;0;0,0;0,03;0,03;0,0;0,03;CTA;DF;25;1999;29,6;0;4;0;0,0;0,14;0,0;0,0;;0;0;CTA;DF;25;1999;31;2664;86;87,1;29,6;30;87;25;1;57;0;1,55;43;33;10;0,34;0,34;CTA;DF;25;1999;29,6;6;0;0;29;25;1;7;47;30;0;;;;;;;;;;;;;;;;;;;;;;;
Kilyan Veniere;Annecy FC;2526;FRA-Ligue 2;FRA;MF;18;2006;7;0;142;1,6;1;0;1;1;0;0;0;0;0,63;0,0;0,63;0,63;0,63;FRA;MF;18;2006;1,6;1;3;1;33,3;1,9;0,63;0,33;1,0;0;0;FRA;MF;18;2006;7;142;20;4,6;1,6;0;;0;7;20;3;1,0;1;2;-1;-0,63;-0,97;FRA;MF;18;2006;1,6;0;0;0;5;5;0;2;0;1;0;;;;;;;;;;;;;;;;;;;;;;;
Mattéo Veillon;Annecy FC;2526;FRA-Ligue 2;FRA;MF,DF;23;2002;16;9;897;10,0;0;0;0;0;0;0;1;0;0,0;0,0;0,0;0,0;0,0;FRA;MF,DF;23;2002;10,0;0;7;3;42,9;0,7;0,3;0,0;0,0;0;0;FRA;MF,DF;23;2002;16;897;56;29,3;10,0;9;83;6;7;22;1;1,19;14;14;0;0,0;-0,42;FRA;MF,DF;23;2002;10,0;1;0;0;11;6;0;4;19;20;0;;;;;;;;;;;;;;;;;;;;;;;
Matéo Gonzalez;Annecy FC;2526;FRA-Ligue 2;;;;;;;;;;;;;;;;;;;;;;;;;;;;;;;;;;;;;FRA;GK;19;2005;0;;;;;0;;0;0;;5;;;;;;;;;;;;;;;;;;;;;;;;;;;;;;;;;;;;;;;;;;;;
Mayssam Benama;Annecy FC;2526;FRA-Ligue 2;;;;;;;;;;;;;;;;;;;;;;;;;;;;;;;;;;;;;FRA;MF;20;2005;0;;;;;0;;0;0;;3;;;;;;;;;;;;;;;;;;;;;;;;;;;;;;;;;;;;;;;;;;;;
Moïse Sahi Dion;Annecy FC;2526;FRA-Ligue 2;CIV;MF;23;2001;12;7;527;5,9;5;2;7;5;0;0;0;0;0,85;0,34;1,2;0,85;1,2;CIV;MF;23;2001;5,9;5;17;10;58,8;2,9;1,71;0,29;0,5;0;0;CIV;MF;23;2001;12;527;44;17,2;5,9;7;60;0;5;22;1;1,5;11;6;5;0,85;0,68;CIV;MF;23;2001;5,9;0;0;0;7;7;4;3;0;4;0;;;;;;;;;;;;;;;;;;;;;;;
Paul Venot;Annecy FC;2526;FRA-Ligue 2;FRA;MF,FW;23;2001;29;19;1760;19,6;0;2;2;0;0;0;4;0;0,0;0,1;0,1;0,0;0,1;FRA;MF,FW;23;2001;19,6;0;11;0;0,0;0,56;0,0;0,0;;0;0;FRA;MF,FW;23;2001;29;1760;61;57,5;19,6;19;78;5;10;28;1;1,45;29;23;6;0,31;0,03;FRA;MF,FW;23;2001;19,6;4;0;0;36;14;3;3;14;22;0;;;;;;;;;;;;;;;;;;;;;;;
Quentin Paris;Annecy FC;2526;FRA-Ligue 2;FRA;FW;18;2006;21;7;765;8,5;3;0;3;3;0;0;6;1;0,35;0,0;0,35;0,35;0,35;FRA;FW;18;2006;8,5;3;16;6;37,5;1,88;0,71;0,19;0,5;0;0;FRA;FW;18;2006;21;765;36;25,0;8,5;7;62;0;14;24;3;1,38;8;11;-3;-0,35;-0,86;FRA;FW;18;2006;8,5;6;1;1;37;31;5;10;0;8;0;;;;;;;;;;;;;;;;;;;;;;;
Ranjan Neelakandan;Annecy FC;2526;FRA-Ligue 2;SUI;FW;20;2005;5;3;204;2,3;0;1;1;0;0;0;1;0;0,0;0,44;0,44;0,0;0,44;SUI;FW;20;2005;2,3;0;2;0;0,0;0,88;0,0;0,0;;0;0;SUI;FW;20;2005;5;204;41;6,7;2,3;3;54;0;2;21;1;1,0;3;5;-2;-0,88;-1,26;SUI;FW;20;2005;2,3;1;0;0;11;5;1;1;0;1;0;;;;;;;;;;;;;;;;;;;;;;;
Thibault Delphis;Annecy FC;2526;FRA-Ligue 2;FRA;DF,MF;22;2002;26;19;1742;19,4;0;0;0;0;0;0;5;0;0,0;0,0;0,0;0,0;0,0;FRA;DF,MF;22;2002;19,4;0;2;0;0,0;0,1;0,0;0,0;;0;0;FRA;DF,MF;22;2002;26;1742;67;56,9;19,4;19;86;16;7;14;5;1,46;21;26;-5;-0,26;-1,28;FRA;DF,MF;22;2002;19,4;5;0;0;25;15;1;3;21;12;0;;;;;;;;;;;;;;;;;;;;;;;
Thibault Rambaud;Annecy FC;2526;FRA-Ligue 2;FRA;FW;28;1997;28;21;1560;17,3;7;3;10;6;1;1;2;0;0,4;0,17;0,58;0,35;0,52;FRA;FW;28;1997;17,3;7;37;21;56,8;2,13;1,21;0,19;0,33;1;1;FRA;FW;28;1997;28;1560;56;51,0;17,3;21;66;3;7;25;3;1,61;31;17;14;0,81;1,05;FRA;FW;28;1997;17,3;2;0;0;37;30;11;6;2;7;0;;;;;;;;;;;;;;;;;;;;;;;
Thomas Callens;Annecy FC;2526;FRA-Ligue 2;FRA;GK;26;1998;5;5;450;5,0;0;0;0;0;0;0;0;0;0,0;0,0;0,0;0,0;0,0;FRA;GK;26;1998;5,0;0;0;0;;0,0;0,0;;;0;0;FRA;GK;26;1998;5;450;90;14,7;5,0;5;90;5;0;;29;1,4;7;4;3;0,6;0,36;FRA;GK;26;1998;5,0;0;0;0;0;0;0;0;0;1;0;FRA;GK;26;1998;5;5;450;5,0;4;0,8;19;15;78,9;2;1;2;2;40,0;0;0;0;0;
Travis Patterson;Annecy FC;2526;FRA-Ligue 2;ENG;DF;19;2005;7;2;239;2,7;0;0;0;0;0;0;2;1;0,0;0,0;0,0;0,0;0,0;ENG;DF;19;2005;2,7;0;2;2;100,0;0,75;0,75;0,0;0,0;0;0;ENG;DF;19;2005;7;239;34;7,8;2,7;2;37;0;5;33;0;1,29;3;6;-3;-1,13;-1,54;ENG;DF;19;2005;2,7;2;1;1;3;12;0;6;3;6;0;;;;;;;;;;;;;;;;;;;;;;;
Triston Rowe;Annecy FC;2526;FRA-Ligue 2;ENG;MF,DF;19;2006;30;25;2260;25,1;1;2;3;1;0;0;4;0;0,04;0,08;0,12;0,04;0,12;ENG;MF,DF;19;2006;25,1;1;8;2;25,0;0,32;0,08;0,13;0,5;0;0;ENG;MF,DF;19;2006;30;2260;75;73,9;25,1;25;85;19;5;25;0;1,6;40;25;15;0,6;1,16;ENG;MF,DF;19;2006;25,1;4;0;0;47;17;4;79;26;30;0;;;;;;;;;;;;;;;;;;;;;;;
Valentin Jacob;Annecy FC;2526;FRA-Ligue 2;FRA;FW,MF;31;1994;13;5;507;5,6;1;0;1;1;0;0;4;1;0,18;0,0;0,18;0,18;0,18;FRA;FW,MF;31;1994;5,6;1;12;4;33,3;2,13;0,71;0,08;0,25;0;0;FRA;FW,MF;31;1994;13;507;39;16,6;5,6;5;61;0;8;26;0;2,0;6;6;0;0,0;-0,35;FRA;FW,MF;31;1994;5,6;4;1;1;9;15;1;38;7;10;0;;;;;;;;;;;;;;;;;;;;;;;
Vincent Pajot;Annecy FC;2526;FRA-Ligue 2;FRA;MF;34;1990;7;7;630;7,0;1;0;1;1;0;0;2;0;0,14;0,0;0,14;0,14;0,14;FRA;MF;34;1990;7,0;1;5;2;40,0;0,71;0,29;0,2;0,5;0;0;FRA;MF;34;1990;7;630;90;20,6;7,0;7;90;7;0;;0;1,14;9;10;-1;-0,14;-0,55;FRA;MF;34;1990;7,0;2;0;0;12;5;0;0;9;6;0;;;;;;;;;;;;;;;;;;;;;;;
Alexandre Bi Zaouai;Bastia;2526;FRA-Ligue 2;CIV;MF,FW;20;2005;25;12;1098;12,2;2;2;4;2;0;0;2;0;0,16;0,16;0,33;0,16;0,33;CIV;MF,FW;20;2005;12,2;2;17;8;47,1;1,39;0,66;0,12;0,25;0;0;CIV;MF,FW;20;2005;25;1098;44;36,0;12,2;12;74;4;13;16;2;0,77;13;13;0;0,0;0,64;CIV;MF,FW;20;2005;12,2;2;0;0;14;18;0;7;8;14;0;;;;;;;;;;;;;;;;;;;;;;;
Amine Boutrah;Bastia;2526;FRA-Ligue 2;FRA;MF,FW;24;2000;28;22;1943;21,6;2;2;4;2;0;0;4;0;0,09;0,09;0,19;0,09;0,19;FRA;MF,FW;24;2000;21,6;2;49;15;30,6;2,27;0,69;0,04;0,13;0;0;FRA;MF,FW;24;2000;28;1943;69;63,6;21,6;22;81;11;6;26;0;0,79;14;24;-10;-0,46;-0,14;FRA;MF,FW;24;2000;21,6;4;0;0;16;50;2;61;11;16;0;;;;;;;;;;;;;;;;;;;;;;;
Anthony Roncaglia;Bastia;2526;FRA-Ligue 2;FRA;DF;25;1999;24;22;1842;20,5;2;0;2;2;0;0;4;2;0,1;0,0;0,1;0,1;0,1;FRA;DF;25;1999;20,5;2;9;3;33,3;0,44;0,15;0,22;0,67;0;0;FRA;DF;25;1999;24;1842;77;60,3;20,5;22;82;13;2;15;2;0,84;11;19;-8;-0,39;0,06;FRA;DF;25;1999;20,5;4;2;0;15;10;0;8;23;13;0;;;;;;;;;;;;;;;;;;;;;;;
Ayman Aiki;Bastia;2526;FRA-Ligue 2;FRA;MF,FW;20;2005;15;4;445;4,9;0;0;0;0;0;0;0;0;0,0;0,0;0,0;0,0;0,0;FRA;MF,FW;20;2005;4,9;0;12;5;41,7;2,43;1,01;0,0;0,0;0;0;FRA;MF,FW;20;2005;15;445;30;14,6;4,9;4;57;0;11;20;4;0,6;2;6;-4;-0,81;-0,46;FRA;MF,FW;20;2005;4,9;0;0;0;6;4;1;7;2;5;0;;;;;;;;;;;;;;;;;;;;;;;
Christ Inao Oulaï;Bastia;2526;FRA-Ligue 2;;;;;;;;;;;;;;;;;;;;;;;;;;;;;;;;;;;;;CIV;MF;19;2006;0;;;;;0;;0;0;;1;;;;;;;;;;;;;;;;;;;;;;;;;;;;;;;;;;;;;;;;;;;;
Christophe Vincent;Bastia;2526;FRA-Ligue 2;FRA;MF;32;1992;25;14;1280;14,2;1;0;1;1;0;1;4;0;0,07;0,0;0,07;0,07;0,07;FRA;MF;32;1992;14,2;1;18;3;16,7;1,27;0,21;0,06;0,33;0;1;FRA;MF;32;1992;25;1280;51;41,9;14,2;14;77;4;11;18;1;0,77;6;13;-7;-0,49;-0,14;FRA;MF;32;1992;14,2;4;0;0;30;16;2;53;12;12;0;;;;;;;;;;;;;;;;;;;;;;;
Cyril Etoga;Bastia;2526;FRA-Ligue 2;CMR;MF;22;2003;9;5;470;5,2;0;1;1;0;0;0;1;0;0,0;0,19;0,19;0,0;0,19;CMR;MF;22;2003;5,2;0;6;1;16,7;1,15;0,19;0,0;0,0;0;0;CMR;MF;22;2003;9;470;52;15,4;5,2;5;83;3;4;14;2;0,67;2;8;-6;-1,15;-0,87;CMR;MF;22;2003;5,2;1;0;0;5;10;0;0;8;7;0;;;;;;;;;;;;;;;;;;;;;;;
David Djedje;Bastia;2526;FRA-Ligue 2;CIV;DF;18;2007;2;2;112;1,2;0;0;0;0;0;0;0;0;0,0;0,0;0,0;0,0;0,0;CIV;DF;18;2007;1,2;0;1;1;100,0;0,8;0,8;0,0;0,0;0;0;CIV;DF;18;2007;2;112;56;3,7;1,2;2;56;1;0;;3;0,0;2;5;-3;-2,41;-2,07;CIV;DF;18;2007;1,2;0;0;0;1;1;0;0;0;2;0;;;;;;;;;;;;;;;;;;;;;;;
Donovan Basset;Bastia;2526;FRA-Ligue 2;FRA;DF;21;2004;1;0;31;0,3;0;0;0;0;0;0;0;0;0,0;0,0;0,0;0,0;0,0;FRA;DF;21;2004;0,3;0;0;0;;0,0;0,0;;;0;0;FRA;DF;21;2004;1;31;31;1,0;0,3;0;;0;1;31;6;3,0;0;0;0;0,0;0,42;FRA;DF;21;2004;0,3;0;0;0;0;0;0;0;1;0;0;;;;;;;;;;;;;;;;;;;;;;;
Doumé Guidi;Bastia;2526;FRA-Ligue 2;FRA;DF;29;1996;19;18;1566;17,4;1;0;1;1;0;0;7;0;0,06;0,0;0,06;0,06;0,06;FRA;DF;29;1996;17,4;1;15;5;33,3;0,86;0,29;0,07;0,2;0;0;FRA;DF;29;1996;19;1566;82;51,3;17,4;18;86;13;1;17;2;0,7;13;23;-10;-0,57;-0,33;FRA;DF;29;1996;17,4;7;0;0;22;17;1;6;15;14;0;;;;;;;;;;;;;;;;;;;;;;;
Florian Bohnert;Bastia;2526;FRA-Ligue 2;LUX;DF,MF;27;1997;23;18;1647;18,3;0;1;1;0;0;0;5;0;0,0;0,05;0,05;0,0;0,05;LUX;DF,MF;27;1997;18,3;0;5;2;40,0;0,27;0,11;0,0;0,0;0;0;LUX;DF,MF;27;1997;23;1647;72;53,9;18,3;18;83;10;5;30;5;1,13;13;13;0;0,0;0,9;LUX;DF,MF;27;1997;18,3;5;0;0;19;6;1;40;20;29;0;;;;;;;;;;;;;;;;;;;;;;;
Félix Tomi;Bastia;2526;FRA-Ligue 2;FRA;FW,MF;24;2000;33;28;2419;26,9;4;2;6;4;0;0;3;0;0,15;0,07;0,22;0,15;0,22;FRA;FW,MF;24;2000;26,9;4;47;22;46,8;1,75;0,82;0,09;0,18;0;0;FRA;FW,MF;24;2000;33;2419;73;79,2;26,9;28;80;12;5;36;0;0,82;21;27;-6;-0,22;0,91;FRA;FW,MF;24;2000;26,9;3;0;0;58;41;7;43;25;12;0;;;;;;;;;;;;;;;;;;;;;;;
Gustave Akueson;Bastia;2526;FRA-Ligue 2;TOG;DF;29;1995;15;15;1291;14,3;0;0;0;0;0;0;3;0;0,0;0,0;0,0;0,0;0,0;TOG;DF;29;1995;14,3;0;5;1;20,0;0,35;0,07;0,0;0,0;0;0;TOG;DF;29;1995;15;1291;86;42,3;14,3;15;86;12;0;;3;0,94;12;16;-4;-0,28;0,23;TOG;DF;29;1995;14,3;3;0;0;18;16;1;1;18;23;0;;;;;;;;;;;;;;;;;;;;;;;
Issiaka Karamoko;Bastia;2526;FRA-Ligue 2;CIV;MF,FW;24;2001;19;4;529;5,9;0;0;0;0;0;0;1;0;0,0;0,0;0,0;0,0;0,0;CIV;MF,FW;24;2001;5,9;0;14;3;21,4;2,38;0,51;0,0;0,0;0;0;CIV;MF,FW;24;2001;19;529;28;17,3;5,9;4;64;0;15;18;5;0,63;2;12;-10;-1,7;-1,56;CIV;MF,FW;24;2001;5,9;1;0;0;16;18;6;9;2;3;0;;;;;;;;;;;;;;;;;;;;;;;
Joachim Eickmayer;Bastia;2526;FRA-Ligue 2;FRA;MF;32;1993;14;12;1058;11,8;3;0;3;3;0;0;2;0;0,26;0,0;0,26;0,26;0,26;FRA;MF;32;1993;11,8;3;22;8;36,4;1,87;0,68;0,14;0,38;0;0;FRA;MF;32;1993;14;1058;76;34,7;11,8;12;85;7;2;20;0;0,93;11;13;-2;-0,17;0,37;FRA;MF;32;1993;11,8;2;0;0;10;13;0;30;14;6;0;;;;;;;;;;;;;;;;;;;;;;;
Jocelyn Janneh;Bastia;2526;FRA-Ligue 2;GUI;MF;22;2002;26;16;1478;16,4;0;1;1;0;0;0;0;0;0,0;0,06;0,06;0,0;0,06;GUI;MF;22;2002;16,4;0;1;0;0,0;0,06;0,0;0,0;;0;0;GUI;MF;22;2002;26;1478;57;48,4;16,4;16;82;8;10;17;2;0,85;12;15;-3;-0,18;0,45;GUI;MF;22;2002;16,4;0;0;0;29;15;0;4;21;35;0;;;;;;;;;;;;;;;;;;;;;;;
Johny Placide;Bastia;2526;FRA-Ligue 2;HAI;GK;37;1988;24;24;2160;24,0;0;1;1;0;0;0;2;0;0,0;0,04;0,04;0,0;0,04;HAI;GK;37;1988;24,0;0;0;0;;0,0;0,0;;;0;0;HAI;GK;37;1988;24;2160;90;70,8;24,0;24;90;24;0;;1;0,67;11;24;-13;-0,54;-0,44;HAI;GK;37;1988;24,0;2;0;0;1;8;0;0;0;1;0;HAI;GK;37;1988;24;24;2160;24,0;24;1,0;71;47;66,2;2;10;12;9;37,5;6;4;2;0;33,3
Juan Guevara;Bastia;2526;FRA-Ligue 2;COL;DF;24;2001;25;23;2067;23,0;1;1;2;1;0;0;10;0;0,04;0,04;0,09;0,04;0,09;COL;DF;24;2001;23,0;1;24;4;16,7;1,04;0,17;0,04;0,25;0;0;COL;DF;24;2001;25;2067;83;67,7;23,0;23;88;20;2;26;0;0,77;18;26;-8;-0,35;0,2;COL;DF;24;2001;23,0;10;0;0;38;31;1;4;36;17;0;;;;;;;;;;;;;;;;;;;;;;;
Julien Fabri;Bastia;2526;FRA-Ligue 2;;;;;;;;;;;;;;;;;;;;;;;;;;;;;;;;;;;;;FRA;GK;31;1994;0;;;;;0;;0;0;;5;;;;;;;;;;;;;;;;;;;;;;;;;;;;;;;;;;;;;;;;;;;;
Jérémy Sebas;Bastia;2526;FRA-Ligue 2;MTQ;FW,MF;22;2003;28;20;1622;18,0;4;0;4;4;0;0;5;2;0,22;0,0;0,22;0,22;0,22;MTQ;FW,MF;22;2003;18,0;4;43;21;48,8;2,39;1,17;0,09;0,19;0;0;MTQ;FW,MF;22;2003;28;1622;58;53,1;18,0;20;71;3;8;26;1;0,86;10;19;-9;-0,5;-0,18;MTQ;FW,MF;22;2003;18,0;5;2;0;44;24;13;13;4;13;0;;;;;;;;;;;;;;;;;;;;;;;
Lisandru Olmeta;Bastia;2526;FRA-Ligue 2;FRA;GK;20;2005;9;9;810;9,0;0;0;0;0;0;0;1;0;0,0;0,0;0,0;0,0;0,0;FRA;GK;20;2005;9,0;0;0;0;;0,0;0,0;;;0;0;FRA;GK;20;2005;9;810;90;26,5;9,0;9;90;9;0;;19;1,2;12;13;-1;-0,11;0,41;FRA;GK;20;2005;9,0;1;0;0;0;4;0;0;0;0;0;FRA;GK;20;2005;9;9;810;9,0;13;1,44;28;15;53,6;3;3;3;3;33,3;0;0;0;0;
Mattéo Petrignani;Bastia;2526;FRA-Ligue 2;FRA;MF;19;2005;7;3;327;3,6;0;1;1;0;0;0;1;0;0,0;0,28;0,28;0,0;0,28;FRA;MF;19;2005;3,6;0;3;0;0,0;0,83;0,0;0,0;;0;0;FRA;MF;19;2005;7;327;47;10,7;3,6;3;79;1;4;23;8;1,0;4;6;-2;-0,55;-0,15;FRA;MF;19;2005;3,6;1;0;0;8;4;0;25;3;7;0;;;;;;;;;;;;;;;;;;;;;;;
Maxime Blé;Bastia;2526;FRA-Ligue 2;FRA;FW;23;2002;14;5;491;5,5;0;0;0;0;0;0;1;0;0,0;0,0;0,0;0,0;0,0;FRA;FW;23;2002;5,5;0;3;2;66,7;0,55;0,37;0,0;0,0;0;0;FRA;FW;23;2002;14;491;35;16,1;5,5;5;70;0;9;16;1;0,5;5;5;0;0,0;0,49;FRA;FW;23;2002;5,5;1;0;0;23;13;4;4;1;2;0;;;;;;;;;;;;;;;;;;;;;;;
Mehdi Merghem;Bastia;2526;FRA-Ligue 2;ALG;MF;28;1997;7;4;389;4,3;0;0;0;0;0;0;1;1;0,0;0,0;0,0;0,0;0,0;ALG;MF;28;1997;4,3;0;12;6;50,0;2,78;1,39;0,0;0,0;0;0;ALG;MF;28;1997;7;389;56;12,7;4,3;4;81;2;3;22;1;0,63;3;6;-3;-0,69;-0,32;ALG;MF;28;1997;4,3;1;1;0;9;11;0;37;3;1;0;;;;;;;;;;;;;;;;;;;;;;;
Nicolas Parravicini;Bastia;2526;FRA-Ligue 2;ITA;FW;27;1997;6;3;267;3,0;0;0;0;0;0;0;3;0;0,0;0,0;0,0;0,0;0,0;ITA;FW;27;1997;3,0;0;7;0;0,0;2,36;0,0;0,0;;0;0;ITA;FW;27;1997;6;267;45;8,7;3,0;3;63;0;3;26;0;0,5;2;7;-5;-1,69;-1,39;ITA;FW;27;1997;3,0;3;0;0;9;3;3;1;2;0;0;;;;;;;;;;;;;;;;;;;;;;;
Noah Zilliox;Bastia;2526;FRA-Ligue 2;FRA;DF,MF;22;2003;7;4;399;4,4;0;0;0;0;0;0;3;0;0,0;0,0;0,0;0,0;0,0;FRA;DF,MF;22;2003;4,4;0;7;2;28,6;1,58;0,45;0,0;0,0;0;0;FRA;DF,MF;22;2003;7;399;57;13,1;4,4;4;90;4;3;13;1;0,71;6;8;-2;-0,45;-0,04;FRA;DF,MF;22;2003;4,4;3;0;0;4;6;0;2;5;9;0;;;;;;;;;;;;;;;;;;;;;;;
Ruben Beliandjou;Bastia;2526;FRA-Ligue 2;FRA;FW;20;2005;10;2;300;3,3;1;0;1;1;0;0;0;0;0,3;0,0;0,3;0,3;0,3;FRA;FW;20;2005;3,3;1;6;1;16,7;1,8;0,3;0,17;1,0;0;0;FRA;FW;20;2005;10;300;30;9,8;3,3;2;65;0;8;21;0;1,0;4;1;3;0,9;1,46;FRA;FW;20;2005;3,3;0;0;0;10;10;2;1;0;1;0;;;;;;;;;;;;;;;;;;;;;;;
Sacha Contena;Bastia;2526;FRA-Ligue 2;;;;;;;;;;;;;;;;;;;;;;;;;;;;;;;;;;;;;FRA;GK;19;2005;0;;;;;0;;0;0;;9;;;;;;;;;;;;;;;;;;;;;;;;;;;;;;;;;;;;;;;;;;;;
Tom Ducrocq;Bastia;2526;FRA-Ligue 2;FRA;MF;25;1999;27;26;2197;24,4;1;0;1;0;1;2;5;1;0,04;0,0;0,04;0,0;0,0;FRA;MF;25;1999;24,4;1;21;6;28,6;0,86;0,25;0,05;0,17;1;2;FRA;MF;25;1999;27;2197;81;72,0;24,4;26;84;18;1;14;0;0,89;16;26;-10;-0,41;0,01;FRA;MF;25;1999;24,4;5;1;0;36;13;0;60;42;34;0;;;;;;;;;;;;;;;;;;;;;;;
Tom Meynadier;Bastia;2526;FRA-Ligue 2;FRA;DF,MF;25;2000;28;19;1681;18,7;0;0;0;0;0;0;4;0;0,0;0,0;0,0;0,0;0,0;FRA;DF,MF;25;2000;18,7;0;14;2;14,3;0,75;0,11;0,0;0,0;0;0;FRA;DF,MF;25;2000;28;1681;60;55,1;18,7;19;82;12;9;14;1;0,86;11;23;-12;-0,64;-0,51;FRA;DF,MF;25;2000;18,7;4;0;0;14;28;0;43;27;17;0;;;;;;;;;;;;;;;;;;;;;;;
Victor Lebas;Bastia;2526;FRA-Ligue 2;POR;DF;20;2004;4;0;23;0,3;0;0;0;0;0;0;0;0;0,0;0,0;0,0;0,0;0,0;POR;DF;20;2004;0,3;0;0;0;;0,0;0,0;;;0;0;POR;DF;20;2004;4;23;6;0,8;0,3;0;;0;4;6;2;1,75;1;1;0;0,0;0,42;POR;DF;20;2004;0,3;0;0;0;0;0;0;0;1;1;0;;;;;;;;;;;;;;;;;;;;;;;
Yahya Bathily;Bastia;2526;FRA-Ligue 2;FRA;MF;22;2003;3;1;83;0,9;0;0;0;0;0;0;0;0;0,0;0,0;0,0;0,0;0,0;FRA;MF;22;2003;0,9;0;3;1;33,3;3,25;1,08;0,0;0,0;0;0;FRA;MF;22;2003;3;83;28;2,7;0,9;1;59;0;2;12;0;0,0;0;3;-3;-3,25;-2,92;FRA;MF;22;2003;0,9;0;0;0;0;5;0;0;0;1;0;;;;;;;;;;;;;;;;;;;;;;;
Zakaria Ariss;Bastia;2526;FRA-Ligue 2;FRA;DF,MF;21;2004;29;28;2501;27,8;0;1;1;0;0;0;8;0;0,0;0,04;0,04;0,0;0,04;FRA;DF,MF;21;2004;27,8;0;23;1;4,3;0,83;0,04;0,0;0,0;0;0;FRA;DF,MF;21;2004;29;2501;86;81,9;27,8;28;88;26;1;32;0;0,77;15;31;-16;-0,58;-0,9;FRA;DF,MF;21;2004;27,8;8;0;0;40;62;2;111;57;33;0;;;;;;;;;;;;;;;;;;;;;;;
Zyed Beltaief;Bastia;2526;FRA-Ligue 2;;;;;;;;;;;;;;;;;;;;;;;;;;;;;;;;;;;;;ALG;MF;19;2006;0;;;;;0;;0;0;;3;;;;;;;;;;;;;;;;;;;;;;;;;;;;;;;;;;;;;;;;;;;;
Abdellah Baallal;Clermont Foot;2526;FRA-Ligue 2;MAR;MF;20;2004;27;22;2122;23,6;1;1;2;1;0;0;5;0;0,04;0,04;0,08;0,04;0,08;MAR;MF;20;2004;23,6;1;28;6;21,4;1,19;0,25;0,04;0,17;0;0;MAR;MF;20;2004;27;2122;79;69,3;23,6;22;87;17;5;40;0;0,81;27;33;-6;-0,25;-0,25;MAR;MF;20;2004;23,6;5;0;0;25;31;6;6;33;27;0;;;;;;;;;;;;;;;;;;;;;;;
Abdoul Kader Bamba;Clermont Foot;2526;FRA-Ligue 2;FRA;MF,FW;31;1994;30;25;2019;22,4;8;3;11;6;2;2;3;0;0,36;0,13;0,49;0,27;0,4;FRA;MF,FW;31;1994;22,4;8;51;20;39,2;2,27;0,89;0,16;0,4;2;2;FRA;MF,FW;31;1994;30;2019;67;66,0;22,4;25;77;6;5;20;0;1,07;25;28;-3;-0,13;0,13;FRA;MF,FW;31;1994;22,4;3;0;0;16;76;7;64;15;17;0;;;;;;;;;;;;;;;;;;;;;;;
Adrien Hunou;Clermont Foot;2526;FRA-Ligue 2;FRA;MF,FW;31;1994;18;7;635;7,1;2;0;2;2;0;0;1;0;0,28;0,0;0,28;0,28;0,28;FRA;MF,FW;31;1994;7,1;2;14;5;35,7;1,98;0,71;0,14;0,4;0;0;FRA;MF,FW;31;1994;18;635;35;20,8;7,1;7;67;1;11;15;2;1,17;6;6;0;0,0;0,22;FRA;MF,FW;31;1994;7,1;1;0;0;12;13;1;4;4;4;0;;;;;;;;;;;;;;;;;;;;;;;
Allan Ackra;Clermont Foot;2526;FRA-Ligue 2;FRA;MF;21;2004;19;13;1029;11,4;1;0;1;1;0;0;2;1;0,09;0,0;0,09;0,09;0,09;FRA;MF;21;2004;11,4;1;6;1;16,7;0,52;0,09;0,17;1,0;0;0;FRA;MF;21;2004;19;1029;54;33,6;11,4;13;72;5;6;15;2;0,89;14;16;-2;-0,17;0,0;FRA;MF;21;2004;11,4;2;1;0;28;27;1;2;18;19;0;;;;;;;;;;;;;;;;;;;;;;;
Amine Said;Clermont Foot;2526;FRA-Ligue 2;FRA;FW;22;2003;7;2;222;2,5;0;0;0;0;0;0;0;0;0,0;0,0;0,0;0,0;0,0;FRA;FW;22;2003;2,5;0;3;1;33,3;1,22;0,41;0,0;0,0;0;0;FRA;FW;22;2003;7;222;32;7,3;2,5;2;76;0;5;14;4;1,14;4;4;0;0,0;0,19;FRA;FW;22;2003;2,5;0;0;0;6;3;3;0;1;1;0;;;;;;;;;;;;;;;;;;;;;;;
Andy Pelmard;Clermont Foot;2526;FRA-Ligue 2;MAD;DF;25;2000;3;2;232;2,6;0;0;0;0;0;0;0;0;0,0;0,0;0,0;0,0;0,0;MAD;DF;25;2000;2,6;0;0;0;;0,0;0,0;;;0;0;MAD;DF;25;2000;3;232;77;7,6;2,6;2;90;2;1;52;0;1,67;4;3;1;0,39;0,61;MAD;DF;25;2000;2,6;0;0;0;0;1;0;0;2;5;0;;;;;;;;;;;;;;;;;;;;;;;
Axel Camblan;Clermont Foot;2526;FRA-Ligue 2;FRA;MF,FW;21;2003;29;17;1660;18,4;1;2;3;1;0;0;2;0;0,05;0,11;0,16;0,05;0,16;FRA;MF,FW;21;2003;18,4;1;26;9;34,6;1,41;0,49;0,04;0,11;0;0;FRA;MF,FW;21;2003;29;1660;57;54,2;18,4;17;83;9;12;20;1;1,03;17;23;-6;-0,33;-0,33;FRA;MF,FW;21;2003;18,4;2;0;0;16;10;3;73;7;13;0;;;;;;;;;;;;;;;;;;;;;;;
Cheick Konaté;Clermont Foot;2526;FRA-Ligue 2;MLI;DF;21;2004;16;11;1027;11,4;0;0;0;0;0;0;3;0;0,0;0,0;0,0;0,0;0,0;MLI;DF;21;2004;11,4;0;8;2;25,0;0,7;0,18;0,0;0,0;0;0;MLI;DF;21;2004;16;1027;64;33,6;11,4;11;82;6;5;24;1;1,25;16;17;-1;-0,09;0,13;MLI;DF;21;2004;11,4;3;0;0;12;10;0;45;9;19;0;;;;;;;;;;;;;;;;;;;;;;;
El Hadj Koné;Clermont Foot;2526;FRA-Ligue 2;FRA;DF,MF;19;2006;16;12;984;10,9;0;2;2;0;0;0;4;0;0,0;0,18;0,18;0,0;0,18;FRA;DF,MF;19;2006;10,9;0;8;1;12,5;0,73;0,09;0,0;0,0;0;0;FRA;DF,MF;19;2006;16;984;62;32,2;10,9;12;80;5;4;6;1;0,94;13;17;-4;-0,37;-0,28;FRA;DF,MF;19;2006;10,9;4;0;0;19;33;3;21;13;17;0;;;;;;;;;;;;;;;;;;;;;;;
Enzo Cantero;Clermont Foot;2526;FRA-Ligue 2;FRA;MF,FW;20;2005;13;10;732;8,1;1;1;2;1;0;0;2;1;0,12;0,12;0,25;0,12;0,25;FRA;MF,FW;20;2005;8,1;1;13;4;30,8;1,6;0,49;0,08;0,25;0;0;FRA;MF,FW;20;2005;13;732;56;23,9;8,1;10;68;1;3;17;2;1,08;9;7;2;0,25;0,56;FRA;MF,FW;20;2005;8,1;2;1;0;13;17;3;31;2;11;0;;;;;;;;;;;;;;;;;;;;;;;
Famara Diedhiou;Clermont Foot;2526;FRA-Ligue 2;SEN;FW;32;1992;24;19;1763;19,6;10;2;12;6;4;5;2;0;0,51;0,1;0,61;0,31;0,41;SEN;FW;32;1992;19,6;10;43;20;46,5;2,2;1,02;0,23;0,5;4;5;SEN;FW;32;1992;24;1763;73;57,6;19,6;19;87;14;5;23;0;1,08;23;24;-1;-0,05;0,3;SEN;FW;32;1992;19,6;2;0;0;33;23;9;0;4;8;0;;;;;;;;;;;;;;;;;;;;;;;
Habib Keita;Clermont Foot;2526;FRA-Ligue 2;MLI;MF;23;2002;4;2;218;2,4;0;0;0;0;0;0;0;0;0,0;0,0;0,0;0,0;0,0;MLI;MF;23;2002;2,4;0;2;0;0,0;0,83;0,0;0,0;;0;0;MLI;MF;23;2002;4;218;55;7,1;2,4;2;89;0;2;20;0;1,5;2;2;0;0,0;0,19;MLI;MF;23;2002;2,4;0;0;0;3;4;0;1;4;5;0;;;;;;;;;;;;;;;;;;;;;;;
Henri Saivet;Clermont Foot;2526;FRA-Ligue 2;SEN;MF;34;1990;20;15;1385;15,4;2;0;2;2;0;0;0;0;0,13;0,0;0,13;0,13;0,13;SEN;MF;34;1990;15,4;2;18;6;33,3;1,17;0,39;0,11;0,33;0;0;SEN;MF;34;1990;20;1385;69;45,3;15,4;15;84;12;5;24;0;1,35;17;16;1;0,06;0,44;SEN;MF;34;1990;15,4;0;0;0;15;14;0;30;18;19;0;;;;;;;;;;;;;;;;;;;;;;;
Ibrahim Coulibaly;Clermont Foot;2526;FRA-Ligue 2;FRA;DF;19;2005;30;23;2035;22,6;0;1;1;0;0;0;1;0;0,0;0,04;0,04;0,0;0,04;FRA;DF;19;2005;22,6;0;4;1;25,0;0,18;0,04;0,0;0,0;0;0;FRA;DF;19;2005;30;2035;68;66,5;22,6;23;82;14;7;21;2;1,1;26;30;-4;-0,18;0,0;FRA;DF;19;2005;22,6;1;0;0;17;40;0;61;11;17;0;;;;;;;;;;;;;;;;;;;;;;;
Ilhan Fakili;Clermont Foot;2526;FRA-Ligue 2;FRA;MF,FW;19;2006;33;21;1814;20,2;4;3;7;3;1;1;0;0;0,2;0,15;0,35;0,15;0,3;FRA;MF,FW;19;2006;20,2;4;42;15;35,7;2,08;0,74;0,1;0,27;1;1;FRA;MF,FW;19;2006;33;1814;55;59,3;20,2;21;75;4;12;20;0;1,09;27;22;5;0,25;1,04;FRA;MF,FW;19;2006;20,2;0;0;0;20;39;5;35;15;9;0;;;;;;;;;;;;;;;;;;;;;;;
Joan Raynaud;Clermont Foot;2526;FRA-Ligue 2;;;;;;;;;;;;;;;;;;;;;;;;;;;;;;;;;;;;;FRA;GK;18;2007;0;;;;;0;;0;0;;1;;;;;;;;;;;;;;;;;;;;;;;;;;;;;;;;;;;;;;;;;;;;
Johan Gastien;Clermont Foot;2526;FRA-Ligue 2;FRA;MF;37;1988;27;20;1636;18,2;0;3;3;0;0;0;6;0;0,0;0,17;0,17;0,0;0,17;FRA;MF;37;1988;18,2;0;13;1;7,7;0,72;0,06;0,0;0,0;0;0;FRA;MF;37;1988;27;1636;61;53,5;18,2;20;73;2;7;26;2;1,11;19;26;-7;-0,39;-0,45;FRA;MF;37;1988;18,2;6;0;0;14;17;1;5;21;14;0;;;;;;;;;;;;;;;;;;;;;;;
Joshua M'Bahia;Clermont Foot;2526;FRA-Ligue 2;CIV;DF;20;2005;28;23;2172;24,1;2;0;2;2;0;0;2;0;0,08;0,0;0,08;0,08;0,08;CIV;DF;20;2005;24,1;2;7;3;42,9;0,29;0,12;0,29;0,67;0;0;CIV;DF;20;2005;28;2172;78;71,0;24,1;23;90;23;5;20;1;1,11;29;36;-7;-0,29;-0,39;CIV;DF;20;2005;24,1;2;0;0;24;12;0;5;27;32;0;;;;;;;;;;;;;;;;;;;;;;;
Julien Astic;Clermont Foot;2526;FRA-Ligue 2;FRA;MF;20;2005;10;5;425;4,7;1;0;1;1;0;0;0;0;0,21;0,0;0,21;0,21;0,21;FRA;MF;20;2005;4,7;1;5;1;20,0;1,06;0,21;0,2;1,0;0;0;FRA;MF;20;2005;10;425;43;13,9;4,7;5;61;0;5;24;2;1,5;3;4;-1;-0,21;-0,04;FRA;MF;20;2005;4,7;0;0;0;8;2;0;3;2;1;0;;;;;;;;;;;;;;;;;;;;;;;
Kenji-Van Boto;Clermont Foot;2526;FRA-Ligue 2;MAD;DF;29;1996;10;9;716;8,0;0;0;0;0;0;0;0;0;0,0;0,0;0,0;0,0;0,0;MAD;DF;29;1996;8,0;0;1;0;0,0;0,13;0,0;0,0;;0;0;MAD;DF;29;1996;10;716;72;23,4;8,0;9;79;6;1;1;6;1,3;7;9;-2;-0,25;-0,1;MAD;DF;29;1996;8,0;0;0;0;3;8;0;23;9;4;0;;;;;;;;;;;;;;;;;;;;;;;
Loic Socka Bongué;Clermont Foot;2526;FRA-Ligue 2;FRA;FW,MF;26;1998;17;10;861;9,6;1;1;2;1;0;0;1;0;0,1;0,1;0,21;0,1;0,21;FRA;FW,MF;26;1998;9,6;1;19;3;15,8;1,99;0,31;0,05;0,33;0;0;FRA;FW,MF;26;1998;17;861;51;28,1;9,6;10;75;3;7;16;0;1,12;8;11;-3;-0,31;-0,19;FRA;FW,MF;26;1998;9,6;1;0;0;20;10;0;2;7;6;0;;;;;;;;;;;;;;;;;;;;;;;
Maidine Douane;Clermont Foot;2526;FRA-Ligue 2;FRA;MF;22;2002;5;0;94;1,0;0;0;0;0;0;0;0;0;0,0;0,0;0,0;0,0;0,0;FRA;MF;22;2002;1,0;0;2;0;0,0;1,91;0,0;0,0;;0;0;FRA;MF;22;2002;5;94;19;3,1;1,0;0;;0;5;19;1;0,8;0;2;-2;-1,91;-1,79;FRA;MF;22;2002;1,0;0;0;0;3;2;0;4;2;1;0;;;;;;;;;;;;;;;;;;;;;;;
Marouane Admar;Clermont Foot;2526;FRA-Ligue 2;;;;;;;;;;;;;;;;;;;;;;;;;;;;;;;;;;;;;FRA;MF;19;2006;0;;;;;0;;0;0;;3;;;;;;;;;;;;;;;;;;;;;;;;;;;;;;;;;;;;;;;;;;;;
Massamba Ndiaye;Clermont Foot;2526;FRA-Ligue 2;SEN;GK;23;2001;1;1;90;1,0;0;0;0;0;0;0;0;0;0,0;0,0;0,0;0,0;0,0;SEN;GK;23;2001;1,0;0;0;0;;0,0;0,0;;;0;0;SEN;GK;23;2001;1;90;90;2,9;1,0;1;90;1;0;;32;0,0;0;1;-1;-1,0;-0,85;SEN;GK;23;2001;1,0;0;0;0;0;1;0;0;0;0;0;SEN;GK;23;2001;1;1;90;1,0;1;1,0;6;5;83,3;0;0;1;0;0,0;0;0;0;0;
Mathys Tourraine;Clermont Foot;2526;FRA-Ligue 2;FRA;MF,DF;24;2001;6;2;252;2,8;0;0;0;0;0;0;1;0;0,0;0,0;0,0;0,0;0,0;FRA;MF,DF;24;2001;2,8;0;1;0;0,0;0,36;0,0;0,0;;0;0;FRA;MF,DF;24;2001;6;252;42;8,2;2,8;2;80;1;4;23;1;1,0;2;1;1;0,36;0,58;FRA;MF,DF;24;2001;2,8;1;0;0;2;1;0;7;2;1;0;;;;;;;;;;;;;;;;;;;;;;;
Matys Donavin;Clermont Foot;2526;FRA-Ligue 2;FRA;DF;18;2006;2;0;11;0,1;0;0;0;0;0;0;0;0;0,0;0,0;0,0;0,0;0,0;FRA;DF;18;2006;0,1;0;0;0;;0,0;0,0;;;0;0;FRA;DF;18;2006;2;11;6;0,4;0,1;0;;0;2;6;2;0,5;0;0;0;0,0;0,18;FRA;DF;18;2006;0,1;0;0;0;0;0;0;0;0;0;0;;;;;;;;;;;;;;;;;;;;;;;
Maximiliano Caufriez;Clermont Foot;2526;FRA-Ligue 2;BEL;DF;28;1997;19;17;1460;16,2;0;0;0;0;0;0;4;1;0,0;0,0;0,0;0,0;0,0;BEL;DF;28;1997;16,2;0;8;0;0,0;0,49;0,0;0,0;;0;0;BEL;DF;28;1997;19;1460;77;47,7;16,2;17;84;12;2;12;4;0,79;15;25;-10;-0,62;-0,84;BEL;DF;28;1997;16,2;4;1;0;26;15;0;0;13;10;0;;;;;;;;;;;;;;;;;;;;;;;
Mo Guindo;Clermont Foot;2526;FRA-Ligue 2;MLI;FW;21;2003;4;1;129;1,4;0;0;0;0;0;0;0;0;0,0;0,0;0,0;0,0;0,0;MLI;FW;21;2003;1,4;0;3;2;66,7;2,09;1,4;0,0;0,0;0;0;MLI;FW;21;2003;4;129;32;4,2;1,4;1;70;0;3;20;1;0,75;2;3;-1;-0,7;-0,54;MLI;FW;21;2003;1,4;0;0;0;6;1;3;0;0;1;0;;;;;;;;;;;;;;;;;;;;;;;
Ousmane Diop;Clermont Foot;2526;FRA-Ligue 2;SEN;MF;20;2005;11;3;351;3,9;0;0;0;0;0;0;0;0;0,0;0,0;0,0;0,0;0,0;SEN;MF;20;2005;3,9;0;4;1;25,0;1,03;0,26;0,0;0,0;0;0;SEN;MF;20;2005;11;351;32;11,5;3,9;3;68;0;8;19;3;1,27;7;8;-1;-0,26;-0,09;SEN;MF;20;2005;3,9;0;0;0;3;2;0;7;0;4;0;;;;;;;;;;;;;;;;;;;;;;;
Saidou Sow;Clermont Foot;2526;FRA-Ligue 2;GUI;DF;23;2002;12;10;890;9,9;1;0;1;1;0;0;1;0;0,1;0,0;0,1;0,1;0,1;GUI;DF;23;2002;9,9;1;5;3;60,0;0,51;0,3;0,2;0,33;0;0;GUI;DF;23;2002;12;890;74;29,1;9,9;10;88;8;2;4;1;1,17;10;11;-1;-0,1;0,11;GUI;DF;23;2002;9,9;1;0;0;8;12;1;0;7;7;0;;;;;;;;;;;;;;;;;;;;;;;
Stan Berkani;Clermont Foot;2526;FRA-Ligue 2;;;;;;;;;;;;;;;;;;;;;;;;;;;;;;;;;;;;;ALG;MF;21;2003;0;;;;;0;;0;0;;3;;;;;;;;;;;;;;;;;;;;;;;;;;;;;;;;;;;;;;;;;;;;
Théo Guivarch;Clermont Foot;2526;FRA-Ligue 2;FRA;GK;29;1995;33;33;2970;33,0;0;0;0;0;0;0;3;0;0,0;0,0;0,0;0,0;0,0;FRA;GK;29;1995;33,0;0;0;0;;0,0;0,0;;;0;0;FRA;GK;29;1995;33;2970;90;97,1;33,0;33;90;33;0;;0;1,12;38;43;-5;-0,15;0,85;FRA;GK;29;1995;33,0;3;0;0;1;9;0;0;0;0;1;FRA;GK;29;1995;33;33;2970;33,0;43;1,3;131;88;67,2;9;10;14;6;18,2;4;2;0;2;0,0
Théo Ramousse;Clermont Foot;2526;FRA-Ligue 2;;;;;;;;;;;;;;;;;;;;;;;;;;;;;;;;;;;;;FRA;GK;20;2005;0;;;;;0;;0;0;;1;;;;;;;;;;;;;;;;;;;;;;;;;;;;;;;;;;;;;;;;;;;;
Vital N'Simba;Clermont Foot;2526;FRA-Ligue 2;COD;DF;32;1993;16;8;828;9,2;0;0;0;0;0;0;1;0;0,0;0,0;0,0;0,0;0,0;COD;DF;32;1993;9,2;0;3;1;33,3;0,33;0,11;0,0;0,0;0;0;COD;DF;32;1993;16;828;52;27,1;9,2;8;88;5;8;15;3;1,0;10;12;-2;-0,22;-0,06;COD;DF;32;1993;9,2;1;0;0;6;10;0;70;10;6;0;;;;;;;;;;;;;;;;;;;;;;;
Yoann Salmier;Clermont Foot;2526;FRA-Ligue 2;GUF;DF;32;1992;31;30;2603;28,9;1;1;2;1;0;0;4;1;0,03;0,03;0,07;0,03;0,07;GUF;DF;32;1992;28,9;1;15;7;46,7;0,52;0,24;0,07;0,14;0;0;GUF;DF;32;1992;31;2603;84;85,1;28,9;30;87;27;1;4;1;1,13;33;34;-1;-0,03;0,95;GUF;DF;32;1992;28,9;4;1;0;26;14;2;0;27;15;0;;;;;;;;;;;;;;;;;;;;;;;
Yuliwes Bellache;Clermont Foot;2526;FRA-Ligue 2;FRA;MF;22;2002;6;1;82;0,9;0;0;0;0;0;0;0;0;0,0;0,0;0,0;0,0;0,0;FRA;MF;22;2002;0,9;0;4;2;50,0;4,39;2,2;0,0;0,0;0;0;FRA;MF;22;2002;6;82;14;2,7;0,9;1;45;0;5;7;4;1,17;2;4;-2;-2,2;-2,07;FRA;MF;22;2002;0,9;0;0;0;1;6;0;4;1;0;0;;;;;;;;;;;;;;;;;;;;;;;
Abdel Medroub;Grenoble Foot;2526;FRA-Ligue 2;;;;;;;;;;;;;;;;;;;;;;;;;;;;;;;;;;;;;FRA;;22;2003;0;;;;;0;;0;0;;1;;;;;;;;;;;;;;;;;;;;;;;;;;;;;;;;;;;;;;;;;;;;
Alan Kerouedan;Grenoble Foot;2526;FRA-Ligue 2;FRA;MF,FW;25;2000;7;2;193;2,1;0;0;0;0;0;0;1;0;0,0;0,0;0,0;0,0;0,0;FRA;MF,FW;25;2000;2,1;0;5;1;20,0;2,33;0,47;0,0;0,0;0;0;FRA;MF,FW;25;2000;7;193;28;6,3;2,1;2;62;0;5;14;1;1,14;1;3;-2;-0,93;-0,81;FRA;MF,FW;25;2000;2,1;1;0;0;4;7;2;3;0;1;0;;;;;;;;;;;;;;;;;;;;;;;
Allan Tchaptchet;Grenoble Foot;2526;FRA-Ligue 2;FRA;DF;23;2001;1;1;90;1,0;0;0;0;0;0;0;0;0;0,0;0,0;0,0;0,0;0,0;FRA;DF;23;2001;1,0;0;0;0;;0,0;0,0;;;0;0;FRA;DF;23;2001;1;90;90;2,9;1,0;1;90;1;0;;1;3,0;1;0;1;1,0;1,21;FRA;DF;23;2001;1,0;0;0;0;1;0;0;0;2;0;0;;;;;;;;;;;;;;;;;;;;;;;
Arthur Lallias;Grenoble Foot;2526;FRA-Ligue 2;FRA;MF,FW;22;2003;10;5;539;6,0;0;0;0;0;0;0;1;0;0,0;0,0;0,0;0,0;0,0;FRA;MF,FW;22;2003;6,0;0;14;2;14,3;2,34;0,33;0,0;0,0;0;0;FRA;MF,FW;22;2003;10;539;54;17,6;6,0;5;80;2;5;27;0;0,9;5;6;-1;-0,17;0,01;FRA;MF,FW;22;2003;6,0;1;0;0;8;8;3;13;2;6;0;;;;;;;;;;;;;;;;;;;;;;;
Baptiste Mouazan;Grenoble Foot;2526;FRA-Ligue 2;FRA;MF,FW;23;2001;19;12;848;9,4;0;2;2;0;0;0;2;1;0,0;0,21;0,21;0,0;0,21;FRA;MF,FW;23;2001;9,4;0;9;2;22,2;0,96;0,21;0,0;0,0;0;0;FRA;MF,FW;23;2001;19;848;45;27,7;9,4;12;64;0;7;12;4;1,0;6;15;-9;-0,96;-1,08;FRA;MF,FW;23;2001;9,4;2;1;0;15;15;5;40;8;7;0;;;;;;;;;;;;;;;;;;;;;;;
Bobby Allain;Grenoble Foot;2526;FRA-Ligue 2;FRA;GK;33;1991;5;3;378;4,2;0;0;0;0;0;0;0;0;0,0;0,0;0,0;0,0;0,0;FRA;GK;33;1991;4,2;0;0;0;;0,0;0,0;;;0;0;FRA;GK;33;1991;5;378;76;12,4;4,2;3;90;3;2;54;24;1,2;2;2;0;0,0;0,2;FRA;GK;33;1991;4,2;0;0;0;0;1;0;0;0;0;0;FRA;GK;33;1991;5;3;378;4,2;2;0,48;11;9;81,8;0;2;1;3;100,0;0;0;0;0;
Charlie Dressel;Grenoble Foot;2526;FRA-Ligue 2;ENG;MF;19;2005;1;0;1;0,0;0;0;0;0;0;0;0;0;0,0;0,0;0,0;0,0;0,0;ENG;MF;19;2005;0,0;0;0;0;;0,0;0,0;;;0;0;ENG;MF;19;2005;1;1;1;0,0;0,0;0;;0;1;1;1;1,0;0;0;0;0,0;0,18;ENG;MF;19;2005;0,0;0;0;0;0;0;0;0;0;0;0;;;;;;;;;;;;;;;;;;;;;;;
Clément Vidal;Grenoble Foot;2526;FRA-Ligue 2;FRA;DF;25;2000;26;23;2004;22,3;1;0;1;1;0;0;6;0;0,04;0,0;0,04;0,04;0,04;FRA;DF;25;2000;22,3;1;16;7;43,8;0,72;0,31;0,06;0,14;0;0;FRA;DF;25;2000;26;2004;77;65,5;22,3;23;86;18;3;12;2;1,04;18;25;-7;-0,31;-0,4;FRA;DF;25;2000;22,3;6;0;0;18;32;0;1;20;13;0;;;;;;;;;;;;;;;;;;;;;;;
Eddy Sylvestre;Grenoble Foot;2526;FRA-Ligue 2;FRA;MF;25;1999;3;0;37;0,4;0;0;0;0;0;0;0;0;0,0;0,0;0,0;0,0;0,0;FRA;MF;25;1999;0,4;0;2;0;0,0;4,86;0,0;0,0;;0;0;FRA;MF;25;1999;3;37;12;1,2;0,4;0;;0;3;12;0;0,33;1;0;1;2,43;2,64;FRA;MF;25;1999;0,4;0;0;0;0;0;0;0;0;1;0;;;;;;;;;;;;;;;;;;;;;;;
Efe Sarikaya;Grenoble Foot;2526;FRA-Ligue 2;TUR;DF;19;2005;6;4;354;3,9;0;0;0;0;0;0;1;0;0,0;0,0;0,0;0,0;0,0;TUR;DF;19;2005;3,9;0;0;0;;0,0;0,0;;;0;0;TUR;DF;19;2005;6;354;59;11,6;3,9;4;84;2;2;10;6;1,33;3;4;-1;-0,25;-0,09;TUR;DF;19;2005;3,9;1;0;0;5;0;0;0;6;1;1;;;;;;;;;;;;;;;;;;;;;;;
Evans Maurin;Grenoble Foot;2526;FRA-Ligue 2;FRA;MF;24;2001;22;4;683;7,6;3;0;3;3;0;0;2;0;0,4;0,0;0,4;0,4;0,4;FRA;MF;24;2001;7,6;3;18;7;38,9;2,37;0,92;0,17;0,43;0;0;FRA;MF;24;2001;22;683;31;22,3;7,6;4;77;1;18;21;0;1,09;8;9;-1;-0,13;0,06;FRA;MF;24;2001;7,6;2;0;0;24;13;2;10;5;8;0;;;;;;;;;;;;;;;;;;;;;;;
Gaëtan Paquiez;Grenoble Foot;2526;FRA-Ligue 2;FRA;DF;31;1994;30;29;2586;28,7;1;3;4;1;0;0;9;0;0,03;0,1;0,14;0,03;0,14;FRA;DF;31;1994;28,7;1;14;4;28,6;0,49;0,14;0,07;0,25;0;0;FRA;DF;31;1994;30;2586;86;84,5;28,7;29;89;26;1;10;0;1,23;31;33;-2;-0,07;0,69;FRA;DF;31;1994;28,7;9;0;0;51;28;2;25;41;36;0;;;;;;;;;;;;;;;;;;;;;;;
Hianga'a Mbock;Grenoble Foot;2526;FRA-Ligue 2;FRA;MF;25;1999;12;6;576;6,4;0;0;0;0;0;0;2;0;0,0;0,0;0,0;0,0;0,0;FRA;MF;25;1999;6,4;0;4;2;50,0;0,62;0,31;0,0;0,0;0;0;FRA;MF;25;1999;12;576;48;18,8;6,4;6;80;3;6;16;3;1,08;3;9;-6;-0,94;-0,94;FRA;MF;25;1999;6,4;2;0;0;17;13;1;17;7;9;0;;;;;;;;;;;;;;;;;;;;;;;
Jessy Bénet;Grenoble Foot;2526;FRA-Ligue 2;FRA;MF;30;1995;29;28;2465;27,4;7;2;9;3;4;5;3;0;0,26;0,07;0,33;0,11;0,18;FRA;MF;30;1995;27,4;7;30;16;53,3;1,1;0,58;0,23;0,44;4;5;FRA;MF;30;1995;29;2465;85;80,6;27,4;28;87;24;1;19;0;1,21;27;29;-2;-0,07;0,53;FRA;MF;30;1995;27,4;3;0;0;38;43;2;113;41;38;0;;;;;;;;;;;;;;;;;;;;;;;
Loris Mouyokolo;Grenoble Foot;2526;FRA-Ligue 2;FRA;DF;24;2001;27;26;2350;26,1;0;3;3;0;0;0;3;1;0,0;0,11;0,11;0,0;0,11;FRA;DF;24;2001;26,1;0;3;0;0,0;0,11;0,0;0,0;;0;0;FRA;DF;24;2001;27;2350;87;76,8;26,1;26;90;24;1;22;5;1,11;26;31;-5;-0,19;-0,06;FRA;DF;24;2001;26,1;3;1;1;33;8;0;1;26;22;0;;;;;;;;;;;;;;;;;;;;;;;
Loïc N'Gatta;Grenoble Foot;2526;FRA-Ligue 2;FRA;MF;21;2003;5;1;78;0,9;0;0;0;0;0;0;0;0;0,0;0,0;0,0;0,0;0,0;FRA;MF;21;2003;0,9;0;0;0;;0,0;0,0;;;0;0;FRA;MF;21;2003;5;78;16;2,5;0,9;1;9;0;4;17;3;1,2;0;2;-2;-2,31;-2,19;FRA;MF;21;2003;0,9;0;0;0;1;1;0;2;2;1;0;;;;;;;;;;;;;;;;;;;;;;;
Lucas Bernadou;Grenoble Foot;2526;FRA-Ligue 2;FRA;MF;24;2000;15;11;963;10,7;1;1;2;1;0;0;4;0;0,09;0,09;0,19;0,09;0,19;FRA;MF;24;2000;10,7;1;11;3;27,3;1,03;0,28;0,09;0,33;0;0;FRA;MF;24;2000;15;963;64;31,5;10,7;11;79;4;4;23;0;1,2;9;10;-1;-0,09;0,12;FRA;MF;24;2000;10,7;4;0;0;13;3;0;12;21;14;0;;;;;;;;;;;;;;;;;;;;;;;
Mamadou Diop;Grenoble Foot;2526;FRA-Ligue 2;MTN;GK;25;2000;31;31;2682;29,8;0;0;0;0;0;0;2;0;0,0;0,0;0,0;0,0;0,0;MTN;GK;25;2000;29,8;0;0;0;;0,0;0,0;;;0;0;MTN;GK;25;2000;31;2682;87;87,6;29,8;31;87;29;0;;0;1,19;31;37;-6;-0,2;-0,2;MTN;GK;25;2000;29,8;2;0;0;0;6;0;0;0;1;0;MTN;GK;25;2000;31;31;2682;29,8;37;1,24;141;104;73,8;8;13;10;9;29,0;2;2;0;0;0,0
Mamady Bangré;Grenoble Foot;2526;FRA-Ligue 2;BFA;MF,FW;24;2001;23;9;919;10,2;1;2;3;1;0;0;0;1;0,1;0,2;0,29;0,1;0,29;BFA;MF,FW;24;2001;10,2;1;17;3;17,6;1,66;0,29;0,06;0,33;0;0;BFA;MF,FW;24;2001;23;919;40;30,0;10,2;9;67;0;14;23;2;1,13;11;9;2;0,2;0,53;BFA;MF,FW;24;2001;10,2;0;1;0;8;6;2;11;3;15;0;;;;;;;;;;;;;;;;;;;;;;;
Mathieu Mion;Grenoble Foot;2526;FRA-Ligue 2;FRA;DF;24;2000;25;10;992;11,0;0;0;0;0;0;0;1;0;0,0;0,0;0,0;0,0;0,0;FRA;DF;24;2000;11,0;0;8;3;37,5;0,73;0,27;0,0;0,0;0;0;FRA;DF;24;2000;25;992;40;32,4;11,0;10;76;3;15;15;1;1,0;11;10;1;0,09;0,4;FRA;DF;24;2000;11,0;1;0;0;19;17;3;42;20;15;0;;;;;;;;;;;;;;;;;;;;;;;
Matthéo Xantippe;Grenoble Foot;2526;FRA-Ligue 2;FRA;DF,MF;23;2002;31;28;2375;26,4;2;1;3;2;0;0;7;0;0,08;0,04;0,11;0,08;0,11;FRA;DF,MF;23;2002;26,4;2;18;8;44,4;0,68;0,3;0,11;0,25;0;0;FRA;DF,MF;23;2002;31;2375;77;77,6;26,4;28;82;12;3;29;0;1,16;24;30;-6;-0,23;-0,23;FRA;DF,MF;23;2002;26,4;7;0;0;36;8;6;65;28;43;0;;;;;;;;;;;;;;;;;;;;;;;
Maxime Pattier;Grenoble Foot;2526;FRA-Ligue 2;;;;;;;;;;;;;;;;;;;;;;;;;;;;;;;;;;;;;FRA;GK;29;1996;0;;;;;0;;0;0;;8;;;;;;;;;;;;;;;;;;;;;;;;;;;;;;;;;;;;;;;;;;;;
Mohamed Bechikh;Grenoble Foot;2526;FRA-Ligue 2;FRA;FW;20;2005;5;1;151;1,7;0;1;1;0;0;0;0;0;0,0;0,6;0,6;0,0;0,6;FRA;FW;20;2005;1,7;0;4;1;25,0;2,38;0,6;0,0;0,0;0;0;FRA;FW;20;2005;5;151;30;4,9;1,7;1;62;0;4;22;1;1,2;2;4;-2;-1,19;-1,07;FRA;FW;20;2005;1,7;0;0;0;5;3;1;2;0;1;0;;;;;;;;;;;;;;;;;;;;;;;
Moussa Djitte;Grenoble Foot;2526;FRA-Ligue 2;SEN;FW;25;1999;19;6;586;6,5;1;0;1;1;0;0;2;0;0,15;0,0;0,15;0,15;0,15;SEN;FW;25;1999;6,5;1;8;3;37,5;1,23;0,46;0,13;0,33;0;0;SEN;FW;25;1999;19;586;31;19,2;6,5;6;63;0;13;16;0;1,32;5;8;-3;-0,46;-0,35;SEN;FW;25;1999;6,5;2;0;0;12;11;9;2;1;5;0;;;;;;;;;;;;;;;;;;;;;;;
Nesta Elphege;Grenoble Foot;2526;FRA-Ligue 2;FRA;FW;24;2001;17;12;1058;11,8;4;3;7;4;0;0;2;0;0,34;0,26;0,6;0,34;0,6;FRA;FW;24;2001;11,8;4;27;13;48,1;2,3;1,11;0,15;0,31;0;0;FRA;FW;24;2001;17;1058;62;34,6;11,8;12;77;1;5;27;0;1,29;16;13;3;0,26;0,66;FRA;FW;24;2001;11,8;2;0;0;23;8;12;3;4;2;0;;;;;;;;;;;;;;;;;;;;;;;
Nesta Zahui;Grenoble Foot;2526;FRA-Ligue 2;FRA;MF,FW;22;2003;33;22;1671;18,6;0;2;2;0;0;0;4;0;0,0;0,11;0,11;0,0;0,11;FRA;MF,FW;22;2003;18,6;0;16;6;37,5;0,86;0,32;0,0;0,0;0;0;FRA;MF,FW;22;2003;33;1671;51;54,6;18,6;22;70;0;11;11;0;1,09;16;23;-7;-0,38;-0,44;FRA;MF,FW;22;2003;18,6;4;0;0;22;26;1;61;12;27;0;;;;;;;;;;;;;;;;;;;;;;;
Samba Lélé Diba;Grenoble Foot;2526;FRA-Ligue 2;SEN;MF;21;2003;21;13;1098;12,2;0;1;1;0;0;0;5;1;0,0;0,08;0,08;0,0;0,08;SEN;MF;21;2003;12,2;0;13;2;15,4;1,07;0,16;0,0;0,0;0;0;SEN;MF;21;2003;21;1098;52;35,9;12,2;13;75;3;8;16;4;1,24;12;12;0;0,0;0,28;SEN;MF;21;2003;12,2;5;1;0;31;23;2;1;13;11;0;;;;;;;;;;;;;;;;;;;;;;;
Shaquil Delos;Grenoble Foot;2526;FRA-Ligue 2;FRA;DF;26;1999;29;19;1817;20,2;0;1;1;0;0;0;0;0;0,0;0,05;0,05;0,0;0,05;FRA;DF;26;1999;20,2;0;7;3;42,9;0,35;0,15;0,0;0,0;0;0;FRA;DF;26;1999;29;1817;63;59,4;20,2;19;87;15;10;17;2;1,21;26;26;0;0,0;0,43;FRA;DF;26;1999;20,2;0;0;0;16;22;2;57;17;22;0;;;;;;;;;;;;;;;;;;;;;;;
Stone Mambo;Grenoble Foot;2526;FRA-Ligue 2;;DF;26;1999;18;17;1535;17,1;1;0;1;1;0;0;2;0;0,06;0,0;0,06;0,06;0,06;;DF;26;1999;17,1;1;9;2;22,2;0,53;0,12;0,11;0,5;0;0;;DF;26;1999;18;1535;85;50,2;17,1;17;88;16;1;38;10;1,22;19;24;-5;-0,29;-0,23;;DF;26;1999;17,1;2;0;0;21;18;0;7;25;22;0;;;;;;;;;;;;;;;;;;;;;;;
Theo Valls;Grenoble Foot;2526;FRA-Ligue 2;FRA;MF;29;1995;18;17;1530;17,0;1;1;2;1;0;0;1;0;0,06;0,06;0,12;0,06;0,12;FRA;MF;29;1995;17,0;1;24;6;25,0;1,41;0,35;0,04;0,17;0;0;FRA;MF;29;1995;18;1530;85;50,0;17,0;17;88;14;1;28;0;1,17;19;21;-2;-0,12;0,12;FRA;MF;29;1995;17,0;1;0;0;18;14;2;31;16;15;0;;;;;;;;;;;;;;;;;;;;;;;
Ugo Bonnet;Grenoble Foot;2526;FRA-Ligue 2;FRA;FW;31;1993;13;9;733;8,1;1;0;1;1;0;0;1;1;0,12;0,0;0,12;0,12;0,12;FRA;FW;31;1993;8,1;1;12;1;8,3;1,47;0,12;0,08;1,0;0;0;FRA;FW;31;1993;13;733;56;24,0;8,1;9;70;0;4;27;0;1,08;6;4;2;0,25;0,55;FRA;FW;31;1993;8,1;1;1;0;13;13;5;2;3;3;0;;;;;;;;;;;;;;;;;;;;;;;
Yadaly Diaby;Grenoble Foot;2526;FRA-Ligue 2;GUI;MF,FW;24;2000;33;25;2203;24,5;9;1;10;9;0;0;2;1;0,37;0,04;0,41;0,37;0,41;GUI;MF,FW;24;2000;24,5;9;58;27;46,6;2,37;1,1;0,16;0,33;0;0;GUI;MF,FW;24;2000;33;2203;67;72,0;24,5;25;80;9;8;25;0;1,15;23;27;-4;-0,16;0,05;GUI;MF,FW;24;2000;24,5;2;1;0;31;44;27;14;15;24;0;;;;;;;;;;;;;;;;;;;;;;;
Abdel Abdallah;Guingamp;2526;FRA-Ligue 2;COM;DF;27;1997;26;23;2004;22,3;0;0;0;0;0;0;4;0;0,0;0,0;0,0;0,0;0,0;COM;DF;27;1997;22,3;0;15;4;26,7;0,67;0,18;0,0;0,0;0;0;COM;DF;27;1997;26;2004;77;65,5;22,3;23;84;19;3;20;2;1,15;28;31;-3;-0,13;0,21;COM;DF;27;1997;22,3;4;0;0;21;17;1;71;33;22;0;;;;;;;;;;;;;;;;;;;;;;;
Adrián Ortolá;Guingamp;2526;FRA-Ligue 2;ESP;GK;31;1993;21;21;1887;21,0;0;0;0;0;0;0;1;0;0,0;0,0;0,0;0,0;0,0;ESP;GK;31;1993;21,0;0;0;0;;0,0;0,0;;;0;0;ESP;GK;31;1993;21;1887;90;61,7;21,0;21;90;20;0;;1;0,86;21;30;-9;-0,43;-0,58;ESP;GK;31;1993;21,0;1;0;0;1;2;0;0;0;0;0;ESP;GK;31;1993;21;21;1887;21,0;30;1,43;90;60;66,7;4;6;11;5;23,8;5;5;0;0;0,0
Albin Demouchy;Guingamp;2526;FRA-Ligue 2;FRA;DF;23;2002;22;19;1698;18,9;1;0;1;1;0;0;2;0;0,05;0,0;0,05;0,05;0,05;FRA;DF;23;2002;18,9;1;7;3;42,9;0,37;0,16;0,14;0,33;0;0;FRA;DF;23;2002;22;1698;77;55,5;18,9;19;87;17;3;12;11;1,0;21;26;-5;-0,27;-0,13;FRA;DF;23;2002;18,9;2;0;0;14;22;0;1;8;24;0;;;;;;;;;;;;;;;;;;;;;;;
Alpha Sissoko;Guingamp;2526;FRA-Ligue 2;MLI;DF;28;1997;30;26;2412;26,8;0;1;1;0;0;0;5;0;0,0;0,04;0,04;0,0;0,04;MLI;DF;28;1997;26,8;0;4;0;0,0;0,15;0,0;0,0;;0;0;MLI;DF;28;1997;30;2412;80;78,8;26,8;26;88;23;4;29;0;1,23;36;37;-1;-0,04;0,8;MLI;DF;28;1997;26,8;5;0;0;21;38;1;107;30;17;0;;;;;;;;;;;;;;;;;;;;;;;
Amadou Sagna;Guingamp;2526;FRA-Ligue 2;SEN;MF;26;1999;26;21;1678;18,6;1;1;2;1;0;0;1;0;0,05;0,05;0,11;0,05;0,11;SEN;MF;26;1999;18,6;1;31;5;16,1;1,66;0,27;0,03;0,2;0;0;SEN;MF;26;1999;26;1678;65;54,8;18,6;21;73;6;5;28;1;1,0;22;24;-2;-0,11;0,22;SEN;MF;26;1999;18,6;1;0;0;20;25;5;57;11;13;0;;;;;;;;;;;;;;;;;;;;;;;
Amadou Samoura;Guingamp;2526;FRA-Ligue 2;FRA;MF;21;2003;9;2;313;3,5;3;1;4;3;0;0;0;0;0,86;0,29;1,15;0,86;1,15;FRA;MF;21;2003;3,5;3;12;4;33,3;3,45;1,15;0,25;0,75;0;0;FRA;MF;21;2003;9;313;35;10,2;3,5;2;56;0;7;29;0;1,22;7;5;2;0,58;0,87;FRA;MF;21;2003;3,5;0;0;0;9;10;1;8;1;3;0;;;;;;;;;;;;;;;;;;;;;;;
Amine Hemia;Guingamp;2526;FRA-Ligue 2;FRA;FW,MF;27;1998;13;13;1078;12,0;3;5;8;3;0;0;3;0;0,25;0,42;0,67;0,25;0,67;FRA;FW,MF;27;1998;12,0;3;28;10;35,7;2,34;0,83;0,11;0,3;0;0;FRA;FW,MF;27;1998;13;1078;83;35,2;12,0;13;83;8;0;;0;1,46;18;19;-1;-0,08;0,19;FRA;FW,MF;27;1998;12,0;3;0;0;17;31;2;54;7;7;0;;;;;;;;;;;;;;;;;;;;;;;
Dago Ourega;Guingamp;2526;FRA-Ligue 2;FRA;DF,MF;20;2004;18;11;1086;12,1;1;3;4;1;0;0;2;0;0,08;0,25;0,33;0,08;0,33;FRA;DF,MF;20;2004;12,1;1;13;2;15,4;1,08;0,17;0,08;0,5;0;0;FRA;DF,MF;20;2004;18;1086;60;35,5;12,1;11;80;4;7;29;1;1,61;20;17;3;0,25;0,7;FRA;DF,MF;20;2004;12,1;2;0;0;12;32;3;63;14;20;0;;;;;;;;;;;;;;;;;;;;;;;
Darly Nlandu;Guingamp;2526;FRA-Ligue 2;FRA;MF;25;2000;15;5;495;5,5;2;1;3;2;0;0;2;0;0,36;0,18;0,55;0,36;0,55;FRA;MF;25;2000;5,5;2;7;4;57,1;1,27;0,73;0,29;0,5;0;0;FRA;MF;25;2000;15;495;33;16,2;5,5;5;65;0;10;17;1;1,13;14;10;4;0,73;1,11;FRA;MF;25;2000;5,5;2;0;0;14;17;1;2;5;7;0;;;;;;;;;;;;;;;;;;;;;;;
Donatien Gomis;Guingamp;2526;FRA-Ligue 2;SEN;DF;30;1994;26;26;2339;26,0;4;1;5;4;0;0;5;0;0,15;0,04;0,19;0,15;0,19;SEN;DF;30;1994;26,0;4;16;6;37,5;0,62;0,23;0,25;0,67;0;0;SEN;DF;30;1994;26;2339;90;76,4;26,0;26;90;25;0;;1;1,31;36;40;-4;-0,15;0,22;SEN;DF;30;1994;26,0;5;0;0;18;37;0;4;17;28;0;;;;;;;;;;;;;;;;;;;;;;;
Dylan Louiserre;Guingamp;2526;FRA-Ligue 2;FRA;MF;30;1995;34;34;2838;31,5;0;0;0;0;0;0;3;0;0,0;0,0;0,0;0,0;0,0;FRA;MF;30;1995;31,5;0;26;1;3,8;0,82;0,03;0,0;0,0;0;0;FRA;MF;30;1995;34;2838;83;92,7;31,5;34;83;22;0;;0;1,18;36;46;-10;-0,32;-1,53;FRA;MF;30;1995;31,5;3;0;0;40;24;0;8;30;39;1;;;;;;;;;;;;;;;;;;;;;;;
Eden Gassama;Guingamp;2526;FRA-Ligue 2;;;;;;;;;;;;;;;;;;;;;;;;;;;;;;;;;;;;;FRA;DF;20;2005;0;;;;;0;;0;0;;5;;;;;;;;;;;;;;;;;;;;;;;;;;;;;;;;;;;;;;;;;;;;
Erwin Koffi;Guingamp;2526;FRA-Ligue 2;FRA;DF,MF;30;1995;22;16;1368;15,2;0;1;1;0;0;0;0;0;0,0;0,07;0,07;0,0;0,07;FRA;DF,MF;30;1995;15,2;0;17;2;11,8;1,12;0,13;0,0;0,0;0;0;FRA;DF,MF;30;1995;22;1368;62;44,7;15,2;16;81;10;6;11;9;1,0;15;24;-9;-0,59;-0,7;FRA;DF,MF;30;1995;15,2;0;0;0;8;9;2;55;11;13;0;;;;;;;;;;;;;;;;;;;;;;;
Freddy Mbemba;Guingamp;2526;FRA-Ligue 2;FRA;MF;22;2002;24;9;1000;11,1;1;0;1;1;0;0;1;1;0,09;0,0;0,09;0,09;0,09;FRA;MF;22;2002;11,1;1;21;10;47,6;1,89;0,9;0,05;0,1;0;0;FRA;MF;22;2002;24;1000;42;32,7;11,1;9;65;0;15;28;0;1,25;14;17;-3;-0,27;-0,1;FRA;MF;22;2002;11,1;1;1;0;8;27;7;25;2;7;0;;;;;;;;;;;;;;;;;;;;;;;
Gautier Ott;Guingamp;2526;FRA-Ligue 2;FRA;MF;23;2002;19;12;967;10,7;0;4;4;0;0;0;1;0;0,0;0,37;0,37;0,0;0,37;FRA;MF;23;2002;10,7;0;15;5;33,3;1,4;0,47;0,0;0,0;0;0;FRA;MF;23;2002;19;967;51;31,6;10,7;12;68;1;7;22;0;1,63;17;19;-2;-0,19;0,03;FRA;MF;23;2002;10,7;1;0;0;14;5;0;73;5;4;0;;;;;;;;;;;;;;;;;;;;;;;
Ibrahima Diakité;Guingamp;2526;FRA-Ligue 2;FRA;MF;18;2007;2;0;29;0,3;0;0;0;0;0;0;0;0;0,0;0,0;0,0;0,0;0,0;FRA;MF;18;2007;0,3;0;0;0;;0,0;0,0;;;0;0;FRA;MF;18;2007;2;29;15;0,9;0,3;0;;0;2;15;0;0,0;0;0;0;0,0;0,21;FRA;MF;18;2007;0,3;0;0;0;1;1;0;4;0;0;0;;;;;;;;;;;;;;;;;;;;;;;
Jacques Siwe;Guingamp;2526;FRA-Ligue 2;FRA;FW;24;2001;3;1;140;1,6;0;0;0;0;0;0;1;0;0,0;0,0;0,0;0,0;0,0;FRA;FW;24;2001;1,6;0;3;1;33,3;1,93;0,64;0,0;0,0;0;0;FRA;FW;24;2001;3;140;47;4,6;1,6;1;77;0;2;32;0;0,33;1;3;-2;-1,29;-1,13;FRA;FW;24;2001;1,6;1;0;0;7;1;3;0;2;3;0;;;;;;;;;;;;;;;;;;;;;;;
Jeremie Matumona;Guingamp;2526;FRA-Ligue 2;FRA;DF;19;2006;10;4;393;4,4;0;1;1;0;0;0;3;1;0,0;0,23;0,23;0,0;0,23;FRA;DF;19;2006;4,4;0;1;0;0,0;0,23;0,0;0,0;;0;0;FRA;DF;19;2006;10;393;39;12,8;4,4;4;77;2;6;15;10;0,9;4;8;-4;-0,92;-0,81;FRA;DF;19;2006;4,4;3;1;0;9;7;2;16;2;10;0;;;;;;;;;;;;;;;;;;;;;;;
Jérémy Hatchi;Guingamp;2526;FRA-Ligue 2;FRA;MF;20;2005;25;14;1128;12,5;2;2;4;2;0;0;4;1;0,16;0,16;0,32;0,16;0,32;FRA;MF;20;2005;12,5;2;17;3;17,6;1,36;0,24;0,12;0,67;0;0;FRA;MF;20;2005;25;1128;45;36,9;12,5;14;62;1;11;23;2;1,28;15;19;-4;-0,32;-0,18;FRA;MF;20;2005;12,5;4;1;1;24;39;5;34;20;18;0;;;;;;;;;;;;;;;;;;;;;;;
Kalidou Sidibé;Guingamp;2526;FRA-Ligue 2;MLI;MF;26;1999;29;23;1959;21,8;2;2;4;2;0;0;10;0;0,09;0,09;0,18;0,09;0,18;MLI;MF;26;1999;21,8;2;23;10;43,5;1,06;0,46;0,09;0,2;0;0;MLI;MF;26;1999;29;1959;68;64,0;21,8;23;78;8;6;27;0;1,1;23;30;-7;-0,32;-0,32;MLI;MF;26;1999;21,8;10;0;0;53;52;2;5;23;24;0;;;;;;;;;;;;;;;;;;;;;;;
Louis Mafouta;Guingamp;2526;FRA-Ligue 2;CTA;FW;31;1994;34;33;2889;32,1;15;3;18;13;2;4;4;0;0,47;0,09;0,56;0,4;0,5;CTA;FW;31;1994;32,1;15;88;39;44,3;2,74;1,21;0,17;0,38;2;4;CTA;FW;31;1994;34;2889;85;94,4;32,1;33;87;24;1;33;0;1,18;40;44;-4;-0,12;1,45;CTA;FW;31;1994;32,1;4;0;0;32;33;27;12;4;4;0;;;;;;;;;;;;;;;;;;;;;;;
Nathan Fondja;Guingamp;2526;FRA-Ligue 2;FRA;DF;19;2005;1;0;12;0,1;0;0;0;0;0;0;0;0;0,0;0,0;0,0;0,0;0,0;FRA;DF;19;2005;0,1;0;0;0;;0,0;0,0;;;0;0;FRA;DF;19;2005;1;12;12;0,4;0,1;0;;0;1;12;1;0,0;0;0;0;0,0;0,21;FRA;DF;19;2005;0,1;0;0;0;0;0;0;0;0;0;0;;;;;;;;;;;;;;;;;;;;;;;
Noah Marec;Guingamp;2526;FRA-Ligue 2;;;;;;;;;;;;;;;;;;;;;;;;;;;;;;;;;;;;;FRA;GK;20;2004;0;;;;;0;;0;0;;12;;;;;;;;;;;;;;;;;;;;;;;;;;;;;;;;;;;;;;;;;;;;
Sohaib Nair;Guingamp;2526;FRA-Ligue 2;ALG;DF;23;2002;18;17;1504;16,7;1;0;1;1;0;0;4;0;0,06;0,0;0,06;0,06;0,06;ALG;DF;23;2002;16,7;1;14;2;14,3;0,84;0,12;0,07;0,5;0;0;ALG;DF;23;2002;18;1504;84;49,2;16,7;17;86;15;1;36;0;1,06;19;22;-3;-0,18;0,05;ALG;DF;23;2002;16,7;4;0;0;27;28;1;2;23;9;0;;;;;;;;;;;;;;;;;;;;;;;
Stanislas Kielt;Guingamp;2526;FRA-Ligue 2;FRA;FW,MF;23;2001;29;13;1266;14,1;4;1;5;3;1;1;0;0;0,28;0,07;0,36;0,21;0,28;FRA;FW,MF;23;2001;14,1;4;30;13;43,3;2,13;0,92;0,13;0,31;1;1;FRA;FW,MF;23;2001;29;1266;44;41,4;14,1;13;76;5;16;17;0;1,24;11;22;-11;-0,78;-0,98;FRA;FW,MF;23;2001;14,1;0;0;0;14;21;3;6;4;11;0;;;;;;;;;;;;;;;;;;;;;;;
Tanguy Ahile;Guingamp;2526;FRA-Ligue 2;FRA;MF;20;2004;27;7;903;10,0;1;0;1;1;0;0;2;0;0,1;0,0;0,1;0,1;0,1;FRA;MF;20;2004;10,0;1;23;9;39,1;2,29;0,9;0,04;0,11;0;0;FRA;MF;20;2004;27;903;33;29,5;10,0;7;78;3;20;18;6;1,19;10;14;-4;-0,4;-0,27;FRA;MF;20;2004;10,0;2;0;0;9;25;2;45;11;10;0;;;;;;;;;;;;;;;;;;;;;;;
Teddy Bartouche-Selbonne;Guingamp;2526;FRA-Ligue 2;GLP;GK;28;1997;14;13;1173;13,0;0;0;0;0;0;0;1;0;0,0;0,0;0,0;0,0;0,0;GLP;GK;28;1997;13,0;0;0;0;;0,0;0,0;;;0;0;GLP;GK;28;1997;14;1173;84;38,3;13,0;13;90;13;1;3;19;1,67;21;21;0;0,0;0,33;GLP;GK;28;1997;13,0;1;0;0;0;2;0;0;0;0;0;GLP;GK;28;1997;14;13;1173;13,0;19;1,46;44;25;56,8;6;4;3;4;30,8;0;0;0;0;
Trésor Matondo;Guingamp;2526;FRA-Ligue 2;FRA;MF;22;2003;3;0;43;0,5;0;0;0;0;0;0;0;0;0,0;0,0;0,0;0,0;0,0;FRA;MF;22;2003;0,5;0;0;0;;0,0;0,0;;;0;0;FRA;MF;22;2003;3;43;14;1,4;0,5;0;;0;3;14;6;0,33;0;1;-1;-2,09;-1,91;FRA;MF;22;2003;0,5;0;0;0;1;0;0;0;0;0;0;;;;;;;;;;;;;;;;;;;;;;;
Yohan Demoncy;Guingamp;2526;FRA-Ligue 2;FRA;FW,MF;29;1996;16;11;916;10,2;1;3;4;1;0;0;0;0;0,1;0,29;0,39;0,1;0,39;FRA;FW,MF;29;1996;10,2;1;7;1;14,3;0,69;0,1;0,14;1,0;0;0;FRA;FW,MF;29;1996;16;916;57;29,9;10,2;11;71;0;5;27;0;1,06;12;10;2;0,2;0,57;FRA;FW,MF;29;1996;10,2;0;0;0;8;11;2;49;6;10;0;;;;;;;;;;;;;;;;;;;;;;;
Youssef N'Joya N'Gapout;Guingamp;2526;FRA-Ligue 2;FRA;FW;21;2004;5;0;78;0,9;0;0;0;0;0;0;0;0;0,0;0,0;0,0;0,0;0,0;FRA;FW;21;2004;0,9;0;2;0;0,0;2,31;0,0;0,0;;0;0;FRA;FW;21;2004;5;78;16;2,5;0,9;0;;0;5;16;2;0,6;0;0;0;0,0;0,21;FRA;FW;21;2004;0,9;0;0;0;2;2;0;6;1;1;0;;;;;;;;;;;;;;;;;;;;;;;
Adil Bourabaa;Le Mans;2526;FRA-Ligue 2;FRA;MF;20;2005;12;5;595;6,6;0;1;1;0;0;0;1;0;0,0;0,15;0,15;0,0;0,15;FRA;MF;20;2005;6,6;0;17;7;41,2;2,57;1,06;0,0;0,0;0;0;FRA;MF;20;2005;12;595;50;19,5;6,6;5;72;1;7;34;0;1,85;9;7;2;0,3;-0,25;FRA;MF;20;2005;6,6;1;0;0;13;11;2;7;8;13;0;;;;;;;;;;;;;;;;;;;;;;;
Alexandre Lauray;Le Mans;2526;FRA-Ligue 2;FRA;MF;28;1997;31;20;1881;20,9;0;2;2;0;0;0;12;0;0,0;0,1;0,1;0,0;0,1;FRA;MF;28;1997;20,9;0;9;1;11,1;0,43;0,05;0,0;0,0;0;0;FRA;MF;28;1997;31;1881;61;61,6;20,9;20;81;12;11;23;0;1,88;31;21;10;0,48;-0,06;FRA;MF;28;1997;20,9;12;0;0;49;16;1;100;32;40;0;;;;;;;;;;;;;;;;;;;;;;;
Amadou Cissé;Le Mans;2526;FRA-Ligue 2;;;;;;;;;;;;;;;;;;;;;;;;;;;;;;;;;;;;;GUI;DF;19;2006;0;;;;;0;;0;0;;2;;;;;;;;;;;;;;;;;;;;;;;;;;;;;;;;;;;;;;;;;;;;
Anthony Ribelin;Le Mans;2526;FRA-Ligue 2;FRA;DF,MF;29;1996;18;11;1053;11,7;1;0;1;1;0;0;4;0;0,09;0,0;0,09;0,09;0,09;FRA;DF,MF;29;1996;11,7;1;6;2;33,3;0,51;0,17;0,17;0,5;0;0;FRA;DF,MF;29;1996;18;1053;59;34,5;11,7;11;84;6;7;18;7;1,68;12;14;-2;-0,17;-1,03;FRA;DF,MF;29;1996;11,7;4;0;0;9;15;1;40;6;14;0;;;;;;;;;;;;;;;;;;;;;;;
Antoine Rabillard;Le Mans;2526;FRA-Ligue 2;FRA;FW;29;1995;29;25;1656;18,4;9;5;14;8;1;1;2;0;0,49;0,27;0,76;0,43;0,71;FRA;FW;29;1995;18,4;9;32;17;53,1;1,74;0,92;0,28;0,53;1;1;FRA;FW;29;1995;29;1656;57;54,2;18,4;25;63;2;4;22;2;1,83;29;17;12;0,65;0,33;FRA;FW;29;1995;18,4;2;0;0;32;4;21;22;8;12;0;;;;;;;;;;;;;;;;;;;;;;;
Augustin Delbecque;Le Mans;2526;FRA-Ligue 2;;;;;;;;;;;;;;;;;;;;;;;;;;;;;;;;;;;;;FRA;GK;23;2002;0;;;;;0;;0;0;;3;;;;;;;;;;;;;;;;;;;;;;;;;;;;;;;;;;;;;;;;;;;;
Baptiste Guillaume;Le Mans;2526;FRA-Ligue 2;BEL;FW;30;1995;6;1;138;1,5;0;0;0;0;0;0;0;0;0,0;0,0;0,0;0,0;0,0;BEL;FW;30;1995;1,5;0;5;1;20,0;3,26;0,65;0,0;0,0;0;0;BEL;FW;30;1995;6;138;23;4,5;1,5;1;56;0;5;16;1;1,17;3;4;-1;-0,65;-1,21;BEL;FW;30;1995;1,5;0;0;0;3;2;0;1;1;0;0;;;;;;;;;;;;;;;;;;;;;;;
Brice Oggad;Le Mans;2526;FRA-Ligue 2;FRA;FW;28;1997;9;0;105;1,2;0;1;1;0;0;0;1;0;0,0;0,86;0,86;0,0;0,86;FRA;FW;28;1997;1,2;0;3;0;0,0;2,57;0,0;0,0;;0;0;FRA;FW;28;1997;9;105;12;3,4;1,2;0;;0;9;12;3;1,56;4;1;3;2,57;2,14;FRA;FW;28;1997;1,2;1;0;0;4;1;0;21;3;0;0;;;;;;;;;;;;;;;;;;;;;;;
Dame Guèye;Le Mans;2526;FRA-Ligue 2;SEN;FW;29;1995;33;22;1834;20,4;10;3;13;6;4;4;2;0;0,49;0,15;0,64;0,29;0,44;SEN;FW;29;1995;20,4;10;53;22;41,5;2,6;1,08;0,19;0,45;4;4;SEN;FW;29;1995;33;1834;56;60,1;20,4;22;69;4;11;29;0;1,82;26;16;10;0,49;-0,03;SEN;FW;29;1995;20,4;2;0;0;43;25;19;19;8;8;0;;;;;;;;;;;;;;;;;;;;;;;
Edwin Quarshie;Le Mans;2526;FRA-Ligue 2;GHA;MF;29;1995;31;24;1930;21,4;2;1;3;2;0;0;3;0;0,09;0,05;0,14;0,09;0,14;GHA;MF;29;1995;21,4;2;18;10;55,6;0,84;0,47;0,11;0,2;0;0;GHA;MF;29;1995;31;1930;62;63,2;21,4;24;72;4;7;30;0;1,81;32;15;17;0,79;0,79;GHA;MF;29;1995;21,4;3;0;0;38;18;0;37;20;38;0;;;;;;;;;;;;;;;;;;;;;;;
Erwan Colas;Le Mans;2526;FRA-Ligue 2;FRA;FW;28;1997;28;13;1421;15,8;5;3;8;5;0;0;2;0;0,32;0,19;0,51;0,32;0,51;FRA;FW;28;1997;15,8;5;45;23;51,1;2,85;1,46;0,11;0,22;0;0;FRA;FW;28;1997;28;1421;51;46,5;15,8;13;76;3;15;28;0;1,97;30;15;15;0,95;0,84;FRA;FW;28;1997;15,8;2;0;0;33;21;20;27;2;11;0;;;;;;;;;;;;;;;;;;;;;;;
Ewan Hatfout;Le Mans;2526;FRA-Ligue 2;FRA;GK;25;2000;2;2;180;2,0;0;0;0;0;0;0;0;0;0,0;0,0;0,0;0,0;0,0;FRA;GK;25;2000;2,0;0;0;0;;0,0;0,0;;;0;0;FRA;GK;25;2000;2;180;90;5,9;2,0;2;90;2;0;;30;2,33;4;1;3;1,5;1,06;FRA;GK;25;2000;2,0;0;0;0;0;1;0;0;0;0;0;FRA;GK;25;2000;2;2;180;2,0;1;0,5;6;5;83,3;1;1;0;1;50,0;0;0;0;0;
Harold Voyer;Le Mans;2526;FRA-Ligue 2;MTQ;DF;28;1997;25;20;1756;19,5;1;1;2;1;0;0;4;1;0,05;0,05;0,1;0,05;0,1;MTQ;DF;28;1997;19,5;1;2;1;50,0;0,1;0,05;0,5;1,0;0;0;MTQ;DF;28;1997;25;1756;70;57,5;19,5;20;79;13;5;34;5;1,96;34;21;13;0,67;0,39;MTQ;DF;28;1997;19,5;4;1;1;23;12;0;7;41;29;0;;;;;;;;;;;;;;;;;;;;;;;
Isaac Cossier;Le Mans;2526;FRA-Ligue 2;FRA;DF;18;2006;24;15;1393;15,5;1;0;1;1;0;0;4;0;0,06;0,0;0,06;0,06;0,06;FRA;DF;18;2006;15,5;1;6;3;50,0;0,39;0,19;0,17;0,33;0;0;FRA;DF;18;2006;24;1393;58;45,6;15,5;15;79;10;9;23;5;1,83;19;11;8;0,52;0,03;FRA;DF;18;2006;15,5;4;0;0;22;5;0;2;25;22;0;;;;;;;;;;;;;;;;;;;;;;;
Izhak Hammoudi;Le Mans;2526;FRA-Ligue 2;FRA;MF;20;2004;7;0;98;1,1;0;0;0;0;0;0;2;0;0,0;0,0;0,0;0,0;0,0;FRA;MF;20;2004;1,1;0;0;0;;0,0;0,0;;;0;0;FRA;MF;20;2004;7;98;14;3,2;1,1;0;;0;7;14;1;2,14;1;0;1;0,92;0,43;FRA;MF;20;2004;1,1;2;0;0;9;1;1;1;0;2;0;;;;;;;;;;;;;;;;;;;;;;;
Jean Vercruysse;Le Mans;2526;FRA-Ligue 2;FRA;MF;25;2000;9;8;680;7,6;1;0;1;1;0;0;1;0;0,13;0,0;0,13;0,13;0,13;FRA;MF;25;2000;7,6;1;11;5;45,5;1,46;0,66;0,09;0,2;0;0;FRA;MF;25;2000;9;680;76;22,3;7,6;8;82;5;1;24;0;1,11;9;11;-2;-0,26;-0,99;FRA;MF;25;2000;7,6;1;0;0;13;11;0;51;5;11;0;;;;;;;;;;;;;;;;;;;;;;;
Leroy Abanda;Le Mans;2526;FRA-Ligue 2;FRA;MF,DF;25;2000;6;2;189;2,1;0;1;1;0;0;0;1;0;0,0;0,48;0,48;0,0;0,48;FRA;MF,DF;25;2000;2,1;0;5;0;0,0;2,38;0,0;0,0;;0;0;FRA;MF,DF;25;2000;6;189;32;6,2;2,1;2;60;0;4;17;0;1,33;2;5;-3;-1,43;-2,06;FRA;MF,DF;25;2000;2,1;1;0;0;1;0;0;17;1;3;0;;;;;;;;;;;;;;;;;;;;;;;
Lucas Bretelle;Le Mans;2526;FRA-Ligue 2;FRA;MF;23;2002;12;9;830;9,2;2;1;3;2;0;0;1;0;0,22;0,11;0,33;0,22;0,33;FRA;MF;23;2002;9,2;2;10;6;60,0;1,08;0,65;0,2;0,33;0;0;FRA;MF;23;2002;12;830;69;27,2;9,2;9;82;6;3;31;0;1,85;17;7;10;1,08;0,8;FRA;MF;23;2002;9,2;1;0;0;23;7;0;7;10;15;0;;;;;;;;;;;;;;;;;;;;;;;
Lucas Buadés;Le Mans;2526;FRA-Ligue 2;FRA;DF,MF;27;1997;26;25;2130;23,7;3;2;5;3;0;0;4;0;0,13;0,08;0,21;0,13;0,21;FRA;DF,MF;27;1997;23,7;3;30;10;33,3;1,27;0,42;0,1;0,3;0;0;FRA;DF,MF;27;1997;26;2130;82;69,8;23,7;25;85;17;1;15;1;2,04;35;18;17;0,72;0,72;FRA;DF,MF;27;1997;23,7;4;0;0;35;45;4;77;43;34;0;;;;;;;;;;;;;;;;;;;;;;;
Lucas Calodat;Le Mans;2526;FRA-Ligue 2;FRA;DF,MF;23;2002;31;26;2312;25,7;2;4;6;2;0;0;3;0;0,08;0,16;0,23;0,08;0,23;FRA;DF,MF;23;2002;25,7;2;26;9;34,6;1,01;0,35;0,08;0,22;0;0;FRA;DF,MF;23;2002;31;2312;75;75,7;25,7;26;83;15;5;29;0;1,81;41;24;17;0,66;0,66;FRA;DF,MF;23;2002;25,7;3;0;0;18;29;1;137;20;32;0;;;;;;;;;;;;;;;;;;;;;;;
Malang Gomes;Le Mans;2526;FRA-Ligue 2;FRA;MF;20;2005;4;2;107;1,2;0;0;0;0;0;0;3;1;0,0;0,0;0,0;0,0;0,0;FRA;MF;20;2005;1,2;0;0;0;;0,0;0,0;;;0;0;FRA;MF;20;2005;4;107;27;3,5;1,2;2;37;0;2;17;2;2,5;1;2;-1;-0,84;-1,39;FRA;MF;20;2005;1,2;3;1;1;6;1;0;2;1;0;0;;;;;;;;;;;;;;;;;;;;;;;
Martin Rossignol;Le Mans;2526;FRA-Ligue 2;FRA;MF;21;2003;24;10;997;11,1;1;1;2;1;0;0;6;0;0,09;0,09;0,18;0,09;0,18;FRA;MF;21;2003;11,1;1;13;2;15,4;1,17;0,18;0,08;0,5;0;0;FRA;MF;21;2003;24;997;42;32,7;11,1;10;70;2;14;21;0;1,67;11;10;1;0,09;-0,61;FRA;MF;21;2003;11,1;6;0;0;30;7;0;23;5;18;0;;;;;;;;;;;;;;;;;;;;;;;
Mathis Hamdi;Le Mans;2526;FRA-Ligue 2;FRA;DF;21;2003;4;2;153;1,7;0;0;0;0;0;0;2;1;0,0;0,0;0,0;0,0;0,0;FRA;DF;21;2003;1,7;0;0;0;;0,0;0,0;;;0;0;FRA;DF;21;2003;4;153;38;5,0;1,7;2;58;0;2;19;2;2,5;2;0;2;1,18;0,71;FRA;DF;21;2003;1,7;2;1;0;5;0;0;5;4;1;0;;;;;;;;;;;;;;;;;;;;;;;
Milan Robin;Le Mans;2526;FRA-Ligue 2;FRA;MF;25;1999;27;21;1587;17,6;0;3;3;0;0;0;3;0;0,0;0,17;0,17;0,0;0,17;FRA;MF;25;1999;17,6;0;27;9;33,3;1,53;0,51;0,0;0,0;0;0;FRA;MF;25;1999;27;1587;59;52,0;17,6;21;70;5;6;20;0;2,0;27;17;10;0,57;0,14;FRA;MF;25;1999;17,6;3;0;0;22;20;1;36;18;21;0;;;;;;;;;;;;;;;;;;;;;;;
Nicolas Kocik;Le Mans;2526;FRA-Ligue 2;FRA;GK;26;1998;31;31;2790;31,0;0;0;0;0;0;0;5;0;0,0;0,0;0,0;0,0;0,0;FRA;GK;26;1998;31,0;0;0;0;;0,0;0,0;;;0;0;FRA;GK;26;1998;31;2790;90;91,4;31,0;31;90;31;0;;0;1,77;44;30;14;0,45;-0,58;FRA;GK;26;1998;31,0;5;0;0;0;9;0;0;0;0;0;FRA;GK;26;1998;31;31;2790;31,0;30;0,97;86;56;65,1;14;13;4;13;41,9;3;3;0;0;0,0
Noa Boisse;Le Mans;2526;FRA-Ligue 2;FRA;DF;19;2006;11;10;901;10,0;0;0;0;0;0;0;2;0;0,0;0,0;0,0;0,0;0,0;FRA;DF;19;2006;10,0;0;6;0;0,0;0,6;0,0;0,0;;0;0;FRA;DF;19;2006;11;901;82;29,5;10,0;10;89;9;1;8;3;2,0;20;10;10;1,0;0,71;FRA;DF;19;2006;10,0;2;0;0;14;11;0;10;20;23;0;;;;;;;;;;;;;;;;;;;;;;;
Samuel Yohou;Le Mans;2526;FRA-Ligue 2;FRA;DF;33;1991;31;31;2782;30,9;4;0;4;4;0;0;9;0;0,13;0,0;0,13;0,13;0,13;FRA;DF;33;1991;30,9;4;12;4;33,3;0,39;0,13;0,33;1,0;0;0;FRA;DF;33;1991;31;2782;90;91,1;30,9;31;90;30;0;;0;1,75;42;28;14;0,45;-0,54;FRA;DF;33;1991;30,9;9;0;0;55;35;2;2;38;21;0;;;;;;;;;;;;;;;;;;;;;;;
Taylor Luvambo;Le Mans;2526;FRA-Ligue 2;;FW;26;1999;9;1;251;2,8;0;0;0;0;0;0;1;0;0,0;0,0;0,0;0,0;0,0;;FW;26;1999;2,8;0;7;4;57,1;2,51;1,43;0,0;0,0;0;0;;FW;26;1999;9;251;28;8,2;2,8;1;45;0;8;26;1;2,0;2;2;0;0,0;-0,55;;FW;26;1999;2,8;1;0;0;12;3;3;1;0;3;0;;;;;;;;;;;;;;;;;;;;;;;
Théo Eyoum;Le Mans;2526;FRA-Ligue 2;FRA;DF;23;2002;24;23;2077;23,1;1;0;1;1;0;0;1;0;0,04;0,0;0,04;0,04;0,04;FRA;DF;23;2002;23,1;1;10;3;30,0;0,43;0,13;0,1;0,33;0;0;FRA;DF;23;2002;24;2077;87;68,0;23,1;23;90;23;1;7;0;1,75;29;23;6;0,26;-0,75;FRA;DF;23;2002;23,1;1;0;0;23;30;0;4;23;31;0;;;;;;;;;;;;;;;;;;;;;;;
Titouan Caro;Le Mans;2526;FRA-Ligue 2;FRA;MF;20;2004;1;0;6;0,1;0;0;0;0;0;0;0;0;0,0;0,0;0,0;0,0;0,0;FRA;MF;20;2004;0,1;0;0;0;;0,0;0,0;;;0;0;FRA;MF;20;2004;1;6;6;0,2;0,1;0;;0;1;6;0;3,0;0;0;0;0,0;-0,5;FRA;MF;20;2004;0,1;0;0;0;0;0;0;0;0;0;0;;;;;;;;;;;;;;;;;;;;;;;
William Harhouz;Le Mans;2526;FRA-Ligue 2;FRA;FW;25;1999;21;4;664;7,4;4;1;5;4;0;0;3;1;0,54;0,14;0,68;0,54;0,68;FRA;FW;25;1999;7,4;4;20;5;25,0;2,71;0,68;0,2;0,8;0;0;FRA;FW;25;1999;21;664;32;21,7;7,4;4;60;0;17;25;2;1,68;8;9;-1;-0,14;-0,81;FRA;FW;25;1999;7,4;3;1;1;26;3;6;11;5;4;0;;;;;;;;;;;;;;;;;;;;;;;
Alexandre Ebener;Montpellier;2526;FRA-Ligue 2;;;;;;;;;;;;;;;;;;;;;;;;;;;;;;;;;;;;;FRA;DF;19;2006;0;;;;;0;;0;0;;2;;;;;;;;;;;;;;;;;;;;;;;;;;;;;;;;;;;;;;;;;;;;
Alexandre Mendy;Montpellier;2526;FRA-Ligue 2;GNB;FW;31;1994;33;33;2920;32,4;12;4;16;10;2;4;2;0;0,37;0,12;0,49;0,31;0,43;GNB;FW;31;1994;32,4;12;81;33;40,7;2,5;1,02;0,15;0,36;2;4;GNB;FW;31;1994;33;2920;88;95,4;32,4;33;88;29;0;;0;1,52;40;30;10;0,31;0,31;GNB;FW;31;1994;32,4;2;0;0;67;64;48;10;2;6;0;;;;;;;;;;;;;;;;;;;;;;;
Axel Gueguin;Montpellier;2526;FRA-Ligue 2;FRA;MF;20;2005;7;2;214;2,4;1;1;2;1;0;0;0;0;0,42;0,42;0,84;0,42;0,84;FRA;MF;20;2005;2,4;1;4;1;25,0;1,68;0,42;0,25;1,0;0;0;FRA;MF;20;2005;7;214;31;7,0;2,4;2;70;0;5;15;0;2,14;5;0;5;2,1;1,94;FRA;MF;20;2005;2,4;0;0;0;3;7;0;5;3;6;0;;;;;;;;;;;;;;;;;;;;;;;
Ayanda Sishuba;Montpellier;2526;FRA-Ligue 2;BEL;MF;20;2005;11;0;154;1,7;0;0;0;0;0;0;2;0;0,0;0,0;0,0;0,0;0,0;BEL;MF;20;2005;1,7;0;7;2;28,6;4,09;1,17;0,0;0,0;0;0;BEL;MF;20;2005;11;154;14;5,0;1,7;0;;0;11;14;1;1,82;2;3;-1;-0,58;-0,93;BEL;MF;20;2005;1,7;2;0;0;4;9;0;4;0;2;0;;;;;;;;;;;;;;;;;;;;;;;
Becir Omeragic;Montpellier;2526;FRA-Ligue 2;SUI;MF,DF;23;2002;22;22;1971;21,9;2;0;2;2;0;0;4;0;0,09;0,0;0,09;0,09;0,09;SUI;MF,DF;23;2002;21,9;2;17;6;35,3;0,78;0,27;0,12;0,33;0;0;SUI;MF,DF;23;2002;22;1971;90;64,4;21,9;22;90;20;0;;0;1,41;23;21;2;0,09;-0,57;SUI;MF,DF;23;2002;21,9;4;0;0;15;15;1;5;13;15;0;;;;;;;;;;;;;;;;;;;;;;;
Christopher Jullien;Montpellier;2526;FRA-Ligue 2;FRA;DF;32;1993;23;18;1657;18,4;2;1;3;2;0;0;3;1;0,11;0,05;0,16;0,11;0,16;FRA;DF;32;1993;18,4;2;9;4;44,4;0,49;0,22;0,22;0,5;0;0;FRA;DF;32;1993;23;1657;72;54,2;18,4;18;85;15;5;25;7;1,83;26;14;12;0,65;0,78;FRA;DF;32;1993;18,4;3;1;0;31;8;0;0;19;12;1;;;;;;;;;;;;;;;;;;;;;;;
Enzo Molebe;Montpellier;2526;FRA-Ligue 2;FRA;MF,FW;17;2007;12;6;451;5,0;2;1;3;2;0;0;0;0;0,4;0,2;0,6;0,4;0,6;FRA;MF,FW;17;2007;5,0;2;6;3;50,0;1,2;0,6;0,33;0,67;0;0;FRA;MF,FW;17;2007;12;451;38;14,7;5,0;6;63;0;6;13;1;1,67;10;7;3;0,6;0,36;FRA;MF,FW;17;2007;5,0;0;0;0;9;4;1;4;0;1;0;;;;;;;;;;;;;;;;;;;;;;;
Enzo Tchato;Montpellier;2526;FRA-Ligue 2;CMR;DF;22;2002;29;26;2344;26,0;0;3;3;0;0;0;3;0;0,0;0,12;0,12;0,0;0,12;CMR;DF;22;2002;26,0;0;12;1;8,3;0,46;0,04;0,0;0,0;0;0;CMR;DF;22;2002;29;2344;81;76,6;26,0;26;89;23;3;13;0;1,45;31;25;6;0,23;-0,27;CMR;DF;22;2002;26,0;3;0;0;21;14;5;75;22;36;0;;;;;;;;;;;;;;;;;;;;;;;
Everson Junior;Montpellier;2526;FRA-Ligue 2;FRA;MF;21;2003;23;17;1569;17,4;1;1;2;1;0;0;5;1;0,06;0,06;0,11;0,06;0,11;FRA;MF;21;2003;17,4;1;15;5;33,3;0,86;0,29;0,07;0,2;0;0;FRA;MF;21;2003;23;1569;68;51,3;17,4;17;81;11;6;32;8;1,57;18;20;-2;-0,11;-0,84;FRA;MF;21;2003;17,4;5;1;0;47;23;0;9;35;15;0;;;;;;;;;;;;;;;;;;;;;;;
Fayssal El Mahboub;Montpellier;2526;FRA-Ligue 2;FRA;DF;18;2007;5;0;48;0,5;0;0;0;0;0;0;0;0;0,0;0,0;0,0;0,0;0,0;FRA;DF;18;2007;0,5;0;1;0;0,0;1,87;0,0;0,0;;0;0;FRA;DF;18;2007;5;48;10;1,6;0,5;0;;0;5;10;1;1,2;1;2;-1;-1,87;-2,2;FRA;DF;18;2007;0,5;0;0;0;2;3;0;3;1;1;0;;;;;;;;;;;;;;;;;;;;;;;
Isyak Mohamed;Montpellier;2526;FRA-Ligue 2;FRA;DF;17;2008;2;0;14;0,2;0;0;0;0;0;0;0;0;0,0;0,0;0,0;0,0;0,0;FRA;DF;17;2008;0,2;0;0;0;;0,0;0,0;;;0;0;FRA;DF;17;2008;2;14;7;0,5;0,2;0;;0;2;7;0;1,5;0;0;0;0,0;-0,3;FRA;DF;17;2008;0,2;0;0;0;0;0;0;1;0;0;0;;;;;;;;;;;;;;;;;;;;;;;
Joris Chotard;Montpellier;2526;FRA-Ligue 2;FRA;MF;23;2001;1;0;24;0,3;0;0;0;0;0;0;0;0;0,0;0,0;0,0;0,0;0,0;FRA;MF;23;2001;0,3;0;0;0;;0,0;0,0;;;0;0;FRA;MF;23;2001;1;24;24;0,8;0,3;0;;0;1;24;0;1,0;0;0;0;0,0;-0,3;FRA;MF;23;2001;0,3;0;0;0;0;0;0;0;1;0;0;;;;;;;;;;;;;;;;;;;;;;;
Julien Laporte;Montpellier;2526;FRA-Ligue 2;FRA;DF;31;1993;29;29;2521;28,0;1;0;1;1;0;0;4;1;0,04;0,0;0,04;0,04;0,04;FRA;DF;31;1993;28,0;1;19;4;21,1;0,68;0,14;0,05;0,25;0;0;FRA;DF;31;1993;29;2521;87;82,4;28,0;29;87;27;0;;0;1,52;35;23;12;0,43;0,76;FRA;DF;31;1993;28,0;4;1;0;24;13;2;7;20;25;0;;;;;;;;;;;;;;;;;;;;;;;
Junior Ndiaye;Montpellier;2526;FRA-Ligue 2;UAE;MF;20;2005;4;1;84;0,9;1;0;1;1;0;0;0;0;1,07;0,0;1,07;1,07;1,07;UAE;MF;20;2005;0,9;1;4;1;25,0;4,29;1,07;0,25;1,0;0;0;UAE;MF;20;2005;4;84;21;2,7;0,9;1;59;0;3;8;6;2,5;1;2;-1;-1,07;-1,4;UAE;MF;20;2005;0,9;0;0;0;3;1;0;2;1;0;0;;;;;;;;;;;;;;;;;;;;;;;
Khalil Fayad;Montpellier;2526;FRA-Ligue 2;FRA;MF;21;2004;20;7;707;7,9;1;1;2;1;0;0;5;1;0,13;0,13;0,25;0,13;0,25;FRA;MF;21;2004;7,9;1;8;2;25,0;1,02;0,25;0,13;0,5;0;0;FRA;MF;21;2004;20;707;35;23,1;7,9;7;57;0;13;23;3;1,45;11;12;-1;-0,13;-0,55;FRA;MF;21;2004;7,9;5;1;1;26;27;3;18;8;16;0;;;;;;;;;;;;;;;;;;;;;;;
Lucas Da Silva;Montpellier;2526;FRA-Ligue 2;;;;;;;;;;;;;;;;;;;;;;;;;;;;;;;;;;;;;FRA;MF;19;2006;0;;;;;0;;0;0;;5;;;;;;;;;;;;;;;;;;;;;;;;;;;;;;;;;;;;;;;;;;;;
Lucas Mincarelli;Montpellier;2526;FRA-Ligue 2;FRA;DF;21;2004;23;14;1240;13,8;0;0;0;0;0;0;3;0;0,0;0,0;0,0;0,0;0,0;FRA;DF;21;2004;13,8;0;7;1;14,3;0,51;0,07;0,0;0,0;0;0;FRA;DF;21;2004;23;1240;54;40,5;13,8;14;75;6;9;21;11;1,43;13;18;-5;-0,36;-1,1;FRA;DF;21;2004;13,8;3;0;0;15;5;0;26;8;20;0;;;;;;;;;;;;;;;;;;;;;;;
Mathieu Michel;Montpellier;2526;FRA-Ligue 2;FRA;GK;33;1991;1;1;90;1,0;0;0;0;0;0;0;0;0;0,0;0,0;0,0;0,0;0,0;FRA;GK;33;1991;1,0;0;0;0;;0,0;0,0;;;0;0;FRA;GK;33;1991;1;90;90;2,9;1,0;1;90;1;0;;27;0,0;1;3;-2;-2,0;-2,36;FRA;GK;33;1991;1,0;0;0;0;0;0;0;0;0;0;0;FRA;GK;33;1991;1;1;90;1,0;3;3,0;11;8;72,7;0;0;1;0;0,0;0;0;0;0;
Nabil Homssa;Montpellier;2526;FRA-Ligue 2;FRA;MF;23;2002;2;1;64;0,7;0;0;0;0;0;0;1;0;0,0;0,0;0,0;0,0;0,0;FRA;MF;23;2002;0,7;0;0;0;;0,0;0,0;;;0;0;FRA;MF;23;2002;2;64;32;2,1;0,7;1;60;0;1;4;3;2,0;0;1;-1;-1,41;-1,74;FRA;MF;23;2002;0,7;1;0;0;2;1;0;1;1;2;0;;;;;;;;;;;;;;;;;;;;;;;
Naoufel El Hannach;Montpellier;2526;FRA-Ligue 2;MAR;DF;18;2006;19;11;1065;11,8;0;1;1;0;0;0;5;0;0,0;0,08;0,08;0,0;0,08;MAR;DF;18;2006;11,8;0;6;2;33,3;0,51;0,17;0,0;0,0;0;0;MAR;DF;18;2006;19;1065;56;34,8;11,8;11;81;3;8;22;13;1,42;14;9;5;0,42;0,2;MAR;DF;18;2006;11,8;5;0;0;12;11;1;16;15;19;0;;;;;;;;;;;;;;;;;;;;;;;
Nathanaël Mbuku;Montpellier;2526;FRA-Ligue 2;COD;MF;23;2002;30;26;2179;24,2;4;5;9;4;0;0;5;0;0,17;0,21;0,37;0,17;0,37;COD;MF;23;2002;24,2;4;41;14;34,1;1,69;0,58;0,1;0,29;0;0;COD;MF;23;2002;30;2179;73;71,2;24,2;26;80;9;4;24;0;1,47;31;19;12;0,5;0,7;COD;MF;23;2002;24,2;5;0;0;38;61;5;154;14;25;0;;;;;;;;;;;;;;;;;;;;;;;
Nicolas Pays;Montpellier;2526;FRA-Ligue 2;FRA;MF;21;2003;30;26;2327;25,9;4;1;5;4;0;0;3;0;0,15;0,04;0,19;0,15;0,19;FRA;MF;21;2003;25,9;4;39;15;38,5;1,51;0,58;0,1;0,27;0;0;FRA;MF;21;2003;30;2327;78;76,0;25,9;26;85;16;4;28;3;1,57;31;21;10;0,39;0,39;FRA;MF;21;2003;25,9;3;0;0;28;41;4;77;11;25;0;;;;;;;;;;;;;;;;;;;;;;;
Noah Vidal Cartoux;Montpellier;2526;FRA-Ligue 2;FRA;DF;17;2008;1;0;17;0,2;0;0;0;0;0;0;0;0;0,0;0,0;0,0;0,0;0,0;FRA;DF;17;2008;0,2;0;0;0;;0,0;0,0;;;0;0;FRA;DF;17;2008;1;17;17;0,6;0,2;0;;0;1;17;1;3,0;2;0;2;10,59;10,35;FRA;DF;17;2008;0,2;0;0;0;1;2;0;0;0;0;0;;;;;;;;;;;;;;;;;;;;;;;
Robin Thiland Herard;Montpellier;2526;FRA-Ligue 2;FRA;FW;17;2008;1;0;31;0,3;0;0;0;0;0;0;0;0;0,0;0,0;0,0;0,0;0,0;FRA;FW;17;2008;0,3;0;2;1;50,0;5,81;2,9;0,0;0,0;0;0;FRA;FW;17;2008;1;31;31;1,0;0,3;0;;0;1;31;1;1,0;1;0;1;2,9;2,64;FRA;FW;17;2008;0,3;0;0;0;1;1;0;0;0;1;0;;;;;;;;;;;;;;;;;;;;;;;
Simon Ngapandouetnbu;Montpellier;2526;FRA-Ligue 2;CMR;GK;22;2003;31;31;2790;31,0;0;0;0;0;0;0;3;0;0,0;0,0;0,0;0,0;0,0;CMR;GK;22;2003;31,0;0;0;0;;0,0;0,0;;;0;0;CMR;GK;22;2003;31;2790;90;91,2;31,0;31;90;31;0;;1;1,61;39;26;13;0,42;1,42;CMR;GK;22;2003;31,0;3;0;0;0;14;0;0;0;0;0;CMR;GK;22;2003;31;31;2790;31,0;26;0,84;126;100;79,4;14;8;9;12;38,7;1;1;0;0;0,0
Tanguy Coulibaly;Montpellier;2526;FRA-Ligue 2;FRA;MF;24;2001;4;4;273;3,0;1;0;1;1;0;0;0;0;0,33;0,0;0,33;0,33;0,33;FRA;MF;24;2001;3,0;1;4;2;50,0;1,32;0,66;0,25;0,5;0;0;FRA;MF;24;2001;4;273;68;8,9;3,0;4;68;0;0;;0;1,25;2;3;-1;-0,33;-0,68;FRA;MF;24;2001;3,0;0;0;0;8;5;3;3;3;5;0;;;;;;;;;;;;;;;;;;;;;;;
Théo Chennahi;Montpellier;2526;FRA-Ligue 2;FRA;MF;20;2005;32;25;2211;24,6;1;2;3;1;0;0;7;0;0,04;0,08;0,12;0,04;0,12;FRA;MF;20;2005;24,6;1;23;6;26,1;0,94;0,24;0,04;0,17;0;0;FRA;MF;20;2005;32;2211;69;72,3;24,6;25;82;18;7;23;1;1,56;32;22;10;0,41;0,41;FRA;MF;20;2005;24,6;7;0;0;43;47;2;30;37;36;0;;;;;;;;;;;;;;;;;;;;;;;
Théo Sainte-Luce;Montpellier;2526;FRA-Ligue 2;FRA;DF;26;1998;26;22;1895;21,1;1;0;1;1;0;0;3;1;0,05;0,0;0,05;0,05;0,05;FRA;DF;26;1998;21,1;1;15;2;13,3;0,71;0,09;0,07;0,5;0;0;FRA;DF;26;1998;26;1895;73;61,9;21,1;22;82;14;4;21;0;1,54;26;15;11;0,52;0,6;FRA;DF;26;1998;21,1;3;1;0;39;19;1;23;31;35;0;;;;;;;;;;;;;;;;;;;;;;;
Téji Savanier;Montpellier;2526;FRA-Ligue 2;FRA;MF;33;1991;25;15;1389;15,4;5;3;8;3;2;3;3;0;0,32;0,19;0,52;0,19;0,39;FRA;MF;33;1991;15,4;5;36;18;50,0;2,33;1,17;0,14;0,28;2;3;FRA;MF;33;1991;25;1389;56;45,4;15,4;15;82;6;10;17;3;1,31;18;16;2;0,13;-0,3;FRA;MF;33;1991;15,4;3;0;0;30;37;1;121;7;15;0;;;;;;;;;;;;;;;;;;;;;;;
Victor Orakpo;Montpellier;2526;FRA-Ligue 2;NGA;MF,FW;19;2006;13;7;661;7,3;0;1;1;0;0;0;2;0;0,0;0,14;0,14;0,0;0,14;NGA;MF,FW;19;2006;7,3;0;17;6;35,3;2,31;0,82;0,0;0,0;0;0;NGA;MF,FW;19;2006;13;661;51;21,6;7,3;7;78;2;6;19;5;1,15;6;6;0;0,0;-0,38;NGA;MF,FW;19;2006;7,3;2;0;0;16;5;0;2;4;5;0;;;;;;;;;;;;;;;;;;;;;;;
Viktor Džodić;Montpellier;2526;FRA-Ligue 2;SRB;GK;18;2006;2;2;180;2,0;0;0;0;0;0;0;0;0;0,0;0,0;0,0;0,0;0,0;SRB;GK;18;2006;2,0;0;0;0;;0,0;0,0;;;0;0;SRB;GK;18;2006;2;180;90;5,9;2,0;2;90;2;0;;6;0,5;1;2;-1;-0,5;-0,84;SRB;GK;18;2006;2,0;0;0;0;0;1;0;0;0;0;0;SRB;GK;18;2006;2;2;180;2,0;2;1,0;4;2;50,0;0;1;1;0;0,0;0;0;0;0;
Yael Mouanga;Montpellier;2526;FRA-Ligue 2;FRA;DF,MF;20;2005;21;17;1367;15,2;0;0;0;0;0;0;1;0;0,0;0,0;0,0;0,0;0,0;FRA;DF,MF;20;2005;15,2;0;1;1;100,0;0,07;0,07;0,0;0,0;0;0;FRA;DF,MF;20;2005;21;1367;65;44,7;15,2;17;78;11;4;9;1;1,48;15;11;4;0,26;-0,06;FRA;DF,MF;20;2005;15,2;1;0;0;28;17;0;1;17;20;0;;;;;;;;;;;;;;;;;;;;;;;
Yanis Issoufou;Montpellier;2526;FRA-Ligue 2;FRA;MF;18;2006;16;11;963;10,7;2;1;3;2;0;0;1;0;0,19;0,09;0,28;0,19;0,28;FRA;MF;18;2006;10,7;2;14;5;35,7;1,31;0,47;0,14;0,4;0;0;FRA;MF;18;2006;16;963;60;31,5;10,7;11;75;1;5;28;3;1,56;13;6;7;0,65;0,53;FRA;MF;18;2006;10,7;1;0;0;22;9;4;31;5;13;0;;;;;;;;;;;;;;;;;;;;;;;
Adrian Dabasse;Nancy;2526;FRA-Ligue 2;FRA;FW;32;1993;16;7;650;7,2;2;0;2;1;1;1;1;0;0,28;0,0;0,28;0,14;0,14;FRA;FW;32;1993;7,2;2;18;7;38,9;2,49;0,97;0,11;0,29;1;1;FRA;FW;32;1993;16;650;41;21,2;7,2;7;66;1;9;21;1;1,0;7;11;-4;-0,55;-0,07;FRA;FW;32;1993;7,2;1;0;0;18;16;7;5;1;2;0;;;;;;;;;;;;;;;;;;;;;;;
Adrien Julloux;Nancy;2526;FRA-Ligue 2;FRA;DF,MF;28;1996;19;15;1377;15,3;0;0;0;0;0;0;1;0;0,0;0,0;0,0;0,0;0,0;FRA;DF,MF;28;1996;15,3;0;6;1;16,7;0,39;0,07;0,0;0,0;0;0;FRA;DF,MF;28;1996;19;1377;72;45,0;15,3;15;85;13;4;25;5;1,26;15;21;-6;-0,39;0,2;FRA;DF,MF;28;1996;15,3;1;0;0;9;7;0;29;19;17;0;;;;;;;;;;;;;;;;;;;;;;;
Almami Touré;Nancy;2526;FRA-Ligue 2;;;;;;;;;;;;;;;;;;;;;;;;;;;;;;;;;;;;;FRA;GK;18;2006;0;;;;;0;;0;0;;3;;;;;;;;;;;;;;;;;;;;;;;;;;;;;;;;;;;;;;;;;;;;
Bakari Camara;Nancy;2526;FRA-Ligue 2;MTN;MF;31;1994;4;0;95;1,1;0;0;0;0;0;0;1;0;0,0;0,0;0,0;0,0;0,0;MTN;MF;31;1994;1,1;0;1;0;0,0;0,95;0,0;0,0;;0;0;MTN;MF;31;1994;4;95;24;3,1;1,1;0;;0;4;24;3;1,25;3;4;-1;-0,95;-0,46;MTN;MF;31;1994;1,1;1;0;0;6;2;0;0;0;1;0;;;;;;;;;;;;;;;;;;;;;;;
Brandon Bokangu;Nancy;2526;FRA-Ligue 2;FRA;FW;25;1999;25;18;1326;14,7;5;2;7;4;1;1;4;0;0,34;0,14;0,48;0,27;0,41;FRA;FW;25;1999;14,7;5;28;8;28,6;1,9;0,54;0,18;0,63;1;1;FRA;FW;25;1999;25;1326;53;43,3;14,7;18;67;1;7;18;0;1,0;20;22;-2;-0,14;0,64;FRA;FW;25;1999;14,7;4;0;0;31;33;14;5;7;9;0;;;;;;;;;;;;;;;;;;;;;;;
Chafik El Hansar;Nancy;2526;FRA-Ligue 2;FRA;MF;20;2005;3;0;71;0,8;0;0;0;0;0;0;0;0;0,0;0,0;0,0;0,0;0,0;FRA;MF;20;2005;0,8;0;4;1;25,0;5,07;1,27;0,0;0,0;0;0;FRA;MF;20;2005;3;71;24;2,3;0,8;0;;0;3;24;1;1,67;0;0;0;0,0;0,51;FRA;MF;20;2005;0,8;0;0;0;2;2;0;1;0;1;0;;;;;;;;;;;;;;;;;;;;;;;
Cheikh Touré;Nancy;2526;FRA-Ligue 2;;;;;;;;;;;;;;;;;;;;;;;;;;;;;;;;;;;;;FRA;MF;28;1996;0;;;;;0;;0;0;;1;;;;;;;;;;;;;;;;;;;;;;;;;;;;;;;;;;;;;;;;;;;;
Elydjah Mendy;Nancy;2526;FRA-Ligue 2;FRA;DF;25;2000;21;21;1742;19,4;2;0;2;2;0;0;5;1;0,1;0,0;0,1;0,1;0,1;FRA;DF;25;2000;19,4;2;13;3;23,1;0,67;0,15;0,15;0,67;0;0;FRA;DF;25;2000;21;1742;83;56,9;19,4;21;83;17;0;;2;0,9;17;28;-11;-0,57;-0,16;FRA;DF;25;2000;19,4;5;1;1;30;13;1;2;25;15;0;;;;;;;;;;;;;;;;;;;;;;;
Enzo Basilio;Nancy;2526;FRA-Ligue 2;FRA;GK;30;1994;31;31;2716;30,2;0;0;0;0;0;0;0;1;0,0;0,0;0,0;0,0;0,0;FRA;GK;30;1994;30,2;0;0;0;;0,0;0,0;;;0;0;FRA;GK;30;1994;31;2716;88;88,8;30,2;31;88;30;0;;0;1,0;30;47;-17;-0,56;-0,56;FRA;GK;30;1994;30,2;0;1;0;2;6;0;0;0;0;0;FRA;GK;30;1994;31;31;2716;30,2;48;1,59;132;84;63,6;7;10;14;7;22,6;8;4;3;1;42,9
Enzo Tacafred;Nancy;2526;FRA-Ligue 2;FRA;DF,MF;20;2005;20;18;1580;17,6;1;0;1;1;0;0;2;0;0,06;0,0;0,06;0,06;0,06;FRA;DF,MF;20;2005;17,6;1;21;4;19,0;1,2;0,23;0,05;0,25;0;0;FRA;DF,MF;20;2005;20;1580;79;51,6;17,6;18;87;17;2;9;0;1,1;17;31;-14;-0,8;-0,62;FRA;DF,MF;20;2005;17,6;2;0;0;21;49;2;61;15;24;0;;;;;;;;;;;;;;;;;;;;;;;
Faitout Maouassa;Nancy;2526;FRA-Ligue 2;FRA;MF,DF;27;1998;18;7;682;7,6;0;0;0;0;0;0;1;0;0,0;0,0;0,0;0,0;0,0;FRA;MF,DF;27;1998;7,6;0;13;1;7,7;1,72;0,13;0,0;0,0;0;0;FRA;MF,DF;27;1998;18;682;38;22,3;7,6;7;73;1;11;15;3;1,11;10;14;-4;-0,53;-0,04;FRA;MF,DF;27;1998;7,6;1;0;0;7;10;1;41;11;3;0;;;;;;;;;;;;;;;;;;;;;;;
Geoffrey Lembet;Nancy;2526;FRA-Ligue 2;CTA;GK;36;1988;1;1;52;0,6;0;0;0;0;0;0;0;0;0,0;0,0;0,0;0,0;0,0;CTA;GK;36;1988;0,6;0;0;0;;0,0;0,0;;;0;0;CTA;GK;36;1988;1;52;52;1,7;0,6;1;52;0;0;;19;3,0;2;0;2;3,46;4,03;CTA;GK;36;1988;0,6;0;0;0;0;0;0;0;0;0;0;CTA;GK;36;1988;1;1;52;0,6;0;0,0;3;3;100,0;1;0;0;0;0,0;0;0;0;0;
Hugo Barbier;Nancy;2526;FRA-Ligue 2;FRA;MF;20;2004;9;3;373;4,1;0;0;0;0;0;0;1;0;0,0;0,0;0,0;0,0;0,0;FRA;MF;20;2004;4,1;0;3;1;33,3;0,72;0,24;0,0;0,0;0;0;FRA;MF;20;2004;9;373;41;12,2;4,1;3;83;1;6;21;2;1,0;4;8;-4;-0,97;-0,53;FRA;MF;20;2004;4,1;1;0;0;9;13;0;4;1;5;0;;;;;;;;;;;;;;;;;;;;;;;
Jimmy Evans;Nancy;2526;FRA-Ligue 2;NGA;MF,FW;26;1999;29;6;958;10,6;1;1;2;1;0;0;5;0;0,09;0,09;0,19;0,09;0,19;NGA;MF,FW;26;1999;10,6;1;11;1;9,1;1,03;0,09;0,09;1,0;0;0;NGA;MF,FW;26;1999;29;958;33;31,3;10,6;6;69;1;23;24;2;1,17;11;13;-2;-0,19;0,45;NGA;MF,FW;26;1999;10,6;5;0;0;24;33;6;28;11;13;0;;;;;;;;;;;;;;;;;;;;;;;
Justin Bourgault;Nancy;2526;FRA-Ligue 2;FRA;DF,MF;19;2005;12;12;976;10,8;1;0;1;1;0;0;0;0;0,09;0,0;0,09;0,09;0,09;FRA;DF,MF;19;2005;10,8;1;6;1;16,7;0,55;0,09;0,17;1,0;0;0;FRA;DF,MF;19;2005;12;976;81;31,9;10,8;12;81;8;0;;0;0,75;9;17;-8;-0,74;-0,35;FRA;DF,MF;19;2005;10,8;0;0;0;4;7;0;33;13;15;0;;;;;;;;;;;;;;;;;;;;;;;
Jérémy Gélin;Nancy;2526;FRA-Ligue 2;FRA;MF;28;1997;13;12;951;10,6;1;1;2;1;0;0;3;0;0,09;0,09;0,19;0,09;0,19;FRA;MF;28;1997;10,6;1;14;3;21,4;1,32;0,28;0,07;0,33;0;0;FRA;MF;28;1997;13;951;73;31,1;10,6;12;77;4;1;33;0;0,92;8;14;-6;-0,57;-0,1;FRA;MF;28;1997;10,6;3;0;0;12;13;1;60;12;4;0;;;;;;;;;;;;;;;;;;;;;;;
Kenzo Noël;Nancy;2526;FRA-Ligue 2;FRA;GK;19;2006;3;2;252;2,8;0;0;0;0;0;0;0;0;0,0;0,0;0,0;0,0;0,0;FRA;GK;19;2006;2,8;0;0;0;;0,0;0,0;;;0;0;FRA;GK;19;2006;3;252;84;8,2;2,8;2;90;2;1;72;4;1,0;2;3;-1;-0,36;0,16;FRA;GK;19;2006;2,8;0;0;0;0;0;0;0;0;0;0;FRA;GK;19;2006;3;2;252;2,8;3;1,07;9;6;66,7;1;0;1;0;0,0;0;0;0;0;
Martin Expérience;Nancy;2526;FRA-Ligue 2;HAI;MF,DF;26;1999;20;13;1275;14,2;1;1;2;1;0;0;4;0;0,07;0,07;0,14;0,07;0,14;HAI;MF,DF;26;1999;14,2;1;12;3;25,0;0,85;0,21;0,08;0,33;0;0;HAI;MF,DF;26;1999;20;1275;64;41,7;14,2;13;86;10;7;23;2;1,1;15;21;-6;-0,42;0,13;HAI;MF,DF;26;1999;14,2;4;0;0;15;10;0;27;13;22;0;;;;;;;;;;;;;;;;;;;;;;;
Martin Sourzac;Nancy;2526;FRA-Ligue 2;FRA;GK;33;1992;1;0;38;0,4;0;0;0;0;0;0;0;0;0,0;0,0;0,0;0,0;0,0;FRA;GK;33;1992;0,4;0;0;0;;0,0;0,0;;;0;0;FRA;GK;33;1992;1;38;38;1,2;0,4;0;;0;1;38;6;3,0;1;2;-1;-2,37;-1,89;FRA;GK;33;1992;0,4;0;0;0;0;1;0;0;0;0;0;FRA;GK;33;1992;1;0;38;0,4;2;4,74;4;2;50,0;0;0;0;0;;0;0;0;0;
Matthéo Guendez;Nancy;2526;FRA-Ligue 2;FRA;MF;19;2005;5;2;254;2,8;1;0;1;1;0;0;0;0;0,35;0,0;0,35;0,35;0,35;FRA;MF;19;2005;2,8;1;5;2;40,0;1,77;0,71;0,2;0,5;0;0;FRA;MF;19;2005;5;254;51;8,3;2,8;2;75;0;3;35;1;2,0;6;1;5;1,77;2,48;FRA;MF;19;2005;2,8;0;0;0;2;5;3;6;1;1;0;;;;;;;;;;;;;;;;;;;;;;;
Maxence Carlier;Nancy;2526;FRA-Ligue 2;FRA;MF,DF;28;1997;27;25;2098;23,3;0;2;2;0;0;0;6;1;0,0;0,09;0,09;0,0;0,09;FRA;MF,DF;28;1997;23,3;0;8;1;12,5;0,34;0,04;0,0;0,0;0;0;FRA;MF,DF;28;1997;27;2098;78;68,6;23,3;25;82;16;2;19;2;1,19;24;36;-12;-0,51;-0,05;FRA;MF,DF;28;1997;23,3;6;1;1;29;9;0;17;28;34;0;;;;;;;;;;;;;;;;;;;;;;;
Nehemiah Fernandez;Nancy;2526;FRA-Ligue 2;FRA;DF;20;2004;30;26;2340;26,0;1;2;3;1;0;0;4;1;0,04;0,08;0,12;0,04;0,12;FRA;DF;20;2004;26,0;1;20;4;20,0;0,77;0,15;0,05;0,25;0;0;FRA;DF;20;2004;30;2340;78;76,5;26,0;26;87;23;4;17;1;1,17;28;41;-13;-0,5;0,0;FRA;DF;20;2004;26,0;4;1;1;32;14;2;3;30;31;0;;;;;;;;;;;;;;;;;;;;;;;
Niama Sissoko;Nancy;2526;FRA-Ligue 2;MLI;FW;19;2005;4;1;114;1,3;0;0;0;0;0;0;1;0;0,0;0,0;0,0;0,0;0,0;MLI;FW;19;2005;1,3;0;0;0;;0,0;0,0;;;0;0;MLI;FW;19;2005;4;114;29;3,7;1,3;1;62;0;3;17;2;0,75;1;6;-5;-3,95;-3,58;MLI;FW;19;2005;1,3;1;0;0;5;1;1;3;0;0;0;;;;;;;;;;;;;;;;;;;;;;;
Nicolas Saint-Ruf;Nancy;2526;FRA-Ligue 2;GLP;DF;32;1992;23;22;1834;20,4;6;0;6;6;0;0;4;2;0,29;0,0;0,29;0,29;0,29;GLP;DF;32;1992;20,4;6;19;10;52,6;0,93;0,49;0,32;0,6;0;0;GLP;DF;32;1992;23;1834;80;59,9;20,4;22;83;18;1;1;4;1,13;22;25;-3;-0,15;0,88;GLP;DF;32;1992;20,4;4;2;0;21;11;2;0;21;8;0;;;;;;;;;;;;;;;;;;;;;;;
Oumar Sidibé;Nancy;2526;FRA-Ligue 2;FRA;MF;24;2001;12;3;427;4,7;0;0;0;0;0;0;1;0;0,0;0,0;0,0;0,0;0,0;FRA;MF;24;2001;4,7;0;6;0;0,0;1,26;0,0;0,0;;0;0;FRA;MF;24;2001;12;427;36;14,0;4,7;3;72;1;9;23;0;0,92;2;3;-1;-0,21;0,34;FRA;MF;24;2001;4,7;1;0;0;9;8;3;20;1;6;0;;;;;;;;;;;;;;;;;;;;;;;
Patrick Ouotro;Nancy;2526;FRA-Ligue 2;CIV;FW;19;2005;20;7;867;9,6;2;1;3;2;0;1;0;0;0,21;0,1;0,31;0,21;0,31;CIV;FW;19;2005;9,6;2;17;10;58,8;1,76;1,04;0,12;0,2;0;1;CIV;FW;19;2005;20;867;43;28,3;9,6;7;81;2;13;23;1;1,0;6;17;-11;-1,14;-0,9;CIV;FW;19;2005;9,6;0;0;0;9;15;9;3;2;1;0;;;;;;;;;;;;;;;;;;;;;;;
Rayan Bamba;Nancy;2526;FRA-Ligue 2;FRA;MF;21;2004;20;15;1285;14,3;2;0;2;2;0;0;3;0;0,14;0,0;0,14;0,14;0,14;FRA;MF;21;2004;14,3;2;9;5;55,6;0,63;0,35;0,22;0,4;0;0;FRA;MF;21;2004;20;1285;64;42,0;14,3;15;76;5;5;29;2;1,2;18;22;-4;-0,28;0,38;FRA;MF;21;2004;14,3;3;0;0;23;7;3;42;13;19;0;;;;;;;;;;;;;;;;;;;;;;;
Teddy Bouriaud;Nancy;2526;FRA-Ligue 2;FRA;MF;28;1997;32;26;2115;23,5;0;4;4;0;0;0;5;0;0,0;0,17;0,17;0,0;0,17;FRA;MF;28;1997;23,5;0;31;9;29,0;1,32;0,38;0,0;0,0;0;0;FRA;MF;28;1997;32;2115;66;69,1;23,5;26;77;8;6;20;1;1,03;21;35;-14;-0,6;-0,31;FRA;MF;28;1997;23,5;5;0;0;41;47;0;127;40;46;0;;;;;;;;;;;;;;;;;;;;;;;
Victor Orakpo;Nancy;2526;FRA-Ligue 2;NGA;FW;19;2006;8;3;320;3,6;0;0;0;0;0;0;0;0;0,0;0,0;0,0;0,0;0,0;NGA;FW;19;2006;3,6;0;5;0;0,0;1,41;0,0;0,0;;0;0;NGA;FW;19;2006;8;320;40;10,5;3,6;3;78;2;5;17;0;0,88;3;7;-4;-1,13;-0,7;NGA;FW;19;2006;3,6;0;0;0;11;5;2;1;2;0;0;;;;;;;;;;;;;;;;;;;;;;;
Walid Bouabdeli;Nancy;2526;FRA-Ligue 2;FRA;MF,FW;24;2000;33;29;2471;27,5;2;1;3;2;0;0;6;0;0,07;0,04;0,11;0,07;0,11;FRA;MF,FW;24;2000;27,5;2;46;9;19,6;1,68;0,33;0,04;0,22;0;0;FRA;MF,FW;24;2000;33;2471;75;80,8;27,5;29;81;13;4;34;0;1,09;31;42;-11;-0,4;0,52;FRA;MF,FW;24;2000;27,5;6;0;0;53;66;3;26;18;32;0;;;;;;;;;;;;;;;;;;;;;;;
Yanis Delaveau;Nancy;2526;FRA-Ligue 2;;;;;;;;;;;;;;;;;;;;;;;;;;;;;;;;;;;;;ALG;MF;19;2006;0;;;;;0;;0;0;;1;;;;;;;;;;;;;;;;;;;;;;;;;;;;;;;;;;;;;;;;;;;;
Yannis Nahounou;Nancy;2526;FRA-Ligue 2;FRA;DF;21;2004;15;11;938;10,4;0;1;1;0;0;0;2;0;0,0;0,1;0,1;0,0;0,1;FRA;DF;21;2004;10,4;0;1;0;0,0;0,1;0,0;0,0;;0;0;FRA;DF;21;2004;15;938;63;30,7;10,4;11;83;9;4;6;8;1,07;12;17;-5;-0,48;0,03;FRA;DF;21;2004;10,4;2;0;0;19;2;0;2;16;12;0;;;;;;;;;;;;;;;;;;;;;;;
Zakaria Fdaouch;Nancy;2526;FRA-Ligue 2;MAR;MF,FW;28;1997;30;26;2210;24,6;5;3;8;4;1;1;1;0;0,2;0,12;0,33;0,16;0,29;MAR;MF,FW;28;1997;24,6;5;48;19;39,6;1,95;0,77;0,1;0,26;1;1;MAR;MF,FW;28;1997;30;2210;74;72,2;24,6;26;81;9;4;24;0;1,13;28;37;-9;-0,37;0,48;MAR;MF,FW;28;1997;24,6;1;0;0;22;60;10;75;6;17;0;;;;;;;;;;;;;;;;;;;;;;;
Zakaria Ztouti;Nancy;2526;FRA-Ligue 2;FRA;MF,FW;18;2006;11;5;456;5,1;1;2;3;1;0;0;1;0;0,2;0,39;0,59;0,2;0,59;FRA;MF,FW;18;2006;5,1;1;3;1;33,3;0,59;0,2;0,33;1,0;0;0;FRA;MF,FW;18;2006;11;456;41;14,9;5,1;5;69;0;6;18;3;0,91;5;10;-5;-0,99;-0,57;FRA;MF,FW;18;2006;5,1;1;0;0;13;16;0;0;4;9;0;;;;;;;;;;;;;;;;;;;;;;;
Ćazim Suljić;Nancy;2526;FRA-Ligue 2;BIH;MF;28;1996;15;7;553;6,1;0;1;1;0;0;0;5;1;0,0;0,16;0,16;0,0;0,16;BIH;MF;28;1996;6,1;0;8;1;12,5;1,3;0,16;0,0;0,0;0;0;BIH;MF;28;1996;15;553;37;18,1;6,1;7;62;0;8;15;3;1,4;5;8;-3;-0,49;0,01;BIH;MF;28;1996;6,1;5;1;1;14;9;0;29;13;14;0;;;;;;;;;;;;;;;;;;;;;;;
Abdoulaye Mbaye;Pau FC;2526;FRA-Ligue 2;;;;;;;;;;;;;;;;;;;;;;;;;;;;;;;;;;;;;SEN;FW;19;2005;0;;;;;0;;0;0;;1;;;;;;;;;;;;;;;;;;;;;;;;;;;;;;;;;;;;;;;;;;;;
Anthony Briançon;Pau FC;2526;FRA-Ligue 2;FRA;DF;30;1994;20;20;1677;18,6;0;0;0;0;0;0;4;0;0,0;0,0;0,0;0,0;0,0;FRA;DF;30;1994;18,6;0;12;2;16,7;0,64;0,11;0,0;0,0;0;0;FRA;DF;30;1994;20;1677;84;54,8;18,6;20;84;15;0;;3;1,4;27;30;-3;-0,16;0,55;FRA;DF;30;1994;18,6;4;0;0;11;19;0;3;26;11;1;;;;;;;;;;;;;;;;;;;;;;;
Antonin Bobichon;Pau FC;2526;FRA-Ligue 2;FRA;MF,FW;29;1995;30;18;1420;15,8;6;4;10;4;2;2;0;0;0,38;0,25;0,63;0,25;0,51;FRA;MF,FW;29;1995;15,8;6;26;11;42,3;1,65;0,7;0,23;0,55;2;2;FRA;MF,FW;29;1995;30;1420;47;46,4;15,8;18;69;2;12;14;1;1,3;24;29;-5;-0,32;0,18;FRA;MF,FW;29;1995;15,8;0;0;0;10;17;3;100;1;7;0;;;;;;;;;;;;;;;;;;;;;;;
Cheikh Fall;Pau FC;2526;FRA-Ligue 2;SEN;MF,DF;21;2004;22;8;939;10,4;2;1;3;2;0;0;3;0;0,19;0,1;0,29;0,19;0,29;SEN;MF,DF;21;2004;10,4;2;22;9;40,9;2,11;0,86;0,09;0,22;0;0;SEN;MF,DF;21;2004;22;939;43;30,7;10,4;8;79;6;14;22;3;0,82;13;35;-22;-2,11;-2,45;SEN;MF,DF;21;2004;10,4;3;0;0;17;9;0;1;15;11;0;;;;;;;;;;;;;;;;;;;;;;;
Daylam Meddah;Pau FC;2526;FRA-Ligue 2;FRA;DF,MF;22;2002;25;25;2093;23,3;1;2;3;1;0;0;12;1;0,04;0,09;0,13;0,04;0,13;FRA;DF,MF;22;2002;23,3;1;12;3;25,0;0,52;0,13;0,08;0,33;0;0;FRA;DF,MF;22;2002;25;2093;84;68,4;23,3;25;84;19;0;;1;1,52;31;34;-3;-0,13;0,89;FRA;DF,MF;22;2002;23,3;12;1;0;44;50;1;0;22;30;0;;;;;;;;;;;;;;;;;;;;;;;
Edhy Zuliani;Pau FC;2526;FRA-Ligue 2;FRA;MF,DF;20;2004;17;3;491;5,5;0;1;1;0;0;0;2;0;0,0;0,18;0,18;0,0;0,18;FRA;MF,DF;20;2004;5,5;0;5;1;20,0;0,92;0,18;0,0;0,0;0;0;FRA;MF,DF;20;2004;17;491;29;16,0;5,5;3;65;0;14;21;5;1,24;6;7;-1;-0,18;0,27;FRA;MF,DF;20;2004;5,5;2;0;0;9;13;3;50;4;6;0;;;;;;;;;;;;;;;;;;;;;;;
Esteban Salles;Pau FC;2526;FRA-Ligue 2;FRA;GK;31;1994;11;10;970;10,8;0;1;1;0;0;0;0;0;0,0;0,09;0,09;0,0;0,09;FRA;GK;31;1994;10,8;0;0;0;;0,0;0,0;;;0;0;FRA;GK;31;1994;11;970;88;31,7;10,8;10;90;10;1;70;15;1,09;13;23;-10;-0,93;-0,76;FRA;GK;31;1994;10,8;0;0;0;0;2;0;0;0;0;1;FRA;GK;31;1994;11;10;970;10,8;23;2,13;45;22;48,9;3;2;5;3;30,0;3;2;1;0;33,3
Georges Grimaud;Pau FC;2526;FRA-Ligue 2;;;;;;;;;;;;;;;;;;;;;;;;;;;;;;;;;;;;;FRA;GK;18;2006;0;;;;;0;;0;0;;1;;;;;;;;;;;;;;;;;;;;;;;;;;;;;;;;;;;;;;;;;;;;
Giovani Versini;Pau FC;2526;FRA-Ligue 2;FRA;MF,FW;21;2004;30;27;2134;23,7;9;3;12;8;1;1;1;0;0,38;0,13;0,51;0,34;0,46;FRA;MF,FW;21;2004;23,7;9;46;19;41,3;1,94;0,8;0,2;0,47;1;1;FRA;MF,FW;21;2004;30;2134;71;69,7;23,7;27;76;7;3;25;0;1,2;36;39;-3;-0,13;0,94;FRA;MF,FW;21;2004;23,7;1;0;0;15;41;9;107;9;17;0;;;;;;;;;;;;;;;;;;;;;;;
Jean Ruiz;Pau FC;2526;FRA-Ligue 2;FRA;DF;27;1998;27;27;2346;26,1;1;1;2;1;0;0;4;0;0,04;0,04;0,08;0,04;0,08;FRA;DF;27;1998;26,1;1;10;3;30,0;0,38;0,12;0,1;0,33;0;0;FRA;DF;27;1998;27;2346;87;76,7;26,1;27;87;23;0;;0;1,48;38;42;-4;-0,15;1,11;FRA;DF;27;1998;26,1;4;0;0;16;13;1;4;23;22;0;;;;;;;;;;;;;;;;;;;;;;;
Joseph Kalulu;Pau FC;2526;FRA-Ligue 2;FRA;DF;20;2004;33;33;2807;31,2;1;2;3;1;0;0;3;1;0,03;0,06;0,1;0,03;0,1;FRA;DF;20;2004;31,2;1;13;4;30,8;0,42;0,13;0,08;0,25;0;0;FRA;DF;20;2004;33;2807;85;91,7;31,2;33;85;28;0;;0;1,27;44;58;-14;-0,45;-0,45;FRA;DF;20;2004;31,2;3;1;0;21;39;4;127;34;37;0;;;;;;;;;;;;;;;;;;;;;;;
Julien Anziani;Pau FC;2526;FRA-Ligue 2;FRA;MF;26;1999;13;12;960;10,7;2;2;4;1;1;1;1;0;0,19;0,19;0,37;0,09;0,28;FRA;MF;26;1999;10,7;2;29;9;31,0;2,72;0,84;0,07;0,22;1;1;FRA;MF;26;1999;13;960;74;31,4;10,7;12;78;5;1;25;0;1,08;15;22;-7;-0,66;-0,36;FRA;MF;26;1999;10,7;1;0;0;12;11;2;39;5;11;0;;;;;;;;;;;;;;;;;;;;;;;
Kyliane Dong;Pau FC;2526;FRA-Ligue 2;FRA;MF,FW;20;2004;29;18;1530;17,0;6;3;9;6;0;0;4;0;0,35;0,18;0,53;0,35;0,53;FRA;MF,FW;20;2004;17,0;6;31;7;22,6;1,82;0,41;0,19;0,86;0;0;FRA;MF,FW;20;2004;29;1530;53;50,0;17,0;18;72;4;11;21;1;1,17;24;35;-11;-0,65;-0,47;FRA;MF,FW;20;2004;17,0;4;0;0;20;36;8;31;8;9;0;;;;;;;;;;;;;;;;;;;;;;;
Kyllian Gasnier;Pau FC;2526;FRA-Ligue 2;FRA;FW;23;2002;14;1;341;3,8;0;0;0;0;0;0;1;0;0,0;0,0;0,0;0,0;0,0;FRA;FW;23;2002;3,8;0;4;0;0,0;1,06;0,0;0,0;;0;0;FRA;FW;23;2002;14;341;24;11,1;3,8;1;6;0;13;26;3;1,36;6;8;-2;-0,53;-0,13;FRA;FW;23;2002;3,8;1;0;0;10;6;1;13;3;1;0;;;;;;;;;;;;;;;;;;;;;;;
Matis Duval;Pau FC;2526;FRA-Ligue 2;;;;;;;;;;;;;;;;;;;;;;;;;;;;;;;;;;;;;FRA;GK;18;2007;0;;;;;0;;0;0;;1;;;;;;;;;;;;;;;;;;;;;;;;;;;;;;;;;;;;;;;;;;;;
Neil Glossoa;Pau FC;2526;FRA-Ligue 2;FRA;DF;20;2004;27;8;974;10,8;0;3;3;0;0;0;2;0;0,0;0,28;0,28;0,0;0,28;FRA;DF;20;2004;10,8;0;4;0;0,0;0,37;0,0;0,0;;0;0;FRA;DF;20;2004;27;974;36;31,8;10,8;8;75;3;19;20;3;1,33;13;22;-9;-0,83;-0,62;FRA;DF;20;2004;10,8;2;0;0;11;13;2;35;10;16;0;;;;;;;;;;;;;;;;;;;;;;;
Noah Raveyre;Pau FC;2526;FRA-Ligue 2;FRA;GK;20;2005;22;22;1910;21,2;0;0;0;0;0;0;3;0;0,0;0,0;0,0;0,0;0,0;FRA;GK;20;2005;21,2;0;0;0;;0,0;0,0;;;0;0;FRA;GK;20;2005;22;1910;87;62,4;21,2;22;87;21;0;;6;1,36;32;37;-5;-0,24;0,47;FRA;GK;20;2005;21,2;3;0;0;1;6;0;0;0;0;0;FRA;GK;20;2005;22;22;1910;21,2;37;1,74;87;50;57,5;8;6;8;6;27,3;4;4;0;0;0,0
Omar Sadik;Pau FC;2526;FRA-Ligue 2;MAR;FW;21;2004;27;16;1486;16,5;3;2;5;2;1;2;6;0;0,18;0,12;0,3;0,12;0,24;MAR;FW;21;2004;16,5;3;37;17;45,9;2,24;1,03;0,08;0,18;1;2;MAR;FW;21;2004;27;1486;55;48,6;16,5;16;75;6;11;26;0;1,48;23;29;-6;-0,36;0,09;MAR;FW;21;2004;16,5;6;0;0;51;36;6;1;3;10;0;;;;;;;;;;;;;;;;;;;;;;;
Omar Sissoko;Pau FC;2526;FRA-Ligue 2;FRA;FW,MF;18;2006;19;11;895;9,9;4;1;5;4;0;0;2;0;0,4;0,1;0,5;0,4;0,5;FRA;FW,MF;18;2006;9,9;4;25;9;36,0;2,51;0,91;0,16;0,44;0;0;FRA;FW,MF;18;2006;19;895;47;29,2;9,9;11;62;0;8;27;0;1,53;15;14;1;0,1;0,72;FRA;FW,MF;18;2006;9,9;2;0;0;9;17;5;5;4;2;0;;;;;;;;;;;;;;;;;;;;;;;
Ousmane Kanté;Pau FC;2526;FRA-Ligue 2;GUI;DF;35;1989;18;12;1053;11,7;0;0;0;0;0;0;5;1;0,0;0,0;0,0;0,0;0,0;GUI;DF;35;1989;11,7;0;5;0;0,0;0,43;0,0;0,0;;0;0;GUI;DF;35;1989;18;1053;59;34,4;11,7;12;76;7;6;24;13;1,61;17;24;-7;-0,6;-0,28;GUI;DF;35;1989;11,7;5;1;1;13;12;0;0;14;14;0;;;;;;;;;;;;;;;;;;;;;;;
Pathé Mboup;Pau FC;2526;FRA-Ligue 2;SEN;MF;21;2003;3;3;263;2,9;1;1;2;1;0;0;0;0;0,34;0,34;0,68;0,34;0,68;SEN;MF;21;2003;2,9;1;4;2;50,0;1,37;0,68;0,25;0,5;0;0;SEN;MF;21;2003;3;263;88;8,6;2,9;3;88;2;0;;0;1,67;5;3;2;0,68;1,2;SEN;MF;21;2003;2,9;0;0;0;0;5;2;0;1;5;0;;;;;;;;;;;;;;;;;;;;;;;
Rayan Touzghar;Pau FC;2526;FRA-Ligue 2;FRA;MF;21;2003;33;28;2526;28,1;3;3;6;3;0;0;6;0;0,11;0,11;0,21;0,11;0,21;FRA;MF;21;2003;28,1;3;68;20;29,4;2,42;0,71;0,04;0,15;0;0;FRA;MF;21;2003;33;2526;77;82,5;28,1;28;84;17;5;38;0;1,36;39;48;-9;-0,32;0,52;FRA;MF;21;2003;28,1;6;0;0;46;40;5;49;22;33;0;;;;;;;;;;;;;;;;;;;;;;;
Rayane Messi Tanfouri;Pau FC;2526;FRA-Ligue 2;FRA;FW,MF;18;2007;14;6;656;7,3;2;0;2;2;0;0;0;0;0,27;0,0;0,27;0,27;0,27;FRA;FW,MF;18;2007;7,3;2;7;2;28,6;0,96;0,27;0,29;1,0;0;0;FRA;FW,MF;18;2007;14;656;47;21,4;7,3;6;73;2;8;27;0;1,0;9;16;-7;-0,96;-0,7;FRA;FW,MF;18;2007;7,3;0;0;0;9;12;1;12;3;7;0;;;;;;;;;;;;;;;;;;;;;;;
Robin Verhaeghe;Pau FC;2526;FRA-Ligue 2;FRA;DF;21;2004;1;0;26;0,3;0;0;0;0;0;0;0;0;0,0;0,0;0,0;0,0;0,0;FRA;DF;21;2004;0,3;0;0;0;;0,0;0,0;;;0;0;FRA;DF;21;2004;1;26;26;0,8;0,3;0;;0;1;26;1;0,0;1;1;0;0,0;0,42;FRA;DF;21;2004;0,3;0;0;0;0;0;0;0;1;0;0;;;;;;;;;;;;;;;;;;;;;;;
Salif Lebouath;Pau FC;2526;FRA-Ligue 2;FRA;FW;23;2001;9;1;168;1,9;0;0;0;0;0;0;1;0;0,0;0,0;0,0;0,0;0,0;FRA;FW;23;2001;1,9;0;3;1;33,3;1,61;0,54;0,0;0,0;0;0;FRA;FW;23;2001;9;168;19;5,5;1,9;1;45;0;8;15;4;1,33;3;6;-3;-1,61;-1,26;FRA;FW;23;2001;1,9;1;0;0;3;5;1;8;0;0;0;;;;;;;;;;;;;;;;;;;;;;;
Setigui Karamoko;Pau FC;2526;FRA-Ligue 2;FRA;DF;25;1999;17;8;949;10,5;0;0;0;0;0;0;4;1;0,0;0,0;0,0;0,0;0,0;FRA;DF;25;1999;10,5;0;5;0;0,0;0,47;0,0;0,0;;0;0;FRA;DF;25;1999;17;949;56;31,0;10,5;8;86;6;9;29;3;1,53;14;21;-7;-0,66;-0,37;FRA;DF;25;1999;10,5;4;1;0;17;4;1;8;18;11;0;;;;;;;;;;;;;;;;;;;;;;;
Souleymane Basse;Pau FC;2526;FRA-Ligue 2;SEN;DF;21;2003;3;1;123;1,4;0;0;0;0;0;0;0;0;0,0;0,0;0,0;0,0;0,0;SEN;DF;21;2003;1,4;0;1;0;0,0;0,73;0,0;0,0;;0;0;SEN;DF;21;2003;3;123;41;4,0;1,4;1;73;0;2;25;4;0,0;3;5;-2;-1,46;-1,1;SEN;DF;21;2003;1,4;0;0;0;1;0;0;3;3;2;0;;;;;;;;;;;;;;;;;;;;;;;
Steeve Beusnard;Pau FC;2526;FRA-Ligue 2;FRA;MF;33;1992;27;25;2126;23,6;2;1;3;2;0;0;4;1;0,08;0,04;0,13;0,08;0,13;FRA;MF;33;1992;23,6;2;17;6;35,3;0,72;0,25;0,12;0,33;0;0;FRA;MF;33;1992;27;2126;79;69,5;23,6;25;83;19;2;25;0;1,41;33;37;-4;-0,17;0,79;FRA;MF;33;1992;23,6;4;1;0;32;39;0;9;28;23;0;;;;;;;;;;;;;;;;;;;;;;;
Tao Paradowski;Pau FC;2526;FRA-Ligue 2;FRA;GK;20;2005;2;2;180;2,0;0;0;0;0;0;0;0;0;0,0;0,0;0,0;0,0;0,0;FRA;GK;20;2005;2,0;0;0;0;;0,0;0,0;;;0;0;FRA;GK;20;2005;2;180;90;5,9;2,0;2;90;2;0;;10;2,0;3;2;1;0,5;0,97;FRA;GK;20;2005;2,0;0;0;0;0;1;0;0;0;0;0;FRA;GK;20;2005;2;2;180;2,0;2;1,0;6;4;66,7;1;1;0;1;50,0;0;0;0;0;
Taïryk Arconte;Pau FC;2526;FRA-Ligue 2;FRA;FW;21;2003;2;1;74;0,8;1;0;1;1;0;0;1;0;1,22;0,0;1,22;1,22;1,22;FRA;FW;21;2003;0,8;1;2;1;50,0;2,43;1,22;0,5;1,0;0;0;FRA;FW;21;2003;2;74;37;2,4;0,8;1;67;0;1;7;0;2,0;1;1;0;0,0;0,42;FRA;FW;21;2003;0,8;1;0;0;0;2;0;0;1;1;0;;;;;;;;;;;;;;;;;;;;;;;
Titouan Nihouarn;Pau FC;2526;FRA-Ligue 2;FRA;FW;21;2004;1;0;36;0,4;0;0;0;0;0;0;0;0;0,0;0,0;0,0;0,0;0,0;FRA;FW;21;2004;0,4;0;0;0;;0,0;0,0;;;0;0;FRA;FW;21;2004;1;36;36;1,2;0,4;0;;0;1;36;6;0,0;1;1;0;0,0;0,42;FRA;FW;21;2004;0,4;0;0;0;0;3;0;0;0;0;0;;;;;;;;;;;;;;;;;;;;;;;
Tom Pouilly;Pau FC;2526;FRA-Ligue 2;FRA;DF;22;2003;31;28;2287;25,4;3;1;4;3;0;0;5;1;0,12;0,04;0,16;0,12;0,16;FRA;DF;22;2003;25,4;3;27;8;29,6;1,06;0,31;0,11;0,38;0;0;FRA;DF;22;2003;31;2287;74;74,7;25,4;28;79;12;3;26;0;1,16;38;47;-9;-0,35;0,23;FRA;DF;22;2003;25,4;5;1;0;23;25;0;63;25;21;0;;;;;;;;;;;;;;;;;;;;;;;
Abdelsamad Hachem;Red Star;2526;FRA-Ligue 2;FRA;FW;23;2002;23;3;520;5,8;1;1;2;1;0;0;0;0;0,17;0,17;0,35;0,17;0,35;FRA;FW;23;2002;5,8;1;10;4;40,0;1,73;0,69;0,1;0,25;0;0;FRA;FW;23;2002;23;520;23;17,0;5,8;3;68;0;20;16;4;1,65;9;5;4;0,69;0,55;FRA;FW;23;2002;5,8;0;0;0;14;4;3;8;1;3;0;;;;;;;;;;;;;;;;;;;;;;;
Balthazar Pierret;Red Star;2526;FRA-Ligue 2;FRA;MF;25;2000;13;12;1066;11,8;0;1;1;0;0;0;4;0;0,0;0,08;0,08;0,0;0,08;FRA;MF;25;2000;11,8;0;14;4;28,6;1,18;0,34;0,0;0,0;0;0;FRA;MF;25;2000;13;1066;82;34,8;11,8;12;87;9;1;19;0;1,5;16;16;0;0,0;-0,36;FRA;MF;25;2000;11,8;4;0;0;30;20;0;5;11;24;0;;;;;;;;;;;;;;;;;;;;;;;
Bradley Danger;Red Star;2526;FRA-Ligue 2;FRA;DF,MF;27;1998;31;26;2384;26,5;2;1;3;2;0;0;8;0;0,08;0,04;0,11;0,08;0,11;FRA;DF,MF;27;1998;26,5;2;8;6;75,0;0,3;0,23;0,25;0,33;0;0;FRA;DF,MF;27;1998;31;2384;77;77,9;26,5;26;89;24;5;15;0;1,69;32;29;3;0,11;-0,55;FRA;DF,MF;27;1998;26,5;8;0;0;35;37;0;44;34;23;0;;;;;;;;;;;;;;;;;;;;;;;
Damien Durand;Red Star;2526;FRA-Ligue 2;FRA;FW,MF;29;1995;34;30;2544;28,3;13;3;16;11;2;2;1;0;0,46;0,11;0,57;0,39;0,5;FRA;FW,MF;29;1995;28,3;13;57;21;36,8;2,02;0,74;0,23;0,62;2;2;FRA;FW,MF;29;1995;34;2544;75;83,1;28,3;30;81;9;4;32;0;1,66;37;33;4;0,14;-0,56;FRA;FW,MF;29;1995;28,3;1;0;0;11;23;12;72;12;11;0;;;;;;;;;;;;;;;;;;;;;;;
Dembo Sylla;Red Star;2526;FRA-Ligue 2;GUI;MF;22;2002;31;26;2204;24,5;0;4;4;0;0;0;5;0;0,0;0,16;0,16;0,0;0,16;GUI;MF;22;2002;24,5;0;11;2;18,2;0,45;0,08;0,0;0,0;0;0;GUI;MF;22;2002;31;2204;71;72,0;24,5;26;80;13;5;23;2;1,59;29;28;1;0,04;-0,7;GUI;MF;22;2002;24,5;5;0;0;24;22;4;48;25;35;0;;;;;;;;;;;;;;;;;;;;;;;
Dylan Durivaux;Red Star;2526;FRA-Ligue 2;FRA;DF;24;2001;34;34;3060;34,0;1;3;4;1;0;0;3;0;0,03;0,09;0,12;0,03;0,12;FRA;DF;24;2001;34,0;1;15;7;46,7;0,44;0,21;0,07;0,14;0;0;FRA;DF;24;2001;34;3060;90;100,0;34,0;34;90;34;0;;0;1,66;45;37;8;0,24;;FRA;DF;24;2001;34,0;3;0;0;22;67;0;47;37;48;1;;;;;;;;;;;;;;;;;;;;;;;
Gaëtan Poussin;Red Star;2526;FRA-Ligue 2;FRA;GK;26;1999;32;32;2880;32,0;0;0;0;0;0;0;1;0;0,0;0,0;0,0;0,0;0,0;FRA;GK;26;1999;32,0;0;0;0;;0,0;0,0;;;0;0;FRA;GK;26;1999;32;2880;90;94,1;32,0;32;90;32;0;;0;1,73;43;33;10;0,31;1,31;FRA;GK;26;1999;32,0;1;0;0;0;18;0;0;0;2;0;FRA;GK;26;1999;32;32;2880;32,0;33;1,03;125;92;73,6;16;9;7;14;43,8;2;2;0;0;0,0
Giovanni Haag;Red Star;2526;FRA-Ligue 2;FRA;MF;25;2000;26;24;2133;23,7;1;2;3;1;0;0;9;0;0,04;0,08;0,13;0,04;0,13;FRA;MF;25;2000;23,7;1;25;8;32,0;1,05;0,34;0,04;0,13;0;0;FRA;MF;25;2000;26;2133;82;69,7;23,7;24;86;20;2;31;0;1,63;25;26;-1;-0,04;-0,92;FRA;MF;25;2000;23,7;9;0;0;27;39;0;51;25;29;0;;;;;;;;;;;;;;;;;;;;;;;
Guillaume Trani;Red Star;2526;FRA-Ligue 2;FRA;MF,FW;27;1997;15;6;495;5,5;1;1;2;1;0;0;0;0;0,18;0,18;0,36;0,18;0,36;FRA;MF,FW;27;1997;5,5;1;11;6;54,5;2,0;1,09;0,09;0,17;0;0;FRA;MF,FW;27;1997;15;495;33;16,2;5,5;6;60;0;9;15;10;1,27;7;6;1;0,18;-0,06;FRA;MF,FW;27;1997;5,5;0;0;0;12;9;3;42;4;9;0;;;;;;;;;;;;;;;;;;;;;;;
Hacéne Benali;Red Star;2526;FRA-Ligue 2;ALG;FW,MF;25;1999;27;6;726;8,1;6;0;6;3;3;3;3;0;0,74;0,0;0,74;0,37;0,37;ALG;FW,MF;25;1999;8,1;6;29;9;31,0;3,6;1,12;0,21;0,67;3;3;ALG;FW,MF;25;1999;27;726;27;23,7;8,1;6;60;0;21;17;3;1,71;11;9;2;0,25;0,02;ALG;FW,MF;25;1999;8,1;3;0;0;18;9;9;15;6;16;0;;;;;;;;;;;;;;;;;;;;;;;
Islamdine Halifa;Red Star;2526;FRA-Ligue 2;;;;;;;;;;;;;;;;;;;;;;;;;;;;;;;;;;;;;FRA;MF;20;2004;0;;;;;0;;0;0;;1;;;;;;;;;;;;;;;;;;;;;;;;;;;;;;;;;;;;;;;;;;;;
Joachim Eickmayer;Red Star;2526;FRA-Ligue 2;FRA;MF;32;1993;12;6;658;7,3;0;1;1;0;0;0;0;0;0,0;0,14;0,14;0,0;0,14;FRA;MF;32;1993;7,3;0;12;1;8,3;1,64;0,14;0,0;0,0;0;0;FRA;MF;32;1993;12;658;55;21,5;7,3;6;84;4;6;26;1;1,58;10;7;3;0,41;0,22;FRA;MF;32;1993;7,3;0;0;0;6;10;2;4;9;8;0;;;;;;;;;;;;;;;;;;;;;;;
Joachim Kayi Sanda;Red Star;2526;FRA-Ligue 2;FRA;DF;18;2006;6;3;334;3,7;0;0;0;0;0;0;0;0;0,0;0,0;0,0;0,0;0,0;FRA;DF;18;2006;3,7;0;4;1;25,0;1,08;0,27;0,0;0,0;0;0;FRA;DF;18;2006;6;334;56;10,9;3,7;3;90;3;3;21;8;1,67;6;3;3;0,81;0,64;FRA;DF;18;2006;3,7;0;0;0;8;3;0;1;4;3;0;;;;;;;;;;;;;;;;;;;;;;;
Josué Escartin;Red Star;2526;FRA-Ligue 2;FRA;DF;22;2003;7;3;352;3,9;1;0;1;1;0;0;2;0;0,26;0,0;0,26;0,26;0,26;FRA;DF;22;2003;3,9;1;2;1;50,0;0,51;0,26;0,5;1,0;0;0;FRA;DF;22;2003;7;352;50;11,5;3,9;3;90;3;4;21;6;1,25;7;6;1;0,26;0,02;FRA;DF;22;2003;3,9;2;0;0;8;4;0;1;6;3;1;;;;;;;;;;;;;;;;;;;;;;;
Jovany Ikanga;Red Star;2526;FRA-Ligue 2;FRA;FW;23;2002;29;20;1619;18,0;6;2;8;6;0;0;2;0;0,33;0,11;0,44;0,33;0,44;FRA;FW;23;2002;18,0;6;34;14;41,2;1,89;0,78;0,18;0,43;0;0;FRA;FW;23;2002;29;1619;56;52,9;18,0;20;72;1;9;20;2;1,73;29;22;7;0,39;0,33;FRA;FW;23;2002;18,0;2;0;0;40;35;14;44;4;10;0;;;;;;;;;;;;;;;;;;;;;;;
Kevin Cabral;Red Star;2526;FRA-Ligue 2;FRA;FW;26;1999;27;14;1274;14,2;4;3;7;4;0;0;4;1;0,28;0,21;0,49;0,28;0,49;FRA;FW;26;1999;14,2;4;29;10;34,5;2,05;0,71;0,14;0,4;0;0;FRA;FW;26;1999;27;1274;47;41,6;14,2;14;71;2;13;22;1;1,64;18;12;6;0,42;0,32;FRA;FW;26;1999;14,2;4;1;1;30;27;10;13;2;10;0;;;;;;;;;;;;;;;;;;;;;;;
Kémo Cissé;Red Star;2526;FRA-Ligue 2;FRA;MF;28;1996;27;24;2051;22,8;1;3;4;1;0;0;1;0;0,04;0,13;0,18;0,04;0,18;FRA;MF;28;1996;22,8;1;36;8;22,2;1,58;0,35;0,03;0,13;0;0;FRA;MF;28;1996;27;2051;76;67,0;22,8;24;84;11;3;13;1;1,63;24;22;2;0,09;-0,45;FRA;MF;28;1996;22,8;1;0;0;14;15;0;62;15;13;0;;;;;;;;;;;;;;;;;;;;;;;
Matthieu Huard;Red Star;2526;FRA-Ligue 2;FRA;DF,MF;27;1998;26;17;1560;17,3;1;0;1;1;0;0;5;0;0,06;0,0;0,06;0,06;0,06;FRA;DF,MF;27;1998;17,3;1;6;2;33,3;0,35;0,12;0,17;0,5;0;0;FRA;DF,MF;27;1998;26;1560;60;51,0;17,3;17;84;12;9;14;4;1,78;29;20;9;0,52;0,58;FRA;DF,MF;27;1998;17,3;5;0;0;32;19;5;39;20;13;0;;;;;;;;;;;;;;;;;;;;;;;
Mohafidh Ahamada Mbae;Red Star;2526;FRA-Ligue 2;COM;DF;21;2004;1;0;6;0,1;0;0;0;0;0;0;0;0;0,0;0,0;0,0;0,0;0,0;COM;DF;21;2004;0,1;0;0;0;;0,0;0,0;;;0;0;COM;DF;21;2004;1;6;6;0,2;0,1;0;;0;1;6;1;1,0;0;0;0;0,0;-0,24;COM;DF;21;2004;0,1;0;0;0;0;0;0;1;0;0;0;;;;;;;;;;;;;;;;;;;;;;;
Pape Ba;Red Star;2526;FRA-Ligue 2;SEN;FW;28;1997;15;5;548;6,1;2;1;3;2;0;0;0;0;0,33;0,16;0,49;0,33;0,49;SEN;FW;28;1997;6,1;2;13;5;38,5;2,14;0,82;0,15;0,4;0;0;SEN;FW;28;1997;15;548;37;17,9;6,1;5;71;0;10;19;0;1,44;8;10;-2;-0,33;-0,69;SEN;FW;28;1997;6,1;0;0;0;7;7;12;10;0;1;0;;;;;;;;;;;;;;;;;;;;;;;
Pierre Lemonnier;Red Star;2526;FRA-Ligue 2;FRA;DF;32;1993;27;27;2259;25,1;1;2;3;1;0;0;1;0;0,04;0,08;0,12;0,04;0,12;FRA;DF;32;1993;25,1;1;10;2;20,0;0,4;0,08;0,1;0,5;0;0;FRA;DF;32;1993;27;2259;84;73,8;25,1;27;84;22;0;;0;1,7;34;25;9;0,36;0,47;FRA;DF;32;1993;25,1;1;0;0;18;30;1;8;34;22;1;;;;;;;;;;;;;;;;;;;;;;;
Quentin Beunardeau;Red Star;2526;FRA-Ligue 2;FRA;GK;31;1994;2;2;180;2,0;0;0;0;0;0;0;0;0;0,0;0,0;0,0;0,0;0,0;FRA;GK;31;1994;2,0;0;0;0;;0,0;0,0;;;0;0;FRA;GK;31;1994;2;180;90;5,9;2,0;2;90;2;0;;32;0,5;2;4;-2;-1,0;-1,31;FRA;GK;31;1994;2,0;0;0;0;0;0;0;0;0;0;0;FRA;GK;31;1994;2;2;180;2,0;4;2,0;7;3;42,9;0;1;1;0;0,0;0;0;0;0;
Ronan Matuvangua;Red Star;2526;FRA-Ligue 2;;;;;;;;;;;;;;;;;;;;;;;;;;;;;;;;;;;;;FRA;FW;21;2004;0;;;;;0;;0;0;;1;;;;;;;;;;;;;;;;;;;;;;;;;;;;;;;;;;;;;;;;;;;;
Ryad Hachem;Red Star;2526;FRA-Ligue 2;ALG;MF;27;1998;33;31;2676;29,7;2;1;3;2;0;0;3;0;0,07;0,03;0,1;0,07;0,1;ALG;MF;27;1998;29,7;2;41;12;29,3;1,38;0,4;0,05;0,17;0;0;ALG;MF;27;1998;33;2676;81;87,5;29,7;31;84;19;2;30;0;1,71;40;33;7;0,24;0,0;ALG;MF;27;1998;29,7;3;0;0;36;46;2;71;30;21;0;;;;;;;;;;;;;;;;;;;;;;;
Samuel Renel;Red Star;2526;FRA-Ligue 2;MTQ;MF;23;2001;5;0;101;1,1;0;0;0;0;0;0;0;0;0,0;0,0;0,0;0,0;0,0;MTQ;MF;23;2001;1,1;0;0;0;;0,0;0,0;;;0;0;MTQ;MF;23;2001;5;101;20;3,3;1,1;0;;0;5;20;5;2,0;2;1;1;0,89;0,68;MTQ;MF;23;2001;1,1;0;0;0;1;2;0;2;0;4;0;;;;;;;;;;;;;;;;;;;;;;;
Saîf-Eddine Khaoui;Red Star;2526;FRA-Ligue 2;TUN;MF;30;1995;30;17;1491;16,6;2;6;8;1;1;2;5;0;0,12;0,36;0,48;0,06;0,42;TUN;MF;30;1995;16,6;2;28;9;32,1;1,69;0,54;0,07;0,22;1;2;TUN;MF;30;1995;30;1491;50;48,7;16,6;17;69;1;13;24;1;1,48;22;14;8;0,48;0,48;TUN;MF;30;1995;16,6;5;0;0;19;24;2;82;16;9;0;;;;;;;;;;;;;;;;;;;;;;;
Théo Magnin;Red Star;2526;FRA-Ligue 2;SUI;MF;21;2003;10;5;447;5,0;0;0;0;0;0;0;0;0;0,0;0,0;0,0;0,0;0,0;SUI;MF;21;2003;5,0;0;2;0;0,0;0,4;0,0;0,0;;0;0;SUI;MF;21;2003;10;447;45;14,6;5,0;5;74;1;5;16;0;1,64;8;3;5;1,01;0,9;SUI;MF;21;2003;5,0;0;0;0;4;1;0;13;4;7;0;;;;;;;;;;;;;;;;;;;;;;;
Valentin Rabouille;Red Star;2526;FRA-Ligue 2;;;;;;;;;;;;;;;;;;;;;;;;;;;;;;;;;;;;;FRA;GK;25;2000;0;;;;;0;;0;0;;2;;;;;;;;;;;;;;;;;;;;;;;;;;;;;;;;;;;;;;;;;;;;
Vincent Kany;Red Star;2526;FRA-Ligue 2;FRA;DF;22;2002;2;1;46;0,5;0;0;0;0;0;0;0;0;0,0;0,0;0,0;0,0;0,0;FRA;DF;22;2002;0,5;0;1;0;0,0;1,96;0,0;0,0;;0;0;FRA;DF;22;2002;2;46;23;1,5;0,5;1;45;0;1;1;5;2,0;1;1;0;0,0;-0,24;FRA;DF;22;2002;0,5;0;0;0;0;0;0;0;1;1;0;;;;;;;;;;;;;;;;;;;;;;;
Abdoul Koné;Reims;2526;FRA-Ligue 2;FRA;DF;20;2005;28;25;2247;25,0;1;1;2;1;0;0;9;1;0,04;0,04;0,08;0,04;0,08;FRA;DF;20;2005;25,0;1;12;3;25,0;0,48;0,12;0,08;0,33;0;0;FRA;DF;20;2005;28;2247;80;73,4;25,0;25;85;20;3;37;2;1,68;39;25;14;0,56;0,12;FRA;DF;20;2005;25,0;9;1;0;30;39;0;3;25;23;0;;;;;;;;;;;;;;;;;;;;;;;
Adama Bojang;Reims;2526;FRA-Ligue 2;GAM;FW,MF;21;2004;24;7;786;8,7;2;1;3;2;0;0;1;0;0,23;0,11;0,34;0,23;0,34;GAM;FW,MF;21;2004;8,7;2;20;7;35,0;2,29;0,8;0,1;0,29;0;0;GAM;FW,MF;21;2004;24;786;33;25,7;8,7;7;68;1;17;18;0;1,71;13;9;4;0,46;-0,1;GAM;FW,MF;21;2004;8,7;1;0;0;16;5;11;17;7;4;0;;;;;;;;;;;;;;;;;;;;;;;
Alexandre Olliero;Reims;2526;FRA-Ligue 2;;;;;;;;;;;;;;;;;;;;;;;;;;;;;;;;;;;;;FRA;GK;29;1996;0;;;;;0;;0;0;;34;;;;;;;;;;;;;;;;;;;;;;;;;;;;;;;;;;;;;;;;;;;;
Amine Salama;Reims;2526;FRA-Ligue 2;FRA;MF,FW;25;2000;13;8;696;7,7;2;2;4;2;0;0;1;0;0,26;0,26;0,52;0,26;0,52;FRA;MF,FW;25;2000;7,7;2;19;6;31,6;2,46;0,78;0,11;0,33;0;0;FRA;MF,FW;25;2000;13;696;54;22,7;7,7;8;68;0;5;31;0;1,85;14;7;7;0,91;0,49;FRA;MF,FW;25;2000;7,7;1;0;0;12;3;3;19;4;6;0;;;;;;;;;;;;;;;;;;;;;;;
Ange Martial Tia;Reims;2526;FRA-Ligue 2;MLI;MF,FW;18;2006;31;20;1561;17,3;5;1;6;5;0;0;4;1;0,29;0,06;0,35;0,29;0,35;MLI;MF,FW;18;2006;17,3;5;30;10;33,3;1,73;0,58;0,17;0,5;0;0;MLI;MF,FW;18;2006;31;1561;50;51,0;17,3;20;70;2;11;15;2;1,68;23;20;3;0,17;-0,73;MLI;MF,FW;18;2006;17,3;4;1;0;22;30;2;32;18;28;0;;;;;;;;;;;;;;;;;;;;;;;
Antoine Léautey;Reims;2526;FRA-Ligue 2;FRA;MF,DF;29;1996;8;7;574;6,4;1;1;2;1;0;0;0;0;0,16;0,16;0,31;0,16;0,31;FRA;MF,DF;29;1996;6,4;1;12;4;33,3;1,88;0,63;0,08;0,25;0;0;FRA;MF,DF;29;1996;8;574;72;18,8;6,4;7;80;4;1;17;0;1,5;10;10;0;0,0;-0,65;FRA;MF,DF;29;1996;6,4;0;0;0;8;8;2;35;3;2;0;;;;;;;;;;;;;;;;;;;;;;;
Elie;Reims;2526;FRA-Ligue 2;CIV;DF;21;2004;15;13;1176;13,1;0;0;0;0;0;0;4;0;0,0;0,0;0,0;0,0;0,0;CIV;DF;21;2004;13,1;0;13;4;30,8;0,99;0,31;0,0;0,0;0;0;CIV;DF;21;2004;15;1176;78;38,4;13,1;13;89;12;2;9;9;1,6;19;15;4;0,31;-0,36;CIV;DF;21;2004;13,1;4;0;0;13;19;0;3;9;14;0;;;;;;;;;;;;;;;;;;;;;;;
Eloge Zabi;Reims;2526;FRA-Ligue 2;CIV;MF;18;2006;28;17;1625;18,1;1;4;5;1;0;0;6;0;0,06;0,22;0,28;0,06;0,28;CIV;MF;18;2006;18,1;1;27;6;22,2;1,5;0,33;0,04;0,17;0;0;CIV;MF;18;2006;28;1625;58;53,1;18,1;17;80;5;11;25;1;1,64;22;14;8;0,44;-0,18;CIV;MF;18;2006;18,1;6;0;0;50;18;7;15;21;27;1;;;;;;;;;;;;;;;;;;;;;;;
Ewen Jaouen;Reims;2526;FRA-Ligue 2;FRA;GK;19;2005;34;34;3060;34,0;0;0;0;0;0;0;1;0;0,0;0,0;0,0;0,0;0,0;FRA;GK;19;2005;34,0;0;0;0;;0,0;0,0;;;0;0;FRA;GK;19;2005;34;3060;90;100,0;34,0;34;90;34;0;;0;1,65;53;35;18;0,53;;FRA;GK;19;2005;34,0;1;0;0;1;5;0;0;0;1;0;FRA;GK;19;2005;34;34;3060;34,0;35;1,03;106;71;67,0;14;14;6;15;44,1;4;3;1;0;25,0
Hafiz Ibrahim;Reims;2526;FRA-Ligue 2;NGA;FW;19;2005;21;9;1064;11,8;6;1;7;6;0;0;3;0;0,51;0,08;0,59;0,51;0,59;NGA;FW;19;2005;11,8;6;35;15;42,9;2,96;1,27;0,17;0,4;0;0;NGA;FW;19;2005;21;1064;51;34,8;11,8;9;74;1;12;33;0;1,57;20;9;11;0,93;0,61;NGA;FW;19;2005;11,8;3;0;0;34;11;4;3;2;5;0;;;;;;;;;;;;;;;;;;;;;;;
Hiroki Sekine;Reims;2526;FRA-Ligue 2;JPN;DF;22;2002;24;14;1393;15,5;0;1;1;0;0;0;3;0;0,0;0,06;0,06;0,0;0,06;JPN;DF;22;2002;15,5;0;11;2;18,2;0,71;0,13;0,0;0,0;0;0;JPN;DF;22;2002;24;1393;58;45,5;15,5;14;84;11;10;22;10;1,63;22;17;5;0,32;-0,38;JPN;DF;22;2002;15,5;3;0;0;18;13;0;22;20;21;0;;;;;;;;;;;;;;;;;;;;;;;
Jean-Tryfose Mambuku;Reims;2526;FRA-Ligue 2;;;;;;;;;;;;;;;;;;;;;;;;;;;;;;;;;;;;;ITA;DF;17;2008;0;;;;;0;;0;0;;1;;;;;;;;;;;;;;;;;;;;;;;;;;;;;;;;;;;;;;;;;;;;
John Joe;Reims;2526;FRA-Ligue 2;IRL;MF;21;2003;16;6;648;7,2;0;0;0;0;0;0;3;0;0,0;0,0;0,0;0,0;0,0;IRL;MF;21;2003;7,2;0;9;1;11,1;1,25;0,14;0,0;0,0;0;0;IRL;MF;21;2003;16;648;41;21,2;7,2;6;75;1;10;20;6;1,69;12;5;7;0,97;0,56;IRL;MF;21;2003;7,2;3;0;0;9;16;0;5;14;4;0;;;;;;;;;;;;;;;;;;;;;;;
Jordan Pefok;Reims;2526;FRA-Ligue 2;USA;FW;29;1996;3;3;166;1,8;0;0;0;0;0;0;0;0;0,0;0,0;0,0;0,0;0,0;USA;FW;29;1996;1,8;0;1;1;100,0;0,54;0,54;0,0;0,0;0;0;USA;FW;29;1996;3;166;55;5,4;1,8;3;55;0;0;;1;1,33;2;3;-1;-0,54;-1,13;USA;FW;29;1996;1,8;0;0;0;5;3;0;0;1;1;0;;;;;;;;;;;;;;;;;;;;;;;
Joseph Okumu;Reims;2526;FRA-Ligue 2;KEN;DF;28;1997;1;1;10;0,1;0;0;0;0;0;0;0;0;0,0;0,0;0,0;0,0;0,0;KEN;DF;28;1997;0,1;0;0;0;;0,0;0,0;;;0;0;KEN;DF;28;1997;1;10;10;0,3;0,1;1;10;0;0;;0;1,0;0;0;0;0,0;-0,53;KEN;DF;28;1997;0,1;0;0;0;1;0;0;0;0;0;0;;;;;;;;;;;;;;;;;;;;;;;
Keito Nakamura;Reims;2526;FRA-Ligue 2;JPN;MF,FW;25;2000;29;28;2346;26,1;14;2;16;13;1;1;2;0;0,54;0,08;0,61;0,5;0,58;JPN;MF,FW;25;2000;26,1;14;86;42;48,8;3,3;1,61;0,16;0,33;1;1;JPN;MF,FW;25;2000;29;2346;81;76,7;26,1;28;83;15;1;33;0;1,66;41;24;17;0,65;0,53;JPN;MF,FW;25;2000;26,1;2;0;0;22;17;18;94;12;18;0;;;;;;;;;;;;;;;;;;;;;;;
Lenny Sylla;Reims;2526;FRA-Ligue 2;;;;;;;;;;;;;;;;;;;;;;;;;;;;;;;;;;;;;FRA;MF;18;2006;0;;;;;0;;0;0;;1;;;;;;;;;;;;;;;;;;;;;;;;;;;;;;;;;;;;;;;;;;;;
Mamadou Diakhon;Reims;2526;FRA-Ligue 2;SEN;MF;19;2005;1;1;90;1,0;1;0;1;1;0;0;0;0;1,0;0,0;1,0;1,0;1,0;SEN;MF;19;2005;1,0;1;2;1;50,0;2,0;1,0;0,5;1,0;0;0;SEN;MF;19;2005;1;90;90;2,9;1,0;1;90;1;0;;0;1,0;2;2;0;0,0;-0,55;SEN;MF;19;2005;1,0;0;0;0;1;2;0;3;0;1;0;;;;;;;;;;;;;;;;;;;;;;;
Maxime Busi;Reims;2526;FRA-Ligue 2;BEL;DF;25;1999;23;19;1705;18,9;0;1;1;0;0;0;3;0;0,0;0,05;0,05;0,0;0,05;BEL;DF;25;1999;18,9;0;4;1;25,0;0,21;0,05;0,0;0,0;0;0;BEL;DF;25;1999;23;1705;74;55,7;18,9;19;85;13;4;22;5;1,74;29;13;16;0,84;0,71;BEL;DF;25;1999;18,9;3;0;0;27;9;4;37;22;23;0;;;;;;;;;;;;;;;;;;;;;;;
Mohamed Ali Diadie;Reims;2526;FRA-Ligue 2;FRA;FW;20;2004;1;0;45;0,5;0;0;0;0;0;0;0;0;0,0;0,0;0,0;0,0;0,0;FRA;FW;20;2004;0,5;0;1;0;0,0;2,0;0,0;0,0;;0;0;FRA;FW;20;2004;1;45;45;1,5;0,5;0;;0;1;45;1;0,0;0;0;0;0,0;-0,54;FRA;FW;20;2004;0,5;0;0;0;0;0;0;0;0;0;0;;;;;;;;;;;;;;;;;;;;;;;
Mohamed Daramy;Reims;2526;FRA-Ligue 2;DEN;FW,MF;23;2002;15;9;866;9,6;5;0;5;4;1;1;1;0;0,52;0,0;0,52;0,42;0,42;DEN;FW,MF;23;2002;9,6;5;15;6;40,0;1,56;0,62;0,33;0,83;1;1;DEN;FW,MF;23;2002;15;866;58;28,3;9,6;9;80;4;6;24;2;1,47;17;12;5;0,52;-0,01;DEN;FW,MF;23;2002;9,6;1;0;0;9;13;5;23;6;4;0;;;;;;;;;;;;;;;;;;;;;;;
Mory Gbane;Reims;2526;FRA-Ligue 2;CIV;MF;24;2000;26;20;1776;19,7;3;0;3;3;0;0;9;0;0,15;0,0;0,15;0,15;0,15;CIV;MF;24;2000;19,7;3;12;4;33,3;0,61;0,2;0,25;0,75;0;0;CIV;MF;24;2000;26;1776;68;58,0;19,7;20;85;14;6;14;0;1,69;28;18;10;0,51;-0,05;CIV;MF;24;2000;19,7;9;0;0;34;18;0;2;25;20;0;;;;;;;;;;;;;;;;;;;;;;;
Nicolas Pallois;Reims;2526;FRA-Ligue 2;FRA;DF;37;1987;15;15;1319;14,7;1;0;1;1;0;0;2;0;0,07;0,0;0,07;0,07;0,07;FRA;DF;37;1987;14,7;1;7;3;42,9;0,48;0,2;0,14;0,33;0;0;FRA;DF;37;1987;15;1319;88;43,1;14,7;15;88;14;0;;10;1,87;31;18;13;0,89;0,63;FRA;DF;37;1987;14,7;2;0;0;7;2;0;2;11;18;0;;;;;;;;;;;;;;;;;;;;;;;
Norman Bassette;Reims;2526;FRA-Ligue 2;BEL;FW;20;2004;12;6;433;4,8;1;0;1;1;0;0;3;0;0,21;0,0;0,21;0,21;0,21;BEL;FW;20;2004;4,8;1;14;3;21,4;2,91;0,62;0,07;0,33;0;0;BEL;FW;20;2004;12;433;36;14,2;4,8;6;58;0;6;14;1;1,58;8;10;-2;-0,42;-1,1;BEL;FW;20;2004;4,8;3;0;0;18;5;4;7;0;1;0;;;;;;;;;;;;;;;;;;;;;;;
Oumar Diakité;Reims;2526;FRA-Ligue 2;CIV;FW;21;2003;2;0;23;0,3;0;0;0;0;0;0;0;0;0,0;0,0;0,0;0,0;0,0;CIV;FW;21;2003;0,3;0;1;0;0,0;3,91;0,0;0,0;;0;0;CIV;FW;21;2003;2;23;12;0,8;0,3;0;;0;2;12;0;1,5;0;0;0;0,0;-0,53;CIV;FW;21;2003;0,3;0;0;0;2;1;0;1;2;1;0;;;;;;;;;;;;;;;;;;;;;;;
Reda Khadra;Reims;2526;FRA-Ligue 2;GER;FW,MF;24;2001;1;0;29;0,3;0;0;0;0;0;0;0;0;0,0;0,0;0,0;0,0;0,0;GER;FW,MF;24;2001;0,3;0;0;0;;0,0;0,0;;;0;0;GER;FW,MF;24;2001;1;29;29;0,9;0,3;0;;0;1;29;0;0,0;0;0;0;0,0;-0,53;GER;FW,MF;24;2001;0,3;0;0;0;0;0;0;0;0;0;0;;;;;;;;;;;;;;;;;;;;;;;
Samuel Kotto;Reims;2526;FRA-Ligue 2;CMR;DF;21;2003;15;15;1283;14,3;0;0;0;0;0;0;0;1;0,0;0,0;0,0;0,0;0,0;CMR;DF;21;2003;14,3;0;3;0;0,0;0,21;0,0;0,0;;0;0;CMR;DF;21;2003;15;1283;86;41,9;14,3;15;86;14;0;;0;1,6;17;12;5;0,35;-0,31;CMR;DF;21;2003;14,3;0;1;0;16;21;0;6;18;9;0;;;;;;;;;;;;;;;;;;;;;;;
Sergio Akieme;Reims;2526;FRA-Ligue 2;ESP;DF;27;1997;34;34;3033;33,7;1;5;6;1;0;0;8;0;0,03;0,15;0,18;0,03;0,18;ESP;DF;27;1997;33,7;1;32;13;40,6;0,95;0,39;0,03;0,08;0;0;ESP;DF;27;1997;34;3033;89;99,1;33,7;34;89;33;0;;0;1,65;52;35;17;0,5;-2,83;ESP;DF;27;1997;33,7;8;0;0;44;24;1;102;31;36;0;;;;;;;;;;;;;;;;;;;;;;;
Teddy Teuma;Reims;2526;FRA-Ligue 2;MLT;MF;31;1993;16;11;1019;11,3;4;5;9;3;1;2;2;0;0,35;0,44;0,79;0,26;0,71;MLT;MF;31;1993;11,3;4;18;10;55,6;1,59;0,88;0,22;0,4;1;2;MLT;MF;31;1993;16;1019;64;33,3;11,3;11;84;6;5;19;0;1,81;24;16;8;0,71;0,27;MLT;MF;31;1993;11,3;2;0;0;17;10;2;77;8;28;0;;;;;;;;;;;;;;;;;;;;;;;
Theo Leoni;Reims;2526;FRA-Ligue 2;BEL;MF;25;2000;30;29;2452;27,2;0;7;7;0;0;0;3;0;0,0;0,26;0,26;0,0;0,26;BEL;MF;25;2000;27,2;0;24;7;29,2;0,88;0,26;0,0;0,0;0;0;BEL;MF;25;2000;30;2452;82;80,1;27,2;29;84;19;1;15;0;1,63;45;29;16;0,59;0,29;BEL;MF;25;2000;27,2;3;0;0;27;43;3;55;35;42;0;;;;;;;;;;;;;;;;;;;;;;;
Thiémoko Diarra;Reims;2526;FRA-Ligue 2;MLI;MF,FW;22;2003;24;15;1231;13,7;3;3;6;3;0;0;1;0;0,22;0,22;0,44;0,22;0,44;MLI;MF,FW;22;2003;13,7;3;24;11;45,8;1,75;0,8;0,13;0,27;0;0;MLI;MF,FW;22;2003;24;1231;51;40,2;13,7;15;67;2;9;24;4;1,75;27;14;13;0,95;0,7;MLI;MF,FW;22;2003;13,7;1;0;0;12;23;6;24;13;6;0;;;;;;;;;;;;;;;;;;;;;;;
Yassine Benhattab;Reims;2526;FRA-Ligue 2;FRA;MF;22;2002;12;6;634;7,0;0;2;2;0;0;0;0;0;0,0;0,28;0,28;0,0;0,28;FRA;MF;22;2002;7,0;0;16;3;18,8;2,27;0,43;0,0;0,0;0;0;FRA;MF;22;2002;12;634;53;20,7;7,0;6;76;2;6;29;2;1,33;7;7;0;0,0;-0,67;FRA;MF;22;2002;7,0;0;0;0;6;8;0;61;3;8;0;;;;;;;;;;;;;;;;;;;;;;;
Yaya Kader Fofana;Reims;2526;FRA-Ligue 2;MLI;MF;21;2004;9;0;72;0,8;0;1;1;0;0;0;0;0;0,0;1,25;1,25;0,0;1,25;MLI;MF;21;2004;0,8;0;2;1;50,0;2,5;1,25;0,0;0,0;0;0;MLI;MF;21;2004;9;72;8;2,4;0,8;0;;0;9;8;0;1,67;2;2;0;0,0;-0,54;MLI;MF;21;2004;0,8;0;0;0;0;2;0;2;1;3;0;;;;;;;;;;;;;;;;;;;;;;;
Yohan Demoncy;Reims;2526;FRA-Ligue 2;FRA;MF;29;1996;5;2;194;2,2;0;0;0;0;0;0;1;0;0,0;0,0;0,0;0,0;0,0;FRA;MF;29;1996;2,2;0;2;0;0,0;0,93;0,0;0,0;;0;0;FRA;MF;29;1996;5;194;39;6,3;2,2;2;80;1;3;12;3;2,0;2;3;-1;-0,46;-1,06;FRA;MF;29;1996;2,2;1;0;0;2;2;0;15;1;0;0;;;;;;;;;;;;;;;;;;;;;;;
Alexis Trouillet;Rodez AF;2526;FRA-Ligue 2;FRA;MF;24;2000;21;14;1087;12,1;0;1;1;0;0;0;3;0;0,0;0,08;0,08;0,0;0,08;FRA;MF;24;2000;12,1;0;7;0;0,0;0,58;0,0;0,0;;0;0;FRA;MF;24;2000;21;1087;52;35,5;12,1;14;71;0;7;13;0;2,09;15;11;4;0,33;0,24;FRA;MF;24;2000;12,1;3;0;0;17;13;3;9;18;12;0;;;;;;;;;;;;;;;;;;;;;;;
Aurélien Pelon;Rodez AF;2526;FRA-Ligue 2;;;;;;;;;;;;;;;;;;;;;;;;;;;;;;;;;;;;;FRA;MF;21;2004;0;;;;;0;;0;0;;1;;;;;;;;;;;;;;;;;;;;;;;;;;;;;;;;;;;;;;;;;;;;
Clément Jolibois;Rodez AF;2526;FRA-Ligue 2;FRA;DF;27;1997;29;22;2021;22,5;2;1;3;2;0;0;7;0;0,09;0,04;0,13;0,09;0,13;FRA;DF;27;1997;22,5;2;18;6;33,3;0,8;0,27;0,11;0,33;0;0;FRA;DF;27;1997;29;2021;70;66,0;22,5;22;88;19;7;11;2;1,55;32;28;4;0,18;0,0;FRA;DF;27;1997;22,5;7;0;0;33;20;0;7;32;16;0;;;;;;;;;;;;;;;;;;;;;;;
Corentin Issanchou;Rodez AF;2526;FRA-Ligue 2;FRA;DF;20;2005;7;1;96;1,1;0;0;0;0;0;0;0;0;0,0;0,0;0,0;0,0;0,0;FRA;DF;20;2005;1,1;0;1;0;0,0;0,94;0,0;0,0;;0;0;FRA;DF;20;2005;7;96;14;3,1;1,1;1;65;0;6;5;16;2,14;2;0;2;1,87;1,75;FRA;DF;20;2005;1,1;0;0;0;2;1;0;5;0;1;0;;;;;;;;;;;;;;;;;;;;;;;
Derek Mazou-Sacko;Rodez AF;2526;FRA-Ligue 2;FRA;MF;20;2004;3;3;246;2,7;0;0;0;0;0;0;1;0;0,0;0,0;0,0;0,0;0,0;FRA;MF;20;2004;2,7;0;3;1;33,3;1,1;0,37;0,0;0,0;0;0;FRA;MF;20;2004;3;246;82;8,0;2,7;3;82;2;0;;0;0,67;1;5;-4;-1,46;-1,78;FRA;MF;20;2004;2,7;1;0;0;5;4;1;4;2;1;0;;;;;;;;;;;;;;;;;;;;;;;
Enzo Crombez;Rodez AF;2526;FRA-Ligue 2;;;;;;;;;;;;;;;;;;;;;;;;;;;;;;;;;;;;;FRA;GK;22;2003;0;;;;;0;;0;0;;13;;;;;;;;;;;;;;;;;;;;;;;;;;;;;;;;;;;;;;;;;;;;
Evans Jean-Lambert;Rodez AF;2526;FRA-Ligue 2;FRA;DF;26;1998;32;30;2511;27,9;0;9;9;0;0;0;5;0;0,0;0,32;0,32;0,0;0,32;FRA;DF;26;1998;27,9;0;26;8;30,8;0,93;0,29;0,0;0,0;0;0;FRA;DF;26;1998;32;2511;78;82,1;27,9;30;81;9;2;40;1;1,79;38;31;7;0,25;0,41;FRA;DF;26;1998;27,9;5;0;0;30;20;3;223;34;32;0;;;;;;;;;;;;;;;;;;;;;;;
Flavien Tait;Rodez AF;2526;FRA-Ligue 2;FRA;FW,MF;32;1993;3;0;57;0,6;0;0;0;0;0;0;0;0;0,0;0,0;0,0;0,0;0,0;FRA;FW,MF;32;1993;0,6;0;0;0;;0,0;0,0;;;0;0;FRA;FW,MF;32;1993;3;57;19;1,9;0,6;0;;0;3;19;1;1,0;2;0;2;3,16;3,04;FRA;FW,MF;32;1993;0,6;0;0;0;0;2;0;0;0;1;0;;;;;;;;;;;;;;;;;;;;;;;
Hermann Tebily;Rodez AF;2526;FRA-Ligue 2;FRA;FW;23;2002;5;0;18;0,2;0;0;0;0;0;0;0;0;0,0;0,0;0,0;0,0;0,0;FRA;FW;23;2002;0,2;0;1;0;0,0;5,0;0,0;0,0;;0;0;FRA;FW;23;2002;5;18;4;0,6;0,2;0;;0;5;4;0;1,8;1;1;0;0,0;-0,18;FRA;FW;23;2002;0,2;0;0;0;3;1;1;1;0;0;0;;;;;;;;;;;;;;;;;;;;;;;
Ibrahima Baldé;Rodez AF;2526;FRA-Ligue 2;FRA;FW;22;2003;29;21;1817;20,2;12;0;12;10;2;2;3;0;0,59;0,0;0,59;0,5;0,5;FRA;FW;22;2003;20,2;12;47;23;48,9;2,33;1,14;0,26;0,52;2;2;FRA;FW;22;2003;29;1817;63;59,4;20,2;21;80;2;8;18;1;1,65;31;22;9;0,45;0,66;FRA;FW;22;2003;20,2;3;0;0;42;18;11;15;6;5;0;;;;;;;;;;;;;;;;;;;;;;;
Jordan Mendes Correia;Rodez AF;2526;FRA-Ligue 2;;MF;21;2004;30;28;2363;26,3;0;2;2;0;0;0;9;1;0,0;0,08;0,08;0,0;0,08;;MF;21;2004;26,3;0;12;2;16,7;0,46;0,08;0,0;0,0;0;0;;MF;21;2004;30;2363;79;77,2;26,3;28;83;17;2;20;0;1,72;30;26;4;0,15;-0,11;;MF;21;2004;26,3;9;1;1;57;38;1;4;26;38;0;;;;;;;;;;;;;;;;;;;;;;;
Kenny Nagera;Rodez AF;2526;FRA-Ligue 2;FRA;FW;23;2002;34;16;1565;17,4;4;2;6;4;0;0;0;0;0,23;0,12;0,35;0,23;0,35;FRA;FW;23;2002;17,4;4;28;7;25,0;1,61;0,4;0,14;0,57;0;0;FRA;FW;23;2002;34;1565;46;51,1;17,4;16;79;4;18;17;0;1,72;19;18;1;0,06;-0,24;FRA;FW;23;2002;17,4;0;0;0;40;7;3;9;2;8;0;;;;;;;;;;;;;;;;;;;;;;;
Loni Quenabio;Rodez AF;2526;FRA-Ligue 2;FRA;DF;24;2001;19;13;1207;13,4;0;0;0;0;0;0;2;0;0,0;0,0;0,0;0,0;0,0;FRA;DF;24;2001;13,4;0;4;0;0,0;0,3;0,0;0,0;;0;0;FRA;DF;24;2001;19;1207;64;39,4;13,4;13;88;11;6;10;1;2,0;17;13;4;0,3;0,2;FRA;DF;24;2001;13,4;2;0;0;16;10;0;4;24;31;0;;;;;;;;;;;;;;;;;;;;;;;
Lucas Margueron;Rodez AF;2526;FRA-Ligue 2;;;;;;;;;;;;;;;;;;;;;;;;;;;;;;;;;;;;;FRA;GK;24;2001;0;;;;;0;;0;0;;20;;;;;;;;;;;;;;;;;;;;;;;;;;;;;;;;;;;;;;;;;;;;
Luzolo Vangi Vungele;Rodez AF;2526;FRA-Ligue 2;;;;;;;;;;;;;;;;;;;;;;;;;;;;;;;;;;;;;FRA;DF;19;2005;0;;;;;0;;0;0;;2;;;;;;;;;;;;;;;;;;;;;;;;;;;;;;;;;;;;;;;;;;;;
Mathis Magnin;Rodez AF;2526;FRA-Ligue 2;SUI;DF;23;2001;33;33;2970;33,0;1;0;1;1;0;0;6;0;0,03;0,0;0,03;0,03;0,03;SUI;DF;23;2001;33,0;1;14;2;14,3;0,42;0,06;0,07;0,5;0;0;SUI;DF;23;2001;33;2970;90;97,1;33,0;33;90;33;0;;0;1,74;44;38;6;0,18;0,18;SUI;DF;23;2001;33,0;6;0;0;35;23;0;1;34;26;1;;;;;;;;;;;;;;;;;;;;;;;
Mathis Saka;Rodez AF;2526;FRA-Ligue 2;FRA;MF;18;2006;24;7;706;7,8;1;3;4;1;0;0;4;0;0,13;0,38;0,51;0,13;0,51;FRA;MF;18;2006;7,8;1;22;7;31,8;2,8;0,89;0,05;0,14;0;0;FRA;MF;18;2006;24;706;29;23,1;7,8;7;67;0;17;14;1;2,0;14;6;8;1,02;1,1;FRA;MF;18;2006;7,8;4;0;0;18;15;0;33;3;8;0;;;;;;;;;;;;;;;;;;;;;;;
Mathys Tourraine;Rodez AF;2526;FRA-Ligue 2;FRA;DF;24;2001;10;2;263;2,9;0;1;1;0;0;0;2;0;0,0;0,34;0,34;0,0;0,34;FRA;DF;24;2001;2,9;0;2;0;0,0;0,68;0,0;0,0;;0;0;FRA;DF;24;2001;10;263;26;8,6;2,9;2;66;0;8;17;0;0,9;7;4;3;1,03;0,93;FRA;DF;24;2001;2,9;2;0;0;7;0;0;11;4;3;0;;;;;;;;;;;;;;;;;;;;;;;
Mehdi Baaloudj;Rodez AF;2526;FRA-Ligue 2;FRA;FW;24;2001;18;4;378;4,2;1;0;1;1;0;0;0;1;0,24;0,0;0,24;0,24;0,24;FRA;FW;24;2001;4,2;1;9;5;55,6;2,14;1,19;0,11;0,2;0;0;FRA;FW;24;2001;18;378;21;12,4;4,2;4;71;1;14;7;3;1,33;3;7;-4;-0,95;-1,29;FRA;FW;24;2001;4,2;0;1;0;7;8;4;6;2;6;0;;;;;;;;;;;;;;;;;;;;;;;
Mohamed Achi;Rodez AF;2526;FRA-Ligue 2;FRA;MF;23;2002;8;1;177;2,0;1;0;1;1;0;0;1;0;0,51;0,0;0,51;0,51;0,51;FRA;MF;23;2002;2,0;1;2;1;50,0;1,02;0,51;0,5;1,0;0;0;FRA;MF;23;2002;8;177;22;5,8;2,0;1;64;0;7;16;3;1,13;4;1;3;1,53;1,43;FRA;MF;23;2002;2,0;1;0;0;4;6;1;6;2;1;0;;;;;;;;;;;;;;;;;;;;;;;
Mohamed Bouchouari;Rodez AF;2526;FRA-Ligue 2;BEL;DF;24;2000;3;3;270;3,0;0;0;0;0;0;0;0;0;0,0;0,0;0,0;0,0;0,0;BEL;DF;24;2000;3,0;0;4;1;25,0;1,33;0,33;0,0;0,0;0;0;BEL;DF;24;2000;3;270;90;8,8;3,0;3;90;3;0;;0;0,67;1;5;-4;-1,33;-1,66;BEL;DF;24;2000;3,0;0;0;0;4;2;1;37;1;1;0;;;;;;;;;;;;;;;;;;;;;;;
Morgan Corredor;Rodez AF;2526;FRA-Ligue 2;FRA;DF;20;2004;1;0;20;0,2;0;0;0;0;0;0;0;0;0,0;0,0;0,0;0,0;0,0;FRA;DF;20;2004;0,2;0;0;0;;0,0;0,0;;;0;0;FRA;DF;20;2004;1;20;20;0,7;0,2;0;;0;1;20;3;1,0;0;0;0;0,0;-0,18;FRA;DF;20;2004;0,2;0;0;0;1;1;0;0;1;0;0;;;;;;;;;;;;;;;;;;;;;;;
Nolan Galves;Rodez AF;2526;FRA-Ligue 2;FRA;DF;22;2003;32;29;2477;27,5;0;7;7;0;0;0;4;0;0,0;0,25;0,25;0,0;0,25;FRA;DF;22;2003;27,5;0;26;2;7,7;0,94;0,07;0,0;0,0;0;0;FRA;DF;22;2003;32;2477;77;80,9;27,5;29;83;19;3;25;0;1,79;36;30;6;0,22;0,22;FRA;DF;22;2003;27,5;4;0;0;33;38;9;202;23;26;0;;;;;;;;;;;;;;;;;;;;;;;
Octave Joly;Rodez AF;2526;FRA-Ligue 2;FRA;MF;22;2002;31;18;1492;16,6;3;0;3;3;0;0;3;0;0,18;0,0;0,18;0,18;0,18;FRA;MF;22;2002;16,6;3;28;7;25,0;1,69;0,42;0,11;0,43;0;0;FRA;MF;22;2002;31;1492;48;48,8;16,6;18;71;0;13;16;1;1,67;16;22;-6;-0,36;-1,05;FRA;MF;22;2002;16,6;3;0;0;22;26;5;49;14;22;0;;;;;;;;;;;;;;;;;;;;;;;
Quentin Braat;Rodez AF;2526;FRA-Ligue 2;FRA;GK;28;1997;34;34;3060;34,0;0;0;0;0;0;0;0;0;0,0;0,0;0,0;0,0;0,0;FRA;GK;28;1997;34,0;0;0;0;;0,0;0,0;;;0;0;FRA;GK;28;1997;34;3060;90;100,0;34,0;34;90;34;0;;0;1,72;45;39;6;0,18;;FRA;GK;28;1997;34,0;0;0;0;0;8;0;0;0;1;0;FRA;GK;28;1997;34;34;3060;34,0;39;1,15;162;121;75,9;15;13;6;7;20,6;6;4;2;0;33,3
Raphaël Lipinski;Rodez AF;2526;FRA-Ligue 2;FRA;DF;23;2002;34;34;3060;34,0;2;1;3;2;0;0;2;0;0,06;0,03;0,09;0,06;0,09;FRA;DF;23;2002;34,0;2;16;6;37,5;0,47;0,18;0,13;0,33;0;0;FRA;DF;23;2002;34;3060;90;100,0;34,0;34;90;34;0;;0;1,72;45;39;6;0,18;;FRA;DF;23;2002;34,0;2;0;0;19;34;2;41;55;36;0;;;;;;;;;;;;;;;;;;;;;;;
Ryan Ponti;Rodez AF;2526;FRA-Ligue 2;MAD;DF,MF;27;1998;15;3;436;4,8;1;1;2;1;0;0;0;0;0,21;0,21;0,41;0,21;0,41;MAD;DF,MF;27;1998;4,8;1;6;1;16,7;1,24;0,21;0,17;1,0;0;0;MAD;DF,MF;27;1998;15;436;29;14,2;4,8;3;78;1;12;17;2;1,53;4;7;-3;-0,62;-0,93;MAD;DF,MF;27;1998;4,8;0;0;0;2;5;0;44;5;6;0;;;;;;;;;;;;;;;;;;;;;;;
Samy Benchamma;Rodez AF;2526;FRA-Ligue 2;FRA;MF;25;2000;30;17;1619;18,0;4;1;5;4;0;0;3;0;0,22;0,06;0,28;0,22;0,28;FRA;MF;25;2000;18,0;4;25;6;24,0;1,39;0,33;0,16;0,67;0;0;FRA;MF;25;2000;30;1619;54;52,9;18,0;17;81;6;13;19;0;1,78;30;28;2;0,11;-0,14;FRA;MF;25;2000;18,0;3;0;0;11;15;1;19;14;8;0;;;;;;;;;;;;;;;;;;;;;;;
Taïryk Arconte;Rodez AF;2526;FRA-Ligue 2;FRA;FW;21;2003;30;27;2319;25,8;13;3;16;11;2;2;6;0;0,5;0,12;0,62;0,43;0,54;FRA;FW;21;2003;25,8;13;64;32;50,0;2,48;1,24;0,2;0,41;2;2;FRA;FW;21;2003;30;2319;77;75,8;25,8;27;83;8;3;22;0;1,81;37;30;7;0,27;0,39;FRA;FW;21;2003;25,8;6;0;0;39;37;39;26;9;3;0;;;;;;;;;;;;;;;;;;;;;;;
Wilitty Younoussa;Rodez AF;2526;FRA-Ligue 2;CMR;MF;23;2001;25;14;1369;15,2;0;1;1;0;0;0;4;0;0,0;0,07;0,07;0,0;0,07;CMR;MF;23;2001;15,2;0;17;7;41,2;1,12;0,46;0,0;0,0;0;0;CMR;MF;23;2001;25;1369;55;44,7;15,2;14;79;4;11;24;0;1,85;21;16;5;0,33;0,28;CMR;MF;23;2001;15,2;4;0;0;27;41;1;23;13;16;0;;;;;;;;;;;;;;;;;;;;;;;
Abdoulaye Kanté;Saint-Étienne;2526;FRA-Ligue 2;FRA;MF;20;2005;13;12;1026;11,4;0;0;0;0;0;0;3;0;0,0;0,0;0,0;0,0;0,0;FRA;MF;20;2005;11,4;0;10;0;0,0;0,88;0,0;0,0;;0;0;FRA;MF;20;2005;13;1026;79;33,5;11,4;12;84;8;1;20;0;1,93;21;11;10;0,88;0,39;FRA;MF;20;2005;11,4;3;0;0;33;20;0;3;21;15;0;;;;;;;;;;;;;;;;;;;;;;;
Aboubaka Soumahoro;Saint-Étienne;2526;FRA-Ligue 2;;;;;;;;;;;;;;;;;;;;;;;;;;;;;;;;;;;;;FRA;DF;20;2005;0;;;;;0;;0;0;;4;;;;;;;;;;;;;;;;;;;;;;;;;;;;;;;;;;;;;;;;;;;;
Adam Baallal;Saint-Étienne;2526;FRA-Ligue 2;;;;;;;;;;;;;;;;;;;;;;;;;;;;;;;;;;;;;MAR;MF;18;2007;0;;;;;0;;0;0;;1;;;;;;;;;;;;;;;;;;;;;;;;;;;;;;;;;;;;;;;;;;;;
Aimen Moueffek;Saint-Étienne;2526;FRA-Ligue 2;FRA;MF;24;2001;29;16;1318;14,6;1;2;3;1;0;0;2;0;0,07;0,14;0,2;0,07;0,2;FRA;MF;24;2001;14,6;1;14;6;42,9;0,96;0,41;0,07;0,17;0;0;FRA;MF;24;2001;29;1318;45;43,1;14,6;16;66;1;13;20;1;1,77;30;12;18;1,23;1,07;FRA;MF;24;2001;14,6;2;0;0;25;34;1;4;5;8;0;;;;;;;;;;;;;;;;;;;;;;;
Augustine Boakye;Saint-Étienne;2526;FRA-Ligue 2;GHA;MF,FW;24;2000;31;30;2470;27,4;5;9;14;5;0;0;11;0;0,18;0,33;0,51;0,18;0,51;GHA;MF,FW;24;2000;27,4;5;55;18;32,7;2,0;0,66;0,09;0,28;0;0;GHA;MF,FW;24;2000;31;2470;80;80,7;27,4;30;82;20;1;9;0;1,9;53;31;22;0,8;0,95;GHA;MF,FW;24;2000;27,4;11;0;0;57;37;5;43;14;35;0;;;;;;;;;;;;;;;;;;;;;;;
Axel Dodote;Saint-Étienne;2526;FRA-Ligue 2;;;;;;;;;;;;;;;;;;;;;;;;;;;;;;;;;;;;;FRA;DF;18;2007;0;;;;;0;;0;0;;1;;;;;;;;;;;;;;;;;;;;;;;;;;;;;;;;;;;;;;;;;;;;
Ben Old;Saint-Étienne;2526;FRA-Ligue 2;NZL;DF,MF;22;2002;30;20;1886;21,0;1;2;3;1;0;0;1;0;0,05;0,1;0,14;0,05;0,14;NZL;DF,MF;22;2002;21,0;1;20;10;50,0;0,95;0,48;0,05;0,1;0;0;NZL;DF,MF;22;2002;30;1886;63;61,6;21,0;20;86;17;10;17;3;1,84;32;21;11;0,52;-0,24;NZL;DF,MF;22;2002;21,0;1;0;0;12;37;3;41;25;23;0;;;;;;;;;;;;;;;;;;;;;;;
Brice Maubleu;Saint-Étienne;2526;FRA-Ligue 2;FRA;GK;35;1989;4;4;360;4,0;0;0;0;0;0;0;0;0;0,0;0,0;0,0;0,0;0,0;FRA;GK;35;1989;4,0;0;0;0;;0,0;0,0;;;0;0;FRA;GK;35;1989;4;360;90;11,8;4,0;4;90;4;0;;30;1,8;10;1;9;2,25;1,85;FRA;GK;35;1989;4,0;0;0;0;0;0;0;0;0;0;0;FRA;GK;35;1989;4;4;360;4,0;1;0,25;8;7;87,5;2;2;0;3;75,0;0;0;0;0;
Chico Lamba;Saint-Étienne;2526;FRA-Ligue 2;POR;DF;22;2003;14;12;1045;11,6;0;0;0;0;0;0;1;0;0,0;0,0;0,0;0,0;0,0;POR;DF;22;2003;11,6;0;4;0;0,0;0,34;0,0;0,0;;0;0;POR;DF;22;2003;14;1045;75;34,2;11,6;12;81;9;2;36;3;1,93;21;11;10;0,86;0,37;POR;DF;22;2003;11,6;1;0;0;9;11;0;0;7;1;0;;;;;;;;;;;;;;;;;;;;;;;
Dennis Appiah;Saint-Étienne;2526;FRA-Ligue 2;FRA;DF,MF;33;1992;17;9;862;9,6;0;0;0;0;0;0;1;0;0,0;0,0;0,0;0,0;0,0;FRA;DF,MF;33;1992;9,6;0;6;2;33,3;0,63;0,21;0,0;0,0;0;0;FRA;DF,MF;33;1992;17;862;51;28,2;9,6;9;80;6;8;18;11;1,88;19;11;8;0,84;0,3;FRA;DF,MF;33;1992;9,6;1;0;0;13;5;4;17;11;17;0;;;;;;;;;;;;;;;;;;;;;;;
Djylian N'Guessan;Saint-Étienne;2526;FRA-Ligue 2;FRA;FW;16;2008;3;0;41;0,5;0;0;0;0;0;0;0;0;0,0;0,0;0,0;0,0;0,0;FRA;FW;16;2008;0,5;0;2;0;0,0;4,39;0,0;0,0;;0;0;FRA;FW;16;2008;3;41;14;1,3;0,5;0;;0;3;14;1;2,5;3;0;3;6,59;6,05;FRA;FW;16;2008;0,5;0;0;0;0;2;0;0;1;0;0;;;;;;;;;;;;;;;;;;;;;;;
Dylan Batubinsika;Saint-Étienne;2526;FRA-Ligue 2;COD;DF;29;1996;1;1;90;1,0;0;0;0;0;0;0;0;0;0,0;0,0;0,0;0,0;0,0;COD;DF;29;1996;1,0;0;0;0;;0,0;0,0;;;0;0;COD;DF;29;1996;1;90;90;2,9;1,0;1;90;1;0;;0;0,0;0;4;-4;-4,0;-4,76;COD;DF;29;1996;1,0;0;0;0;1;1;0;0;1;1;0;;;;;;;;;;;;;;;;;;;;;;;
Ebenezer Annan;Saint-Étienne;2526;FRA-Ligue 2;GHA;DF;22;2002;18;14;1244;13,8;0;1;1;0;0;0;4;0;0,0;0,07;0,07;0,0;0,07;GHA;DF;22;2002;13,8;0;3;1;33,3;0,22;0,07;0,0;0,0;0;0;GHA;DF;22;2002;18;1244;69;40,7;13,8;14;84;10;4;16;9;1,78;31;18;13;0,94;0,54;GHA;DF;22;2002;13,8;4;0;0;16;14;1;12;16;15;0;;;;;;;;;;;;;;;;;;;;;;;
Florian Tardieu;Saint-Étienne;2526;FRA-Ligue 2;FRA;MF;33;1992;23;22;1989;22,1;4;2;6;1;3;4;4;0;0,18;0,09;0,27;0,05;0,14;FRA;MF;33;1992;22,1;4;19;8;42,1;0,86;0,36;0,21;0,5;3;4;FRA;MF;33;1992;23;1989;86;65,0;22,1;22;89;20;1;24;0;1,74;39;26;13;0,59;-0,08;FRA;MF;33;1992;22,1;4;0;0;19;21;4;69;24;24;0;;;;;;;;;;;;;;;;;;;;;;;
Gautier Larsonneur;Saint-Étienne;2526;FRA-Ligue 2;FRA;GK;28;1997;30;30;2700;30,0;0;0;0;0;0;0;2;0;0,0;0,0;0,0;0,0;0,0;FRA;GK;28;1997;30,0;0;0;0;;0,0;0,0;;;0;0;FRA;GK;28;1997;30;2700;90;88,2;30,0;30;90;30;0;;1;1,71;49;37;12;0,4;-1,85;FRA;GK;28;1997;30,0;2;0;0;1;4;0;0;0;0;0;FRA;GK;28;1997;30;30;2700;30,0;37;1,23;111;74;66,7;16;4;10;10;33,3;6;5;1;0;16,7
Igor Miladinović;Saint-Étienne;2526;FRA-Ligue 2;SRB;MF;22;2003;26;15;1262;14,0;1;1;2;1;0;0;2;1;0,07;0,07;0,14;0,07;0,14;SRB;MF;22;2003;14,0;1;16;7;43,8;1,14;0,5;0,06;0,14;0;0;SRB;MF;22;2003;26;1262;49;41,2;14,0;15;66;4;11;24;2;1,58;18;19;-1;-0,07;-1,17;SRB;MF;22;2003;14,0;2;1;0;25;21;1;14;12;28;0;;;;;;;;;;;;;;;;;;;;;;;
Irvin Cardona;Saint-Étienne;2526;FRA-Ligue 2;MLT;FW,MF;27;1997;33;22;1991;22,1;7;6;13;7;0;0;3;0;0,32;0,27;0,59;0,32;0,59;MLT;FW,MF;27;1997;22,1;7;45;15;33,3;2,03;0,68;0,16;0,47;0;0;MLT;FW,MF;27;1997;33;1991;60;65,1;22,1;22;75;4;11;32;1;1,71;46;25;21;0,95;0,95;MLT;FW,MF;27;1997;22,1;3;0;0;15;21;13;69;7;20;0;;;;;;;;;;;;;;;;;;;;;;;
Issiaka Touré;Saint-Étienne;2526;FRA-Ligue 2;;;;;;;;;;;;;;;;;;;;;;;;;;;;;;;;;;;;;FRA;GK;20;2004;0;;;;;0;;0;0;;3;;;;;;;;;;;;;;;;;;;;;;;;;;;;;;;;;;;;;;;;;;;;
Josh Duffus;Saint-Étienne;2526;FRA-Ligue 2;ENG;FW,MF;20;2005;27;7;820;9,1;7;3;10;7;0;0;1;0;0,77;0,33;1,1;0,77;1,1;ENG;FW,MF;20;2005;9,1;7;33;18;54,5;3,62;1,98;0,21;0,39;0;0;ENG;FW,MF;20;2005;27;820;30;26,8;9,1;7;60;0;20;20;2;1,75;18;11;7;0,77;0,21;ENG;FW,MF;20;2005;9,1;1;0;0;18;27;2;13;0;5;0;;;;;;;;;;;;;;;;;;;;;;;
João Ferreira;Saint-Étienne;2526;FRA-Ligue 2;POR;DF;24;2001;15;11;969;10,8;1;1;2;1;0;0;5;1;0,09;0,09;0,19;0,09;0,19;POR;DF;24;2001;10,8;1;14;2;14,3;1,3;0,19;0,07;0,5;0;0;POR;DF;24;2001;15;969;65;31,7;10,8;11;81;9;4;20;3;1,31;21;18;3;0,28;-0,5;POR;DF;24;2001;10,8;5;1;1;22;16;2;21;10;15;0;;;;;;;;;;;;;;;;;;;;;;;
Jules Mouton;Saint-Étienne;2526;FRA-Ligue 2;;;;;;;;;;;;;;;;;;;;;;;;;;;;;;;;;;;;;FRA;MF;20;2005;0;;;;;0;;0;0;;1;;;;;;;;;;;;;;;;;;;;;;;;;;;;;;;;;;;;;;;;;;;;
Julien Le Cardinal;Saint-Étienne;2526;FRA-Ligue 2;FRA;DF;27;1997;11;11;924;10,3;1;0;1;1;0;0;1;0;0,1;0,0;0,1;0,1;0,1;FRA;DF;27;1997;10,3;1;6;4;66,7;0,58;0,39;0,17;0,25;0;0;FRA;DF;27;1997;11;924;84;30,2;10,3;11;84;8;0;;0;2,25;19;6;13;1,27;0,93;FRA;DF;27;1997;10,3;1;0;0;11;8;0;6;12;7;0;;;;;;;;;;;;;;;;;;;;;;;
Kévin Pedro;Saint-Étienne;2526;FRA-Ligue 2;FRA;DF;19;2006;18;17;1509;16,8;2;0;2;2;0;0;1;0;0,12;0,0;0,12;0,12;0,12;FRA;DF;19;2006;16,8;2;12;4;33,3;0,72;0,24;0,17;0,5;0;0;FRA;DF;19;2006;18;1509;84;49,3;16,8;17;86;14;1;45;3;1,68;21;15;6;0,36;-0,51;FRA;DF;19;2006;16,8;1;0;0;23;23;1;12;18;28;0;;;;;;;;;;;;;;;;;;;;;;;
Lassana Traoré;Saint-Étienne;2526;FRA-Ligue 2;SEN;DF;18;2007;1;0;6;0,1;0;0;0;0;0;0;0;0;0,0;0,0;0,0;0,0;0,0;SEN;DF;18;2007;0,1;0;0;0;;0,0;0,0;;;0;0;SEN;DF;18;2007;1;6;6;0,2;0,1;0;;0;1;6;2;1,0;0;1;-1;-15,0;-15,65;SEN;DF;18;2007;0,1;0;0;0;1;0;0;1;0;0;0;;;;;;;;;;;;;;;;;;;;;;;
Luan Gadegbeku;Saint-Étienne;2526;FRA-Ligue 2;FRA;MF;18;2007;8;4;399;4,4;0;0;0;0;0;0;1;0;0,0;0,0;0,0;0,0;0,0;FRA;MF;18;2007;4,4;0;2;0;0,0;0,45;0,0;0,0;;0;0;FRA;MF;18;2007;8;399;50;13,0;4,4;4;69;1;4;31;12;2,0;8;6;2;0,45;-0,19;FRA;MF;18;2007;4,4;1;0;0;9;8;0;1;5;5;0;;;;;;;;;;;;;;;;;;;;;;;
Lucas Stassin;Saint-Étienne;2526;FRA-Ligue 2;BEL;FW;20;2004;31;24;2231;24,8;11;7;18;11;0;0;2;0;0,44;0,28;0,73;0,44;0,73;BEL;FW;20;2004;24,8;11;77;34;44,2;3,11;1,37;0,14;0,32;0;0;BEL;FW;20;2004;31;2231;72;72,9;24,8;24;85;13;7;28;0;1,78;37;27;10;0,4;-0,79;BEL;FW;20;2004;24,8;2;0;0;21;30;10;20;2;8;0;;;;;;;;;;;;;;;;;;;;;;;
Mahmoud Jaber;Saint-Étienne;2526;FRA-Ligue 2;ISR;MF;25;1999;19;17;1406;15,6;1;3;4;1;0;0;5;0;0,06;0,19;0,26;0,06;0,26;ISR;MF;25;1999;15,6;1;13;2;15,4;0,83;0,13;0,08;0,5;0;0;ISR;MF;25;1999;19;1406;74;45,9;15,6;17;79;11;2;31;1;1,84;29;18;11;0,7;0,16;ISR;MF;25;1999;15,6;5;0;0;33;25;0;7;14;32;0;;;;;;;;;;;;;;;;;;;;;;;
Maxime Bernauer;Saint-Étienne;2526;FRA-Ligue 2;FRA;DF;27;1998;12;12;1070;11,9;0;2;2;0;0;0;2;1;0,0;0,17;0,17;0,0;0,17;FRA;DF;27;1998;11,9;0;3;1;33,3;0,25;0,08;0,0;0,0;0;0;FRA;DF;27;1998;12;1070;89;35,0;11,9;12;89;11;0;;2;1,62;25;15;10;0,84;0,34;FRA;DF;27;1998;11,9;2;1;0;13;8;1;12;10;7;0;;;;;;;;;;;;;;;;;;;;;;;
Mickael Nade;Saint-Étienne;2526;FRA-Ligue 2;FRA;DF;26;1999;34;33;2889;32,1;2;0;2;2;0;0;2;0;0,06;0,0;0,06;0,06;0,06;FRA;DF;26;1999;32,1;2;12;3;25,0;0,37;0,09;0,17;0,67;0;0;FRA;DF;26;1999;34;2889;85;94,4;32,1;33;87;30;1;28;0;1,74;54;38;16;0,5;-2,13;FRA;DF;26;1999;32,1;2;0;0;33;37;1;0;36;32;0;;;;;;;;;;;;;;;;;;;;;;;
Nadir El Jamali;Saint-Étienne;2526;FRA-Ligue 2;FRA;MF,FW;18;2007;15;5;596;6,6;0;0;0;0;0;0;0;0;0,0;0,0;0,0;0,0;0,0;FRA;MF,FW;18;2007;6,6;0;20;4;20,0;3,02;0,6;0,0;0,0;0;0;FRA;MF,FW;18;2007;15;596;40;19,5;6,6;5;80;1;10;20;7;1,47;6;5;1;0,15;-0,58;FRA;MF,FW;18;2007;6,6;0;0;0;10;12;2;4;2;8;0;;;;;;;;;;;;;;;;;;;;;;;
Paul Eymard;Saint-Étienne;2526;FRA-Ligue 2;FRA;MF;17;2008;4;1;136;1,5;0;0;0;0;0;0;0;0;0,0;0,0;0,0;0,0;0,0;FRA;MF;17;2008;1,5;0;1;1;100,0;0,66;0,66;0,0;0,0;0;0;FRA;MF;17;2008;4;136;34;4,4;1,5;1;45;0;3;30;3;1,0;0;1;-1;-0,66;-1,34;FRA;MF;17;2008;1,5;0;0;0;0;0;0;1;0;3;0;;;;;;;;;;;;;;;;;;;;;;;
Strahinja Stojković;Saint-Étienne;2526;FRA-Ligue 2;SRB;DF;18;2007;1;0;23;0,3;0;0;0;0;0;0;0;0;0,0;0,0;0,0;0,0;0,0;SRB;DF;18;2007;0,3;0;0;0;;0,0;0,0;;;0;0;SRB;DF;18;2007;1;23;23;0,8;0,3;0;;0;1;23;5;0,0;1;0;1;3,91;3,32;SRB;DF;18;2007;0,3;0;0;0;0;0;0;0;0;0;0;;;;;;;;;;;;;;;;;;;;;;;
Yvann Macon;Saint-Étienne;2526;FRA-Ligue 2;FRA;DF;26;1998;2;1;98;1,1;0;0;0;0;0;0;0;0;0,0;0,0;0,0;0,0;0,0;FRA;DF;26;1998;1,1;0;1;0;0,0;0,92;0,0;0,0;;0;0;FRA;DF;26;1998;2;98;49;3,2;1,1;1;67;0;1;31;0;0,5;2;3;-1;-0,92;-1,59;FRA;DF;26;1998;1,1;0;0;0;2;0;0;4;1;0;0;;;;;;;;;;;;;;;;;;;;;;;
Zuriko Davitashvili;Saint-Étienne;2526;FRA-Ligue 2;GEO;FW,MF;24;2001;29;24;2117;23,5;14;5;19;12;2;3;2;0;0,6;0,21;0,81;0,51;0,72;GEO;FW,MF;24;2001;23,5;14;63;25;39,7;2,68;1,06;0,22;0,56;2;3;GEO;FW,MF;24;2001;29;2117;73;69,2;23,5;24;82;13;5;31;1;1,73;35;22;13;0,55;-0,21;GEO;FW,MF;24;2001;23,5;2;0;0;30;22;13;62;11;16;0;;;;;;;;;;;;;;;;;;;;;;;
Aristide Mateta;Stade Laval;2526;FRA-Ligue 2;FRA;MF;22;2003;1;0;7;0,1;0;0;0;0;0;0;0;0;0,0;0,0;0,0;0,0;0,0;FRA;MF;22;2003;0,1;0;0;0;;0,0;0,0;;;0;0;FRA;MF;22;2003;1;7;7;0,2;0,1;0;;0;1;7;0;0,0;0;0;0;0,0;0,53;FRA;MF;22;2003;0,1;0;0;0;0;0;0;2;0;0;0;;;;;;;;;;;;;;;;;;;;;;;
Aymeric Faurand;Stade Laval;2526;FRA-Ligue 2;FRA;MF;21;2004;9;0;80;0,9;0;0;0;0;0;0;1;0;0,0;0,0;0,0;0,0;0,0;FRA;MF;21;2004;0,9;0;5;2;40,0;5,63;2,25;0,0;0,0;0;0;FRA;MF;21;2004;9;80;9;2,6;0,9;0;;0;9;9;1;0,44;1;3;-2;-2,25;-1,77;FRA;MF;21;2004;0,9;1;0;0;8;2;0;2;1;2;0;;;;;;;;;;;;;;;;;;;;;;;
Christ-Owen Kouassi;Stade Laval;2526;FRA-Ligue 2;FRA;DF;22;2003;11;10;894;9,9;1;0;1;1;0;0;2;0;0,1;0,0;0,1;0,1;0,1;FRA;DF;22;2003;9,9;1;6;3;50,0;0,6;0,3;0,17;0,33;0;0;FRA;DF;22;2003;11;894;81;29,2;9,9;10;85;8;1;49;0;1,09;9;16;-7;-0,7;-0,25;FRA;DF;22;2003;9,9;2;0;0;13;7;1;31;16;22;0;;;;;;;;;;;;;;;;;;;;;;;
Cyril Mandouki;Stade Laval;2526;FRA-Ligue 2;MTQ;MF,DF;33;1991;33;27;2458;27,3;0;0;0;0;0;0;7;0;0,0;0,0;0,0;0,0;0,0;MTQ;MF,DF;33;1991;27,3;0;9;4;44,4;0,33;0,15;0,0;0,0;0;0;MTQ;MF,DF;33;1991;33;2458;74;80,3;27,3;27;88;23;6;14;0;0,97;22;39;-17;-0,62;-0,47;MTQ;MF,DF;33;1991;27,3;7;0;0;43;65;1;9;38;28;0;;;;;;;;;;;;;;;;;;;;;;;
Dylan Mbayo;Stade Laval;2526;FRA-Ligue 2;BEL;MF;23;2001;14;11;880;9,8;1;1;2;1;0;0;1;0;0,1;0,1;0,2;0,1;0,2;BEL;MF;23;2001;9,8;1;12;6;50,0;1,23;0,61;0,08;0,17;0;0;BEL;MF;23;2001;14;880;63;28,8;9,8;11;75;1;3;20;0;1,0;9;17;-8;-0,82;-0,41;BEL;MF;23;2001;9,8;1;0;0;14;21;2;9;4;3;0;;;;;;;;;;;;;;;;;;;;;;;
Enzo Montet;Stade Laval;2526;FRA-Ligue 2;FRA;MF;22;2003;12;2;270;3,0;0;0;0;0;0;0;0;0;0,0;0,0;0,0;0,0;0,0;FRA;MF;22;2003;3,0;0;2;0;0,0;0,67;0,0;0,0;;0;0;FRA;MF;22;2003;12;270;23;8,8;3,0;2;73;0;10;12;2;0,75;1;6;-5;-1,67;-1,25;FRA;MF;22;2003;3,0;0;0;0;9;5;0;4;5;2;0;;;;;;;;;;;;;;;;;;;;;;;
Eros Maddy;Stade Laval;2526;FRA-Ligue 2;NED;MF,DF;24;2001;12;3;338;3,8;0;0;0;0;0;0;0;0;0,0;0,0;0,0;0,0;0,0;NED;MF,DF;24;2001;3,8;0;1;0;0,0;0,27;0,0;0,0;;0;0;NED;MF,DF;24;2001;12;338;28;11,0;3,8;3;66;0;9;16;2;0,75;0;8;-8;-2,13;-1,8;NED;MF,DF;24;2001;3,8;0;0;0;17;10;2;8;3;4;0;;;;;;;;;;;;;;;;;;;;;;;
Ethan Clavreul;Stade Laval;2526;FRA-Ligue 2;FRA;MF;19;2006;26;8;856;9,5;5;0;5;5;0;0;4;0;0,53;0,0;0,53;0,53;0,53;FRA;MF;19;2006;9,5;5;18;9;50,0;1,89;0,95;0,28;0,56;0;0;FRA;MF;19;2006;26;856;33;28,0;9,5;8;73;0;18;15;4;0,96;8;13;-5;-0,53;0,01;FRA;MF;19;2006;9,5;4;0;0;28;17;2;11;11;11;0;;;;;;;;;;;;;;;;;;;;;;;
Julien Maggiotti;Stade Laval;2526;FRA-Ligue 2;FRA;MF,FW;29;1995;21;12;993;11,0;1;0;1;0;1;1;1;0;0,09;0,0;0,09;0,0;0,0;FRA;MF,FW;29;1995;11,0;1;24;13;54,2;2,18;1,18;0,04;0,08;1;1;FRA;MF,FW;29;1995;21;993;47;32,5;11,0;12;71;2;9;15;6;1,0;11;14;-3;-0,27;0,38;FRA;MF,FW;29;1995;11,0;1;0;0;3;12;4;77;6;7;0;;;;;;;;;;;;;;;;;;;;;;;
Layousse Samb;Stade Laval;2526;FRA-Ligue 2;SEN;DF,MF;24;2000;13;8;681;7,6;2;0;2;2;0;0;2;0;0,26;0,0;0,26;0,26;0,26;SEN;DF,MF;24;2000;7,6;2;3;2;66,7;0,4;0,26;0,67;1,0;0;0;SEN;DF,MF;24;2000;13;681;52;22,3;7,6;8;75;5;5;17;0;0,69;6;11;-5;-0,66;-0,17;SEN;DF,MF;24;2000;7,6;2;0;0;9;12;2;29;11;11;0;;;;;;;;;;;;;;;;;;;;;;;
Lucas Droyaux;Stade Laval;2526;FRA-Ligue 2;;;;;;;;;;;;;;;;;;;;;;;;;;;;;;;;;;;;;FRA;GK;20;2005;0;;;;;0;;0;0;;4;;;;;;;;;;;;;;;;;;;;;;;;;;;;;;;;;;;;;;;;;;;;
Malik Sellouki;Stade Laval;2526;FRA-Ligue 2;FRA;MF,FW;25;2000;29;23;1970;21,9;4;2;6;4;0;0;1;0;0,18;0,09;0,27;0,18;0,27;FRA;MF,FW;25;2000;21,9;4;41;18;43,9;1,87;0,82;0,1;0,22;0;0;FRA;MF,FW;25;2000;29;1970;68;64,4;21,9;23;80;4;6;24;5;0,79;20;27;-7;-0,32;0,59;FRA;MF,FW;25;2000;21,9;1;0;0;24;43;7;57;11;15;0;;;;;;;;;;;;;;;;;;;;;;;
Malik Tchokounté;Stade Laval;2526;FRA-Ligue 2;FRA;FW;36;1988;30;17;1547;17,2;3;3;6;1;2;2;2;0;0,17;0,17;0,35;0,06;0,23;FRA;FW;36;1988;17,2;3;26;9;34,6;1,51;0,52;0,12;0,33;2;2;FRA;FW;36;1988;30;1547;52;50,6;17,2;17;80;5;13;15;1;0,83;13;22;-9;-0,52;0,01;FRA;FW;36;1988;17,2;2;0;0;33;33;8;4;1;6;1;;;;;;;;;;;;;;;;;;;;;;;
Mamadou Camara;Stade Laval;2526;FRA-Ligue 2;MLI;FW,MF;24;2001;29;26;2293;25,5;9;1;10;6;3;4;4;0;0,35;0,04;0,39;0,24;0,27;MLI;FW,MF;24;2001;25,5;9;48;22;45,8;1,88;0,86;0,19;0,41;3;4;MLI;FW,MF;24;2001;29;2293;79;74,9;25,5;26;85;12;3;27;0;1,0;25;32;-7;-0,27;1,02;MLI;FW,MF;24;2001;25,5;4;0;0;36;27;10;60;10;11;0;;;;;;;;;;;;;;;;;;;;;;;
Mamadou Samassa;Stade Laval;2526;FRA-Ligue 2;MLI;GK;35;1990;33;33;2970;33,0;0;0;0;0;0;0;1;0;0,0;0,0;0,0;0,0;0,0;MLI;GK;35;1990;33,0;0;0;0;;0,0;0,0;;;0;0;MLI;GK;35;1990;33;2970;90;97,1;33,0;33;90;33;0;;0;0,97;29;44;-15;-0,45;2,55;MLI;GK;35;1990;33,0;1;0;0;2;10;0;0;0;0;0;MLI;GK;35;1990;33;33;2970;33,0;44;1,33;143;99;69,2;6;14;13;8;24,2;5;5;0;0;0,0
Mamadou Sidibé;Stade Laval;2526;FRA-Ligue 2;;;;;;;;;;;;;;;;;;;;;;;;;;;;;;;;;;;;;FRA;MF;20;2005;0;;;;;0;;0;0;;1;;;;;;;;;;;;;;;;;;;;;;;;;;;;;;;;;;;;;;;;;;;;
Mathys Houdayer;Stade Laval;2526;FRA-Ligue 2;FRA;MF;20;2005;11;3;327;3,6;0;1;1;0;0;0;3;0;0,0;0,28;0,28;0,0;0,28;FRA;MF;20;2005;3,6;0;14;3;21,4;3,85;0,83;0,0;0,0;0;0;FRA;MF;20;2005;11;327;30;10,7;3,6;3;67;0;8;16;1;1,27;6;4;2;0,55;1,21;FRA;MF;20;2005;3,6;3;0;0;12;9;1;9;6;8;0;;;;;;;;;;;;;;;;;;;;;;;
Mattéo Commaret;Stade Laval;2526;FRA-Ligue 2;FRA;DF,MF;23;2002;16;14;1171;13,0;0;1;1;0;0;0;1;0;0,0;0,08;0,08;0,0;0,08;FRA;DF,MF;23;2002;13,0;0;5;2;40,0;0,38;0,15;0,0;0,0;0;0;FRA;DF,MF;23;2002;16;1171;73;38,3;13,0;14;83;11;2;6;1;1,19;17;20;-3;-0,23;0,48;FRA;DF,MF;23;2002;13,0;1;0;0;13;13;0;15;16;16;0;;;;;;;;;;;;;;;;;;;;;;;
Maxime Hautbois;Stade Laval;2526;FRA-Ligue 2;FRA;GK;34;1991;1;1;90;1,0;0;0;0;0;0;0;0;0;0,0;0,0;0,0;0,0;0,0;FRA;GK;34;1991;1,0;0;0;0;;0,0;0,0;;;0;0;FRA;GK;34;1991;1;90;90;2,9;1,0;1;90;1;0;;30;0,0;1;4;-3;-3,0;-2,55;FRA;GK;34;1991;1,0;0;0;0;1;0;0;0;0;0;0;FRA;GK;34;1991;1;1;90;1,0;4;4,0;7;3;42,9;0;0;1;0;0,0;1;1;0;0;0,0
Moise Adilehou;Stade Laval;2526;FRA-Ligue 2;BEN;DF;29;1995;2;1;84;0,9;0;0;0;0;0;0;0;0;0,0;0,0;0,0;0,0;0,0;BEN;DF;29;1995;0,9;0;0;0;;0,0;0,0;;;0;0;BEN;DF;29;1995;2;84;42;2,7;0,9;1;82;0;1;2;1;1,0;2;3;-1;-1,07;-0,56;BEN;DF;29;1995;0,9;0;0;0;0;1;0;0;1;0;0;;;;;;;;;;;;;;;;;;;;;;;
Noa Mupemba;Stade Laval;2526;FRA-Ligue 2;FRA;FW,MF;23;2002;11;3;321;3,6;0;0;0;0;0;0;1;0;0,0;0,0;0,0;0,0;0,0;FRA;FW,MF;23;2002;3,6;0;5;2;40,0;1,4;0,56;0,0;0,0;0;0;FRA;FW,MF;23;2002;11;321;29;10,5;3,6;3;71;1;8;14;1;0,73;4;8;-4;-1,12;-0,66;FRA;FW,MF;23;2002;3,6;1;0;0;3;0;2;0;2;4;0;;;;;;;;;;;;;;;;;;;;;;;
Peter Ouaneh;Stade Laval;2526;FRA-Ligue 2;FRA;DF;27;1998;24;23;2048;22,8;0;0;0;0;0;0;4;0;0,0;0,0;0,0;0,0;0,0;FRA;DF;27;1998;22,8;0;3;0;0,0;0,13;0,0;0,0;;0;0;FRA;DF;27;1998;24;2048;85;66,9;22,8;23;89;22;1;7;1;0,96;21;34;-13;-0,57;-0,13;FRA;DF;27;1998;22,8;4;0;0;28;26;0;19;25;20;0;;;;;;;;;;;;;;;;;;;;;;;
Sam Sanna;Stade Laval;2526;FRA-Ligue 2;FRA;MF,DF;26;1999;33;32;2849;31,7;1;1;2;1;0;0;5;0;0,03;0,03;0,06;0,03;0,06;FRA;MF,DF;26;1999;31,7;1;32;9;28,1;1,01;0,28;0,03;0,11;0;0;FRA;MF,DF;26;1999;33;2849;86;93,1;31,7;32;88;26;1;25;0;0,94;28;44;-16;-0,51;0,35;FRA;MF,DF;26;1999;31,7;5;0;0;37;58;1;33;36;40;0;;;;;;;;;;;;;;;;;;;;;;;
Sidi Bane;Stade Laval;2526;FRA-Ligue 2;SEN;DF;21;2004;8;7;645;7,2;0;0;0;0;0;0;1;0;0,0;0,0;0,0;0,0;0,0;SEN;DF;21;2004;7,2;0;2;1;50,0;0,28;0,14;0,0;0,0;0;0;SEN;DF;21;2004;8;645;81;21,1;7,2;7;90;7;1;15;3;1,63;9;10;-1;-0,14;0,49;SEN;DF;21;2004;7,2;1;0;0;2;6;0;0;5;10;0;;;;;;;;;;;;;;;;;;;;;;;
Thibaut Vargas;Stade Laval;2526;FRA-Ligue 2;FRA;DF,MF;25;2000;25;19;1696;18,8;0;3;3;0;0;0;1;0;0,0;0,16;0,16;0,0;0,16;FRA;DF,MF;25;2000;18,8;0;16;4;25,0;0,85;0,21;0,0;0,0;0;0;FRA;DF,MF;25;2000;25;1696;68;55,4;18,8;19;81;10;6;25;1;1,0;15;26;-11;-0,58;-0,12;FRA;DF,MF;25;2000;18,8;1;0;0;10;17;3;146;18;19;0;;;;;;;;;;;;;;;;;;;;;;;
Théo Pellenard;Stade Laval;2526;FRA-Ligue 2;FRA;DF;31;1994;13;10;906;10,1;0;0;0;0;0;0;1;2;0,0;0,0;0,0;0,0;0,0;FRA;DF;31;1994;10,1;0;7;2;28,6;0,7;0,2;0,0;0,0;0;0;FRA;DF;31;1994;13;906;70;29,6;10,1;10;86;6;3;14;2;0,92;10;14;-4;-0,4;0,19;FRA;DF;31;1994;10,1;1;2;0;14;9;1;2;11;22;2;;;;;;;;;;;;;;;;;;;;;;;
Titouan Thomas;Stade Laval;2526;FRA-Ligue 2;FRA;MF;23;2002;23;17;1561;17,3;1;1;2;1;0;0;5;0;0,06;0,06;0,12;0,06;0,12;FRA;MF;23;2002;17,3;1;13;5;38,5;0,75;0,29;0,08;0,2;0;0;FRA;MF;23;2002;23;1561;68;51,0;17,3;17;85;6;6;19;0;1,0;17;21;-4;-0,23;0,61;FRA;MF;23;2002;17,3;5;0;0;30;35;2;5;9;11;0;;;;;;;;;;;;;;;;;;;;;;;
Trévis Dago;Stade Laval;2526;FRA-Ligue 2;CIV;FW;20;2005;6;3;275;3,1;0;0;0;0;0;0;1;0;0,0;0,0;0,0;0,0;0,0;CIV;FW;20;2005;3,1;0;3;0;0,0;0,98;0,0;0,0;;0;0;CIV;FW;20;2005;6;275;46;9,0;3,1;3;73;0;3;19;0;0,67;3;3;0;0,0;0,58;CIV;FW;20;2005;3,1;1;0;0;13;9;1;2;0;2;0;;;;;;;;;;;;;;;;;;;;;;;
William Benard;Stade Laval;2526;FRA-Ligue 2;FRA;MF;22;2003;14;7;691;7,7;0;0;0;0;0;0;3;0;0,0;0,0;0,0;0,0;0,0;FRA;MF;22;2003;7,7;0;2;0;0,0;0,26;0,0;0,0;;0;0;FRA;MF;22;2003;14;691;49;22,6;7,7;7;77;1;7;22;6;0,79;6;12;-6;-0,78;-0,33;FRA;MF;22;2003;7,7;3;0;0;17;13;1;1;10;13;0;;;;;;;;;;;;;;;;;;;;;;;
William Bianda;Stade Laval;2526;FRA-Ligue 2;FRA;DF;25;2000;29;27;2382;26,5;1;0;1;1;0;0;7;0;0,04;0,0;0,04;0,04;0,04;FRA;DF;25;2000;26,5;1;7;2;28,6;0,26;0,08;0,14;0,5;0;0;FRA;DF;25;2000;29;2382;82;77,8;26,5;27;88;22;2;5;4;0,93;23;38;-15;-0,57;-0,17;FRA;DF;25;2000;26,5;7;0;0;28;19;0;5;23;27;0;;;;;;;;;;;;;;;;;;;;;;;
Williams Kokolo;Stade Laval;2526;FRA-Ligue 2;FRA;DF,MF;25;2000;3;3;256;2,8;0;1;1;0;0;0;0;0;0,0;0,35;0,35;0,0;0,35;FRA;DF,MF;25;2000;2,8;0;1;0;0,0;0,35;0,0;0,0;;0;0;FRA;DF,MF;25;2000;3;256;85;8,4;2,8;3;85;2;0;;0;1,0;5;5;0;0,0;0,58;FRA;DF,MF;25;2000;2,8;0;0;0;2;2;1;11;1;3;0;;;;;;;;;;;;;;;;;;;;;;;
Ylies Aradj;Stade Laval;2526;FRA-Ligue 2;FRA;DF,MF;20;2005;14;10;873;9,7;0;0;0;0;0;0;5;0;0,0;0,0;0,0;0,0;0,0;FRA;DF,MF;20;2005;9,7;0;2;0;0,0;0,21;0,0;0,0;;0;0;FRA;DF,MF;20;2005;14;873;62;28,5;9,7;10;77;3;4;26;4;0,71;4;16;-12;-1,24;-0,99;FRA;DF,MF;20;2005;9,7;5;0;0;19;5;2;40;6;11;0;;;;;;;;;;;;;;;;;;;;;;;
Yohan Tavares;Stade Laval;2526;FRA-Ligue 2;POR;DF;37;1988;17;14;1199;13,3;0;0;0;0;0;0;2;1;0,0;0,0;0,0;0,0;0,0;POR;DF;37;1988;13,3;0;1;0;0,0;0,08;0,0;0,0;;0;0;POR;DF;37;1988;17;1199;71;39,2;13,3;14;83;11;3;14;9;0,59;5;13;-8;-0,6;-0,12;POR;DF;37;1988;13,3;2;1;1;17;3;0;1;8;7;0;;;;;;;;;;;;;;;;;;;;;;;
Adrien Monfray;Troyes;2526;FRA-Ligue 2;FRA;DF;34;1990;32;32;2880;32,0;0;0;0;0;0;0;8;0;0,0;0,0;0,0;0,0;0,0;FRA;DF;34;1990;32,0;0;21;6;28,6;0,66;0,19;0,0;0,0;0;0;FRA;DF;34;1990;32;2880;90;94,1;32,0;32;90;32;0;;0;2,0;58;31;27;0,84;0,84;FRA;DF;34;1990;32,0;8;0;0;16;22;0;9;41;35;1;;;;;;;;;;;;;;;;;;;;;;;
Alexandre Phliponeau;Troyes;2526;FRA-Ligue 2;FRA;MF;25;2000;12;4;349;3,9;0;0;0;0;0;0;1;0;0,0;0,0;0,0;0,0;0,0;FRA;MF;25;2000;3,9;0;3;0;0,0;0,77;0,0;0,0;;0;0;FRA;MF;25;2000;12;349;29;11,4;3,9;4;74;1;8;7;2;1,92;3;4;-1;-0,26;-1,19;FRA;MF;25;2000;3,9;1;0;0;4;4;0;0;2;3;0;;;;;;;;;;;;;;;;;;;;;;;
Amadou Diakité;Troyes;2526;FRA-Ligue 2;FRA;FW;20;2005;3;0;27;0,3;0;0;0;0;0;0;1;0;0,0;0,0;0,0;0,0;0,0;FRA;FW;20;2005;0,3;0;1;1;100,0;3,33;3,33;0,0;0,0;0;0;FRA;FW;20;2005;3;27;9;0,9;0,3;0;;0;3;9;1;1,0;1;0;1;3,33;2,56;FRA;FW;20;2005;0,3;1;0;0;1;1;0;6;0;1;0;;;;;;;;;;;;;;;;;;;;;;;
Anis Ouzenadji;Troyes;2526;FRA-Ligue 2;FRA;DF;18;2006;21;4;581;6,5;1;1;2;1;0;0;3;0;0,15;0,15;0,31;0,15;0,31;FRA;DF;18;2006;6,5;1;4;1;25,0;0,62;0,15;0,25;1,0;0;0;FRA;DF;18;2006;21;581;28;19,0;6,5;4;89;2;17;13;10;1,86;10;9;1;0,15;-0,79;FRA;DF;18;2006;6,5;3;0;0;7;12;2;27;10;10;0;;;;;;;;;;;;;;;;;;;;;;;
Antoine Mille;Troyes;2526;FRA-Ligue 2;FRA;MF;27;1997;33;33;2914;32,4;3;6;9;3;0;0;6;0;0,09;0,19;0,28;0,09;0,28;FRA;MF;27;1997;32,4;3;39;13;33,3;1,2;0,4;0,08;0,23;0;0;FRA;MF;27;1997;33;2914;88;95,2;32,4;33;88;26;0;;0;2,03;58;30;28;0,86;1,48;FRA;MF;27;1997;32,4;6;0;0;62;62;1;166;41;36;0;;;;;;;;;;;;;;;;;;;;;;;
Arthylio Nade;Troyes;2526;FRA-Ligue 2;FRA;FW;18;2007;1;0;1;0,0;0;0;0;0;0;0;0;0;0,0;0,0;0,0;0,0;0,0;FRA;FW;18;2007;0,0;0;0;0;;0,0;0,0;;;0;0;FRA;FW;18;2007;1;1;1;0,0;0,0;0;;0;1;1;1;1,0;0;0;0;0,0;-0,79;FRA;FW;18;2007;0,0;0;0;0;0;0;0;0;0;0;0;;;;;;;;;;;;;;;;;;;;;;;
Elijah Odede;Troyes;2526;FRA-Ligue 2;NGA;MF;18;2007;10;1;128;1,4;0;1;1;0;0;0;0;0;0,0;0,7;0,7;0,0;0,7;NGA;MF;18;2007;1,4;0;3;0;0,0;2,11;0,0;0,0;;0;0;NGA;MF;18;2007;10;128;13;4,2;1,4;1;45;0;9;9;10;1,7;1;5;-4;-2,81;-3,76;NGA;MF;18;2007;1,4;0;0;0;0;4;1;2;1;3;0;;;;;;;;;;;;;;;;;;;;;;;
Fred Ondoa Onambele;Troyes;2526;FRA-Ligue 2;FRA;DF;18;2007;1;0;3;0,0;0;0;0;0;0;0;0;0;0,0;0,0;0,0;0,0;0,0;FRA;DF;18;2007;0,0;0;0;0;;0,0;0,0;;;0;0;FRA;DF;18;2007;1;3;3;0,1;0,0;0;;0;1;3;0;0,0;0;0;0;0,0;-0,79;FRA;DF;18;2007;0,0;0;0;0;0;0;0;3;0;0;0;;;;;;;;;;;;;;;;;;;;;;;
Hillel Konaté;Troyes;2526;FRA-Ligue 2;BFA;GK;30;1994;23;22;2033;22,6;0;0;0;0;0;0;2;0;0,0;0,0;0,0;0,0;0,0;BFA;GK;30;1994;22,6;0;0;0;;0,0;0,0;;;0;0;BFA;GK;30;1994;23;2033;88;66,4;22,6;22;90;22;1;53;10;1,87;37;21;16;0,71;-0,26;BFA;GK;30;1994;22,6;2;0;0;1;6;0;0;0;0;0;BFA;GK;30;1994;23;22;2033;22,6;21;0,93;65;44;67,7;12;4;6;8;36,4;4;1;2;1;66,7
Hugo Gambor;Troyes;2526;FRA-Ligue 2;CTA;DF;22;2002;16;12;1090;12,1;0;1;1;0;0;0;4;0;0,0;0,08;0,08;0,0;0,08;CTA;DF;22;2002;12,1;0;1;0;0,0;0,08;0,0;0,0;;0;0;CTA;DF;22;2002;16;1090;68;35,6;12,1;12;88;10;4;10;9;2,06;15;15;0;0,0;-1,23;CTA;DF;22;2002;12,1;4;0;0;18;8;0;0;20;9;0;;;;;;;;;;;;;;;;;;;;;;;
Ibrahim Traoré;Troyes;2526;FRA-Ligue 2;FRA;FW;19;2006;1;0;1;0,0;0;0;0;0;0;0;0;0;0,0;0,0;0,0;0,0;0,0;FRA;FW;19;2006;0,0;0;0;0;;0,0;0,0;;;0;0;FRA;FW;19;2006;1;1;1;0,0;0,0;0;;0;1;1;0;3,0;0;0;0;0,0;-0,79;FRA;FW;19;2006;0,0;0;0;0;0;1;0;0;0;0;0;;;;;;;;;;;;;;;;;;;;;;;
Ismaël Boura;Troyes;2526;FRA-Ligue 2;COM;DF;24;2000;27;26;2223;24,7;1;2;3;1;0;0;4;0;0,04;0,08;0,12;0,04;0,12;COM;DF;24;2000;24,7;1;16;2;12,5;0,65;0,08;0,06;0,5;0;0;COM;DF;24;2000;27;2223;82;72,6;24,7;26;85;18;1;25;1;2,11;48;22;26;1,05;0,95;COM;DF;24;2000;24,7;4;0;0;21;39;0;74;37;28;0;;;;;;;;;;;;;;;;;;;;;;;
Kandet Diawara;Troyes;2526;FRA-Ligue 2;GUI;MF,FW;25;2000;13;10;862;9,6;4;1;5;4;0;0;1;0;0,42;0,1;0,52;0,42;0,52;GUI;MF,FW;25;2000;9,6;4;18;9;50,0;1,88;0,94;0,22;0,44;0;0;GUI;MF,FW;25;2000;13;862;66;28,2;9,6;10;80;0;3;20;0;2,0;21;11;10;1,04;0,35;GUI;MF,FW;25;2000;9,6;1;0;0;14;3;10;27;3;7;0;;;;;;;;;;;;;;;;;;;;;;;
Kouadou Assoumou;Troyes;2526;FRA-Ligue 2;FRA;MF;22;2002;17;12;1087;12,1;4;1;5;4;0;0;3;0;0,33;0,08;0,41;0,33;0,41;FRA;MF;22;2002;12,1;4;42;14;33,3;3,48;1,16;0,1;0,29;0;0;FRA;MF;22;2002;17;1087;64;35,5;12,1;12;82;5;5;21;0;2,35;19;8;11;0,91;0,18;FRA;MF;22;2002;12,1;3;0;0;17;25;6;24;17;13;0;;;;;;;;;;;;;;;;;;;;;;;
Lucas Maronnier;Troyes;2526;FRA-Ligue 2;FRA;DF;25;2000;22;20;1712;19,0;0;1;1;0;0;0;6;1;0,0;0,05;0,05;0,0;0,05;FRA;DF;25;2000;19,0;0;15;3;20,0;0,79;0,16;0,0;0,0;0;0;FRA;DF;25;2000;22;1712;78;55,9;19,0;20;85;12;2;10;4;1,95;27;24;3;0,16;-1,44;FRA;DF;25;2000;19,0;6;1;1;15;24;8;65;15;14;0;;;;;;;;;;;;;;;;;;;;;;;
Marc Anthony N'Koumouck;Troyes;2526;FRA-Ligue 2;;;;;;;;;;;;;;;;;;;;;;;;;;;;;;;;;;;;;FRA;GK;19;2006;0;;;;;0;;0;0;;6;;;;;;;;;;;;;;;;;;;;;;;;;;;;;;;;;;;;;;;;;;;;
Martin Adeline;Troyes;2526;FRA-Ligue 2;FRA;MF,FW;21;2003;32;30;2422;26,9;10;10;20;10;0;0;5;1;0,37;0,37;0,74;0,37;0,74;FRA;MF,FW;21;2003;26,9;10;38;21;55,3;1,41;0,78;0,26;0,48;0;0;FRA;MF,FW;21;2003;32;2422;76;79,2;26,9;30;79;9;2;27;1;2,06;49;26;23;0,85;0,29;FRA;MF,FW;21;2003;26,9;5;1;0;66;25;6;21;20;29;0;;;;;;;;;;;;;;;;;;;;;;;
Mathis Hamdi;Troyes;2526;FRA-Ligue 2;FRA;DF;21;2003;1;1;90;1,0;0;0;0;0;0;0;1;0;0,0;0,0;0,0;0,0;0,0;FRA;DF;21;2003;1,0;0;0;0;;0,0;0,0;;;0;0;FRA;DF;21;2003;1;90;90;2,9;1,0;1;90;1;0;;0;3,0;2;1;1;1,0;0,21;FRA;DF;21;2003;1,0;1;0;0;2;2;0;1;3;0;0;;;;;;;;;;;;;;;;;;;;;;;
Mathys Detourbet;Troyes;2526;FRA-Ligue 2;FRA;MF;18;2007;33;23;1976;22,0;3;5;8;3;0;0;4;0;0,14;0,23;0,36;0,14;0,36;FRA;MF;18;2007;22,0;3;54;18;33,3;2,46;0,82;0,06;0,17;0;0;FRA;MF;18;2007;33;1976;60;64,6;22,0;23;78;4;10;19;1;1,94;37;25;12;0,55;-0,7;FRA;MF;18;2007;22,0;4;0;0;30;39;18;76;13;11;0;;;;;;;;;;;;;;;;;;;;;;;
Merwan Ifnaoui;Troyes;2526;FRA-Ligue 2;FRA;MF;26;1998;26;22;1996;22,2;4;3;7;4;0;0;1;0;0,18;0,14;0,32;0,18;0,32;FRA;MF;26;1998;22,2;4;26;10;38,5;1,17;0,45;0,15;0,4;0;0;FRA;MF;26;1998;26;1996;77;65,2;22,2;22;88;16;4;15;0;1,85;36;18;18;0,81;0,05;FRA;MF;26;1998;22,2;1;0;0;13;33;2;63;25;12;0;;;;;;;;;;;;;;;;;;;;;;;
Mouhamed Diop;Troyes;2526;FRA-Ligue 2;SEN;MF;24;2000;31;31;2710;30,1;3;2;5;3;0;0;2;1;0,1;0,07;0,17;0,1;0,17;SEN;MF;24;2000;30,1;3;39;13;33,3;1,3;0,43;0,08;0,23;0;0;SEN;MF;24;2000;31;2710;87;88,6;30,1;31;87;27;0;;0;2,13;59;29;30;1,0;1,77;SEN;MF;24;2000;30,1;2;1;0;25;29;1;9;28;22;0;;;;;;;;;;;;;;;;;;;;;;;
Mounaim El Idrissy;Troyes;2526;FRA-Ligue 2;FRA;FW;26;1999;26;6;692;7,7;4;2;6;4;0;0;8;1;0,52;0,26;0,78;0,52;0,78;FRA;FW;26;1999;7,7;4;15;7;46,7;1,95;0,91;0,27;0,57;0;0;FRA;FW;26;1999;26;692;27;22,6;7,7;6;78;2;20;11;4;1,88;10;10;0;0,0;-1,03;FRA;FW;26;1999;7,7;8;1;1;25;21;4;6;2;6;0;;;;;;;;;;;;;;;;;;;;;;;
Nicolas Lemaître;Troyes;2526;FRA-Ligue 2;FRA;GK;28;1997;10;10;847;9,4;0;0;0;0;0;0;3;0;0,0;0,0;0,0;0,0;0,0;FRA;GK;28;1997;9,4;0;0;0;;0,0;0,0;;;0;0;FRA;GK;28;1997;10;847;85;27,7;9,4;10;85;9;0;;0;2,3;19;9;10;1,06;0,37;FRA;GK;28;1997;9,4;3;0;0;0;4;0;0;0;0;0;FRA;GK;28;1997;10;10;847;9,4;9;0,96;32;23;71,9;7;2;1;4;40,0;0;0;0;0;
Noah Donkor;Troyes;2526;FRA-Ligue 2;FRA;DF;18;2006;3;0;26;0,3;0;0;0;0;0;0;0;0;0,0;0,0;0,0;0,0;0,0;FRA;DF;18;2006;0,3;0;0;0;;0,0;0,0;;;0;0;FRA;DF;18;2006;3;26;9;0,8;0,3;0;;0;3;9;6;1,0;2;0;2;6,92;6,18;FRA;DF;18;2006;0,3;0;0;0;1;0;1;2;0;0;0;;;;;;;;;;;;;;;;;;;;;;;
Paolo Gozzi Iweru;Troyes;2526;FRA-Ligue 2;ITA;DF;24;2001;15;14;1257;14,0;0;0;0;0;0;0;3;0;0,0;0,0;0,0;0,0;0,0;ITA;DF;24;2001;14,0;0;4;0;0,0;0,29;0,0;0,0;;0;0;ITA;DF;24;2001;15;1257;84;41,1;14,0;14;88;13;1;25;0;1,87;25;15;10;0,72;-0,13;ITA;DF;24;2001;14,0;3;0;0;14;19;3;1;12;11;0;;;;;;;;;;;;;;;;;;;;;;;
Preston Zenga;Troyes;2526;FRA-Ligue 2;;;;;;;;;;;;;;;;;;;;;;;;;;;;;;;;;;;;;FRA;DF;18;2007;0;;;;;0;;0;0;;1;;;;;;;;;;;;;;;;;;;;;;;;;;;;;;;;;;;;;;;;;;;;
Renaud Ripart;Troyes;2526;FRA-Ligue 2;FRA;FW,MF;32;1993;21;8;844;9,4;5;0;5;5;0;0;2;0;0,53;0,0;0,53;0,53;0,53;FRA;FW,MF;32;1993;9,4;5;37;14;37,8;3,95;1,49;0,14;0,36;0;0;FRA;FW,MF;32;1993;21;844;40;27,6;9,4;8;80;2;13;16;1;1,91;18;5;13;1,39;0,82;FRA;FW,MF;32;1993;9,4;2;0;0;22;23;3;9;0;8;0;;;;;;;;;;;;;;;;;;;;;;;
Roman Murcy;Troyes;2526;FRA-Ligue 2;FRA;MF;19;2006;4;0;23;0,3;0;0;0;0;0;0;0;0;0,0;0,0;0,0;0,0;0,0;FRA;MF;19;2006;0,3;0;0;0;;0,0;0,0;;;0;0;FRA;MF;19;2006;4;23;6;0,8;0,3;0;;0;4;6;11;1,5;0;0;0;0,0;-0,8;FRA;MF;19;2006;0,3;0;0;0;1;2;0;0;0;0;0;;;;;;;;;;;;;;;;;;;;;;;
Sankhoun Diawara;Troyes;2526;FRA-Ligue 2;FRA;DF;19;2006;14;12;1038;11,5;0;1;1;0;0;0;2;0;0,0;0,09;0,09;0,0;0,09;FRA;DF;19;2006;11,5;0;6;0;0,0;0,52;0,0;0,0;;0;0;FRA;DF;19;2006;14;1038;74;33,9;11,5;12;86;10;2;3;2;1,86;24;10;14;1,21;0,64;FRA;DF;19;2006;11,5;2;0;0;17;5;0;4;13;14;0;;;;;;;;;;;;;;;;;;;;;;;
Tawfik Bentayeb;Troyes;2526;FRA-Ligue 2;MAR;FW;23;2002;28;23;1950;21,7;18;3;21;14;4;5;3;1;0,83;0,14;0,97;0,65;0,78;MAR;FW;23;2002;21,7;18;83;40;48,2;3,83;1,85;0,22;0,45;4;5;MAR;FW;23;2002;28;1950;70;63,7;21,7;23;81;8;5;18;0;2,04;45;22;23;1,06;0,74;MAR;FW;23;2002;21,7;3;1;0;37;27;21;5;2;9;0;;;;;;;;;;;;;;;;;;;;;;;
Xavier Chavalerin;Troyes;2526;FRA-Ligue 2;FRA;MF;34;1991;4;1;138;1,5;0;0;0;0;0;0;1;0;0,0;0,0;0,0;0,0;0,0;FRA;MF;34;1991;1,5;0;1;0;0,0;0,65;0,0;0,0;;0;0;FRA;MF;34;1991;4;138;35;4,5;1,5;1;90;1;3;16;7;1,75;1;0;1;0,65;-0,15;FRA;MF;34;1991;1,5;1;0;0;3;0;0;2;0;2;0;;;;;;;;;;;;;;;;;;;;;;;
Yvann Titi;Troyes;2526;FRA-Ligue 2;FRA;DF;19;2006;20;15;1379;15,3;0;4;4;0;0;0;1;0;0,0;0,26;0,26;0,0;0,26;FRA;DF;19;2006;15,3;0;5;0;0,0;0,33;0,0;0,0;;0;0;FRA;DF;19;2006;20;1379;69;45,1;15,3;15;87;10;5;16;4;1,8;30;9;21;1,37;1,05;FRA;DF;19;2006;15,3;1;0;0;18;34;2;33;11;12;0;;;;;;;;;;;;;;;;;;;;;;;
Zacharie Boucher;Troyes;2526;FRA-Ligue 2;FRA;GK;33;1992;2;2;180;2,0;0;0;0;0;0;0;0;0;0,0;0,0;0,0;0,0;0,0;FRA;GK;33;1992;2,0;0;0;0;;0,0;0,0;;;0;0;FRA;GK;33;1992;2;180;90;5,9;2,0;2;90;2;0;;17;2,0;4;3;1;0,5;-0,31;FRA;GK;33;1992;2,0;0;0;0;0;0;0;0;0;0;0;FRA;GK;33;1992;2;2;180;2,0;3;1,5;10;7;70,0;1;1;0;1;50,0;0;0;0;0;
Adrien Pinot;US Boulogne;2526;FRA-Ligue 2;FRA;DF;24;2001;26;21;1784;19,8;3;0;3;2;1;1;4;0;0,15;0,0;0,15;0,1;0,1;FRA;DF;24;2001;19,8;3;9;5;55,6;0,45;0,25;0,33;0,6;1;1;FRA;DF;24;2001;26;1784;69;58,3;19,8;21;83;16;5;7;7;1,08;23;39;-16;-0,81;-0,88;FRA;DF;24;2001;19,8;4;0;0;27;26;2;4;26;16;0;;;;;;;;;;;;;;;;;;;;;;;
Amine El Farissi;US Boulogne;2526;FRA-Ligue 2;FRA;MF,FW;26;1998;31;25;2119;23,5;5;4;9;5;0;0;5;0;0,21;0,17;0,38;0,21;0,38;FRA;MF,FW;26;1998;23,5;5;51;16;31,4;2,17;0,68;0,1;0,31;0;0;FRA;MF,FW;26;1998;31;2119;68;69,2;23,5;25;79;6;6;22;1;1,06;24;25;-1;-0,04;1,3;FRA;MF,FW;26;1998;23,5;5;0;0;21;34;11;50;13;20;0;;;;;;;;;;;;;;;;;;;;;;;
Aurélien Platret;US Boulogne;2526;FRA-Ligue 2;FRA;MF,DF;22;2003;26;16;1430;15,9;2;4;6;2;0;0;2;0;0,13;0,25;0,38;0,13;0,38;FRA;MF,DF;22;2003;15,9;2;13;7;53,8;0,82;0,44;0,15;0,29;0;0;FRA;MF,DF;22;2003;26;1430;55;46,7;15,9;16;79;6;10;17;2;1,23;19;26;-7;-0,44;0,0;FRA;MF,DF;22;2003;15,9;2;0;0;19;13;2;75;15;40;0;;;;;;;;;;;;;;;;;;;;;;;
Azamat Uriev;US Boulogne;2526;FRA-Ligue 2;FRA;GK;21;2004;12;11;1005;11,2;0;1;1;0;0;0;0;0;0,0;0,09;0,09;0,0;0,09;FRA;GK;21;2004;11,2;0;0;0;;0,0;0,0;;;0;0;FRA;GK;21;2004;12;1005;84;32,8;11,2;11;90;11;1;15;7;1,0;13;20;-7;-0,63;-0,28;FRA;GK;21;2004;11,2;0;0;0;0;2;0;0;0;1;0;FRA;GK;21;2004;12;11;1005;11,2;20;1,79;41;21;51,2;3;2;6;2;18,2;2;2;0;0;0,0
Blondy Nna Noukeu;US Boulogne;2526;FRA-Ligue 2;CMR;GK;24;2001;14;14;1260;14,0;0;0;0;0;0;0;4;0;0,0;0,0;0,0;0,0;0,0;CMR;GK;24;2001;14,0;0;0;0;;0,0;0,0;;;0;0;CMR;GK;24;2001;14;1260;90;41,2;14,0;14;90;14;0;;1;1,21;14;18;-4;-0,29;0,26;CMR;GK;24;2001;14,0;4;0;0;2;0;0;0;0;0;0;CMR;GK;24;2001;14;14;1260;14,0;18;1,29;50;32;64,0;4;5;5;6;42,9;5;4;0;1;0,0
Corentin Fatou;US Boulogne;2526;FRA-Ligue 2;FRA;FW;26;1998;29;13;1262;14,0;6;2;8;4;2;2;1;0;0,43;0,14;0,57;0,29;0,43;FRA;FW;26;1998;14,0;6;26;13;50,0;1,85;0,93;0,23;0,46;2;2;FRA;FW;26;1998;29;1262;44;41,2;14,0;13;70;0;16;22;0;1,14;15;20;-5;-0,36;0,14;FRA;FW;26;1998;14,0;1;0;0;19;14;15;14;7;8;0;;;;;;;;;;;;;;;;;;;;;;;
Demba Thiam;US Boulogne;2526;FRA-Ligue 2;FRA;DF;35;1989;32;30;2619;29,1;0;2;2;0;0;0;5;1;0,0;0,07;0,07;0,0;0,07;FRA;DF;35;1989;29,1;0;0;0;;0,0;0,0;;;0;0;FRA;DF;35;1989;32;2619;82;85,6;29,1;30;87;22;2;12;0;1,13;30;36;-6;-0,21;1,63;FRA;DF;35;1989;29,1;5;1;0;17;31;0;51;27;28;0;;;;;;;;;;;;;;;;;;;;;;;
Exauce Mpembele Boula;US Boulogne;2526;FRA-Ligue 2;FRA;MF,FW;23;2002;10;5;458;5,1;1;0;1;1;0;1;1;0;0,2;0,0;0,2;0,2;0,2;FRA;MF,FW;23;2002;5,1;1;10;4;40,0;1,97;0,79;0,1;0,25;0;1;FRA;MF,FW;23;2002;10;458;46;15,0;5,1;5;73;1;5;18;2;0,6;4;12;-8;-1,57;-1,33;FRA;MF,FW;23;2002;5,1;1;0;0;9;5;2;1;4;4;0;;;;;;;;;;;;;;;;;;;;;;;
Florian Boulet;US Boulogne;2526;FRA-Ligue 2;FRA;MF;22;2003;5;0;103;1,1;0;0;0;0;0;0;0;0;0,0;0,0;0,0;0,0;0,0;FRA;MF;22;2003;1,1;0;3;1;33,3;2,62;0,87;0,0;0,0;0;0;FRA;MF;22;2003;5;103;21;3,4;1,1;0;;0;5;21;0;0,4;1;1;0;0,0;0,46;FRA;MF;22;2003;1,1;0;0;0;4;1;1;4;1;0;0;;;;;;;;;;;;;;;;;;;;;;;
Gabin Capuano;US Boulogne;2526;FRA-Ligue 2;FRA;FW;19;2006;14;6;569;6,3;1;0;1;1;0;0;2;0;0,16;0,0;0,16;0,16;0,16;FRA;FW;19;2006;6,3;1;16;4;25,0;2,53;0,63;0,06;0,25;0;0;FRA;FW;19;2006;14;569;41;18,6;6,3;6;70;1;8;19;2;1,21;7;9;-2;-0,32;0,15;FRA;FW;19;2006;6,3;2;0;0;16;8;8;4;3;2;0;;;;;;;;;;;;;;;;;;;;;;;
Guede Zohore;US Boulogne;2526;FRA-Ligue 2;FRA;DF;24;2000;30;28;2504;27,8;0;0;0;0;0;0;4;1;0,0;0,0;0,0;0,0;0,0;FRA;DF;24;2000;27,8;0;4;3;75,0;0,14;0,11;0,0;0,0;0;0;FRA;DF;24;2000;30;2504;83;81,8;27,8;28;89;27;2;11;2;1,0;27;40;-13;-0,47;-0,14;FRA;DF;24;2000;27,8;4;1;0;29;28;1;3;25;30;0;;;;;;;;;;;;;;;;;;;;;;;
Hervé Touré;US Boulogne;2526;FRA-Ligue 2;CIV;MF;25;2000;8;1;161;1,8;0;0;0;0;0;0;1;0;0,0;0,0;0,0;0,0;0,0;CIV;MF;25;2000;1,8;0;4;0;0,0;2,24;0,0;0,0;;0;0;CIV;MF;25;2000;8;161;20;5,3;1,8;1;65;0;7;14;2;0,5;0;5;-5;-2,8;-2,48;CIV;MF;25;2000;1,8;1;0;0;2;2;0;1;3;2;0;;;;;;;;;;;;;;;;;;;;;;;
Ibrahim Koné;US Boulogne;2526;FRA-Ligue 2;GUI;GK;35;1989;8;8;705;7,8;0;0;0;0;0;0;0;0;0,0;0,0;0,0;0,0;0,0;GUI;GK;35;1989;7,8;0;0;0;;0,0;0,0;;;0;0;GUI;GK;35;1989;8;705;88;23,0;7,8;8;88;7;0;;23;1,0;6;9;-3;-0,38;0,08;GUI;GK;35;1989;7,8;0;0;0;0;3;0;0;0;0;0;GUI;GK;35;1989;8;8;705;7,8;9;1,15;30;21;70,0;2;2;4;1;12,5;1;1;0;0;0,0
Joffrey Bultel;US Boulogne;2526;FRA-Ligue 2;FRA;MF;25;2000;30;20;1803;20,0;1;1;2;1;0;0;3;0;0,05;0,05;0,1;0,05;0,1;FRA;MF;25;2000;20,0;1;21;3;14,3;1,05;0,15;0,05;0,33;0;0;FRA;MF;25;2000;30;1803;60;58,9;20,0;20;79;9;10;22;0;1,0;15;30;-15;-0,75;-0,75;FRA;MF;25;2000;20,0;3;0;0;41;10;2;15;34;34;0;;;;;;;;;;;;;;;;;;;;;;;
Jonas Martin;US Boulogne;2526;FRA-Ligue 2;FRA;MF;35;1990;19;12;1024;11,4;0;1;1;0;0;0;2;0;0,0;0,09;0,09;0,0;0,09;FRA;MF;35;1990;11,4;0;2;0;0,0;0,18;0,0;0,0;;0;0;FRA;MF;35;1990;19;1024;54;33,5;11,4;12;74;4;7;20;0;1,21;9;19;-10;-0,88;-0,66;FRA;MF;35;1990;11,4;2;0;0;15;12;1;7;15;10;0;;;;;;;;;;;;;;;;;;;;;;;
Jonathan Ndaya;US Boulogne;2526;FRA-Ligue 2;FRA;DF;21;2004;1;0;45;0,5;0;0;0;0;0;0;0;0;0,0;0,0;0,0;0,0;0,0;FRA;DF;21;2004;0,5;0;0;0;;0,0;0,0;;;0;0;FRA;DF;21;2004;1;45;45;1,5;0,5;0;;0;1;45;4;0,0;1;0;1;2,0;2,48;FRA;DF;21;2004;0,5;0;0;0;0;2;0;0;0;0;0;;;;;;;;;;;;;;;;;;;;;;;
Julien Boyer;US Boulogne;2526;FRA-Ligue 2;FRA;DF;27;1998;32;29;2608;29,0;2;1;3;2;0;0;8;0;0,07;0,03;0,1;0,07;0,1;FRA;DF;27;1998;29,0;2;29;7;24,1;1,0;0,24;0,07;0,29;0;0;FRA;DF;27;1998;32;2608;82;85,2;29,0;29;87;22;3;25;1;1,03;31;37;-6;-0,21;1,58;FRA;DF;27;1998;29,0;8;0;0;42;30;1;150;41;37;0;;;;;;;;;;;;;;;;;;;;;;;
Lilian Raillot;US Boulogne;2526;FRA-Ligue 2;FRA;MF;21;2004;6;3;280;3,1;0;0;0;0;0;0;0;0;0,0;0,0;0,0;0,0;0,0;FRA;MF;21;2004;3,1;0;1;0;0,0;0,32;0,0;0,0;;0;0;FRA;MF;21;2004;6;280;47;9,2;3,1;3;65;0;3;28;0;0,17;1;3;-2;-0,64;-0,22;FRA;MF;21;2004;3,1;0;0;0;4;2;0;0;6;6;0;;;;;;;;;;;;;;;;;;;;;;;
Louis Siliadin;US Boulogne;2526;FRA-Ligue 2;FRA;DF;23;2001;3;2;177;2,0;0;0;0;0;0;0;1;0;0,0;0,0;0,0;0,0;0,0;FRA;DF;23;2001;2,0;0;0;0;;0,0;0,0;;;0;0;FRA;DF;23;2001;3;177;59;5,8;2,0;2;73;1;1;31;3;1,0;1;2;-1;-0,51;-0,07;FRA;DF;23;2001;2,0;1;0;0;4;0;0;2;4;3;0;;;;;;;;;;;;;;;;;;;;;;;
Luka Boiteau;US Boulogne;2526;FRA-Ligue 2;CAN;MF;19;2006;9;1;218;2,4;1;2;3;0;1;1;1;0;0,41;0,83;1,24;0,0;0,83;CAN;MF;19;2006;2,4;1;5;4;80,0;2,06;1,65;0,2;0,25;1;1;CAN;MF;19;2006;9;218;24;7,1;2,4;1;57;0;8;20;7;1,0;7;2;5;2,06;2,7;CAN;MF;19;2006;2,4;1;0;0;7;2;2;8;1;5;0;;;;;;;;;;;;;;;;;;;;;;;
Martin Lecolier;US Boulogne;2526;FRA-Ligue 2;FRA;FW;22;2003;16;11;971;10,8;3;1;4;3;0;1;1;0;0,28;0,09;0,37;0,28;0,37;FRA;FW;22;2003;10,8;3;12;7;58,3;1,11;0,65;0,25;0,43;0;1;FRA;FW;22;2003;16;971;61;31,7;10,8;11;74;2;5;32;0;1,25;10;13;-3;-0,28;0,24;FRA;FW;22;2003;10,8;1;0;0;11;14;7;7;3;5;0;;;;;;;;;;;;;;;;;;;;;;;
Noah Fatar;US Boulogne;2526;FRA-Ligue 2;FRA;MF,FW;23;2002;30;19;1682;18,7;3;3;6;3;0;0;3;0;0,16;0,16;0,32;0,16;0,32;FRA;MF,FW;23;2002;18,7;3;49;14;28,6;2,62;0,75;0,06;0,21;0;0;FRA;MF,FW;23;2002;30;1682;56;55,0;18,7;19;75;3;11;23;0;1,03;18;34;-16;-0,86;-0,92;FRA;MF,FW;23;2002;18,7;3;0;0;43;66;4;64;15;16;0;;;;;;;;;;;;;;;;;;;;;;;
Nolan Binet;US Boulogne;2526;FRA-Ligue 2;FRA;MF;21;2004;33;31;2591;28,8;0;2;2;0;0;0;4;0;0,0;0,07;0,07;0,0;0,07;FRA;MF;21;2004;28,8;0;31;6;19,4;1,08;0,21;0,0;0,0;0;0;FRA;MF;21;2004;33;2591;79;84,7;28,8;31;82;22;2;28;0;1,09;32;39;-7;-0,24;1,29;FRA;MF;21;2004;28,8;4;0;0;52;46;2;55;28;58;0;;;;;;;;;;;;;;;;;;;;;;;
Saki Kouassi;US Boulogne;2526;FRA-Ligue 2;CIV;DF;22;2003;11;3;270;3,0;0;0;0;0;0;0;1;0;0,0;0,0;0,0;0,0;0,0;CIV;DF;22;2003;3,0;0;0;0;;0,0;0,0;;;0;0;CIV;DF;22;2003;11;270;25;8,8;3,0;3;66;1;8;9;4;1,91;1;7;-6;-2,0;-1,71;CIV;DF;22;2003;3,0;1;0;0;8;7;1;12;4;4;0;;;;;;;;;;;;;;;;;;;;;;;
Siad Gourville;US Boulogne;2526;FRA-Ligue 2;ALG;DF;25;2000;30;25;2329;25,9;1;0;1;1;0;0;4;0;0,04;0,0;0,04;0,04;0,04;ALG;DF;25;2000;25,9;1;10;3;30,0;0,39;0,12;0,1;0,33;0;0;ALG;DF;25;2000;30;2329;78;76,1;25,9;25;89;24;5;19;1;0,87;22;41;-19;-0,73;-1,23;ALG;DF;25;2000;25,9;4;0;0;33;20;5;2;54;27;0;;;;;;;;;;;;;;;;;;;;;;;
Sohan Paillard;US Boulogne;2526;FRA-Ligue 2;FRA;MF;21;2003;1;0;6;0,1;0;0;0;0;0;0;0;0;0,0;0,0;0,0;0,0;0,0;FRA;MF;21;2003;0,1;0;0;0;;0,0;0,0;;;0;0;FRA;MF;21;2003;1;6;6;0,2;0,1;0;;0;1;6;6;0,0;0;0;0;0,0;0,44;FRA;MF;21;2003;0,1;0;0;0;0;0;0;1;0;0;0;;;;;;;;;;;;;;;;;;;;;;;
Sonny Duflos;US Boulogne;2526;FRA-Ligue 2;FRA;MF;30;1995;30;17;1534;17,0;0;2;2;0;0;0;5;1;0,0;0,12;0,12;0,0;0,12;FRA;MF;30;1995;17,0;0;15;5;33,3;0,88;0,29;0,0;0,0;0;0;FRA;MF;30;1995;30;1534;51;50,1;17,0;17;72;1;13;23;2;1,13;19;25;-6;-0,35;0,18;FRA;MF;30;1995;17,0;5;1;1;21;20;5;27;18;19;0;;;;;;;;;;;;;;;;;;;;;;;
Souleymane Keita;US Boulogne;2526;FRA-Ligue 2;FRA;MF;19;2005;7;0;93;1,0;0;0;0;0;0;0;2;1;0,0;0,0;0,0;0,0;0,0;FRA;MF;19;2005;1,0;0;5;4;80,0;4,84;3,87;0,0;0,0;0;0;FRA;MF;19;2005;7;93;13;3,0;1,0;0;;0;7;13;0;1,29;1;1;0;0,0;0,46;FRA;MF;19;2005;1,0;2;1;1;4;2;1;2;0;5;0;;;;;;;;;;;;;;;;;;;;;;;
Vincent Burlet;US Boulogne;2526;FRA-Ligue 2;BEL;MF,DF;19;2005;17;14;1232;13,7;2;0;2;2;0;0;4;0;0,15;0,0;0,15;0,15;0,15;BEL;MF,DF;19;2005;13,7;2;17;6;35,3;1,24;0,44;0,12;0,33;0;0;BEL;MF,DF;19;2005;17;1232;72;40,3;13,7;14;84;9;3;20;0;1,12;14;17;-3;-0,22;0,37;BEL;MF,DF;19;2005;13,7;4;0;0;24;30;4;23;5;24;0;;;;;;;;;;;;;;;;;;;;;;;
Xavier Lenogue;US Boulogne;2526;FRA-Ligue 2;MTQ;GK;28;1996;1;1;90;1,0;0;0;0;0;0;0;0;0;0,0;0,0;0,0;0,0;0,0;MTQ;GK;28;1996;1,0;0;0;0;;0,0;0,0;;;0;0;MTQ;GK;28;1996;1;90;90;2,9;1,0;1;90;1;0;;2;0,0;1;2;-1;-1,0;-0,58;MTQ;GK;28;1996;1,0;0;0;0;0;0;0;0;0;0;0;MTQ;GK;28;1996;1;1;90;1,0;2;2,0;6;4;66,7;0;0;1;0;0,0;0;0;0;0;
Zanga Koné;US Boulogne;2526;FRA-Ligue 2;CIV;FW;20;2004;4;3;216;2,4;0;0;0;0;0;0;1;0;0,0;0,0;0,0;0,0;0,0;CIV;FW;20;2004;2,4;0;5;1;20,0;2,08;0,42;0,0;0,0;0;0;CIV;FW;20;2004;4;216;54;7,1;2,4;3;65;0;1;22;0;0,0;1;2;-1;-0,42;0,03;CIV;FW;20;2004;2,4;1;0;0;8;7;3;1;1;3;0;;;;;;;;;;;;;;;;;;;;;;;
Zoran Moco;US Boulogne;2526;FRA-Ligue 2;GLP;MF,DF;22;2003;8;5;423;4,7;0;0;0;0;0;0;0;0;0,0;0,0;0,0;0,0;0,0;GLP;MF,DF;22;2003;4,7;0;3;1;33,3;0,64;0,21;0,0;0,0;0;0;GLP;MF,DF;22;2003;8;423;53;13,8;4,7;5;69;1;3;26;0;1,5;5;2;3;0,64;1,25;GLP;MF,DF;22;2003;4,7;0;0;0;6;6;0;3;6;4;0;;;;;;;;;;;;;;;;;;;;;;;
Abner;USL Dunkerque;2526;FRA-Ligue 2;BRA;DF;29;1996;12;8;787;8,7;0;0;0;0;0;0;1;0;0,0;0,0;0,0;0,0;0,0;BRA;DF;29;1996;8,7;0;2;0;0,0;0,23;0,0;0,0;;0;0;BRA;DF;29;1996;12;787;66;25,7;8,7;8;83;4;4;30;1;1,33;13;13;0;0,0;-0,32;BRA;DF;29;1996;8,7;1;0;0;10;22;1;7;6;4;0;;;;;;;;;;;;;;;;;;;;;;;
Aboubakary Kanté;USL Dunkerque;2526;FRA-Ligue 2;GAM;FW,MF;30;1994;27;4;570;6,3;1;0;1;1;0;0;3;0;0,16;0,0;0,16;0,16;0,16;GAM;FW,MF;30;1994;6,3;1;17;4;23,5;2,68;0,63;0,06;0,25;0;0;GAM;FW,MF;30;1994;27;570;21;18,6;6,3;4;72;1;23;12;2;1,26;6;11;-5;-0,79;-1,26;GAM;FW,MF;30;1994;6,3;3;0;0;15;17;6;3;3;1;0;;;;;;;;;;;;;;;;;;;;;;;
Alec Georgen;USL Dunkerque;2526;FRA-Ligue 2;FRA;DF,MF;26;1998;31;30;2623;29,1;0;2;2;0;0;0;1;0;0,0;0,07;0,07;0,0;0,07;FRA;DF,MF;26;1998;29,1;0;9;2;22,2;0,31;0,07;0,0;0,0;0;0;FRA;DF,MF;26;1998;31;2623;85;85,7;29,1;30;86;26;1;29;0;1,32;46;31;15;0,51;1,96;FRA;DF,MF;26;1998;29,1;1;0;0;28;40;0;75;34;44;0;;;;;;;;;;;;;;;;;;;;;;;
Alex Daho;USL Dunkerque;2526;FRA-Ligue 2;FRA;MF;21;2003;22;3;628;7,0;0;1;1;0;0;0;2;0;0,0;0,14;0,14;0,0;0,14;FRA;MF;21;2003;7,0;0;10;2;20,0;1,43;0,29;0,0;0,0;0;0;FRA;MF;21;2003;22;628;29;20,5;7,0;3;74;0;19;21;5;1,32;6;7;-1;-0,14;-0,48;FRA;MF;21;2003;7,0;2;0;0;19;9;2;12;1;6;0;;;;;;;;;;;;;;;;;;;;;;;
Allan Linguet;USL Dunkerque;2526;FRA-Ligue 2;FRA;DF;25;1999;22;17;1455;16,2;0;1;1;0;0;0;6;0;0,0;0,06;0,06;0,0;0,06;FRA;DF;25;1999;16,2;0;0;0;;0,0;0,0;;;0;0;FRA;DF;25;1999;22;1455;66;47,5;16,2;17;82;9;5;13;2;1,5;24;24;0;0,0;-0,45;FRA;DF;25;1999;16,2;6;0;0;21;31;0;22;17;13;0;;;;;;;;;;;;;;;;;;;;;;;
Anto Sekongo;USL Dunkerque;2526;FRA-Ligue 2;CIV;MF;21;2004;32;30;2517;28,0;9;4;13;9;0;0;8;0;0,32;0,14;0,46;0,32;0,46;CIV;MF;21;2004;28,0;9;45;21;46,7;1,61;0,75;0,2;0,43;0;0;CIV;MF;21;2004;32;2517;79;82,3;28,0;30;80;13;2;52;0;1,25;46;34;12;0,43;1,09;CIV;MF;21;2004;28,0;8;0;0;63;55;6;24;8;21;0;;;;;;;;;;;;;;;;;;;;;;;
Aristide Zossou;USL Dunkerque;2526;FRA-Ligue 2;CIV;MF;20;2005;31;27;2017;22,4;3;2;5;3;0;0;4;1;0,13;0,09;0,22;0,13;0,22;CIV;MF;20;2005;22,4;3;26;12;46,2;1,16;0,54;0,12;0,25;0;0;CIV;MF;20;2005;31;2017;65;65,9;22,4;27;70;3;4;29;0;1,32;41;27;14;0,62;1,14;CIV;MF;20;2005;22,4;4;1;0;34;12;9;87;12;4;0;;;;;;;;;;;;;;;;;;;;;;;
Bram Lagae;USL Dunkerque;2526;FRA-Ligue 2;BEL;DF;21;2004;7;7;604;6,7;0;0;0;0;0;0;0;0;0,0;0,0;0,0;0,0;0,0;BEL;DF;21;2004;6,7;0;0;0;;0,0;0,0;;;0;0;BEL;DF;21;2004;7;604;86;19,7;6,7;7;86;4;0;;3;0,43;4;9;-5;-0,75;-1,22;BEL;DF;21;2004;6,7;0;0;0;11;7;0;1;12;5;1;;;;;;;;;;;;;;;;;;;;;;;
Diogo Queirós;USL Dunkerque;2526;FRA-Ligue 2;POR;MF;26;1999;2;2;160;1,8;0;0;0;0;0;0;0;0;0,0;0,0;0,0;0,0;0,0;POR;MF;26;1999;1,8;0;3;1;33,3;1,69;0,56;0,0;0,0;0;0;POR;MF;26;1999;2;160;80;5,2;1,8;2;80;1;0;;0;1,0;4;4;0;0,0;-0,25;POR;MF;26;1999;1,8;0;0;0;2;3;0;0;4;1;0;;;;;;;;;;;;;;;;;;;;;;;
Eddy Sylvestre;USL Dunkerque;2526;FRA-Ligue 2;FRA;MF;25;1999;17;3;475;5,3;0;4;4;0;0;0;2;0;0,0;0,76;0,76;0,0;0,76;FRA;MF;25;1999;5,3;0;6;2;33,3;1,14;0,38;0,0;0,0;0;0;FRA;MF;25;1999;17;475;28;15,5;5,3;3;68;0;14;19;3;1,29;10;6;4;0,76;0,62;FRA;MF;25;1999;5,3;2;0;0;15;13;0;23;4;7;0;;;;;;;;;;;;;;;;;;;;;;;
Enzo Bardeli;USL Dunkerque;2526;FRA-Ligue 2;FRA;MF;24;2001;33;33;2859;31,8;9;6;15;9;0;0;1;0;0,28;0,19;0,47;0,28;0,47;FRA;MF;24;2001;31,8;9;56;20;35,7;1,76;0,63;0,16;0,45;0;0;FRA;MF;24;2001;33;2859;87;93,4;31,8;33;87;20;0;;1;1,21;43;38;5;0,16;-1,19;FRA;MF;24;2001;31,8;1;0;0;14;20;1;143;31;17;0;;;;;;;;;;;;;;;;;;;;;;;
Geoffrey Kondo;USL Dunkerque;2526;FRA-Ligue 2;FRA;DF;23;2002;20;17;1587;17,6;1;4;5;1;0;0;4;0;0,06;0,23;0,28;0,06;0,28;FRA;DF;23;2002;17,6;1;12;2;16,7;0,68;0,11;0,08;0,5;0;0;FRA;DF;23;2002;20;1587;79;51,9;17,6;17;90;17;3;19;0;1,65;33;20;13;0,74;1,04;FRA;DF;23;2002;17,6;4;0;0;18;11;0;22;23;19;0;;;;;;;;;;;;;;;;;;;;;;;
Gessime Yassine;USL Dunkerque;2526;FRA-Ligue 2;MAR;MF;19;2005;13;9;803;8,9;2;6;8;2;0;0;1;0;0,22;0,67;0,9;0,22;0,9;MAR;MF;19;2005;8,9;2;22;8;36,4;2,47;0,9;0,09;0,25;0;0;MAR;MF;19;2005;13;803;62;26,2;8,9;9;77;2;4;27;0;1,69;15;12;3;0,34;0,14;MAR;MF;19;2005;8,9;1;0;0;12;35;1;24;1;13;0;;;;;;;;;;;;;;;;;;;;;;;
Kay Tejan;USL Dunkerque;2526;FRA-Ligue 2;NED;FW;28;1997;3;3;262;2,9;0;0;0;0;0;0;1;0;0,0;0,0;0,0;0,0;0,0;NED;FW;28;1997;2,9;0;5;3;60,0;1,72;1,03;0,0;0,0;0;0;NED;FW;28;1997;3;262;87;8,6;2,9;3;87;2;0;;0;0,67;5;7;-2;-0,69;-1,01;NED;FW;28;1997;2,9;1;0;0;6;5;2;1;0;1;0;;;;;;;;;;;;;;;;;;;;;;;
Lenny Dziki Loussilaho;USL Dunkerque;2526;FRA-Ligue 2;FRA;MF;20;2005;3;0;33;0,4;0;0;0;0;0;0;1;0;0,0;0,0;0,0;0,0;0,0;FRA;MF;20;2005;0,4;0;0;0;;0,0;0,0;;;0;0;FRA;MF;20;2005;3;33;11;1,1;0,4;0;;0;3;11;10;2,0;2;1;1;2,73;2,52;FRA;MF;20;2005;0,4;1;0;0;2;0;0;1;0;0;0;;;;;;;;;;;;;;;;;;;;;;;
Lohann Doucet;USL Dunkerque;2526;FRA-Ligue 2;BFA;MF;22;2002;12;5;564;6,3;0;0;0;0;0;0;1;1;0,0;0,0;0,0;0,0;0,0;BFA;MF;22;2002;6,3;0;5;1;20,0;0,8;0,16;0,0;0,0;0;0;BFA;MF;22;2002;12;564;47;18,4;6,3;5;73;0;7;28;1;0,25;4;14;-10;-1,6;-2,24;BFA;MF;22;2002;6,3;1;1;0;9;10;1;0;4;6;0;;;;;;;;;;;;;;;;;;;;;;;
Maedine Makhloufi;USL Dunkerque;2526;FRA-Ligue 2;FRA;DF;20;2005;8;3;222;2,5;1;0;1;1;0;0;0;0;0,41;0,0;0,41;0,41;0,41;FRA;DF;20;2005;2,5;1;3;1;33,3;1,22;0,41;0,33;1,0;0;0;FRA;DF;20;2005;8;222;28;7,3;2,5;3;62;0;5;7;3;0,88;5;4;1;0,41;0,18;FRA;DF;20;2005;2,5;0;0;0;2;3;0;4;0;4;0;;;;;;;;;;;;;;;;;;;;;;;
Malick Diop;USL Dunkerque;2526;FRA-Ligue 2;SEN;MF;19;2006;6;0;56;0,6;0;0;0;0;0;0;1;0;0,0;0,0;0,0;0,0;0,0;SEN;MF;19;2006;0,6;0;0;0;;0,0;0,0;;;0;0;SEN;MF;19;2006;6;56;9;1,8;0,6;0;;0;6;9;10;2,17;1;2;-1;-1,61;-1,88;SEN;MF;19;2006;0,6;1;0;0;3;0;1;0;0;0;0;;;;;;;;;;;;;;;;;;;;;;;
Malone Boucard;USL Dunkerque;2526;FRA-Ligue 2;;;;;;;;;;;;;;;;;;;;;;;;;;;;;;;;;;;;;FRA;FW;18;2006;0;;;;;0;;0;0;;1;;;;;;;;;;;;;;;;;;;;;;;;;;;;;;;;;;;;;;;;;;;;
Marco Decherf;USL Dunkerque;2526;FRA-Ligue 2;FRA;MF;18;2006;3;0;36;0,4;0;0;0;0;0;0;0;0;0,0;0,0;0,0;0,0;0,0;FRA;MF;18;2006;0,4;0;1;0;0,0;2,5;0,0;0,0;;0;0;FRA;MF;18;2006;3;36;12;1,2;0,4;0;;0;3;12;0;0,33;2;2;0;0,0;-0,24;FRA;MF;18;2006;0,4;0;0;0;1;0;0;3;0;2;0;;;;;;;;;;;;;;;;;;;;;;;
Marco Essimi Ateba;USL Dunkerque;2526;FRA-Ligue 2;FRA;MF;26;1999;19;13;1058;11,8;5;4;9;5;0;0;1;0;0,43;0,34;0,77;0,43;0,77;FRA;MF;26;1999;11,8;5;20;9;45,0;1,7;0,77;0,25;0,56;0;0;FRA;MF;26;1999;19;1058;56;34,6;11,8;13;73;2;6;19;3;1,68;26;14;12;1,02;1,2;FRA;MF;26;1999;11,8;1;0;0;19;9;12;25;4;10;0;;;;;;;;;;;;;;;;;;;;;;;
Marcos Lavín;USL Dunkerque;2526;FRA-Ligue 2;ESP;GK;28;1996;9;9;762;8,5;0;0;0;0;0;0;2;0;0,0;0,0;0,0;0,0;0,0;ESP;GK;28;1996;8,5;0;0;0;;0,0;0,0;;;0;0;ESP;GK;28;1996;9;762;85;24,9;8,5;9;85;8;0;;20;0,89;14;15;-1;-0,12;-0,47;ESP;GK;28;1996;8,5;2;0;0;1;4;0;0;0;1;0;ESP;GK;28;1996;9;9;762;8,5;15;1,77;31;16;51,6;2;2;5;1;11,1;0;0;0;0;
Mathys Niflore;USL Dunkerque;2526;FRA-Ligue 2;FRA;GK;18;2007;26;25;2298;25,5;0;0;0;0;0;0;4;0;0,0;0,0;0,0;0,0;0,0;FRA;GK;18;2007;25,5;0;0;0;;0,0;0,0;;;0;0;FRA;GK;18;2007;26;2298;88;75,1;25,5;25;90;25;1;48;4;1,35;39;30;9;0,35;0,47;FRA;GK;18;2007;25,5;4;0;0;1;10;0;0;0;0;1;FRA;GK;18;2007;26;25;2298;25,5;30;1,17;98;68;69,4;9;8;8;5;20,0;4;4;0;0;0,0
Mattéo Bebey Sake;USL Dunkerque;2526;FRA-Ligue 2;;;;;;;;;;;;;;;;;;;;;;;;;;;;;;;;;;;;;FRA;DF;20;2005;0;;;;;0;;0;0;;1;;;;;;;;;;;;;;;;;;;;;;;;;;;;;;;;;;;;;;;;;;;;
Morgan Bokelé Mputu;USL Dunkerque;2526;FRA-Ligue 2;CMR;MF;21;2004;12;9;678;7,5;1;0;1;1;0;0;0;0;0,13;0,0;0,13;0,13;0,13;CMR;MF;21;2004;7,5;1;12;5;41,7;1,59;0,66;0,08;0,2;0;0;CMR;MF;21;2004;12;678;57;22,2;7,5;9;64;0;3;34;1;0,58;8;9;-1;-0,13;-0,47;CMR;MF;21;2004;7,5;0;0;0;8;18;2;18;6;4;0;;;;;;;;;;;;;;;;;;;;;;;
Mouhamed Sissokho;USL Dunkerque;2526;FRA-Ligue 2;;;;;;;;;;;;;;;;;;;;;;;;;;;;;;;;;;;;;SEN;GK;20;2005;0;;;;;0;;0;0;;3;;;;;;;;;;;;;;;;;;;;;;;;;;;;;;;;;;;;;;;;;;;;
Opa Sanganté;USL Dunkerque;2526;FRA-Ligue 2;GNB;DF;34;1991;24;19;1775;19,7;0;3;3;0;0;0;4;1;0,0;0,15;0,15;0,0;0,15;GNB;DF;34;1991;19,7;0;10;0;0,0;0,51;0,0;0,0;;0;0;GNB;DF;34;1991;24;1775;74;58,0;19,7;19;86;17;5;29;1;1,25;33;25;8;0,41;0,41;GNB;DF;34;1991;19,7;4;1;0;22;21;0;1;15;14;0;;;;;;;;;;;;;;;;;;;;;;;
Pape Daouda Diongue;USL Dunkerque;2526;FRA-Ligue 2;SEN;MF;19;2006;26;16;1482;16,5;0;1;1;0;0;0;2;0;0,0;0,06;0,06;0,0;0,06;SEN;MF;19;2006;16,5;0;11;4;36,4;0,67;0,24;0,0;0,0;0;0;SEN;MF;19;2006;26;1482;57;48,4;16,5;16;82;11;10;18;2;1,35;28;22;6;0,36;0,25;SEN;MF;19;2006;16,5;2;0;0;26;20;0;3;18;20;0;;;;;;;;;;;;;;;;;;;;;;;
Pape Dieng;USL Dunkerque;2526;FRA-Ligue 2;;;;;;;;;;;;;;;;;;;;;;;;;;;;;;;;;;;;;;FW;;;0;;;;;0;;0;0;;1;;;;;;;;;;;;;;;;;;;;;;;;;;;;;;;;;;;;;;;;;;;;
Sébastien Tou;USL Dunkerque;2526;FRA-Ligue 2;;;;;;;;;;;;;;;;;;;;;;;;;;;;;;;;;;;;;BFA;GK;20;2004;0;;;;;0;;0;0;;6;;;;;;;;;;;;;;;;;;;;;;;;;;;;;;;;;;;;;;;;;;;;
Thomas Robinet;USL Dunkerque;2526;FRA-Ligue 2;FRA;FW;28;1996;30;28;2421;26,9;15;2;17;11;4;4;3;1;0,56;0,07;0,63;0,41;0,48;FRA;FW;28;1996;26,9;15;53;31;58,5;1,97;1,15;0,28;0,48;4;4;FRA;FW;28;1996;30;2421;81;79,1;26,9;28;85;16;2;21;0;1,37;42;32;10;0,37;0,65;FRA;FW;28;1996;26,9;3;1;1;36;25;17;6;3;7;0;;;;;;;;;;;;;;;;;;;;;;;
Théna Massock;USL Dunkerque;2526;FRA-Ligue 2;FRA;MF;17;2007;7;2;177;2,0;1;1;2;1;0;0;1;0;0,51;0,51;1,02;0,51;1,02;FRA;MF;17;2007;2,0;1;4;3;75,0;2,03;1,53;0,25;0,33;0;0;FRA;MF;17;2007;7;177;25;5,8;2,0;2;60;0;5;11;0;0,86;4;4;0;0,0;-0,25;FRA;MF;17;2007;2,0;1;0;0;7;3;0;0;3;3;0;;;;;;;;;;;;;;;;;;;;;;;
Victor Mayela;USL Dunkerque;2526;FRA-Ligue 2;FRA;DF;21;2004;21;20;1700;18,9;0;0;0;0;0;0;2;0;0,0;0,0;0,0;0,0;0,0;FRA;DF;21;2004;18,9;0;9;1;11,1;0,48;0,05;0,0;0,0;0;0;FRA;DF;21;2004;21;1700;81;55,6;18,9;20;84;14;1;18;0;1,14;26;27;-1;-0,05;-0,65;FRA;DF;21;2004;18,9;2;0;0;15;15;0;16;23;12;0;;;;;;;;;;;;;;;;;;;;;;;
Vincent Sasso;USL Dunkerque;2526;FRA-Ligue 2;FRA;DF;34;1991;25;25;2202;24,5;4;1;5;4;0;0;3;0;0,16;0,04;0,2;0,16;0,2;FRA;DF;34;1991;24,5;4;14;8;57,1;0,57;0,33;0,29;0,5;0;0;FRA;DF;34;1991;25;2202;88;72,0;24,5;25;88;23;0;;0;1,48;44;31;13;0,53;1,06;FRA;DF;34;1991;24,5;3;0;0;9;18;1;1;26;14;0;;;;;;;;;;;;;;;;;;;;;;;
Zaïd Seha;USL Dunkerque;2526;FRA-Ligue 2;FRA;MF;18;2007;12;2;278;3,1;0;1;1;0;0;0;1;0;0,0;0,32;0,32;0,0;0,32;FRA;MF;18;2007;3,1;0;2;2;100,0;0,65;0,65;0,0;0,0;0;0;FRA;MF;18;2007;12;278;23;9,1;3,1;2;58;0;10;16;3;1,17;3;8;-5;-1,62;-2,04;FRA;MF;18;2007;3,1;1;0;0;4;2;0;10;2;3;0;;;;;;;;;;;;;;;;;;;;;;;
Íñigo Eguaras;USL Dunkerque;2526;FRA-Ligue 2;ESP;MF;33;1992;10;5;427;4,7;0;0;0;0;0;0;2;0;0,0;0,0;0,0;0,0;0,0;ESP;MF;33;1992;4,7;0;1;0;0,0;0,21;0,0;0,0;;0;0;ESP;MF;33;1992;10;427;43;14,0;4,7;5;71;1;5;14;0;0,9;6;7;-1;-0,21;-0,52;ESP;MF;33;1992;4,7;2;0;0;3;10;0;1;5;3;0;;;;;;;;;;;;;;;;;;;;;;;
