player;team;season;league;fbref_standard_nation;fbref_standard_pos;fbref_standard_age;fbref_standard_born;fbref_standard_playing_time_mp;fbref_standard_playing_time_starts;fbref_standard_playing_time_min;fbref_standard_playing_time_90s;fbref_standard_performance_gls;fbref_standard_performance_ast;fbref_standard_performance_g_plus_a;fbref_standard_performance_g_pk;fbref_standard_performance_pk;fbref_standard_performance_pkatt;fbref_standard_performance_crdy;fbref_standard_performance_crdr;fbref_standard_per_90_minutes_gls;fbref_standard_per_90_minutes_ast;fbref_standard_per_90_minutes_g_plus_a;fbref_standard_per_90_minutes_g_pk;fbref_standard_per_90_minutes_g_plus_a_pk;fbref_shooting_nation;fbref_shooting_pos;fbref_shooting_age;fbref_shooting_born;fbref_shooting_90s;fbref_shooting_standard_gls;fbref_shooting_standard_sh;fbref_shooting_standard_sot;fbref_shooting_standard_sotpct;fbref_shooting_standard_sh_per_90;fbref_shooting_standard_sot_per_90;fbref_shooting_standard_g_per_sh;fbref_shooting_standard_g_per_sot;fbref_shooting_standard_pk;fbref_shooting_standard_pkatt;fbref_playing_time_nation;fbref_playing_time_pos;fbref_playing_time_age;fbref_playing_time_born;fbref_playing_time_playing_time_mp;fbref_playing_time_playing_time_min;fbref_playing_time_playing_time_mn_per_mp;fbref_playing_time_playing_time_minpct;fbref_playing_time_playing_time_90s;fbref_playing_time_starts_starts;fbref_playing_time_starts_mn_per_start;fbref_playing_time_starts_compl;fbref_playing_time_subs_subs;fbref_playing_time_subs_mn_per_sub;fbref_playing_time_subs_unsub;fbref_playing_time_team_success_ppm;fbref_playing_time_team_success_ong;fbref_playing_time_team_success_onga;fbref_playing_time_team_success_plus_minus;fbref_playing_time_team_success_plus_minus90;fbref_playing_time_team_success_on_off;fbref_misc_nation;fbref_misc_pos;fbref_misc_age;fbref_misc_born;fbref_misc_90s;fbref_misc_performance_crdy;fbref_misc_performance_crdr;fbref_misc_performance_2crdy;fbref_misc_performance_fls;fbref_misc_performance_fld;fbref_misc_performance_off;fbref_misc_performance_crs;fbref_misc_performance_int;fbref_misc_performance_tklw;fbref_misc_performance_og;fbref_keeper_nation;fbref_keeper_pos;fbref_keeper_age;fbref_keeper_born;fbref_keeper_playing_time_mp;fbref_keeper_playing_time_starts;fbref_keeper_playing_time_min;fbref_keeper_playing_time_90s;fbref_keeper_performance_ga;fbref_keeper_performance_ga90;fbref_keeper_performance_sota;fbref_keeper_performance_saves;fbref_keeper_performance_savepct;fbref_keeper_performance_w;fbref_keeper_performance_d;fbref_keeper_performance_l;fbref_keeper_performance_cs;fbref_keeper_performance_cspct;fbref_keeper_penalty_kicks_pkatt;fbref_keeper_penalty_kicks_pka;fbref_keeper_penalty_kicks_pksv;fbref_keeper_penalty_kicks_pkm;fbref_keeper_penalty_kicks_savepct
Andre Annous;Arsenal;2526;ENG-Premier League;;;;;;;;;;;;;;;;;;;;;;;;;;;;;;;;;;;;;ENG;FW;17;2007;0;;;;;0;;0;0;;2;;;;;;;;;;;;;;;;;;;;;;;;;;;;;;;;;;;;;;;;;;;;
Ben White;Arsenal;2526;ENG-Premier League;ENG;DF;27;1997;12;9;702;7,8;0;1;1;0;0;0;0;0;0,0;0,13;0,13;0,0;0,13;ENG;DF;27;1997;7,8;0;5;1;20,0;0,64;0,13;0,0;0,0;0;0;ENG;DF;27;1997;12;702;59;20,5;7,8;9;72;4;3;19;17;1,83;10;6;4;0,51;-0,81;ENG;DF;27;1997;7,8;0;0;0;5;6;3;16;9;9;0;;;;;;;;;;;;;;;;;;;;;;;
Bukayo Saka;Arsenal;2526;ENG-Premier League;ENG;FW,MF;23;2001;31;25;2222;24,7;7;5;12;6;1;1;2;0;0,28;0,2;0,49;0,24;0,45;ENG;FW,MF;23;2001;24,7;7;71;27;38,0;2,88;1,09;0,1;0,26;1;1;ENG;FW,MF;23;2001;31;2222;72;65,0;24,7;25;82;15;6;27;1;2,35;46;16;30;1,22;0,16;ENG;FW,MF;23;2001;24,7;2;0;0;33;54;14;122;16;19;0;;;;;;;;;;;;;;;;;;;;;;;
Christian Nørgaard;Arsenal;2526;ENG-Premier League;DEN;MF;31;1994;7;1;106;1,2;0;0;0;0;0;0;0;0;0,0;0,0;0,0;0,0;0,0;DEN;MF;31;1994;1,2;0;2;1;50,0;1,7;0,85;0,0;0,0;0;0;DEN;MF;31;1994;7;106;15;3,1;1,2;1;45;0;6;10;21;3,0;3;1;2;1,7;0,56;DEN;MF;31;1994;1,2;0;0;0;3;0;0;1;1;2;0;;;;;;;;;;;;;;;;;;;;;;;
Cristhian Mosquera;Arsenal;2526;ENG-Premier League;ESP;DF;21;2004;20;9;994;11,0;0;0;0;0;0;0;4;0;0,0;0,0;0,0;0,0;0,0;ESP;DF;21;2004;11,0;0;1;0;0,0;0,09;0,0;0,0;;0;0;ESP;DF;21;2004;20;994;50;29,1;11,0;9;75;5;11;29;11;2,15;17;8;9;0,81;-0,48;ESP;DF;21;2004;11,0;4;0;0;17;7;1;3;8;21;0;;;;;;;;;;;;;;;;;;;;;;;
David Raya;Arsenal;2526;ENG-Premier League;ESP;GK;29;1995;37;37;3330;37,0;0;0;0;0;0;0;1;0;0,0;0,0;0,0;0,0;0,0;ESP;GK;29;1995;37,0;0;0;0;;0,0;0,0;;;0;0;ESP;GK;29;1995;37;3330;90;97,4;37,0;37;90;37;0;;0;2,22;69;26;43;1,16;0,16;ESP;GK;29;1995;37,0;1;0;0;0;14;0;1;1;1;0;ESP;GK;29;1995;37;37;3330;37,0;26;0,7;86;59;69,8;25;7;5;19;51,4;0;0;0;0;
Declan Rice;Arsenal;2526;ENG-Premier League;ENG;MF;26;1999;36;35;3094;34,4;4;5;9;4;0;0;3;0;0,12;0,15;0,26;0,12;0,26;ENG;MF;26;1999;34,4;4;40;13;32,5;1,16;0,38;0,1;0,31;0;0;ENG;MF;26;1999;36;3094;86;90,5;34,4;35;88;29;1;23;1;2,19;62;25;37;1,08;-0,86;ENG;MF;26;1999;34,4;3;0;0;26;11;1;177;33;33;0;;;;;;;;;;;;;;;;;;;;;;;
Eberechi Eze;Arsenal;2526;ENG-Premier League;ENG;MF,FW;27;1998;32;21;1812;20,1;7;2;9;7;0;0;1;0;0,35;0,1;0,45;0,35;0,45;ENG;MF,FW;27;1998;20,1;7;57;18;31,6;2,83;0,89;0,12;0,39;0;0;ENG;MF,FW;27;1998;32;1812;57;53,0;20,1;21;74;5;11;24;4;2,09;37;14;23;1,14;-0,03;ENG;MF,FW;27;1998;20,1;1;0;0;14;38;1;8;11;13;0;;;;;;;;;;;;;;;;;;;;;;;
Ethan Nwaneri;Arsenal;2526;ENG-Premier League;ENG;MF;18;2007;6;0;171;1,9;0;0;0;0;0;0;0;0;0,0;0,0;0,0;0,0;0,0;ENG;MF;18;2007;1,9;0;6;0;0,0;3,16;0,0;0,0;;0;0;ENG;MF;18;2007;6;171;29;5,0;1,9;0;;0;6;29;11;2,67;8;0;8;4,21;3,21;ENG;MF;18;2007;1,9;0;0;0;2;0;0;2;0;0;0;;;;;;;;;;;;;;;;;;;;;;;
Gabriel Jesus;Arsenal;2526;ENG-Premier League;BRA;FW;28;1997;14;3;429;4,8;3;0;3;3;0;0;3;0;0,63;0,0;0,63;0,63;0,63;BRA;FW;28;1997;4,8;3;19;12;63,2;3,99;2,52;0,16;0,25;0;0;BRA;FW;28;1997;14;429;31;12,5;4,8;3;63;0;11;22;10;2,14;8;6;2;0,42;-0,84;BRA;FW;28;1997;4,8;3;0;0;9;1;7;0;2;0;0;;;;;;;;;;;;;;;;;;;;;;;
Gabriel Magalhães;Arsenal;2526;ENG-Premier League;BRA;DF;27;1997;32;30;2751;30,6;3;4;7;3;0;0;4;0;0,1;0,13;0,23;0,1;0,23;BRA;DF;27;1997;30,6;3;27;7;25,9;0,88;0,23;0,11;0,43;0;0;BRA;DF;27;1997;32;2751;86;80,4;30,6;30;90;29;2;33;0;2,25;56;20;36;1,18;0,1;BRA;DF;27;1997;30,6;4;0;0;21;34;0;6;22;20;0;;;;;;;;;;;;;;;;;;;;;;;
Gabriel Martinelli;Arsenal;2526;ENG-Premier League;BRA;FW,MF;24;2001;30;11;1081;12,0;1;4;5;1;0;0;3;0;0,08;0,33;0,42;0,08;0,42;BRA;FW,MF;24;2001;12,0;1;29;13;44,8;2,41;1,08;0,03;0,08;0;0;BRA;FW,MF;24;2001;30;1081;36;31,6;12,0;11;64;2;19;20;6;2,2;22;8;14;1,17;0,01;BRA;FW,MF;24;2001;12,0;3;0;0;10;14;5;37;1;8;0;;;;;;;;;;;;;;;;;;;;;;;
Jakub Kiwior;Arsenal;2526;ENG-Premier League;;;;;;;;;;;;;;;;;;;;;;;;;;;;;;;;;;;;;POL;DF,MF;25;2000;0;;;;;0;;0;0;;1;;;;;;;;;;;;;;;;;;;;;;;;;;;;;;;;;;;;;;;;;;;;
Jurriën Timber;Arsenal;2526;ENG-Premier League;NED;DF;24;2001;30;28;2454;27,3;3;5;8;3;0;0;5;0;0,11;0,18;0,29;0,11;0,29;NED;DF;24;2001;27,3;3;25;7;28,0;0,92;0,26;0,12;0,43;0;0;NED;DF;24;2001;30;2454;82;71,8;27,3;28;85;23;2;34;0;2,23;51;20;31;1,14;-0,07;NED;DF;24;2001;27,3;5;0;0;38;29;0;46;24;35;0;;;;;;;;;;;;;;;;;;;;;;;
Kai Havertz;Arsenal;2526;ENG-Premier League;GER;FW,MF;26;1999;12;7;581;6,5;2;3;5;2;0;0;1;0;0,31;0,46;0,77;0,31;0,77;GER;FW,MF;26;1999;6,5;2;18;4;22,2;2,79;0,62;0,11;0,5;0;0;GER;FW,MF;26;1999;12;581;48;17,0;6,5;7;62;1;5;29;2;2,5;10;4;6;0,93;-0,28;GER;FW,MF;26;1999;6,5;1;0;0;8;8;3;6;1;5;0;;;;;;;;;;;;;;;;;;;;;;;
Kepa Arrizabalaga;Arsenal;2526;ENG-Premier League;ESP;GK;30;1994;1;1;90;1,0;0;0;0;0;0;0;0;0;0,0;0,0;0,0;0,0;0,0;ESP;GK;30;1994;1,0;0;0;0;;0,0;0,0;;;0;0;ESP;GK;30;1994;1;90;90;2,6;1,0;1;90;1;0;;37;3,0;2;1;1;1,0;-0,16;ESP;GK;30;1994;1,0;0;0;0;0;0;0;0;0;0;0;ESP;GK;30;1994;1;1;90;1,0;1;1,0;3;2;66,7;1;0;0;0;0,0;0;0;0;0;
Leandro Trossard;Arsenal;2526;ENG-Premier League;BEL;FW,MF;30;1994;31;21;2000;22,2;6;6;12;6;0;0;2;0;0,27;0,27;0,54;0,27;0,54;BEL;FW,MF;30;1994;22,2;6;53;15;28,3;2,39;0,68;0,11;0,4;0;0;BEL;FW,MF;30;1994;31;2000;65;58,5;22,2;21;81;5;10;30;3;2,23;42;15;27;1,22;0,14;BEL;FW,MF;30;1994;22,2;2;0;0;13;39;5;58;9;15;0;;;;;;;;;;;;;;;;;;;;;;;
Marli Salmon;Arsenal;2526;ENG-Premier League;;;;;;;;;;;;;;;;;;;;;;;;;;;;;;;;;;;;;ENG;DF;15;2009;0;;;;;0;;0;0;;3;;;;;;;;;;;;;;;;;;;;;;;;;;;;;;;;;;;;;;;;;;;;
Martin Ødegaard;Arsenal;2526;ENG-Premier League;NOR;MF;26;1998;24;16;1369;15,2;1;6;7;1;0;0;0;0;0,07;0,39;0,46;0,07;0,46;NOR;MF;26;1998;15,2;1;22;8;36,4;1,45;0,53;0,05;0,13;0;0;NOR;MF;26;1998;24;1369;57;40,0;15,2;16;72;7;8;26;1;2,17;29;13;16;1,05;-0,18;NOR;MF;26;1998;15,2;0;0;0;9;9;2;22;7;9;0;;;;;;;;;;;;;;;;;;;;;;;
Martín Zubimendi;Arsenal;2526;ENG-Premier League;ESP;MF;26;1999;38;34;2992;33,2;5;1;6;5;0;0;4;0;0,15;0,03;0,18;0,15;0,18;ESP;MF;26;1999;33,2;5;27;9;33,3;0,81;0,27;0,19;0,56;0;0;ESP;MF;26;1999;38;2992;79;87,5;33,2;34;84;22;4;32;0;2,24;57;25;32;0,96;-1,56;ESP;MF;26;1999;33,2;4;0;0;33;15;1;13;39;39;0;;;;;;;;;;;;;;;;;;;;;;;
Max Dowman;Arsenal;2526;ENG-Premier League;ENG;MF;15;2009;6;1;157;1,7;1;0;1;1;0;0;0;0;0,57;0,0;0,57;0,57;0,57;ENG;MF;15;2009;1,7;1;6;1;16,7;3,44;0,57;0,17;1,0;0;0;ENG;MF;15;2009;6;157;26;4,6;1,7;1;61;0;5;19;11;2,0;5;1;4;2,29;1,19;ENG;MF;15;2009;1,7;0;0;0;2;7;0;6;1;2;0;;;;;;;;;;;;;;;;;;;;;;;
Mikel Merino;Arsenal;2526;ENG-Premier League;ESP;MF,FW;29;1996;22;10;1036;11,5;4;3;7;4;0;0;1;0;0,35;0,26;0,61;0,35;0,61;ESP;MF,FW;29;1996;11,5;4;22;8;36,4;1,91;0,69;0,18;0,5;0;0;ESP;MF,FW;29;1996;22;1036;47;30,3;11,5;10;77;5;12;22;2;2,23;22;10;12;1,04;-0,17;ESP;MF,FW;29;1996;11,5;1;0;0;22;20;3;4;9;13;0;;;;;;;;;;;;;;;;;;;;;;;
Myles Lewis-Skelly;Arsenal;2526;ENG-Premier League;ENG;MF,DF;18;2006;20;5;709;7,9;0;0;0;0;0;0;3;0;0,0;0,0;0,0;0,0;0,0;ENG;MF,DF;18;2006;7,9;0;2;0;0,0;0,25;0,0;0,0;;0;0;ENG;MF,DF;18;2006;20;709;35;20,7;7,9;5;86;4;15;19;17;2,5;16;8;8;1,02;-0,18;ENG;MF,DF;18;2006;7,9;3;0;0;10;16;1;0;5;5;0;;;;;;;;;;;;;;;;;;;;;;;
Noni Madueke;Arsenal;2526;ENG-Premier League;ENG;FW,MF;23;2002;26;16;1211;13,5;3;1;4;3;0;0;0;0;0,22;0,07;0,3;0,22;0,3;ENG;FW,MF;23;2002;13,5;3;25;9;36,0;1,86;0,67;0,12;0,33;0;0;ENG;FW,MF;23;2002;26;1211;47;35,4;13,5;16;64;0;10;18;6;1,96;24;9;15;1,11;-0,07;ENG;FW,MF;23;2002;13,5;0;0;0;15;15;4;80;5;10;0;;;;;;;;;;;;;;;;;;;;;;;
Piero Hincapié;Arsenal;2526;ENG-Premier League;ECU;DF;23;2002;25;20;1792;19,9;1;2;3;1;0;0;2;0;0,05;0,1;0,15;0,05;0,15;ECU;DF;23;2002;19,9;1;3;2;66,7;0,15;0,1;0,33;0,5;0;0;ECU;DF;23;2002;25;1792;72;52,4;19,9;20;85;15;5;18;5;2,32;41;19;22;1,1;-0,11;ECU;DF;23;2002;19,9;2;0;0;18;14;1;33;26;26;1;;;;;;;;;;;;;;;;;;;;;;;
Riccardo Calafiori;Arsenal;2526;ENG-Premier League;ITA;DF;23;2002;26;22;1699;18,9;1;2;3;1;0;0;5;0;0,05;0,11;0,16;0,05;0,16;ITA;DF;23;2002;18,9;1;32;8;25,0;1,7;0,42;0,03;0,13;0;0;ITA;DF;23;2002;26;1699;65;49,7;18,9;22;75;7;4;14;2;2,38;32;8;24;1,27;0,23;ITA;DF;23;2002;18,9;5;0;0;26;10;4;21;13;19;0;;;;;;;;;;;;;;;;;;;;;;;
Tommy Setford;Arsenal;2526;ENG-Premier League;;;;;;;;;;;;;;;;;;;;;;;;;;;;;;;;;;;;;ENG;GK;19;2006;0;;;;;0;;0;0;;1;;;;;;;;;;;;;;;;;;;;;;;;;;;;;;;;;;;;;;;;;;;;
Viktor Gyökeres;Arsenal;2526;ENG-Premier League;SWE;FW;27;1998;36;26;2224;24,7;14;1;15;11;3;3;5;0;0,57;0,04;0,61;0,45;0,49;SWE;FW;27;1998;24,7;14;55;22;40,0;2,23;0,89;0,25;0,64;3;3;SWE;FW;27;1998;36;2224;62;65,0;24,7;26;76;10;10;26;0;2,25;51;14;37;1,5;0,97;SWE;FW;27;1998;24,7;5;0;0;35;31;4;8;1;5;0;;;;;;;;;;;;;;;;;;;;;;;
William Saliba;Arsenal;2526;ENG-Premier League;FRA;DF;24;2001;31;30;2614;29,0;1;0;1;1;0;0;2;0;0,03;0,0;0,03;0,03;0,03;FRA;DF;24;2001;29,0;1;5;1;20,0;0,17;0,03;0,2;1,0;0;0;FRA;DF;24;2001;31;2614;84;76,4;29,0;30;86;28;1;45;0;2,29;60;20;40;1,38;0,93;FRA;DF;24;2001;29,0;2;0;0;22;16;1;9;15;23;0;;;;;;;;;;;;;;;;;;;;;;;
Alysson;Aston Villa;2526;ENG-Premier League;BRA;MF;19;2006;3;0;49;0,5;0;0;0;0;0;0;0;0;0,0;0,0;0,0;0,0;0,0;BRA;MF;19;2006;0,5;0;1;0;0,0;1,84;0,0;0,0;;0;0;BRA;MF;19;2006;3;49;16;1,4;0,5;0;;0;3;16;0;1,0;1;2;-1;-1,84;-2,05;BRA;MF;19;2006;0,5;0;0;0;0;1;0;2;1;0;0;;;;;;;;;;;;;;;;;;;;;;;
Amadou Onana;Aston Villa;2526;ENG-Premier League;BEL;MF;23;2001;25;21;1758;19,5;2;0;2;2;0;0;3;0;0,1;0,0;0,1;0,1;0,1;BEL;MF;23;2001;19,5;2;19;7;36,8;0,97;0,36;0,11;0,29;0;0;BEL;MF;23;2001;25;1758;70;51,4;19,5;21;81;11;4;17;1;1,96;28;26;2;0,1;-0,17;BEL;MF;23;2001;19,5;3;0;0;20;25;0;0;19;30;0;;;;;;;;;;;;;;;;;;;;;;;
Andrés García;Aston Villa;2526;ENG-Premier League;ESP;DF;22;2003;6;1;86;1,0;0;0;0;0;0;0;0;0;0,0;0,0;0,0;0,0;0,0;ESP;DF;22;2003;1,0;0;0;0;;0,0;0,0;;;0;0;ESP;DF;22;2003;6;86;14;2,5;1,0;1;45;0;5;8;9;1,33;2;3;-1;-1,05;-1,26;ESP;DF;22;2003;1,0;0;0;0;1;0;0;4;0;4;0;;;;;;;;;;;;;;;;;;;;;;;
Benjamin Broggio;Aston Villa;2526;ENG-Premier League;;;;;;;;;;;;;;;;;;;;;;;;;;;;;;;;;;;;;ENG;MF;18;2007;0;;;;;0;;0;0;;1;;;;;;;;;;;;;;;;;;;;;;;;;;;;;;;;;;;;;;;;;;;;
Boubacar Kamara;Aston Villa;2526;ENG-Premier League;FRA;MF;25;1999;18;17;1411;15,7;1;3;4;1;0;0;5;0;0,06;0,19;0,26;0,06;0,26;FRA;MF;25;1999;15,7;1;7;4;57,1;0,45;0,26;0,14;0,25;0;0;FRA;MF;25;1999;18;1411;78;41,3;15,7;17;82;9;1;19;0;2,33;26;15;11;0,7;0,88;FRA;MF;25;1999;15,7;5;0;0;16;30;0;2;15;16;0;;;;;;;;;;;;;;;;;;;;;;;
Bradley Burrowes;Aston Villa;2526;ENG-Premier League;ENG;MF;17;2008;1;0;17;0,2;0;0;0;0;0;0;0;0;0,0;0,0;0,0;0,0;0,0;ENG;MF;17;2008;0,2;0;0;0;;0,0;0,0;;;0;0;ENG;MF;17;2008;1;17;17;0,5;0,2;0;;0;1;17;3;0,0;0;1;-1;-5,29;-5,51;ENG;MF;17;2008;0,2;0;0;0;0;1;0;3;0;0;0;;;;;;;;;;;;;;;;;;;;;;;
Donyell Malen;Aston Villa;2526;ENG-Premier League;NED;FW,MF;26;1999;21;5;656;7,3;4;1;5;4;0;0;0;0;0,55;0,14;0,69;0,55;0,69;NED;FW,MF;26;1999;7,3;4;27;9;33,3;3,7;1,23;0,15;0,44;0;0;NED;FW,MF;26;1999;21;656;31;19,2;7,3;5;71;0;16;19;0;2,05;11;10;1;0,14;-0,06;NED;FW,MF;26;1999;7,3;0;0;0;2;6;1;7;0;2;0;;;;;;;;;;;;;;;;;;;;;;;
Douglas Luiz;Aston Villa;2526;ENG-Premier League;BRA;MF;27;1998;13;7;604;6,7;1;0;1;1;0;0;1;0;0,15;0,0;0,15;0,15;0,15;BRA;MF;27;1998;6,7;1;6;4;66,7;0,89;0,6;0,17;0,25;0;0;BRA;MF;27;1998;13;604;46;17,7;6,7;7;75;1;6;13;2;1,23;5;8;-3;-0,45;-0,77;BRA;MF;27;1998;6,7;1;0;0;9;10;0;28;7;11;0;;;;;;;;;;;;;;;;;;;;;;;
Emi Buendía;Aston Villa;2526;ENG-Premier League;ARG;MF;28;1996;36;21;1755;19,5;6;2;8;6;0;0;6;0;0,31;0,1;0,41;0,31;0,41;ARG;MF;28;1996;19,5;6;49;13;26,5;2,51;0,67;0,12;0,46;0;0;ARG;MF;28;1996;36;1755;49;51,3;19,5;21;68;3;15;22;1;1,78;21;24;-3;-0,15;-0,69;ARG;MF;28;1996;19,5;6;0;0;41;45;1;10;13;27;0;;;;;;;;;;;;;;;;;;;;;;;
Emiliano Martínez;Aston Villa;2526;ENG-Premier League;ARG;GK;32;1992;32;32;2835;31,5;0;1;1;0;0;0;2;0;0,0;0,03;0,03;0,0;0,03;ARG;GK;32;1992;31,5;0;0;0;;0,0;0,0;;;0;0;ARG;GK;32;1992;32;2835;89;82,9;31,5;32;89;31;0;;0;1,69;46;39;7;0,22;0,22;ARG;GK;32;1992;31,5;2;0;0;0;17;0;0;0;0;0;ARG;GK;32;1992;32;32;2835;31,5;39;1,24;134;95;70,9;16;6;10;8;25,0;1;0;1;0;100,0
Evann Guessand;Aston Villa;2526;ENG-Premier League;CIV;MF;24;2001;13;6;588;6,5;0;1;1;0;0;0;0;0;0,0;0,15;0,15;0,0;0,15;CIV;MF;24;2001;6,5;0;8;5;62,5;1,22;0,77;0,0;0,0;0;0;CIV;MF;24;2001;13;588;45;17,2;6,5;6;67;0;7;27;5;1,77;9;10;-1;-0,15;-0,41;CIV;MF;24;2001;6,5;0;0;0;11;12;0;10;3;9;0;;;;;;;;;;;;;;;;;;;;;;;
Ezri Konsa;Aston Villa;2526;ENG-Premier League;ENG;DF;27;1997;34;34;3035;33,7;0;0;0;0;0;0;0;1;0,0;0,0;0,0;0,0;0,0;ENG;DF;27;1997;33,7;0;11;2;18,2;0,33;0,06;0,0;0,0;0;0;ENG;DF;27;1997;34;3035;89;88,7;33,7;34;89;33;0;;2;1,79;52;44;8;0,24;0,47;ENG;DF;27;1997;33,7;0;1;0;11;42;0;5;22;8;0;;;;;;;;;;;;;;;;;;;;;;;
George Hemmings;Aston Villa;2526;ENG-Premier League;ENG;MF;18;2007;2;0;27;0,3;0;0;0;0;0;0;0;0;0,0;0,0;0,0;0,0;0,0;ENG;MF;18;2007;0,3;0;1;0;0,0;3,33;0,0;0,0;;0;0;ENG;MF;18;2007;2;27;14;0,8;0,3;0;;0;2;14;10;0,0;1;0;1;3,33;3,17;ENG;MF;18;2007;0,3;0;0;0;1;0;0;0;0;0;0;;;;;;;;;;;;;;;;;;;;;;;
Harvey Elliott;Aston Villa;2526;ENG-Premier League;ENG;MF;22;2003;4;1;112;1,2;0;0;0;0;0;0;0;0;0,0;0,0;0,0;0,0;0,0;ENG;MF;22;2003;1,2;0;5;0;0,0;4,02;0,0;0,0;;0;0;ENG;MF;22;2003;4;112;28;3,3;1,2;1;45;0;3;22;4;1,25;2;2;0;0,0;-0,19;ENG;MF;22;2003;1,2;0;0;0;0;2;0;3;0;0;0;;;;;;;;;;;;;;;;;;;;;;;
Ian Maatsen;Aston Villa;2526;ENG-Premier League;NED;DF;23;2002;30;17;1605;17,8;0;1;1;0;0;0;2;0;0,0;0,06;0,06;0,0;0,06;NED;DF;23;2002;17,8;0;20;5;25,0;1,12;0,28;0,0;0,0;0;0;NED;DF;23;2002;30;1605;54;46,9;17,8;17;82;8;13;17;8;1,7;29;27;2;0,11;-0,14;NED;DF;23;2002;17,8;2;0;0;17;19;1;54;18;31;0;;;;;;;;;;;;;;;;;;;;;;;
Jadon Sancho;Aston Villa;2526;ENG-Premier League;ENG;MF;25;2000;23;9;876;9,7;0;2;2;0;0;0;0;0;0,0;0,21;0,21;0,0;0,21;ENG;MF;25;2000;9,7;0;10;3;30,0;1,03;0,31;0,0;0,0;0;0;ENG;MF;25;2000;23;876;38;25,6;9,7;9;67;0;14;20;6;1,74;12;10;2;0,21;0,03;ENG;MF;25;2000;9,7;0;0;0;3;2;3;23;2;2;0;;;;;;;;;;;;;;;;;;;;;;;
Jamaldeen Jimoh;Aston Villa;2526;ENG-Premier League;ENG;MF;18;2006;1;0;9;0,1;0;0;0;0;0;0;0;0;0,0;0,0;0,0;0,0;0,0;ENG;MF;18;2006;0,1;0;0;0;;0,0;0,0;;;0;0;ENG;MF;18;2006;1;9;9;0,3;0,1;0;;0;1;9;8;0,0;1;0;1;10,0;9,84;ENG;MF;18;2006;0,1;0;0;0;0;1;0;0;0;0;0;;;;;;;;;;;;;;;;;;;;;;;
James Wright;Aston Villa;2526;ENG-Premier League;;;;;;;;;;;;;;;;;;;;;;;;;;;;;;;;;;;;;ENG;GK;20;2004;0;;;;;0;;0;0;;8;;;;;;;;;;;;;;;;;;;;;;;;;;;;;;;;;;;;;;;;;;;;
John McGinn;Aston Villa;2526;ENG-Premier League;SCO;MF;30;1994;30;28;2137;23,7;5;4;9;5;0;0;5;0;0,21;0,17;0,38;0,21;0,38;SCO;MF;30;1994;23,7;5;28;12;42,9;1,18;0,51;0,18;0,42;0;0;SCO;MF;30;1994;30;2137;71;62,5;23,7;28;75;6;2;25;0;1,9;37;28;9;0,38;0,52;SCO;MF;30;1994;23,7;5;0;0;31;48;0;82;12;17;0;;;;;;;;;;;;;;;;;;;;;;;
Lamare Bogarde;Aston Villa;2526;ENG-Premier League;NED;MF,DF;21;2004;28;11;1053;11,7;0;0;0;0;0;0;5;0;0,0;0,0;0,0;0,0;0,0;NED;MF,DF;21;2004;11,7;0;0;0;;0,0;0,0;;;0;0;NED;MF,DF;21;2004;28;1053;38;30,8;11,7;11;79;4;17;11;10;1,61;16;17;-1;-0,09;-0,39;NED;MF,DF;21;2004;11,7;5;0;0;17;20;0;2;4;19;0;;;;;;;;;;;;;;;;;;;;;;;
Leon Bailey;Aston Villa;2526;ENG-Premier League;JAM;MF;27;1997;13;3;459;5,1;0;1;1;0;0;0;1;0;0,0;0,2;0,2;0,0;0,2;JAM;MF;27;1997;5,1;0;8;1;12,5;1,57;0,2;0,0;0,0;0;0;JAM;MF;27;1997;13;459;35;13,4;5,1;3;71;1;10;25;3;1,15;8;9;-1;-0,2;-0,44;JAM;MF;27;1997;5,1;1;0;0;6;5;1;19;4;6;0;;;;;;;;;;;;;;;;;;;;;;;
Leon Routh;Aston Villa;2526;ENG-Premier League;;;;;;;;;;;;;;;;;;;;;;;;;;;;;;;;;;;;;ENG;DF;17;2007;0;;;;;0;;0;0;;2;;;;;;;;;;;;;;;;;;;;;;;;;;;;;;;;;;;;;;;;;;;;
Lucas Digne;Aston Villa;2526;ENG-Premier League;FRA;DF;32;1993;31;21;1852;20,6;0;6;6;0;0;0;3;0;0,0;0,29;0,29;0,0;0,29;FRA;DF;32;1993;20,6;0;14;5;35,7;0,68;0,24;0,0;0,0;0;0;FRA;DF;32;1993;31;1852;60;54,2;20,6;21;80;10;10;16;7;1,77;29;23;6;0,29;0,23;FRA;DF;32;1993;20,6;3;0;0;14;12;3;108;13;26;0;;;;;;;;;;;;;;;;;;;;;;;
Marco Bizot;Aston Villa;2526;ENG-Premier League;NED;GK;34;1991;7;6;585;6,5;0;0;0;0;0;0;2;0;0,0;0,0;0,0;0,0;0,0;NED;GK;34;1991;6,5;0;0;0;;0,0;0,0;;;0;0;NED;GK;34;1991;7;585;84;17,1;6,5;6;90;6;1;45;30;1,71;10;10;0;0,0;-0,22;NED;GK;34;1991;6,5;2;0;0;1;1;0;0;0;0;0;NED;GK;34;1991;7;6;585;6,5;10;1,54;29;19;65,5;3;2;1;2;33,3;1;1;0;0;0,0
Matty Cash;Aston Villa;2526;ENG-Premier League;POL;DF;27;1997;35;34;3014;33,5;3;3;6;3;0;0;9;0;0,09;0,09;0,18;0,09;0,18;POL;DF;27;1997;33,5;3;30;10;33,3;0,9;0,3;0,1;0,3;0;0;POL;DF;27;1997;35;3014;86;88,1;33,5;34;87;26;1;45;0;1,77;51;38;13;0,39;1,72;POL;DF;27;1997;33,5;9;0;0;42;30;4;131;24;32;0;;;;;;;;;;;;;;;;;;;;;;;
Morgan Rogers;Aston Villa;2526;ENG-Premier League;ENG;MF;23;2002;37;37;3280;36,4;10;6;16;10;0;0;7;0;0,27;0,16;0,44;0,27;0,44;ENG;MF;23;2002;36,4;10;84;32;38,1;2,3;0,88;0,12;0,31;0;0;ENG;MF;23;2002;37;3280;89;95,9;36,4;37;89;32;0;;0;1,68;53;48;5;0,14;-1,15;ENG;MF;23;2002;36,4;7;0;0;46;49;3;51;13;23;0;;;;;;;;;;;;;;;;;;;;;;;
Ollie Watkins;Aston Villa;2526;ENG-Premier League;ENG;FW;29;1995;37;33;2839;31,5;16;3;19;16;0;0;4;0;0,51;0,1;0,6;0,51;0,6;ENG;FW;29;1995;31,5;16;83;38;45,8;2,63;1,2;0,19;0,42;0;0;ENG;FW;29;1995;37;2839;77;83,0;31,5;33;82;13;4;33;0;1,76;48;38;10;0,32;0,78;ENG;FW;29;1995;31,5;4;0;0;35;32;25;7;5;14;0;;;;;;;;;;;;;;;;;;;;;;;
Pau Torres;Aston Villa;2526;ENG-Premier League;ESP;DF;28;1997;21;18;1676;18,6;0;0;0;0;0;0;1;0;0,0;0,0;0,0;0,0;0,0;ESP;DF;28;1997;18,6;0;9;1;11,1;0,48;0,05;0,0;0,0;0;0;ESP;DF;28;1997;21;1676;80;49,0;18,6;18;88;15;3;31;11;1,9;28;19;9;0,48;0,59;ESP;DF;28;1997;18,6;1;0;0;7;5;0;4;11;14;1;;;;;;;;;;;;;;;;;;;;;;;
Ronnie Hollingshead;Aston Villa;2526;ENG-Premier League;;;;;;;;;;;;;;;;;;;;;;;;;;;;;;;;;;;;;WAL;GK;20;2004;0;;;;;0;;0;0;;1;;;;;;;;;;;;;;;;;;;;;;;;;;;;;;;;;;;;;;;;;;;;
Ross Barkley;Aston Villa;2526;ENG-Premier League;ENG;MF;31;1993;21;7;857;9,5;3;1;4;3;0;0;1;0;0,32;0,11;0,42;0,32;0,42;ENG;MF;31;1993;9,5;3;18;8;44,4;1,89;0,84;0,17;0,38;0;0;ENG;MF;31;1993;21;857;41;25,1;9,5;7;77;0;14;23;1;1,76;18;15;3;0,32;0,17;ENG;MF;31;1993;9,5;1;0;0;9;8;0;0;2;11;0;;;;;;;;;;;;;;;;;;;;;;;
Sam Proctor;Aston Villa;2526;ENG-Premier League;;;;;;;;;;;;;;;;;;;;;;;;;;;;;;;;;;;;;ENG;GK;18;2006;0;;;;;0;;0;0;;4;;;;;;;;;;;;;;;;;;;;;;;;;;;;;;;;;;;;;;;;;;;;
Samuel Iling-Junior;Aston Villa;2526;ENG-Premier League;;;;;;;;;;;;;;;;;;;;;;;;;;;;;;;;;;;;;ENG;MF;21;2003;0;;;;;0;;0;0;;1;;;;;;;;;;;;;;;;;;;;;;;;;;;;;;;;;;;;;;;;;;;;
Tammy Abraham;Aston Villa;2526;ENG-Premier League;ENG;FW;27;1997;12;2;286;3,2;2;0;2;2;0;0;0;0;0,63;0,0;0,63;0,63;0,63;ENG;FW;27;1997;3,2;2;9;3;33,3;2,83;0,94;0,22;0,67;0;0;ENG;FW;27;1997;12;286;24;8,4;3,2;2;75;1;10;14;2;1,0;4;8;-4;-1,26;-1,57;ENG;FW;27;1997;3,2;0;0;0;2;0;0;1;0;1;0;;;;;;;;;;;;;;;;;;;;;;;
Theodore Carroll;Aston Villa;2526;ENG-Premier League;;;;;;;;;;;;;;;;;;;;;;;;;;;;;;;;;;;;;ENG;DF;18;2007;0;;;;;0;;0;0;;1;;;;;;;;;;;;;;;;;;;;;;;;;;;;;;;;;;;;;;;;;;;;
Travis Patterson;Aston Villa;2526;ENG-Premier League;;;;;;;;;;;;;;;;;;;;;;;;;;;;;;;;;;;;;ENG;DF;19;2005;0;;;;;0;;0;0;;1;;;;;;;;;;;;;;;;;;;;;;;;;;;;;;;;;;;;;;;;;;;;
Triston Rowe;Aston Villa;2526;ENG-Premier League;;;;;;;;;;;;;;;;;;;;;;;;;;;;;;;;;;;;;ENG;DF;19;2006;0;;;;;0;;0;0;;2;;;;;;;;;;;;;;;;;;;;;;;;;;;;;;;;;;;;;;;;;;;;
Tyrone Mings;Aston Villa;2526;ENG-Premier League;ENG;DF;32;1993;17;15;1324;14,7;0;0;0;0;0;0;1;0;0,0;0,0;0,0;0,0;0,0;ENG;DF;32;1993;14,7;0;9;1;11,1;0,61;0,07;0,0;0,0;0;0;ENG;DF;32;1993;17;1324;78;38,7;14,7;15;86;14;2;17;6;1,24;16;23;-7;-0,48;-1,08;ENG;DF;32;1993;14,7;1;0;0;10;8;0;4;11;2;0;;;;;;;;;;;;;;;;;;;;;;;
Victor Lindelöf;Aston Villa;2526;ENG-Premier League;SWE;DF,MF;31;1994;17;11;948;10,5;0;1;1;0;0;0;0;0;0,0;0,09;0,09;0,0;0,09;SWE;DF,MF;31;1994;10,5;0;3;0;0,0;0,28;0,0;0,0;;0;0;SWE;DF,MF;31;1994;17;948;56;27,7;10,5;11;83;8;6;6;17;2,18;20;15;5;0,47;0,4;SWE;DF,MF;31;1994;10,5;0;0;0;2;0;0;0;8;3;0;;;;;;;;;;;;;;;;;;;;;;;
Youri Tielemans;Aston Villa;2526;ENG-Premier League;BEL;MF;28;1997;25;21;1862;20,7;0;4;4;0;0;0;0;0;0,0;0,19;0,19;0,0;0,19;BEL;MF;28;1997;20,7;0;24;7;29,2;1,16;0,34;0,0;0,0;0;0;BEL;MF;28;1997;25;1862;74;54,4;20,7;21;85;14;4;21;0;1,88;32;27;5;0,24;0,13;BEL;MF;28;1997;20,7;0;0;0;25;40;1;45;16;39;0;;;;;;;;;;;;;;;;;;;;;;;
Adam Smith;Bournemouth;2526;ENG-Premier League;ENG;DF;34;1991;22;14;1077;12,0;0;2;2;0;0;0;3;0;0,0;0,17;0,17;0,0;0,17;ENG;DF;34;1991;12,0;0;0;0;;0,0;0,0;;;0;0;ENG;DF;34;1991;22;1077;49;31,5;12,0;14;73;5;8;7;11;1,45;18;16;2;0,17;0,09;ENG;DF;34;1991;12,0;3;0;0;19;11;0;13;10;12;0;;;;;;;;;;;;;;;;;;;;;;;
Adrien Truffert;Bournemouth;2526;ENG-Premier League;FRA;DF;23;2001;38;38;3379;37,5;1;5;6;1;0;0;5;0;0,03;0,13;0,16;0,03;0,16;FRA;DF;23;2001;37,5;1;16;6;37,5;0,43;0,16;0,06;0,17;0;0;FRA;DF;23;2001;38;3379;89;98,8;37,5;38;89;36;0;;0;1,5;58;51;7;0,19;6,77;FRA;DF;23;2001;37,5;5;0;0;39;32;0;142;43;51;0;;;;;;;;;;;;;;;;;;;;;;;
Alex Scott;Bournemouth;2526;ENG-Premier League;ENG;MF;21;2003;37;34;2849;31,7;3;1;4;3;0;0;5;0;0,09;0,03;0,13;0,09;0,13;ENG;MF;21;2003;31,7;3;44;13;29,5;1,39;0,41;0,07;0,23;0;0;ENG;MF;21;2003;37;2849;77;83,3;31,7;34;80;19;3;39;0;1,51;50;42;8;0,25;0,88;ENG;MF;21;2003;31,7;5;0;0;45;60;1;88;35;38;0;;;;;;;;;;;;;;;;;;;;;;;
Alex Tóth;Bournemouth;2526;ENG-Premier League;HUN;MF;19;2005;9;2;140;1,6;0;0;0;0;0;0;1;0;0,0;0,0;0,0;0,0;0,0;HUN;MF;19;2005;1,6;0;2;0;0,0;1,29;0,0;0,0;;0;0;HUN;MF;19;2005;9;140;16;4,1;1,6;2;57;0;7;4;7;2,33;3;3;0;0,0;-0,11;HUN;MF;19;2005;1,6;1;0;0;1;2;0;3;3;0;0;;;;;;;;;;;;;;;;;;;;;;;
Amine Adli;Bournemouth;2526;ENG-Premier League;MAR;MF;25;2000;31;10;1094;12,2;3;1;4;3;0;0;2;0;0,25;0,08;0,33;0,25;0,33;MAR;MF;25;2000;12,2;3;20;9;45,0;1,65;0,74;0,15;0,33;0;0;MAR;MF;25;2000;31;1094;35;32,0;12,2;10;73;2;21;17;6;1,48;18;17;1;0,08;-0,03;MAR;MF;25;2000;12,2;2;0;0;29;23;5;39;6;17;0;;;;;;;;;;;;;;;;;;;;;;;
Antoine Semenyo;Bournemouth;2526;ENG-Premier League;GHA;MF;25;2000;20;20;1798;20,0;10;3;13;9;1;2;6;0;0,5;0,15;0,65;0,45;0,6;GHA;MF;25;2000;20,0;10;49;27;55,1;2,45;1,35;0,2;0,37;1;2;GHA;MF;25;2000;20;1798;90;52,6;20,0;20;90;18;0;;0;1,25;31;38;-7;-0,35;-0,96;GHA;MF;25;2000;20,0;6;0;0;37;14;12;28;6;20;0;;;;;;;;;;;;;;;;;;;;;;;
Bafodé Diakité;Bournemouth;2526;ENG-Premier League;FRA;DF;24;2001;18;15;1277;14,2;0;0;0;0;0;0;1;0;0,0;0,0;0,0;0,0;0,0;FRA;DF;24;2001;14,2;0;1;0;0,0;0,07;0,0;0,0;;0;0;FRA;DF;24;2001;18;1277;71;37,3;14,2;15;84;13;3;6;19;1,28;21;27;-6;-0,42;-0,84;FRA;DF;24;2001;14,2;1;0;0;8;4;2;1;10;15;0;;;;;;;;;;;;;;;;;;;;;;;
Ben Gannon-Doak;Bournemouth;2526;ENG-Premier League;SCO;MF;19;2005;8;0;113;1,3;0;1;1;0;0;0;0;0;0,0;0,8;0,8;0,0;0,8;SCO;MF;19;2005;1,3;0;3;1;33,3;2,39;0,8;0,0;0,0;0;0;SCO;MF;19;2005;8;113;14;3,3;1,3;0;;0;8;14;11;1,63;5;1;4;3,19;3,19;SCO;MF;19;2005;1,3;0;0;0;3;1;0;4;1;2;0;;;;;;;;;;;;;;;;;;;;;;;
Ben Winterburn;Bournemouth;2526;ENG-Premier League;ENG;MF;20;2004;1;0;7;0,1;0;0;0;0;0;0;0;0;0,0;0,0;0,0;0,0;0,0;ENG;MF;20;2004;0,1;0;0;0;;0,0;0,0;;;0;0;ENG;MF;20;2004;1;7;7;0,2;0,1;0;;0;1;7;0;0,0;0;2;-2;-25,71;-25,87;ENG;MF;20;2004;0,1;0;0;0;0;0;0;0;0;0;0;;;;;;;;;;;;;;;;;;;;;;;
Charlie Stevens;Bournemouth;2526;ENG-Premier League;;;;;;;;;;;;;;;;;;;;;;;;;;;;;;;;;;;;;WAL;MF;18;2007;0;;;;;0;;0;0;;1;;;;;;;;;;;;;;;;;;;;;;;;;;;;;;;;;;;;;;;;;;;;
Christos Mandas;Bournemouth;2526;ENG-Premier League;;;;;;;;;;;;;;;;;;;;;;;;;;;;;;;;;;;;;GRE;GK;23;2001;0;;;;;0;;0;0;;15;;;;;;;;;;;;;;;;;;;;;;;;;;;;;;;;;;;;;;;;;;;;
David Brooks;Bournemouth;2526;ENG-Premier League;WAL;MF;28;1997;31;13;1204;13,4;1;3;4;1;0;0;7;0;0,07;0,22;0,3;0,07;0,3;WAL;MF;28;1997;13,4;1;48;13;27,1;3,59;0,97;0,02;0,08;0;0;WAL;MF;28;1997;31;1204;39;35,2;13,4;13;67;0;18;19;2;1,52;21;20;1;0,07;-0,05;WAL;MF;28;1997;13,4;7;0;0;11;13;2;59;4;13;0;;;;;;;;;;;;;;;;;;;;;;;
Dominic Sadi;Bournemouth;2526;ENG-Premier League;;;;;;;;;;;;;;;;;;;;;;;;;;;;;;;;;;;;;ENG;MF;21;2003;0;;;;;0;;0;0;;2;;;;;;;;;;;;;;;;;;;;;;;;;;;;;;;;;;;;;;;;;;;;
Eli Junior Kroupi;Bournemouth;2526;ENG-Premier League;FRA;MF,FW;19;2006;33;21;1672;18,6;13;0;13;11;2;2;5;0;0,7;0,0;0,7;0,59;0,59;FRA;MF,FW;19;2006;18,6;13;52;22;42,3;2,8;1,18;0,25;0,59;2;2;FRA;MF,FW;19;2006;33;1672;51;48,9;18,6;21;71;0;12;16;5;1,45;31;21;10;0,54;0,85;FRA;MF,FW;19;2006;18,6;5;0;0;27;12;6;10;9;6;0;;;;;;;;;;;;;;;;;;;;;;;
Enes Ünal;Bournemouth;2526;ENG-Premier League;TUR;FW;28;1997;23;0;232;2,6;1;0;1;1;0;0;1;0;0,39;0,0;0,39;0,39;0,39;TUR;FW;28;1997;2,6;1;15;3;20,0;5,82;1,16;0,07;0,33;0;0;TUR;FW;28;1997;23;232;10;6,8;2,6;0;;0;23;10;4;1,65;8;3;5;1,94;1,97;TUR;FW;28;1997;2,6;1;0;0;6;10;3;2;0;1;0;;;;;;;;;;;;;;;;;;;;;;;
Evanilson;Bournemouth;2526;ENG-Premier League;BRA;FW;25;1999;36;32;2742;30,5;6;1;7;6;0;0;2;0;0,2;0,03;0,23;0,2;0,23;BRA;FW;25;1999;30,5;6;72;23;31,9;2,36;0,75;0,08;0,26;0;0;BRA;FW;25;1999;36;2742;76;80,2;30,5;32;81;9;4;36;0;1,47;43;40;3;0,1;-0,03;BRA;FW;25;1999;30,5;2;0;0;26;37;28;3;6;5;0;;;;;;;;;;;;;;;;;;;;;;;
Fraser Forster;Bournemouth;2526;ENG-Premier League;;;;;;;;;;;;;;;;;;;;;;;;;;;;;;;;;;;;;ENG;GK;37;1988;0;;;;;0;;0;0;;4;;;;;;;;;;;;;;;;;;;;;;;;;;;;;;;;;;;;;;;;;;;;
Hamed Junior Traorè;Bournemouth;2526;ENG-Premier League;CIV;MF;25;2000;1;0;17;0,2;0;1;1;0;0;0;0;0;0,0;5,29;5,29;0,0;5,29;CIV;MF;25;2000;0,2;0;0;0;;0,0;0,0;;;0;0;CIV;MF;25;2000;1;17;17;0,5;0,2;0;;0;1;17;0;0,0;1;2;-1;-5,29;-5,43;CIV;MF;25;2000;0,2;0;0;0;0;0;0;1;0;0;0;;;;;;;;;;;;;;;;;;;;;;;
James Hill;Bournemouth;2526;ENG-Premier League;ENG;DF;23;2002;29;22;2106;23,4;0;3;3;0;0;0;5;0;0,0;0,13;0,13;0,0;0,13;ENG;DF;23;2002;23,4;0;12;2;16,7;0,51;0,09;0,0;0,0;0;0;ENG;DF;23;2002;29;2106;73;61,6;23,4;22;88;20;7;23;5;1,76;34;24;10;0,43;0,84;ENG;DF;23;2002;23,4;5;0;0;17;13;2;11;37;20;2;;;;;;;;;;;;;;;;;;;;;;;
Julian Araujo;Bournemouth;2526;ENG-Premier League;;;;;;;;;;;;;;;;;;;;;;;;;;;;;;;;;;;;;MEX;DF;23;2001;0;;;;;0;;0;0;;8;;;;;;;;;;;;;;;;;;;;;;;;;;;;;;;;;;;;;;;;;;;;
Julio Soler;Bournemouth;2526;ENG-Premier League;ARG;DF;20;2005;3;0;35;0,4;0;0;0;0;0;0;0;0;0,0;0,0;0,0;0,0;0,0;ARG;DF;20;2005;0,4;0;0;0;;0,0;0,0;;;0;0;ARG;DF;20;2005;3;35;12;1,0;0,4;0;;0;3;12;14;1,0;0;2;-2;-5,14;-5,3;ARG;DF;20;2005;0,4;0;0;0;2;2;0;2;0;0;0;;;;;;;;;;;;;;;;;;;;;;;
Justin Kluivert;Bournemouth;2526;ENG-Premier League;NED;MF;26;1999;20;10;952;10,6;2;0;2;2;0;0;5;0;0,19;0,0;0,19;0,19;0,19;NED;MF;26;1999;10,6;2;17;4;23,5;1,61;0,38;0,12;0,5;0;0;NED;MF;26;1999;20;952;48;27,8;10,6;10;72;0;10;23;1;1,2;16;19;-3;-0,28;-0,54;NED;MF;26;1999;10,6;5;0;0;18;10;1;40;4;7;0;;;;;;;;;;;;;;;;;;;;;;;
Lewis Cook;Bournemouth;2526;ENG-Premier League;ENG;MF,DF;28;1997;18;8;874;9,7;0;1;1;0;0;0;1;1;0,0;0,1;0,1;0,0;0,1;ENG;MF,DF;28;1997;9,7;0;3;0;0,0;0,31;0,0;0,0;;0;0;ENG;MF,DF;28;1997;18;874;49;25,6;9,7;8;90;8;10;15;1;1,39;15;18;-3;-0,31;-0,56;ENG;MF,DF;28;1997;9,7;1;1;0;8;5;0;44;21;17;0;;;;;;;;;;;;;;;;;;;;;;;
Malcom Dacosta;Bournemouth;2526;ENG-Premier League;;;;;;;;;;;;;;;;;;;;;;;;;;;;;;;;;;;;;ECU;MF;17;2008;0;;;;;0;;0;0;;6;;;;;;;;;;;;;;;;;;;;;;;;;;;;;;;;;;;;;;;;;;;;
Marcos Senesi;Bournemouth;2526;ENG-Premier League;ARG;DF;28;1997;37;37;3288;36,5;0;5;5;0;0;0;8;0;0,0;0,14;0,14;0,0;0,14;ARG;DF;28;1997;36,5;0;17;5;29,4;0,47;0,14;0,0;0,0;0;0;ARG;DF;28;1997;37;3288;89;96,1;36,5;37;89;35;0;;0;1,54;56;53;3;0,08;-0,6;ARG;DF;28;1997;36,5;8;0;0;35;37;1;28;50;34;0;;;;;;;;;;;;;;;;;;;;;;;
Marcus Tavernier;Bournemouth;2526;ENG-Premier League;ENG;MF;26;1999;34;31;2731;30,3;7;4;11;5;2;2;6;0;0,23;0,13;0,36;0,16;0,3;ENG;MF;26;1999;30,3;7;70;24;34,3;2,31;0,79;0,1;0,29;2;2;ENG;MF;26;1999;34;2731;80;79,9;30,3;31;86;15;3;24;0;1,38;45;44;1;0,03;-0,36;ENG;MF;26;1999;30,3;6;0;0;31;35;4;114;16;21;0;;;;;;;;;;;;;;;;;;;;;;;
Philip Billing;Bournemouth;2526;ENG-Premier League;;;;;;;;;;;;;;;;;;;;;;;;;;;;;;;;;;;;;DEN;MF;29;1996;0;;;;;0;;0;0;;1;;;;;;;;;;;;;;;;;;;;;;;;;;;;;;;;;;;;;;;;;;;;
Rayan;Bournemouth;2526;ENG-Premier League;BRA;MF;18;2006;15;13;1111;12,3;5;2;7;5;0;0;1;0;0,41;0,16;0,57;0,41;0,57;BRA;MF;18;2006;12,3;5;28;8;28,6;2,27;0,65;0,18;0,63;0;0;BRA;MF;18;2006;15;1111;74;32,5;12,3;13;82;2;2;24;0;1,8;16;10;6;0,49;0,56;BRA;MF;18;2006;12,3;1;0;0;9;6;1;24;8;6;0;;;;;;;;;;;;;;;;;;;;;;;
Remy Rees-Dottin;Bournemouth;2526;ENG-Premier League;;;;;;;;;;;;;;;;;;;;;;;;;;;;;;;;;;;;;ENG;FW;19;2006;0;;;;;0;;0;0;;7;;;;;;;;;;;;;;;;;;;;;;;;;;;;;;;;;;;;;;;;;;;;
Romain Faivre;Bournemouth;2526;ENG-Premier League;;;;;;;;;;;;;;;;;;;;;;;;;;;;;;;;;;;;;FRA;MF;27;1998;0;;;;;0;;0;0;;1;;;;;;;;;;;;;;;;;;;;;;;;;;;;;;;;;;;;;;;;;;;;
Ryan Christie;Bournemouth;2526;ENG-Premier League;SCO;MF;30;1995;26;9;994;11,0;2;0;2;2;0;0;3;1;0,18;0,0;0,18;0,18;0,18;SCO;MF;30;1995;11,0;2;25;8;32,0;2,26;0,72;0,08;0,25;0;0;SCO;MF;30;1995;26;994;38;29,1;11,0;9;65;0;17;24;1;1,77;16;14;2;0,18;0,11;SCO;MF;30;1995;11,0;3;1;0;16;22;1;17;11;20;0;;;;;;;;;;;;;;;;;;;;;;;
Tyler Adams;Bournemouth;2526;ENG-Premier League;USA;MF;26;1999;25;21;1772;19,7;2;2;4;2;0;0;8;0;0,1;0,1;0,2;0,1;0,2;USA;MF;26;1999;19,7;2;10;6;60,0;0,51;0,3;0,2;0,33;0;0;USA;MF;26;1999;25;1772;71;51,8;19,7;21;79;10;4;28;1;1,52;25;28;-3;-0,15;-0,53;USA;MF;26;1999;19,7;8;0;0;36;13;1;3;30;24;0;;;;;;;;;;;;;;;;;;;;;;;
Veljko Milosavljević;Bournemouth;2526;ENG-Premier League;SRB;DF;18;2007;7;4;368;4,1;0;0;0;0;0;0;0;0;0,0;0,0;0,0;0,0;0,0;SRB;DF;18;2007;4,1;0;1;0;0,0;0,24;0,0;0,0;;0;0;SRB;DF;18;2007;7;368;53;10,8;4,1;4;90;4;3;3;15;1,86;5;6;-1;-0,24;-0,39;SRB;DF;18;2007;4,1;0;0;0;0;0;0;0;4;4;0;;;;;;;;;;;;;;;;;;;;;;;
Will Dennis;Bournemouth;2526;ENG-Premier League;;;;;;;;;;;;;;;;;;;;;;;;;;;;;;;;;;;;;ENG;GK;25;2000;0;;;;;0;;0;0;;19;;;;;;;;;;;;;;;;;;;;;;;;;;;;;;;;;;;;;;;;;;;;
Álex Jiménez;Bournemouth;2526;ENG-Premier League;ESP;DF,MF;20;2005;31;26;2317;25,7;1;0;1;1;0;0;10;0;0,04;0,0;0,04;0,04;0,04;ESP;DF,MF;20;2005;25,7;1;21;4;19,0;0,82;0,16;0,05;0,25;0;0;ESP;DF,MF;20;2005;31;2317;75;67,7;25,7;26;84;12;5;29;1;1,48;41;38;3;0,12;0,03;ESP;DF,MF;20;2005;25,7;10;0;0;35;20;0;51;27;45;0;;;;;;;;;;;;;;;;;;;;;;;
Đorđe Petrović;Bournemouth;2526;ENG-Premier League;SRB;GK;25;1999;38;38;3420;38,0;0;0;0;0;0;0;3;0;0,0;0,0;0,0;0,0;0,0;SRB;GK;25;1999;38,0;0;0;0;;0,0;0,0;;;0;0;SRB;GK;25;1999;38;3420;90;100,0;38,0;38;90;38;0;;0;1,5;58;54;4;0,11;;SRB;GK;25;1999;38,0;3;0;0;0;2;0;0;0;0;1;SRB;GK;25;1999;38;38;3420;38,0;54;1,42;163;109;66,9;13;18;7;11;28,9;6;6;0;0;0,0
Aaron Hickey;Brentford;2526;ENG-Premier League;SCO;DF,MF;23;2002;21;8;691;7,7;0;0;0;0;0;0;1;0;0,0;0,0;0,0;0,0;0,0;SCO;DF,MF;23;2002;7,7;0;6;1;16,7;0,78;0,13;0,0;0,0;0;0;SCO;DF,MF;23;2002;21;691;33;20,2;7,7;8;68;1;13;11;8;1,48;9;9;0;0,0;-0,1;SCO;DF,MF;23;2002;7,7;1;0;0;7;9;0;4;8;7;0;;;;;;;;;;;;;;;;;;;;;;;
Antoni Milambo;Brentford;2526;ENG-Premier League;NED;MF;20;2005;1;1;45;0,5;0;0;0;0;0;0;0;0;0,0;0,0;0,0;0,0;0,0;NED;MF;20;2005;0,5;0;0;0;;0,0;0,0;;;0;0;NED;MF;20;2005;1;45;45;1,3;0,5;1;45;0;0;;3;0,0;0;3;-3;-6,0;-6,16;NED;MF;20;2005;0,5;0;0;0;0;0;0;0;0;1;0;;;;;;;;;;;;;;;;;;;;;;;
Benjamin Arthur;Brentford;2526;ENG-Premier League;;;;;;;;;;;;;;;;;;;;;;;;;;;;;;;;;;;;;ENG;DF;19;2005;0;;;;;0;;0;0;;2;;;;;;;;;;;;;;;;;;;;;;;;;;;;;;;;;;;;;;;;;;;;
Caoimhín Kelleher;Brentford;2526;ENG-Premier League;IRL;GK;26;1998;37;37;3330;37,0;0;0;0;0;0;0;1;0;0,0;0,0;0,0;0,0;0,0;IRL;GK;26;1998;37,0;0;0;0;;0,0;0,0;;;0;0;IRL;GK;26;1998;37;3330;90;97,4;37,0;37;90;37;0;;0;1,35;51;49;2;0,05;-0,95;IRL;GK;26;1998;37,0;1;0;0;3;6;0;0;1;0;0;IRL;GK;26;1998;37;37;3330;37,0;49;1,32;154;105;68,2;13;11;13;10;27,0;8;5;3;0;37,5
Conor McManus;Brentford;2526;ENG-Premier League;;;;;;;;;;;;;;;;;;;;;;;;;;;;;;;;;;;;;;DF;;;0;;;;;0;;0;0;;1;;;;;;;;;;;;;;;;;;;;;;;;;;;;;;;;;;;;;;;;;;;;
Dango Ouattara;Brentford;2526;ENG-Premier League;BFA;MF;23;2002;32;25;2276;25,3;7;3;10;7;0;0;5;0;0,28;0,12;0,4;0,28;0,4;BFA;MF;23;2002;25,3;7;56;20;35,7;2,21;0,79;0,13;0,35;0;0;BFA;MF;23;2002;32;2276;71;66,5;25,3;25;84;12;7;25;0;1,25;35;35;0;0,0;-0,24;BFA;MF;23;2002;25,3;5;0;0;27;39;8;107;24;14;0;;;;;;;;;;;;;;;;;;;;;;;
Ellery Balcombe;Brentford;2526;ENG-Premier League;;;;;;;;;;;;;;;;;;;;;;;;;;;;;;;;;;;;;ENG;GK;25;1999;0;;;;;0;;0;0;;1;;;;;;;;;;;;;;;;;;;;;;;;;;;;;;;;;;;;;;;;;;;;
Ethan Pinnock;Brentford;2526;ENG-Premier League;JAM;DF;32;1993;4;4;318;3,5;0;0;0;0;0;0;1;0;0,0;0,0;0,0;0,0;0,0;JAM;DF;32;1993;3,5;0;1;1;100,0;0,28;0,28;0,0;0,0;0;0;JAM;DF;32;1993;4;318;80;9,3;3,5;4;80;1;0;;32;0,5;2;5;-3;-0,85;-1,02;JAM;DF;32;1993;3,5;1;0;0;0;2;0;0;5;5;1;;;;;;;;;;;;;;;;;;;;;;;
Fabio Carvalho;Brentford;2526;ENG-Premier League;POR;MF;22;2002;6;1;102;1,1;1;0;1;1;0;0;0;0;0,88;0,0;0,88;0,88;0,88;POR;MF;22;2002;1,1;1;2;1;50,0;1,76;0,88;0,5;1,0;0;0;POR;MF;22;2002;6;102;17;3,0;1,1;1;90;1;5;2;4;0,17;2;4;-2;-1,76;-1,9;POR;MF;22;2002;1,1;0;0;0;0;0;0;5;0;2;0;;;;;;;;;;;;;;;;;;;;;;;
Frank Onyeka;Brentford;2526;ENG-Premier League;NGA;MF;27;1998;6;0;92;1,0;0;1;1;0;0;0;0;0;0,0;0,98;0,98;0,0;0,98;NGA;MF;27;1998;1,0;0;0;0;;0,0;0,0;;;0;0;NGA;MF;27;1998;6;92;15;2,7;1,0;0;;0;6;15;10;1,5;3;2;1;0,98;0,92;NGA;MF;27;1998;1,0;0;0;0;3;3;0;0;0;0;0;;;;;;;;;;;;;;;;;;;;;;;
Gustavo Nunes;Brentford;2526;ENG-Premier League;;;;;;;;;;;;;;;;;;;;;;;;;;;;;;;;;;;;;BRA;MF;19;2005;0;;;;;0;;0;0;;2;;;;;;;;;;;;;;;;;;;;;;;;;;;;;;;;;;;;;;;;;;;;
Hákon Valdimarsson;Brentford;2526;ENG-Premier League;ISL;GK;23;2001;1;1;90;1,0;0;0;0;0;0;0;0;0;0,0;0,0;0,0;0,0;0,0;ISL;GK;23;2001;1,0;0;0;0;;0,0;0,0;;;0;0;ISL;GK;23;2001;1;90;90;2,6;1,0;1;90;1;0;;37;3,0;4;3;1;1,0;0,95;ISL;GK;23;2001;1,0;0;0;0;0;0;0;0;0;0;0;ISL;GK;23;2001;1;1;90;1,0;3;3,0;4;1;25,0;1;0;0;0;0,0;0;0;0;0;
Igor Thiago;Brentford;2526;ENG-Premier League;BRA;FW;24;2001;38;37;3282;36,5;22;1;23;14;8;9;7;0;0,6;0,03;0,63;0,38;0,41;BRA;FW;24;2001;36,5;22;84;43;51,2;2,3;1,18;0,26;0,51;8;9;BRA;FW;24;2001;38;3282;86;96,0;36,5;37;88;30;1;31;0;1,39;52;49;3;0,08;0,08;BRA;FW;24;2001;36,5;7;0;0;74;26;24;19;12;21;0;;;;;;;;;;;;;;;;;;;;;;;
Jordan Henderson;Brentford;2526;ENG-Premier League;ENG;MF;35;1990;32;22;1919;21,3;1;3;4;1;0;0;6;0;0,05;0,14;0,19;0,05;0,19;ENG;MF;35;1990;21,3;1;6;1;16,7;0,28;0,05;0,17;1,0;0;0;ENG;MF;35;1990;32;1919;60;56,1;21,3;22;79;10;10;18;1;1,41;28;28;0;0,0;-0,18;ENG;MF;35;1990;21,3;6;0;0;13;7;1;48;16;14;0;;;;;;;;;;;;;;;;;;;;;;;
Josh Dasilva;Brentford;2526;ENG-Premier League;ENG;MF;26;1998;2;0;3;0,0;0;0;0;0;0;0;0;0;0,0;0,0;0,0;0,0;0,0;ENG;MF;26;1998;0,0;0;1;0;0,0;30,0;0,0;0,0;;0;0;ENG;MF;26;1998;2;3;2;0,1;0,0;0;;0;2;2;3;2,0;0;0;0;0,0;-0,08;ENG;MF;26;1998;0,0;0;0;0;0;0;0;0;0;0;0;;;;;;;;;;;;;;;;;;;;;;;
Joshua Stephenson;Brentford;2526;ENG-Premier League;;;;;;;;;;;;;;;;;;;;;;;;;;;;;;;;;;;;;;MF;;;0;;;;;0;;0;0;;3;;;;;;;;;;;;;;;;;;;;;;;;;;;;;;;;;;;;;;;;;;;;
Kaye Furo;Brentford;2526;ENG-Premier League;BEL;FW;18;2007;1;0;1;0,0;0;0;0;0;0;0;0;0;0,0;0,0;0,0;0,0;0,0;BEL;FW;18;2007;0,0;0;0;0;;0,0;0,0;;;0;0;BEL;FW;18;2007;1;1;1;0,0;0,0;0;;0;1;1;12;3,0;0;0;0;0,0;-0,08;BEL;FW;18;2007;0,0;0;0;0;1;0;0;0;0;0;0;;;;;;;;;;;;;;;;;;;;;;;
Keane Lewis-Potter;Brentford;2526;ENG-Premier League;ENG;DF,MF;24;2001;36;22;1972;21,9;3;3;6;3;0;0;1;0;0,14;0,14;0,27;0,14;0,27;ENG;DF,MF;24;2001;21,9;3;31;9;29,0;1,41;0,41;0,1;0,33;0;0;ENG;DF,MF;24;2001;36;1972;55;57,7;21,9;22;81;10;14;14;2;1,39;28;32;-4;-0,18;-0,62;ENG;DF,MF;24;2001;21,9;1;0;0;15;36;3;69;10;14;0;;;;;;;;;;;;;;;;;;;;;;;
Kevin Schade;Brentford;2526;ENG-Premier League;GER;MF,FW;23;2001;35;32;2745;30,5;8;3;11;8;0;1;6;1;0,26;0,1;0,36;0,26;0,36;GER;MF,FW;23;2001;30,5;8;57;24;42,1;1,87;0,79;0,14;0,33;0;1;GER;MF,FW;23;2001;35;2745;78;80,3;30,5;32;82;18;3;39;0;1,37;41;34;7;0,23;0,76;GER;MF,FW;23;2001;30,5;6;1;0;50;43;10;23;19;27;0;;;;;;;;;;;;;;;;;;;;;;;
Kristoffer Ajer;Brentford;2526;ENG-Premier League;NOR;DF;27;1998;27;20;1810;20,1;0;1;1;0;0;0;4;0;0,0;0,05;0,05;0,0;0,05;NOR;DF;27;1998;20,1;0;10;3;30,0;0,5;0,15;0,0;0,0;0;0;NOR;DF;27;1998;27;1810;67;52,9;20,1;20;83;13;7;20;9;1,37;29;32;-3;-0,15;-0,48;NOR;DF;27;1998;20,1;4;0;0;23;5;0;7;15;23;0;;;;;;;;;;;;;;;;;;;;;;;
Luka Bentt;Brentford;2526;ENG-Premier League;;;;;;;;;;;;;;;;;;;;;;;;;;;;;;;;;;;;;BEL;MF;17;2007;0;;;;;0;;0;0;;8;;;;;;;;;;;;;;;;;;;;;;;;;;;;;;;;;;;;;;;;;;;;
Mads Roerslev;Brentford;2526;ENG-Premier League;;;;;;;;;;;;;;;;;;;;;;;;;;;;;;;;;;;;;DEN;DF,MF;26;1999;0;;;;;0;;0;0;;1;;;;;;;;;;;;;;;;;;;;;;;;;;;;;;;;;;;;;;;;;;;;
Mathias Jensen;Brentford;2526;ENG-Premier League;DEN;MF;29;1996;36;26;2247;25,0;3;1;4;3;0;0;3;0;0,12;0,04;0,16;0,12;0,16;DEN;MF;29;1996;25,0;3;29;8;27,6;1,16;0,32;0,1;0,38;0;0;DEN;MF;29;1996;36;2247;62;65,7;25,0;26;81;13;10;13;2;1,47;35;33;2;0,08;0,0;DEN;MF;29;1996;25,0;3;0;0;20;15;2;124;21;23;0;;;;;;;;;;;;;;;;;;;;;;;
Michael Kayode;Brentford;2526;ENG-Premier League;ITA;DF;21;2004;37;37;3258;36,2;1;1;2;1;0;0;8;0;0,03;0,03;0,06;0,03;0,06;ITA;DF;21;2004;36,2;1;9;3;33,3;0,25;0,08;0,11;0,33;0;0;ITA;DF;21;2004;37;3258;88;95,3;36,2;37;88;31;0;;0;1,43;54;49;5;0,14;1,25;ITA;DF;21;2004;36,2;8;0;0;26;50;1;56;39;47;1;;;;;;;;;;;;;;;;;;;;;;;
Mikkel Damsgaard;Brentford;2526;ENG-Premier League;DEN;MF;25;2000;33;24;2054;22,8;4;4;8;4;0;0;0;0;0,18;0,18;0,35;0,18;0,35;DEN;MF;25;2000;22,8;4;29;11;37,9;1,27;0,48;0,14;0,36;0;0;DEN;MF;25;2000;33;2054;62;60,1;22,8;24;78;9;9;21;2;1,42;37;32;5;0,22;0,35;DEN;MF;25;2000;22,8;0;0;0;18;23;4;95;24;34;0;;;;;;;;;;;;;;;;;;;;;;;
Myles Peart-Harris;Brentford;2526;ENG-Premier League;ENG;MF;22;2002;1;0;1;0,0;0;0;0;0;0;0;0;0;0,0;0,0;0,0;0,0;0,0;ENG;MF;22;2002;0,0;0;0;0;;0,0;0,0;;;0;0;ENG;MF;22;2002;1;1;1;0,0;0,0;0;;0;1;1;4;3,0;0;0;0;0,0;-0,08;ENG;MF;22;2002;0,0;0;0;0;1;0;0;0;0;0;0;;;;;;;;;;;;;;;;;;;;;;;
Nathan Collins;Brentford;2526;ENG-Premier League;IRL;DF;24;2001;35;32;2975;33,1;1;2;3;1;0;0;7;0;0,03;0,06;0,09;0,03;0,09;IRL;DF;24;2001;33,1;1;20;6;30,0;0,61;0,18;0,05;0,17;0;0;IRL;DF;24;2001;35;2975;85;87,0;33,1;32;90;32;3;32;3;1,31;46;44;2;0,06;-0,14;IRL;DF;24;2001;33,1;7;0;0;20;17;2;1;36;13;1;;;;;;;;;;;;;;;;;;;;;;;
Ollie Shield;Brentford;2526;ENG-Premier League;;;;;;;;;;;;;;;;;;;;;;;;;;;;;;;;;;;;;ENG;MF;18;2006;0;;;;;0;;0;0;;7;;;;;;;;;;;;;;;;;;;;;;;;;;;;;;;;;;;;;;;;;;;;
Reiss Nelson;Brentford;2526;ENG-Premier League;ENG;FW,MF;25;1999;10;0;126;1,4;0;1;1;0;0;0;0;0;0,0;0,71;0,71;0,0;0,71;ENG;FW,MF;25;1999;1,4;0;5;1;20,0;3,57;0,71;0,0;0,0;0;0;ENG;FW,MF;25;1999;10;126;13;3,7;1,4;0;;0;10;13;14;1,6;7;2;5;3,57;3,63;ENG;FW,MF;25;1999;1,4;0;0;0;0;2;0;2;0;3;0;;;;;;;;;;;;;;;;;;;;;;;
Rico Henry;Brentford;2526;ENG-Premier League;JAM;DF;28;1997;25;14;1328;14,8;0;1;1;0;0;0;2;0;0,0;0,07;0,07;0,0;0,07;JAM;DF;28;1997;14,8;0;5;0;0,0;0,34;0,0;0,0;;0;0;JAM;DF;28;1997;25;1328;53;38,8;14,8;14;80;6;11;19;4;1,64;28;22;6;0,41;0,54;JAM;DF;28;1997;14,8;2;0;0;15;17;2;26;7;11;0;;;;;;;;;;;;;;;;;;;;;;;
Riley Owen;Brentford;2526;ENG-Premier League;;;;;;;;;;;;;;;;;;;;;;;;;;;;;;;;;;;;;ENG;MF;19;2005;0;;;;;0;;0;0;;1;;;;;;;;;;;;;;;;;;;;;;;;;;;;;;;;;;;;;;;;;;;;
Romelle Donovan;Brentford;2526;ENG-Premier League;ENG;FW;18;2006;4;0;41;0,5;0;0;0;0;0;0;0;0;0,0;0,0;0,0;0,0;0,0;ENG;FW;18;2006;0,5;0;3;1;33,3;6,59;2,2;0,0;0,0;0;0;ENG;FW;18;2006;4;41;10;1,2;0,5;0;;0;4;10;19;1,5;2;0;2;4,39;4,36;ENG;FW;18;2006;0,5;0;0;0;2;3;0;2;0;0;0;;;;;;;;;;;;;;;;;;;;;;;
Sepp van den Berg;Brentford;2526;ENG-Premier League;NED;DF;23;2001;32;30;2763;30,7;0;2;2;0;0;0;2;0;0,0;0,07;0,07;0,0;0,07;NED;DF;23;2001;30,7;0;23;7;30,4;0,75;0,23;0,0;0,0;0;0;NED;DF;23;2001;32;2763;86;80,8;30,7;30;90;30;2;32;5;1,34;43;41;2;0,07;-0,07;NED;DF;23;2001;30,7;2;0;0;15;11;0;0;26;9;0;;;;;;;;;;;;;;;;;;;;;;;
Vitaly Janelt;Brentford;2526;ENG-Premier League;GER;MF;27;1998;25;15;1443;16,0;1;4;5;1;0;0;8;0;0,06;0,25;0,31;0,06;0,31;GER;MF;27;1998;16,0;1;12;3;25,0;0,75;0,19;0,08;0,33;0;0;GER;MF;27;1998;25;1443;58;42,2;16,0;15;82;11;10;21;3;1,4;26;21;5;0,31;0,4;GER;MF;27;1998;16,0;8;0;0;20;13;0;61;27;17;0;;;;;;;;;;;;;;;;;;;;;;;
Yehor Yarmoliuk;Brentford;2526;ENG-Premier League;UKR;MF;21;2004;37;30;2659;29,5;1;2;3;1;0;0;7;0;0,03;0,07;0,1;0,03;0,1;UKR;MF;21;2004;29,5;1;16;4;25,0;0,54;0,14;0,06;0,25;0;0;UKR;MF;21;2004;37;2659;72;77,7;29,5;30;83;15;7;26;0;1,41;42;42;0;0,0;-0,35;UKR;MF;21;2004;29,5;7;0;0;37;12;1;30;28;46;0;;;;;;;;;;;;;;;;;;;;;;;
Yunus Emre Konak;Brentford;2526;ENG-Premier League;;;;;;;;;;;;;;;;;;;;;;;;;;;;;;;;;;;;;TUR;MF;19;2006;0;;;;;0;;0;0;;3;;;;;;;;;;;;;;;;;;;;;;;;;;;;;;;;;;;;;;;;;;;;
Bart Verbruggen;Brighton;2526;ENG-Premier League;NED;GK;22;2002;38;38;3420;38,0;0;0;0;0;0;0;3;0;0,0;0,0;0,0;0,0;0,0;NED;GK;22;2002;38,0;0;0;0;;0,0;0,0;;;0;0;NED;GK;22;2002;38;3420;90;100,0;38,0;38;90;38;0;;0;1,39;52;46;6;0,16;;NED;GK;22;2002;38,0;3;0;0;2;2;0;0;0;1;1;NED;GK;22;2002;38;38;3420;38,0;46;1,21;151;103;69,5;14;11;13;10;26,3;6;5;1;0;16,7
Brajan Gruda;Brighton;2526;ENG-Premier League;GER;MF;21;2004;18;8;719;8,0;1;1;2;1;0;0;2;0;0,13;0,13;0,25;0,13;0,25;GER;MF;21;2004;8,0;1;16;6;37,5;2,0;0,75;0,06;0,17;0;0;GER;MF;21;2004;18;719;40;21,0;8,0;8;69;0;10;17;1;1,28;14;11;3;0,38;0,28;GER;MF;21;2004;8,0;2;0;0;11;14;2;14;2;5;0;;;;;;;;;;;;;;;;;;;;;;;
Carlos Baleba;Brighton;2526;ENG-Premier League;CMR;MF;21;2004;31;23;1652;18,4;0;0;0;0;0;0;5;0;0,0;0,0;0,0;0,0;0,0;CMR;MF;21;2004;18,4;0;20;2;10,0;1,09;0,11;0,0;0,0;0;0;CMR;MF;21;2004;31;1652;53;48,3;18,4;23;66;3;8;16;1;1,39;20;20;0;0,0;-0,31;CMR;MF;21;2004;18,4;5;0;0;31;24;0;0;28;21;0;;;;;;;;;;;;;;;;;;;;;;;
Charalampos Kostoulas;Brighton;2526;ENG-Premier League;GRE;FW;18;2007;21;2;369;4,1;2;1;3;2;0;0;2;0;0,49;0,24;0,73;0,49;0,73;GRE;FW;18;2007;4,1;2;21;8;38,1;5,12;1,95;0,1;0,25;0;0;GRE;FW;18;2007;21;369;18;10,8;4,1;2;76;0;19;11;8;0,9;8;9;-1;-0,24;-0,45;GRE;FW;18;2007;4,1;2;0;0;7;7;4;6;1;6;0;;;;;;;;;;;;;;;;;;;;;;;
Charlie Tasker;Brighton;2526;ENG-Premier League;;;;;;;;;;;;;;;;;;;;;;;;;;;;;;;;;;;;;ENG;DF;19;2006;0;;;;;0;;0;0;;1;;;;;;;;;;;;;;;;;;;;;;;;;;;;;;;;;;;;;;;;;;;;
Danny Welbeck;Brighton;2526;ENG-Premier League;ENG;FW;34;1990;37;26;2258;25,1;13;1;14;12;1;3;5;0;0,52;0,04;0,56;0,48;0,52;ENG;FW;34;1990;25,1;13;56;28;50,0;2,23;1,12;0,23;0,46;1;3;ENG;FW;34;1990;37;2258;61;66,0;25,1;26;79;7;11;18;0;1,41;33;28;5;0,2;0,12;ENG;FW;34;1990;25,1;5;0;0;31;10;5;3;8;14;0;;;;;;;;;;;;;;;;;;;;;;;
Diego Coppola;Brighton;2526;ENG-Premier League;ITA;DF;21;2003;5;2;194;2,2;0;0;0;0;0;0;2;0;0,0;0,0;0,0;0,0;0,0;ITA;DF;21;2003;2,2;0;0;0;;0,0;0,0;;;0;0;ITA;DF;21;2003;5;194;39;5,7;2,2;2;88;1;3;6;17;1,6;1;3;-2;-0,93;-1,15;ITA;DF;21;2003;2,2;2;0;0;4;0;0;0;1;2;0;;;;;;;;;;;;;;;;;;;;;;;
Diego Gómez;Brighton;2526;ENG-Premier League;PAR;MF,FW;22;2003;32;26;2120;23,6;5;1;6;5;0;0;9;0;0,21;0,04;0,25;0,21;0,25;PAR;MF,FW;22;2003;23,6;5;42;14;33,3;1,78;0,59;0,12;0,36;0;0;PAR;MF,FW;22;2003;32;2120;66;62,0;23,6;26;75;2;6;28;0;1,41;26;29;-3;-0,13;-0,75;PAR;MF,FW;22;2003;23,6;9;0;0;49;11;1;23;19;49;0;;;;;;;;;;;;;;;;;;;;;;;
Ferdi Kadioglu;Brighton;2526;ENG-Premier League;TUR;DF,MF;25;1999;37;34;3133;34,8;1;0;1;1;0;0;6;0;0,03;0,0;0,03;0,03;0,03;TUR;DF,MF;25;1999;34,8;1;28;13;46,4;0,8;0,37;0,04;0,08;0;0;TUR;DF,MF;25;1999;37;3133;85;91,6;34,8;34;89;30;3;38;1;1,35;46;41;5;0,14;-0,17;TUR;DF,MF;25;1999;34,8;6;0;0;22;36;7;109;25;39;0;;;;;;;;;;;;;;;;;;;;;;;
Freddie Simmonds;Brighton;2526;ENG-Premier League;;;;;;;;;;;;;;;;;;;;;;;;;;;;;;;;;;;;;ENG;DF;17;2008;0;;;;;0;;0;0;;1;;;;;;;;;;;;;;;;;;;;;;;;;;;;;;;;;;;;;;;;;;;;
Georginio Rutter;Brighton;2526;ENG-Premier League;FRA;MF,FW;23;2002;32;20;1786;19,8;3;3;6;3;0;0;2;0;0,15;0,15;0,3;0,15;0,3;FRA;MF,FW;23;2002;19,8;3;42;14;33,3;2,12;0,71;0,07;0,21;0;0;FRA;MF,FW;23;2002;32;1786;56;52,2;19,8;20;78;4;12;19;4;1,38;27;20;7;0,35;0,41;FRA;MF,FW;23;2002;19,8;2;0;0;30;34;11;20;11;19;1;;;;;;;;;;;;;;;;;;;;;;;
Harry Howell;Brighton;2526;ENG-Premier League;ENG;MF;17;2008;3;1;94;1,0;0;0;0;0;0;0;0;0;0,0;0,0;0,0;0,0;0,0;ENG;MF;17;2008;1,0;0;0;0;;0,0;0,0;;;0;0;ENG;MF;17;2008;3;94;31;2,7;1,0;1;70;0;2;12;4;0,0;0;2;-2;-1,91;-2,13;ENG;MF;17;2008;1,0;0;0;0;0;0;1;4;0;0;0;;;;;;;;;;;;;;;;;;;;;;;
Igor;Brighton;2526;ENG-Premier League;;;;;;;;;;;;;;;;;;;;;;;;;;;;;;;;;;;;;BRA;DF;27;1998;0;;;;;0;;0;0;;6;;;;;;;;;;;;;;;;;;;;;;;;;;;;;;;;;;;;;;;;;;;;
Jack Hinshelwood;Brighton;2526;ENG-Premier League;ENG;MF;20;2005;27;20;1741;19,3;4;3;7;4;0;0;0;0;0,21;0,16;0,36;0,21;0,36;ENG;MF;20;2005;19,3;4;37;15;40,5;1,91;0,78;0,11;0,27;0;0;ENG;MF;20;2005;27;1741;64;50,9;19,3;20;76;4;7;32;2;1,33;23;23;0;0,0;-0,32;ENG;MF;20;2005;19,3;0;0;0;32;12;2;7;6;13;1;;;;;;;;;;;;;;;;;;;;;;;
James Milner;Brighton;2526;ENG-Premier League;ENG;MF;39;1986;20;7;784;8,7;1;1;2;0;1;1;2;0;0,11;0,11;0,23;0,0;0,11;ENG;MF;39;1986;8,7;1;8;2;25,0;0,92;0,23;0,13;0,5;1;1;ENG;MF;39;1986;20;784;39;22,9;8,7;7;76;1;13;19;8;1,4;16;17;-1;-0,11;-0,35;ENG;MF;39;1986;8,7;2;0;0;15;3;1;14;5;9;0;;;;;;;;;;;;;;;;;;;;;;;
Jan Paul van Hecke;Brighton;2526;ENG-Premier League;NED;DF;25;2000;36;36;3210;35,7;3;3;6;3;0;0;9;0;0,08;0,08;0,17;0,08;0,17;NED;DF;25;2000;35,7;3;23;10;43,5;0,64;0,28;0,13;0,3;0;0;NED;DF;25;2000;36;3210;89;93,9;35,7;36;89;35;0;;0;1,44;52;44;8;0,22;1,08;NED;DF;25;2000;35,7;9;0;0;27;43;4;23;45;31;1;;;;;;;;;;;;;;;;;;;;;;;
Jason Steele;Brighton;2526;ENG-Premier League;;;;;;;;;;;;;;;;;;;;;;;;;;;;;;;;;;;;;ENG;GK;34;1990;0;;;;;0;;0;0;;38;;;;;;;;;;;;;;;;;;;;;;;;;;;;;;;;;;;;;;;;;;;;
Joe Knight;Brighton;2526;ENG-Premier League;ENG;MF;19;2005;1;0;1;0,0;0;0;0;0;0;0;0;0;0,0;0,0;0,0;0,0;0,0;ENG;MF;19;2005;0,0;0;0;0;;0,0;0,0;;;0;0;ENG;MF;19;2005;1;1;1;0,0;0,0;0;;0;1;1;4;3,0;0;0;0;0,0;-0,16;ENG;MF;19;2005;0,0;0;0;0;0;0;0;0;0;0;0;;;;;;;;;;;;;;;;;;;;;;;
Joël Veltman;Brighton;2526;ENG-Premier League;NED;DF;33;1992;24;9;1058;11,8;1;0;1;1;0;0;5;0;0,09;0,0;0,09;0,09;0,09;NED;DF;33;1992;11,8;1;4;1;25,0;0,34;0,09;0,25;1,0;0;0;NED;DF;33;1992;24;1058;44;30,9;11,8;9;83;7;15;21;9;1,75;18;12;6;0,51;0,51;NED;DF;33;1992;11,8;5;0;0;10;22;2;18;19;17;0;;;;;;;;;;;;;;;;;;;;;;;
Kaoru Mitoma;Brighton;2526;ENG-Premier League;JPN;MF,FW;28;1997;25;19;1721;19,1;3;1;4;3;0;0;5;0;0,16;0,05;0,21;0,16;0,21;JPN;MF,FW;28;1997;19,1;3;32;13;40,6;1,67;0,68;0,09;0,23;0;0;JPN;MF,FW;28;1997;25;1721;69;50,3;19,1;19;82;10;6;28;0;1,4;24;20;4;0,21;0,1;JPN;MF,FW;28;1997;19,1;5;0;0;31;21;4;46;8;12;0;;;;;;;;;;;;;;;;;;;;;;;
Lewis Dunk;Brighton;2526;ENG-Premier League;ENG;DF;33;1991;33;31;2838;31,5;1;0;1;1;0;0;10;0;0,03;0,0;0,03;0,03;0,03;ENG;DF;33;1991;31,5;1;23;3;13,0;0,73;0,1;0,04;0,33;0;0;ENG;DF;33;1991;33;2838;86;83,0;31,5;31;90;31;2;24;1;1,36;44;40;4;0,13;-0,18;ENG;DF;33;1991;31,5;10;0;0;14;12;1;5;30;22;0;;;;;;;;;;;;;;;;;;;;;;;
Mats Wieffer;Brighton;2526;ENG-Premier League;NED;DF;25;1999;26;23;1903;21,1;2;3;5;2;0;0;8;0;0,09;0,14;0,24;0,09;0,24;NED;DF;25;1999;21,1;2;18;6;33,3;0,85;0,28;0,11;0,33;0;0;NED;DF;25;1999;26;1903;73;55,6;21,1;23;79;14;3;29;0;1,54;31;26;5;0,24;0,18;NED;DF;25;1999;21,1;8;0;0;30;22;2;17;24;43;0;;;;;;;;;;;;;;;;;;;;;;;
Matt O'Riley;Brighton;2526;ENG-Premier League;DEN;MF;24;2000;6;2;204;2,3;1;0;1;0;1;1;0;0;0,44;0,0;0,44;0,0;0,0;DEN;MF;24;2000;2,3;1;4;2;50,0;1,76;0,88;0,25;0,5;1;1;DEN;MF;24;2000;6;204;34;6,0;2,3;2;89;1;4;7;7;1,33;2;3;-1;-0,44;-0,64;DEN;MF;24;2000;2,3;0;0;0;2;1;1;6;0;2;0;;;;;;;;;;;;;;;;;;;;;;;
Maxim De Cuyper;Brighton;2526;ENG-Premier League;BEL;DF,MF;24;2000;30;17;1414;15,7;2;3;5;2;0;0;2;0;0,13;0,19;0,32;0,13;0,32;BEL;DF,MF;24;2000;15,7;2;13;6;46,2;0,83;0,38;0,15;0,33;0;0;BEL;DF,MF;24;2000;30;1414;47;41,3;15,7;17;70;5;13;17;6;1,4;21;23;-2;-0,13;-0,49;BEL;DF,MF;24;2000;15,7;2;0;0;18;21;1;77;11;10;0;;;;;;;;;;;;;;;;;;;;;;;
Nehemiah Oriola;Brighton;2526;ENG-Premier League;ENG;MF;18;2007;1;0;1;0,0;0;0;0;0;0;0;0;0;0,0;0,0;0,0;0,0;0,0;ENG;MF;18;2007;0,0;0;0;0;;0,0;0,0;;;0;0;ENG;MF;18;2007;1;1;1;0,0;0,0;0;;0;1;1;6;3,0;0;0;0;0,0;-0,16;ENG;MF;18;2007;0,0;0;0;0;0;0;0;0;0;0;0;;;;;;;;;;;;;;;;;;;;;;;
Olivier Boscagli;Brighton;2526;ENG-Premier League;FRA;DF;27;1997;12;9;802;8,9;0;1;1;0;0;0;2;0;0,0;0,11;0,11;0,0;0,11;FRA;DF;27;1997;8,9;0;1;0;0,0;0,11;0,0;0,0;;0;0;FRA;DF;27;1997;12;802;67;23,5;8,9;9;85;7;3;13;26;1,08;11;10;1;0,11;-0,06;FRA;DF;27;1997;8,9;2;0;0;7;10;0;15;16;11;0;;;;;;;;;;;;;;;;;;;;;;;
Pascal Groß;Brighton;2526;ENG-Premier League;GER;MF;34;1991;19;18;1636;18,2;1;3;4;1;0;0;2;0;0,06;0,17;0,22;0,06;0,22;GER;MF;34;1991;18,2;1;18;9;50,0;0,99;0,5;0,06;0,11;0;0;GER;MF;34;1991;19;1636;86;47,8;18,2;18;90;16;1;20;0;1,47;22;17;5;0,28;0,22;GER;MF;34;1991;18,2;2;0;0;17;12;4;119;11;17;0;;;;;;;;;;;;;;;;;;;;;;;
Solly March;Brighton;2526;ENG-Premier League;ENG;MF;31;1994;4;0;41;0,5;0;0;0;0;0;0;0;0;0,0;0,0;0,0;0,0;0,0;ENG;MF;31;1994;0,5;0;1;1;100,0;2,2;2,2;0,0;0,0;0;0;ENG;MF;31;1994;4;41;10;1,2;0,5;0;;0;4;10;2;1,5;0;1;-1;-2,2;-2,38;ENG;MF;31;1994;0,5;0;0;0;0;1;0;4;0;2;0;;;;;;;;;;;;;;;;;;;;;;;
Stefanos Tzimas;Brighton;2526;ENG-Premier League;GRE;FW;19;2006;9;1;139;1,5;1;1;2;1;0;0;0;0;0,65;0,65;1,29;0,65;1,29;GRE;FW;19;2006;1,5;1;4;1;25,0;2,59;0,65;0,25;1,0;0;0;GRE;FW;19;2006;9;139;15;4,1;1,5;1;23;0;8;15;2;1,56;7;2;5;3,24;3,21;GRE;FW;19;2006;1,5;0;0;0;4;1;1;1;0;1;0;;;;;;;;;;;;;;;;;;;;;;;
Tom Watson;Brighton;2526;ENG-Premier League;ENG;MF;19;2006;6;0;62;0,7;0;0;0;0;0;0;1;0;0,0;0,0;0,0;0,0;0,0;ENG;MF;19;2006;0,7;0;1;1;100,0;1,45;1,45;0,0;0,0;0;0;ENG;MF;19;2006;6;62;10;1,8;0,7;0;;0;6;10;5;1,33;2;2;0;0,0;-0,16;ENG;MF;19;2006;0,7;1;0;0;3;0;0;0;0;1;0;;;;;;;;;;;;;;;;;;;;;;;
Yankuba Minteh;Brighton;2526;ENG-Premier League;GAM;MF;21;2004;34;26;2391;26,6;3;4;7;3;0;0;3;0;0,11;0,15;0,26;0,11;0,26;GAM;MF;21;2004;26,6;3;41;11;26,8;1,54;0,41;0,07;0,27;0;0;GAM;MF;21;2004;34;2391;70;69,9;26,6;26;83;11;8;29;2;1,26;39;33;6;0,23;0,23;GAM;MF;21;2004;26,6;3;0;0;32;22;10;159;15;37;0;;;;;;;;;;;;;;;;;;;;;;;
Yasin Ayari;Brighton;2526;ENG-Premier League;SWE;MF;21;2003;29;20;1929;21,4;3;3;6;3;0;0;1;0;0,14;0,14;0,28;0,14;0,28;SWE;MF;21;2003;21,4;3;41;10;24,4;1,91;0,47;0,07;0,3;0;0;SWE;MF;21;2003;29;1929;67;56,4;21,4;20;86;15;9;22;2;1,55;32;24;8;0,37;0,49;SWE;MF;21;2003;21,4;1;0;0;24;28;0;24;26;25;0;;;;;;;;;;;;;;;;;;;;;;;
Aaron Ramsey;Burnley;2526;ENG-Premier League;;;;;;;;;;;;;;;;;;;;;;;;;;;;;;;;;;;;;ENG;MF;22;2003;0;;;;;0;;0;0;;3;;;;;;;;;;;;;;;;;;;;;;;;;;;;;;;;;;;;;;;;;;;;
Armando Broja;Burnley;2526;ENG-Premier League;ALB;FW;23;2001;24;8;860;9,6;1;1;2;1;0;0;0;0;0,1;0,1;0,21;0,1;0,21;ALB;FW;23;2001;9,6;1;16;6;37,5;1,67;0,63;0,06;0,17;0;0;ALB;FW;23;2001;24;860;36;25,1;9,6;8;79;2;16;14;5;0,25;11;27;-16;-1,67;-0,94;ALB;FW;23;2001;9,6;0;0;0;14;16;6;3;3;3;0;;;;;;;;;;;;;;;;;;;;;;;
Ashley Barnes;Burnley;2526;ENG-Premier League;ENG;FW,MF;35;1989;7;0;46;0,5;0;0;0;0;0;0;2;0;0,0;0,0;0,0;0,0;0,0;ENG;FW,MF;35;1989;0,5;0;2;1;50,0;3,91;1,96;0,0;0,0;0;0;ENG;FW,MF;35;1989;7;46;7;1,3;0,5;0;;0;7;7;10;0,75;2;4;-2;-3,91;-2,98;ENG;FW,MF;35;1989;0,5;2;0;0;2;2;2;0;0;0;0;;;;;;;;;;;;;;;;;;;;;;;
Axel Tuanzebe;Burnley;2526;ENG-Premier League;COD;DF;27;1997;14;14;1201;13,3;1;0;1;1;0;0;1;0;0,07;0,0;0,07;0,07;0,07;COD;DF;27;1997;13,3;1;2;1;50,0;0,15;0,07;0,5;1,0;0;0;COD;DF;27;1997;14;1201;86;35,1;13,3;14;86;12;0;;0;0,71;16;26;-10;-0,75;0,35;COD;DF;27;1997;13,3;1;0;0;13;2;1;1;12;8;1;;;;;;;;;;;;;;;;;;;;;;;
Bashir Humphreys;Burnley;2526;ENG-Premier League;ENG;DF,MF;22;2003;20;17;1578;17,5;0;0;0;0;0;0;6;0;0,0;0,0;0,0;0,0;0,0;ENG;DF,MF;22;2003;17,5;0;9;3;33,3;0,51;0,17;0,0;0,0;0;0;ENG;DF,MF;22;2003;20;1578;79;46,1;17,5;17;88;13;3;29;6;0,5;15;33;-18;-1,03;-0,1;ENG;DF,MF;22;2003;17,5;6;0;0;14;10;2;17;11;17;0;;;;;;;;;;;;;;;;;;;;;;;
Connor Roberts;Burnley;2526;ENG-Premier League;;;;;;;;;;;;;;;;;;;;;;;;;;;;;;;;;;;;;WAL;DF,MF;29;1995;0;;;;;0;;0;0;;1;;;;;;;;;;;;;;;;;;;;;;;;;;;;;;;;;;;;;;;;;;;;
Enock Agyei;Burnley;2526;ENG-Premier League;;;;;;;;;;;;;;;;;;;;;;;;;;;;;;;;;;;;;BEL;FW;20;2005;0;;;;;0;;0;0;;1;;;;;;;;;;;;;;;;;;;;;;;;;;;;;;;;;;;;;;;;;;;;
Florentino Luís;Burnley;2526;ENG-Premier League;POR;MF;25;1999;31;25;2105;23,4;0;2;2;0;0;0;6;0;0,0;0,09;0,09;0,0;0,09;POR;MF;25;1999;23,4;0;13;2;15,4;0,56;0,09;0,0;0,0;0;0;POR;MF;25;1999;31;2105;68;61,5;23,4;25;79;9;6;20;4;0,52;20;45;-25;-1,07;-0,25;POR;MF;25;1999;23,4;6;0;0;40;8;1;11;40;49;0;;;;;;;;;;;;;;;;;;;;;;;
George Brierley;Burnley;2526;ENG-Premier League;;;;;;;;;;;;;;;;;;;;;;;;;;;;;;;;;;;;;ENG;MF;17;2007;0;;;;;0;;0;0;;1;;;;;;;;;;;;;;;;;;;;;;;;;;;;;;;;;;;;;;;;;;;;
Hannibal Mejbri;Burnley;2526;ENG-Premier League;TUN;MF;22;2003;27;15;1229;13,7;1;4;5;1;0;0;10;0;0,07;0,29;0,37;0,07;0,37;TUN;MF;22;2003;13,7;1;19;5;26,3;1,39;0,37;0,05;0,2;0;0;TUN;MF;22;2003;27;1229;46;35,9;13,7;15;70;3;12;15;2;0,74;16;27;-11;-0,81;0,26;TUN;MF;22;2003;13,7;10;0;0;23;46;3;30;7;17;0;;;;;;;;;;;;;;;;;;;;;;;
Hjalmar Ekdal;Burnley;2526;ENG-Premier League;SWE;DF;26;1998;19;17;1539;17,1;0;0;0;0;0;0;0;0;0,0;0,0;0,0;0,0;0,0;SWE;DF;26;1998;17,1;0;6;1;16,7;0,35;0,06;0,0;0,0;0;0;SWE;DF;26;1998;19;1539;81;45,0;17,1;17;89;15;2;9;14;0,53;13;34;-21;-1,23;-0,46;SWE;DF;26;1998;17,1;0;0;0;5;7;2;1;12;17;0;;;;;;;;;;;;;;;;;;;;;;;
Jacob Bruun Larsen;Burnley;2526;ENG-Premier League;DEN;MF,FW;26;1998;28;10;1030;11,4;0;1;1;0;0;0;0;0;0,0;0,09;0,09;0,0;0,09;DEN;MF,FW;26;1998;11,4;0;17;4;23,5;1,49;0,35;0,0;0,0;0;0;DEN;MF,FW;26;1998;28;1030;37;30,1;11,4;10;67;0;18;20;4;0,61;12;29;-17;-1,49;-0,73;DEN;MF,FW;26;1998;11,4;0;0;0;1;0;4;42;6;3;0;;;;;;;;;;;;;;;;;;;;;;;
Jaidon Anthony;Burnley;2526;ENG-Premier League;ENG;MF;25;1999;37;32;2722;30,2;8;2;10;8;0;0;4;0;0,26;0,07;0,33;0,26;0,33;ENG;MF;25;1999;30,2;8;55;23;41,8;1,82;0,76;0,15;0,35;0;0;ENG;MF;25;1999;37;2722;74;79,6;30,2;32;82;13;5;17;1;0,59;30;59;-29;-0,96;0,07;ENG;MF;25;1999;30,2;4;0;0;27;47;9;80;16;21;0;;;;;;;;;;;;;;;;;;;;;;;
James Ward-Prowse;Burnley;2526;ENG-Premier League;ENG;MF;30;1994;13;7;684;7,6;0;1;1;0;0;0;1;0;0,0;0,13;0,13;0,0;0,13;ENG;MF;30;1994;7,6;0;3;2;66,7;0,39;0,26;0,0;0,0;0;0;ENG;MF;30;1994;13;684;53;20,0;7,6;7;82;4;6;18;1;0,54;6;16;-10;-1,32;-0,43;ENG;MF;30;1994;7,6;1;0;0;4;11;0;52;15;4;0;;;;;;;;;;;;;;;;;;;;;;;
Jaydon Amauri Banel;Burnley;2526;ENG-Premier League;NED;FW,MF;20;2004;1;0;10;0,1;0;0;0;0;0;0;0;0;0,0;0,0;0,0;0,0;0,0;NED;FW,MF;20;2004;0,1;0;0;0;;0,0;0,0;;;0;0;NED;FW,MF;20;2004;1;10;10;0,3;0,1;0;;0;1;10;1;0,0;0;0;0;0,0;0,98;NED;FW,MF;20;2004;0,1;0;0;0;0;1;0;0;0;0;0;;;;;;;;;;;;;;;;;;;;;;;
Joe Worrall;Burnley;2526;ENG-Premier League;ENG;DF;28;1997;11;5;500;5,6;0;0;0;0;0;0;0;0;0,0;0,0;0,0;0,0;0,0;ENG;DF;28;1997;5,6;0;1;0;0,0;0,18;0,0;0,0;;0;0;ENG;DF;28;1997;11;500;45;14,6;5,6;5;83;4;6;14;13;0,82;10;11;-1;-0,18;0,93;ENG;DF;28;1997;5,6;0;0;0;4;1;0;0;6;2;0;;;;;;;;;;;;;;;;;;;;;;;
Josh Cullen;Burnley;2526;ENG-Premier League;IRL;MF;29;1996;18;18;1514;16,8;2;2;4;2;0;0;2;0;0,12;0,12;0,24;0,12;0,24;IRL;MF;29;1996;16,8;2;11;6;54,5;0,65;0,36;0,18;0,33;0;0;IRL;MF;29;1996;18;1514;84;44,3;16,8;18;84;12;0;;0;0,67;18;29;-11;-0,65;0,57;IRL;MF;29;1996;16,8;2;0;0;16;18;0;12;24;19;1;;;;;;;;;;;;;;;;;;;;;;;
Josh Laurent;Burnley;2526;ENG-Premier League;ENG;DF,MF;30;1995;33;18;1764;19,6;1;0;1;1;0;0;7;1;0,05;0,0;0,05;0,05;0,05;ENG;DF,MF;30;1995;19,6;1;15;4;26,7;0,77;0,2;0,07;0,25;0;0;ENG;DF,MF;30;1995;33;1764;53;51,6;19,6;18;81;9;15;20;4;0,64;17;40;-23;-1,17;-0,41;ENG;DF,MF;30;1995;19,6;7;1;0;31;11;2;14;28;25;0;;;;;;;;;;;;;;;;;;;;;;;
Kian McMahon-Brown;Burnley;2526;ENG-Premier League;;;;;;;;;;;;;;;;;;;;;;;;;;;;;;;;;;;;;IRL;MF;16;2008;0;;;;;0;;0;0;;1;;;;;;;;;;;;;;;;;;;;;;;;;;;;;;;;;;;;;;;;;;;;
Kyle Walker;Burnley;2526;ENG-Premier League;ENG;DF,MF;35;1990;36;35;3096;34,4;0;2;2;0;0;0;9;0;0,0;0,06;0,06;0,0;0,06;ENG;DF,MF;35;1990;34,4;0;4;0;0,0;0,12;0,0;0,0;;0;0;ENG;DF,MF;35;1990;36;3096;86;90,5;34,4;35;88;32;1;9;1;0,61;31;66;-35;-1,02;-0,46;ENG;DF,MF;35;1990;34,4;9;0;0;32;22;1;37;43;32;0;;;;;;;;;;;;;;;;;;;;;;;
Lesley Ugochukwu;Burnley;2526;ENG-Premier League;FRA;MF;21;2004;35;27;2336;26,0;3;1;4;3;0;0;3;1;0,12;0,04;0,15;0,12;0,15;FRA;MF;21;2004;26,0;3;23;8;34,8;0,89;0,31;0,13;0,38;0;0;FRA;MF;21;2004;35;2336;67;68,3;26,0;27;78;5;8;29;2;0,6;28;50;-22;-0,85;0,4;FRA;MF;21;2004;26,0;3;1;1;28;30;1;7;17;26;0;;;;;;;;;;;;;;;;;;;;;;;
Loum Tchaouna;Burnley;2526;ENG-Premier League;FRA;MF,FW;21;2003;29;14;1272;14,1;2;1;3;2;0;0;2;0;0,14;0,07;0,21;0,14;0,21;FRA;MF,FW;21;2003;14,1;2;23;9;39,1;1,63;0,64;0,09;0,22;0;0;FRA;MF,FW;21;2003;29;1272;44;37,2;14,1;14;71;2;15;18;9;0,41;13;24;-11;-0,78;0,31;FRA;MF,FW;21;2003;14,1;2;0;0;12;16;1;34;2;9;0;;;;;;;;;;;;;;;;;;;;;;;
Lucas;Burnley;2526;ENG-Premier League;BRA;MF,DF;24;2001;20;15;1409;15,7;0;0;0;0;0;0;1;1;0,0;0,0;0,0;0,0;0,0;BRA;MF,DF;24;2001;15,7;0;16;4;25,0;1,02;0,26;0,0;0,0;0;0;BRA;MF,DF;24;2001;20;1409;70;41,2;15,7;15;87;14;5;21;13;0,45;16;29;-13;-0,83;0,24;BRA;MF,DF;24;2001;15,7;1;1;0;15;4;5;56;19;22;0;;;;;;;;;;;;;;;;;;;;;;;
Lyle Foster;Burnley;2526;ENG-Premier League;RSA;FW,MF;24;2000;26;15;1371;15,2;3;2;5;3;0;0;4;0;0,2;0,13;0,33;0,2;0,33;RSA;FW,MF;24;2000;15,2;3;20;6;30,0;1,31;0,39;0,15;0,5;0;0;RSA;FW,MF;24;2000;26;1371;53;40,1;15,2;15;75;3;11;22;2;0,58;11;30;-19;-1,25;-0,46;RSA;FW,MF;24;2000;15,2;4;0;0;22;13;11;6;4;12;0;;;;;;;;;;;;;;;;;;;;;;;
Marcus Edwards;Burnley;2526;ENG-Premier League;ENG;MF,FW;26;1998;23;11;1067;11,9;1;3;4;1;0;0;0;0;0,08;0,25;0,34;0,08;0,34;ENG;MF,FW;26;1998;11,9;1;23;6;26,1;1,94;0,51;0,04;0,17;0;0;ENG;MF,FW;26;1998;23;1067;46;31,2;11,9;11;79;2;12;16;12;0,48;14;18;-4;-0,34;0,92;ENG;MF,FW;26;1998;11,9;0;0;0;7;18;1;19;3;6;0;;;;;;;;;;;;;;;;;;;;;;;
Martin Dúbravka;Burnley;2526;ENG-Premier League;SVK;GK;36;1989;35;35;3150;35,0;0;0;0;0;0;0;1;0;0,0;0,0;0,0;0,0;0,0;SVK;GK;36;1989;35,0;0;0;0;;0,0;0,0;;;0;0;SVK;GK;36;1989;35;3150;90;92,1;35,0;35;90;35;0;;3;0,57;35;71;-36;-1,03;-0,7;SVK;GK;36;1989;35,0;1;0;0;0;8;0;0;0;1;0;SVK;GK;36;1989;35;35;3150;35,0;71;2,03;198;127;64,1;4;8;23;4;11,4;7;6;0;1;0,0
Max Weiß;Burnley;2526;ENG-Premier League;GER;GK;21;2004;3;3;270;3,0;0;0;0;0;0;0;0;0;0,0;0,0;0,0;0,0;0,0;GER;GK;21;2004;3,0;0;0;0;;0,0;0,0;;;0;0;GER;GK;21;2004;3;270;90;7,9;3,0;3;90;3;0;;35;0,67;3;4;-1;-0,33;0,7;GER;GK;21;2004;3,0;0;0;0;0;0;0;0;0;0;0;GER;GK;21;2004;3;3;270;3,0;4;1,33;14;10;71,4;0;2;1;0;0,0;1;1;0;0;0,0
Maxime Estève;Burnley;2526;ENG-Premier League;FRA;DF;23;2002;34;34;2932;32,6;0;0;0;0;0;0;1;0;0,0;0,0;0,0;0,0;0,0;FRA;DF;23;2002;32,6;0;10;1;10,0;0,31;0,03;0,0;0,0;0;0;FRA;DF;23;2002;34;2932;86;85,7;32,6;34;86;28;0;;0;0,56;34;70;-36;-1,11;-0,92;FRA;DF;23;2002;32,6;1;0;0;13;12;0;6;37;27;2;;;;;;;;;;;;;;;;;;;;;;;
Mike Trésor;Burnley;2526;ENG-Premier League;BEL;FW,MF;26;1999;6;0;43;0,5;0;0;0;0;0;0;0;0;0,0;0,0;0,0;0,0;0,0;BEL;FW,MF;26;1999;0,5;0;0;0;;0,0;0,0;;;0;0;BEL;FW,MF;26;1999;6;43;7;1,3;0,5;0;;0;6;7;2;0,33;2;2;0;0,0;0,99;BEL;FW,MF;26;1999;0,5;0;0;0;0;0;0;3;0;1;0;;;;;;;;;;;;;;;;;;;;;;;
Oliver Pimlott;Burnley;2526;ENG-Premier League;;;;;;;;;;;;;;;;;;;;;;;;;;;;;;;;;;;;;ENG;MF;18;2007;0;;;;;0;;0;0;;2;;;;;;;;;;;;;;;;;;;;;;;;;;;;;;;;;;;;;;;;;;;;
Oliver Sonne;Burnley;2526;ENG-Premier League;PER;DF;24;2000;7;1;169;1,9;1;0;1;1;0;0;0;0;0,53;0,0;0,53;0,53;0,53;PER;DF;24;2000;1,9;1;3;1;33,3;1,6;0,53;0,33;1,0;0;0;PER;DF;24;2000;7;169;24;4,9;1,9;1;73;0;6;16;3;0,71;3;4;-1;-0,53;0,46;PER;DF;24;2000;1,9;0;0;0;4;0;0;5;1;1;0;;;;;;;;;;;;;;;;;;;;;;;
Quilindschy Hartman;Burnley;2526;ENG-Premier League;NED;DF;23;2001;21;21;1825;20,3;0;5;5;0;0;0;1;0;0,0;0,25;0,25;0,0;0,25;NED;DF;23;2001;20,3;0;9;3;33,3;0,44;0,15;0,0;0,0;0;0;NED;DF;23;2001;21;1825;87;53,4;20,3;21;87;16;0;;9;0,52;18;40;-22;-1,08;-0,24;NED;DF;23;2001;20,3;1;0;0;13;3;1;74;32;31;0;;;;;;;;;;;;;;;;;;;;;;;
Zeki Amdouni;Burnley;2526;ENG-Premier League;SUI;FW,MF;24;2000;4;0;73;0,8;0;0;0;0;0;0;0;0;0,0;0,0;0,0;0,0;0,0;SUI;FW,MF;24;2000;0,8;0;3;1;33,3;3,7;1,23;0,0;0,0;0;0;SUI;FW,MF;24;2000;4;73;18;2,1;0,8;0;;0;4;18;0;0,5;0;0;0;0,0;0,99;SUI;FW,MF;24;2000;0,8;0;0;0;1;1;0;0;0;0;0;;;;;;;;;;;;;;;;;;;;;;;
Zian Flemming;Burnley;2526;ENG-Premier League;NED;FW;26;1998;29;21;1769;19,7;11;0;11;9;2;2;5;0;0,56;0,0;0,56;0,46;0,46;NED;FW;26;1998;19,7;11;52;21;40,4;2,65;1,07;0,21;0,52;2;2;NED;FW;26;1998;29;1769;61;51,7;19,7;21;79;6;8;13;3;0,66;23;35;-12;-0,61;0,75;NED;FW;26;1998;19,7;5;0;0;51;26;3;6;6;10;0;;;;;;;;;;;;;;;;;;;;;;;
Alejandro Garnacho;Chelsea;2526;ENG-Premier League;ARG;MF;21;2004;24;14;1268;14,1;1;4;5;1;0;0;2;0;0,07;0,28;0,35;0,07;0,35;ARG;MF;21;2004;14,1;1;33;7;21,2;2,34;0,5;0,03;0,14;0;0;ARG;MF;21;2004;24;1268;53;37,1;14,1;14;68;4;10;31;9;1,46;20;20;0;0,0;-0,25;ARG;MF;21;2004;14,1;2;0;0;9;23;2;61;4;13;0;;;;;;;;;;;;;;;;;;;;;;;
Andrey Santos;Chelsea;2526;ENG-Premier League;BRA;MF;21;2004;27;13;1260;14,0;1;0;1;1;0;0;4;0;0,07;0,0;0,07;0,07;0,07;BRA;MF;21;2004;14,0;1;11;2;18,2;0,79;0,14;0,09;0,5;0;0;BRA;MF;21;2004;27;1260;47;36,8;14,0;13;71;4;14;24;10;1,48;21;18;3;0,21;0,09;BRA;MF;21;2004;14,0;4;0;0;13;22;1;2;18;21;0;;;;;;;;;;;;;;;;;;;;;;;
Benoît Badiashile;Chelsea;2526;ENG-Premier League;FRA;DF;24;2001;8;6;471;5,2;0;0;0;0;0;0;2;0;0,0;0,0;0,0;0,0;0,0;FRA;DF;24;2001;5,2;0;0;0;;0,0;0,0;;;0;0;FRA;DF;24;2001;8;471;59;13,8;5,2;6;69;3;2;29;11;1,63;7;10;-3;-0,57;-0,85;FRA;DF;24;2001;5,2;2;0;0;6;2;0;0;9;5;0;;;;;;;;;;;;;;;;;;;;;;;
Cole Palmer;Chelsea;2526;ENG-Premier League;ENG;MF;23;2002;26;24;1955;21,7;10;1;11;5;5;6;5;0;0,46;0,05;0,51;0,23;0,28;ENG;MF;23;2002;21,7;10;64;25;39,1;2,95;1,15;0,16;0,4;5;6;ENG;MF;23;2002;26;1955;75;57,2;21,7;24;79;12;2;33;1;1,04;32;33;-1;-0,05;-0,48;ENG;MF;23;2002;21,7;5;0;0;13;37;2;35;13;12;0;;;;;;;;;;;;;;;;;;;;;;;
Dario Essugo;Chelsea;2526;ENG-Premier League;POR;MF;20;2005;3;0;30;0,3;0;0;0;0;0;0;2;0;0,0;0,0;0,0;0,0;0,0;POR;MF;20;2005;0,3;0;0;0;;0,0;0,0;;;0;0;POR;MF;20;2005;3;30;10;0,9;0,3;0;;0;3;10;7;1,0;0;1;-1;-3,0;-3,19;POR;MF;20;2005;0,3;2;0;0;3;1;0;0;0;3;0;;;;;;;;;;;;;;;;;;;;;;;
Enzo Fernández;Chelsea;2526;ENG-Premier League;ARG;MF;24;2001;36;35;3115;34,6;10;4;14;8;2;2;10;0;0,29;0,12;0,4;0,23;0,35;ARG;MF;24;2001;34,6;10;72;31;43,1;2,08;0,9;0,14;0,32;2;2;ARG;MF;24;2001;36;3115;87;91,1;34,6;35;88;28;1;37;0;1,36;53;46;7;0,2;0,5;ARG;MF;24;2001;34,6;10;0;0;36;45;1;89;20;24;0;;;;;;;;;;;;;;;;;;;;;;;
Estêvão Willian;Chelsea;2526;ENG-Premier League;BRA;MF;18;2007;22;12;848;9,4;2;2;4;2;0;0;4;0;0,21;0,21;0,42;0,21;0,42;BRA;MF;18;2007;9,4;2;28;8;28,6;2,97;0,85;0,07;0,25;0;0;BRA;MF;18;2007;22;848;39;24,8;9,4;12;54;0;10;20;3;1,36;19;11;8;0,85;0,92;BRA;MF;18;2007;9,4;4;0;0;12;9;6;16;4;6;0;;;;;;;;;;;;;;;;;;;;;;;
Facundo Buonanotte;Chelsea;2526;ENG-Premier League;ARG;MF;20;2004;1;1;45;0,5;0;0;0;0;0;0;0;0;0,0;0,0;0,0;0,0;0,0;ARG;MF;20;2004;0,5;0;0;0;;0,0;0,0;;;0;0;ARG;MF;20;2004;1;45;45;1,3;0,5;1;45;0;0;;4;1,0;0;1;-1;-2,0;-2,19;ARG;MF;20;2004;0,5;0;0;0;0;0;0;0;0;0;0;;;;;;;;;;;;;;;;;;;;;;;
Filip Jørgensen;Chelsea;2526;ENG-Premier League;DEN;GK;23;2002;5;3;379;4,2;0;0;0;0;0;0;0;0;0,0;0,0;0,0;0,0;0,0;DEN;GK;23;2002;4,2;0;0;0;;0,0;0,0;;;0;0;DEN;GK;23;2002;5;379;76;11,1;4,2;3;90;3;2;55;23;1,0;8;5;3;0,71;0,62;DEN;GK;23;2002;4,2;0;0;0;0;0;0;0;1;0;0;DEN;GK;23;2002;5;3;379;4,2;5;1,19;13;8;61,5;1;2;0;0;0,0;0;0;0;0;
Gaga Slonina;Chelsea;2526;ENG-Premier League;;;;;;;;;;;;;;;;;;;;;;;;;;;;;;;;;;;;;USA;GK;21;2004;0;;;;;0;;0;0;;5;;;;;;;;;;;;;;;;;;;;;;;;;;;;;;;;;;;;;;;;;;;;
Jamie Gittens;Chelsea;2526;ENG-Premier League;ENG;MF;20;2004;16;5;495;5,5;0;2;2;0;0;0;0;0;0,0;0,36;0,36;0,0;0,36;ENG;MF;20;2004;5,5;0;10;2;20,0;1,82;0,36;0,0;0,0;0;0;ENG;MF;20;2004;16;495;31;14,5;5,5;5;57;1;11;19;6;2,06;7;7;0;0,0;-0,18;ENG;MF;20;2004;5,5;0;0;0;6;8;2;13;2;4;0;;;;;;;;;;;;;;;;;;;;;;;
Jesse Derry;Chelsea;2526;ENG-Premier League;ENG;MF;18;2007;1;1;44;0,5;0;0;0;0;0;0;0;0;0,0;0,0;0,0;0,0;0,0;ENG;MF;18;2007;0,5;0;2;1;50,0;4,09;2,05;0,0;0,0;0;0;ENG;MF;18;2007;1;44;44;1,3;0,5;1;44;0;0;;3;0,0;0;2;-2;-4,09;-4,3;ENG;MF;18;2007;0,5;0;0;0;0;1;0;2;0;1;0;;;;;;;;;;;;;;;;;;;;;;;
Jorrel Hato;Chelsea;2526;ENG-Premier League;NED;DF;19;2006;22;12;1148;12,8;0;0;0;0;0;0;7;0;0,0;0,0;0,0;0,0;0,0;NED;DF;19;2006;12,8;0;4;0;0,0;0,31;0,0;0,0;;0;0;NED;DF;19;2006;22;1148;52;33,6;12,8;12;77;7;10;23;13;1,32;13;27;-14;-1,1;-1,89;NED;DF;19;2006;12,8;7;0;0;15;2;0;7;17;19;0;;;;;;;;;;;;;;;;;;;;;;;
Joshua Acheampong;Chelsea;2526;ENG-Premier League;ENG;DF;19;2006;17;8;666;7,4;1;0;1;1;0;0;1;0;0,14;0,0;0,14;0,14;0,14;ENG;DF;19;2006;7,4;1;4;2;50,0;0,54;0,27;0,25;0,5;0;0;ENG;DF;19;2006;17;666;39;19,5;7,4;8;71;1;9;11;18;1,18;10;13;-3;-0,41;-0,7;ENG;DF;19;2006;7,4;1;0;0;2;9;2;1;12;8;0;;;;;;;;;;;;;;;;;;;;;;;
João Pedro;Chelsea;2526;ENG-Premier League;BRA;FW,MF;23;2001;35;31;2661;29,6;15;5;20;15;0;0;5;0;0,51;0,17;0,68;0,51;0,68;BRA;FW,MF;23;2001;29,6;15;73;28;38,4;2,47;0,95;0,21;0,54;0;0;BRA;FW,MF;23;2001;35;2661;76;77,8;29,6;31;82;14;4;31;0;1,4;48;36;12;0,41;1,12;BRA;FW,MF;23;2001;29,6;5;0;0;38;55;16;18;6;17;0;;;;;;;;;;;;;;;;;;;;;;;
Landon Emenalo;Chelsea;2526;ENG-Premier League;;;;;;;;;;;;;;;;;;;;;;;;;;;;;;;;;;;;;ENG;DF;17;2008;0;;;;;0;;0;0;;1;;;;;;;;;;;;;;;;;;;;;;;;;;;;;;;;;;;;;;;;;;;;
Levi Colwill;Chelsea;2526;ENG-Premier League;ENG;DF;22;2003;3;2;225;2,5;0;0;0;0;0;0;0;0;0,0;0,0;0,0;0,0;0,0;ENG;DF;22;2003;2,5;0;0;0;;0,0;0,0;;;0;0;ENG;DF;22;2003;3;225;75;6,6;2,5;2;90;2;1;45;0;0,33;3;4;-1;-0,4;-0,6;ENG;DF;22;2003;2,5;0;0;0;1;2;0;1;5;2;0;;;;;;;;;;;;;;;;;;;;;;;
Liam Delap;Chelsea;2526;ENG-Premier League;ENG;FW;22;2003;28;12;1107;12,3;1;0;1;1;0;0;4;0;0,08;0,0;0,08;0,08;0,08;ENG;FW;22;2003;12,3;1;36;11;30,6;2,93;0,89;0,03;0,09;0;0;ENG;FW;22;2003;28;1107;40;32,4;12,3;12;67;3;16;19;1;1,32;19;18;1;0,08;-0,11;ENG;FW;22;2003;12,3;4;0;0;25;19;5;6;1;3;0;;;;;;;;;;;;;;;;;;;;;;;
Malo Gusto;Chelsea;2526;ENG-Premier League;FRA;DF,MF;22;2003;34;26;2261;25,1;2;3;5;2;0;0;5;1;0,08;0,12;0,2;0,08;0,2;FRA;DF,MF;22;2003;25,1;2;12;6;50,0;0,48;0,24;0,17;0,33;0;0;FRA;DF,MF;22;2003;34;2261;67;66,1;25,1;26;80;10;8;24;1;1,32;42;35;7;0,28;0,36;FRA;DF,MF;22;2003;25,1;5;1;1;20;20;1;58;30;23;1;;;;;;;;;;;;;;;;;;;;;;;
Mamadou Sarr;Chelsea;2526;ENG-Premier League;SEN;DF;19;2005;3;1;102;1,1;0;0;0;0;0;0;0;0;0,0;0,0;0,0;0,0;0,0;SEN;DF;19;2005;1,1;0;1;0;0,0;0,88;0,0;0,0;;0;0;SEN;DF;19;2005;3;102;34;3,0;1,1;1;89;0;2;7;7;1,33;1;3;-2;-1,76;-1,98;SEN;DF;19;2005;1,1;0;0;0;0;0;0;0;1;0;0;;;;;;;;;;;;;;;;;;;;;;;
Marc Cucurella;Chelsea;2526;ENG-Premier League;ESP;DF;27;1998;34;31;2707;30,1;1;4;5;1;0;0;8;1;0,03;0,13;0,17;0,03;0,17;ESP;DF;27;1998;30,1;1;20;6;30,0;0,66;0,2;0,05;0,17;0;0;ESP;DF;27;1998;34;2707;80;79,2;30,1;31;84;26;3;34;0;1,44;46;37;9;0,3;0,68;ESP;DF;27;1998;30,1;8;1;0;45;29;5;41;28;40;0;;;;;;;;;;;;;;;;;;;;;;;
Marc Guiu;Chelsea;2526;ENG-Premier League;ESP;FW;19;2006;8;1;257;2,9;0;1;1;0;0;0;1;0;0,0;0,35;0,35;0,0;0,35;ESP;FW;19;2006;2,9;0;12;2;16,7;4,2;0,7;0,0;0,0;0;0;ESP;FW;19;2006;8;257;32;7,5;2,9;1;75;0;7;26;17;1,63;6;2;4;1,4;1,34;ESP;FW;19;2006;2,9;1;0;0;9;2;2;0;0;0;0;;;;;;;;;;;;;;;;;;;;;;;
Mathis Eboue;Chelsea;2526;ENG-Premier League;;;;;;;;;;;;;;;;;;;;;;;;;;;;;;;;;;;;;ENG;FW;16;2009;0;;;;;0;;0;0;;1;;;;;;;;;;;;;;;;;;;;;;;;;;;;;;;;;;;;;;;;;;;;
Max Merrick;Chelsea;2526;ENG-Premier League;;;;;;;;;;;;;;;;;;;;;;;;;;;;;;;;;;;;;ENG;GK;19;2005;0;;;;;0;;0;0;;1;;;;;;;;;;;;;;;;;;;;;;;;;;;;;;;;;;;;;;;;;;;;
Moisés Caicedo;Chelsea;2526;ENG-Premier League;ECU;MF;23;2001;33;32;2795;31,1;3;1;4;3;0;0;11;1;0,1;0,03;0,13;0,1;0,13;ECU;MF;23;2001;31,1;3;27;7;25,9;0,87;0,23;0,11;0,43;0;0;ECU;MF;23;2001;33;2795;85;81,7;31,1;32;86;26;1;45;1;1,33;51;46;5;0,16;0,02;ECU;MF;23;2001;31,1;11;1;0;54;55;0;8;59;47;0;;;;;;;;;;;;;;;;;;;;;;;
Pedro Neto;Chelsea;2526;ENG-Premier League;POR;MF,FW;25;2000;34;30;2631;29,2;5;6;11;5;0;0;4;1;0,17;0,21;0,38;0,17;0,38;POR;MF,FW;25;2000;29,2;5;46;13;28,3;1,57;0,44;0,11;0,38;0;0;POR;MF,FW;25;2000;34;2631;77;76,9;29,2;30;82;16;4;46;0;1,41;45;33;12;0,41;1,09;POR;MF,FW;25;2000;29,2;4;1;1;17;25;6;184;6;11;0;;;;;;;;;;;;;;;;;;;;;;;
Reece James;Chelsea;2526;ENG-Premier League;ENG;DF,MF;25;1999;29;20;1963;21,8;2;4;6;2;0;0;4;0;0,09;0,18;0,28;0,09;0,28;ENG;DF,MF;25;1999;21,8;2;22;7;31,8;1,01;0,32;0,09;0,29;0;0;ENG;DF,MF;25;1999;29;1963;68;57,4;21,8;20;86;15;9;27;3;1,55;33;20;13;0,6;1,03;ENG;DF,MF;25;1999;21,8;4;0;0;26;22;1;126;32;33;0;;;;;;;;;;;;;;;;;;;;;;;
Robert Sánchez;Chelsea;2526;ENG-Premier League;ESP;GK;27;1997;35;35;3039;33,8;0;1;1;0;0;0;3;1;0,0;0,03;0,03;0,0;0,03;ESP;GK;27;1997;33,8;0;0;0;;0,0;0,0;;;0;0;ESP;GK;27;1997;35;3039;87;88,9;33,8;35;87;33;0;;1;1,34;50;47;3;0,09;-0,62;ESP;GK;27;1997;33,8;3;1;0;2;13;0;0;1;0;0;ESP;GK;27;1997;35;35;3039;33,8;49;1,45;147;97;66,7;13;8;14;9;25,7;2;2;0;0;0,0
Roméo Lavia;Chelsea;2526;ENG-Premier League;BEL;MF;21;2004;12;4;382;4,2;0;0;0;0;0;0;0;0;0,0;0,0;0,0;0,0;0,0;BEL;MF;21;2004;4,2;0;3;0;0,0;0,71;0,0;0,0;;0;0;BEL;MF;21;2004;12;382;32;11,2;4,2;4;58;0;8;19;3;1,0;1;10;-9;-2,12;-2,56;BEL;MF;21;2004;4,2;0;0;0;8;8;0;1;5;7;0;;;;;;;;;;;;;;;;;;;;;;;
Ryan Kavuma McQueen;Chelsea;2526;ENG-Premier League;;;;;;;;;;;;;;;;;;;;;;;;;;;;;;;;;;;;;ENG;FW;16;2009;0;;;;;0;;0;0;;2;;;;;;;;;;;;;;;;;;;;;;;;;;;;;;;;;;;;;;;;;;;;
Shumaira Mheuka;Chelsea;2526;ENG-Premier League;ENG;FW;17;2007;1;0;2;0,0;0;0;0;0;0;0;0;0;0,0;0,0;0,0;0,0;0,0;ENG;FW;17;2007;0,0;0;0;0;;0,0;0,0;;;0;0;ENG;FW;17;2007;1;2;2;0,1;0,0;0;;0;1;2;0;3,0;0;0;0;0,0;-0,16;ENG;FW;17;2007;0,0;0;0;0;0;0;0;0;0;0;0;;;;;;;;;;;;;;;;;;;;;;;
Teddy Sharman;Chelsea;2526;ENG-Premier League;;;;;;;;;;;;;;;;;;;;;;;;;;;;;;;;;;;;;ENG;GK;22;2003;0;;;;;0;;0;0;;9;;;;;;;;;;;;;;;;;;;;;;;;;;;;;;;;;;;;;;;;;;;;
Tosin Adarabioyo;Chelsea;2526;ENG-Premier League;ENG;DF;27;1997;16;8;795;8,8;0;0;0;0;0;0;2;0;0,0;0,0;0,0;0,0;0,0;ENG;DF;27;1997;8,8;0;2;0;0,0;0,23;0,0;0,0;;0;0;ENG;DF;27;1997;16;795;50;23,2;8,8;8;80;6;8;19;12;1,44;16;14;2;0,23;0,09;ENG;DF;27;1997;8,8;2;0;0;6;0;1;0;9;6;0;;;;;;;;;;;;;;;;;;;;;;;
Trevoh Chalobah;Chelsea;2526;ENG-Premier League;ENG;DF;26;1999;34;31;2783;30,9;3;0;3;3;0;0;3;1;0,1;0,0;0,1;0,1;0,1;ENG;DF;26;1999;30,9;3;16;5;31,3;0,52;0,16;0,19;0,6;0;0;ENG;DF;26;1999;34;2783;82;81,4;30,9;31;88;29;3;18;1;1,41;52;37;15;0,49;1,76;ENG;DF;26;1999;30,9;3;1;0;20;18;2;5;37;22;0;;;;;;;;;;;;;;;;;;;;;;;
Tyrique George;Chelsea;2526;ENG-Premier League;ENG;FW;19;2006;4;0;145;1,6;0;0;0;0;0;0;2;0;0,0;0,0;0,0;0,0;0,0;ENG;FW;19;2006;1,6;0;3;2;66,7;1,86;1,24;0,0;0,0;0;0;ENG;FW;19;2006;4;145;36;4,2;1,6;0;;0;4;36;4;1,0;5;2;3;1,86;1,78;ENG;FW;19;2006;1,6;2;0;0;6;1;2;1;0;2;0;;;;;;;;;;;;;;;;;;;;;;;
Wesley Fofana;Chelsea;2526;ENG-Premier League;FRA;DF;24;2000;25;20;1722;19,1;0;1;1;0;0;0;9;2;0,0;0,05;0,05;0,0;0,05;FRA;DF;24;2000;19,1;0;8;1;12,5;0,42;0,05;0,0;0,0;0;0;FRA;DF;24;2000;25;1722;69;50,4;19,1;20;80;10;5;26;6;1,52;27;24;3;0,16;0,0;FRA;DF;24;2000;19,1;9;2;2;27;17;1;2;38;11;0;;;;;;;;;;;;;;;;;;;;;;;
Adam Wharton;Crystal Palace;2526;ENG-Premier League;ENG;MF;21;2004;34;29;2552;28,4;1;5;6;1;0;0;6;1;0,04;0,18;0,21;0,04;0,21;ENG;MF;21;2004;28,4;1;32;6;18,8;1,13;0,21;0,03;0,17;0;0;ENG;MF;21;2004;34;2552;75;74,6;28,4;29;83;15;5;30;0;1,15;33;43;-10;-0,35;-0,35;ENG;MF;21;2004;28,4;6;1;1;35;31;0;86;27;36;0;;;;;;;;;;;;;;;;;;;;;;;
Ben Casey;Crystal Palace;2526;ENG-Premier League;;;;;;;;;;;;;;;;;;;;;;;;;;;;;;;;;;;;;ENG;FW;17;2007;0;;;;;0;;0;0;;2;;;;;;;;;;;;;;;;;;;;;;;;;;;;;;;;;;;;;;;;;;;;
Borna Sosa;Crystal Palace;2526;ENG-Premier League;CRO;DF,MF;27;1998;7;0;101;1,1;0;0;0;0;0;0;1;0;0,0;0,0;0,0;0,0;0,0;CRO;DF,MF;27;1998;1,1;0;1;0;0,0;0,89;0,0;0,0;;0;0;CRO;DF,MF;27;1998;7;101;14;3,0;1,1;0;;0;7;14;23;0,71;3;2;1;0,89;1,19;CRO;DF,MF;27;1998;1,1;1;0;0;4;0;0;6;2;0;0;;;;;;;;;;;;;;;;;;;;;;;
Brennan Johnson;Crystal Palace;2526;ENG-Premier League;WAL;MF,FW;24;2001;18;13;1112;12,4;0;1;1;0;0;0;4;0;0,0;0,08;0,08;0,0;0,08;WAL;MF,FW;24;2001;12,4;0;17;3;17,6;1,38;0,24;0,0;0,0;0;0;WAL;MF,FW;24;2001;18;1112;62;32,5;12,4;13;76;4;5;24;1;1,0;7;19;-12;-0,97;-1,05;WAL;MF,FW;24;2001;12,4;4;0;0;18;11;6;45;2;7;0;;;;;;;;;;;;;;;;;;;;;;;
Chadi Riad;Crystal Palace;2526;ENG-Premier League;MAR;DF;22;2003;9;6;552;6,1;0;1;1;0;0;0;2;0;0,0;0,16;0,16;0,0;0,16;MAR;DF;22;2003;6,1;0;4;2;50,0;0,65;0,33;0,0;0,0;0;0;MAR;DF;22;2003;9;552;61;16,1;6,1;6;77;2;3;31;8;0,89;8;8;0;0,0;0,31;MAR;DF;22;2003;6,1;2;0;0;5;3;0;6;4;5;0;;;;;;;;;;;;;;;;;;;;;;;
Chris Richards;Crystal Palace;2526;ENG-Premier League;USA;DF;25;2000;33;31;2827;31,4;1;0;1;1;0;0;4;0;0,03;0,0;0,03;0,03;0,03;USA;DF;25;2000;31,4;1;15;2;13,3;0,48;0,06;0,07;0,5;0;0;USA;DF;25;2000;33;2827;86;82,7;31,4;31;90;30;2;23;1;1,3;37;42;-5;-0,16;0,6;USA;DF;25;2000;31,4;4;0;0;17;5;0;14;43;35;0;;;;;;;;;;;;;;;;;;;;;;;
Christantus Uche;Crystal Palace;2526;ENG-Premier League;NGA;FW;22;2003;14;0;173;1,9;0;0;0;0;0;0;0;0;0,0;0,0;0,0;0,0;0,0;NGA;FW;22;2003;1,9;0;6;2;33,3;3,12;1,04;0,0;0,0;0;0;NGA;FW;22;2003;14;173;12;5,1;1,9;0;;0;14;12;11;0,64;3;4;-1;-0,52;-0,27;NGA;FW;22;2003;1,9;0;0;0;4;7;3;6;0;1;0;;;;;;;;;;;;;;;;;;;;;;;
Daichi Kamada;Crystal Palace;2526;ENG-Premier League;JPN;MF;28;1996;28;22;1902;21,1;0;0;0;0;0;0;3;0;0,0;0,0;0,0;0,0;0,0;JPN;MF;28;1996;21,1;0;19;4;21,1;0,9;0,19;0,0;0,0;0;0;JPN;MF;28;1996;28;1902;68;55,6;21,1;22;80;8;6;22;0;1,43;32;28;4;0,19;1,02;JPN;MF;28;1996;21,1;3;0;0;30;28;1;42;14;35;0;;;;;;;;;;;;;;;;;;;;;;;
Daniel Muñoz;Crystal Palace;2526;ENG-Premier League;COL;MF;29;1996;29;29;2399;26,7;4;3;7;4;0;0;7;0;0,15;0,11;0,26;0,15;0,26;COL;MF;29;1996;26,7;4;26;12;46,2;0,98;0,45;0,15;0,33;0;0;COL;MF;29;1996;29;2399;83;70,1;26,7;29;83;22;0;;0;1,34;31;33;-2;-0,08;0,63;COL;MF;29;1996;26,7;7;0;0;34;18;8;62;24;48;0;;;;;;;;;;;;;;;;;;;;;;;
Danny Imray;Crystal Palace;2526;ENG-Premier League;;;;;;;;;;;;;;;;;;;;;;;;;;;;;;;;;;;;;ENG;DF,MF;22;2003;0;;;;;0;;0;0;;2;;;;;;;;;;;;;;;;;;;;;;;;;;;;;;;;;;;;;;;;;;;;
Dean Benamar;Crystal Palace;2526;ENG-Premier League;;;;;;;;;;;;;;;;;;;;;;;;;;;;;;;;;;;;;ENG;DF;17;2008;0;;;;;0;;0;0;;4;;;;;;;;;;;;;;;;;;;;;;;;;;;;;;;;;;;;;;;;;;;;
Dean Henderson;Crystal Palace;2526;ENG-Premier League;ENG;GK;28;1997;37;37;3330;37,0;0;0;0;0;0;0;5;0;0,0;0,0;0,0;0,0;0,0;ENG;GK;28;1997;37,0;0;0;0;;0,0;0,0;;;0;0;ENG;GK;28;1997;37;3330;90;97,4;37,0;37;90;37;0;;0;1,19;41;51;-10;-0,27;-0,27;ENG;GK;28;1997;37,0;5;0;0;2;5;0;0;1;0;0;ENG;GK;28;1997;37;37;3330;37,0;51;1,38;156;104;67,3;11;11;15;11;29,7;6;5;1;0;16,7
Eberechi Eze;Crystal Palace;2526;ENG-Premier League;ENG;MF;27;1998;1;1;83;0,9;0;0;0;0;0;0;0;0;0,0;0,0;0,0;0,0;0,0;ENG;MF;27;1998;0,9;0;6;2;33,3;6,51;2,17;0,0;0,0;0;0;ENG;MF;27;1998;1;83;83;2,4;0,9;1;83;0;0;;0;1,0;0;0;0;0,0;0,27;ENG;MF;27;1998;0,9;0;0;0;2;1;0;4;0;1;0;;;;;;;;;;;;;;;;;;;;;;;
Eddie Nketiah;Crystal Palace;2526;ENG-Premier League;ENG;MF;26;1999;12;2;424;4,7;2;0;2;2;0;0;2;0;0,42;0,0;0,42;0,42;0,42;ENG;MF;26;1999;4,7;2;15;6;40,0;3,18;1,27;0,13;0,33;0;0;ENG;MF;26;1999;12;424;35;12,4;4,7;2;70;0;10;28;0;1,33;6;12;-6;-1,27;-1,15;ENG;MF;26;1999;4,7;2;0;0;7;7;3;0;2;6;0;;;;;;;;;;;;;;;;;;;;;;;
Evann Guessand;Crystal Palace;2526;ENG-Premier League;CIV;MF;24;2001;8;3;330;3,7;1;1;2;1;0;0;0;0;0,27;0,27;0,55;0,27;0,55;CIV;MF;24;2001;3,7;1;3;1;33,3;0,82;0,27;0,33;1,0;0;0;CIV;MF;24;2001;8;330;41;9,6;3,7;3;71;1;5;23;0;1,38;8;5;3;0,82;1,2;CIV;MF;24;2001;3,7;0;0;0;4;8;1;1;2;2;0;;;;;;;;;;;;;;;;;;;;;;;
George King;Crystal Palace;2526;ENG-Premier League;;;;;;;;;;;;;;;;;;;;;;;;;;;;;;;;;;;;;ENG;DF;18;2007;0;;;;;0;;0;0;;1;;;;;;;;;;;;;;;;;;;;;;;;;;;;;;;;;;;;;;;;;;;;
Ismaila Sarr;Crystal Palace;2526;ENG-Premier League;SEN;MF;27;1998;28;24;2174;24,2;9;1;10;6;3;3;2;0;0,37;0,04;0,41;0,25;0,29;SEN;MF;27;1998;24,2;9;48;21;43,8;1,99;0,87;0,19;0,43;3;3;SEN;MF;27;1998;28;2174;78;63,6;24,2;24;85;18;4;34;0;1,18;31;29;2;0,08;0,95;SEN;MF;27;1998;24,2;2;0;0;12;42;14;24;7;9;0;;;;;;;;;;;;;;;;;;;;;;;
Jaydee Canvot;Crystal Palace;2526;ENG-Premier League;FRA;DF;19;2006;20;14;1336;14,8;0;0;0;0;0;0;3;0;0,0;0,0;0,0;0,0;0,0;FRA;DF;19;2006;14,8;0;7;1;14,3;0,47;0,07;0,0;0,0;0;0;FRA;DF;19;2006;20;1336;67;39,1;14,8;14;87;12;6;19;14;1,4;13;23;-10;-0,67;-0,67;FRA;DF;19;2006;14,8;3;0;0;12;7;0;5;12;22;0;;;;;;;;;;;;;;;;;;;;;;;
Jean-Philippe Mateta;Crystal Palace;2526;ENG-Premier League;FRA;FW;28;1997;32;25;2218;24,6;12;0;12;8;4;4;2;0;0,49;0,0;0,49;0,32;0,32;FRA;FW;28;1997;24,6;12;63;32;50,8;2,56;1,3;0,19;0,38;4;4;FRA;FW;28;1997;32;2218;69;64,9;24,6;25;81;12;7;27;0;1,09;23;29;-6;-0,24;0,06;FRA;FW;28;1997;24,6;2;0;0;21;19;18;11;6;4;0;;;;;;;;;;;;;;;;;;;;;;;
Jefferson Lerma;Crystal Palace;2526;ENG-Premier League;COL;MF,DF;30;1994;31;18;1733;19,3;0;2;2;0;0;0;7;0;0,0;0,1;0,1;0,0;0,1;COL;MF,DF;30;1994;19,3;0;19;7;36,8;0,99;0,36;0,0;0,0;0;0;COL;MF,DF;30;1994;31;1733;56;50,7;19,3;18;83;15;13;18;4;1,19;19;25;-6;-0,31;-0,1;COL;MF,DF;30;1994;19,3;7;0;0;25;24;0;12;25;18;2;;;;;;;;;;;;;;;;;;;;;;;
Jesurun Rak Sakyi;Crystal Palace;2526;ENG-Premier League;;;;;;;;;;;;;;;;;;;;;;;;;;;;;;;;;;;;;GHA;FW,MF;22;2002;0;;;;;0;;0;0;;1;;;;;;;;;;;;;;;;;;;;;;;;;;;;;;;;;;;;;;;;;;;;
Joél Drakes-Thomas;Crystal Palace;2526;ENG-Premier League;ENG;MF;16;2009;2;0;9;0,1;0;0;0;0;0;0;0;0;0,0;0,0;0,0;0,0;0,0;ENG;MF;16;2009;0,1;0;0;0;;0,0;0,0;;;0;0;ENG;MF;16;2009;2;9;5;0,3;0,1;0;;0;2;5;4;0,0;1;1;0;0,0;0,26;ENG;MF;16;2009;0,1;0;0;0;1;0;0;0;0;1;0;;;;;;;;;;;;;;;;;;;;;;;
Justin Devenny;Crystal Palace;2526;ENG-Premier League;NIR;MF,FW;21;2003;21;7;796;8,8;1;0;1;0;1;1;0;0;0,11;0,0;0,11;0,0;0,0;NIR;MF,FW;21;2003;8,8;1;13;4;30,8;1,47;0,45;0,08;0,25;1;1;NIR;MF,FW;21;2003;21;796;38;23,3;8,8;7;84;3;14;15;15;1,29;7;15;-8;-0,9;-0,84;NIR;MF,FW;21;2003;8,8;0;0;0;11;10;1;17;1;11;0;;;;;;;;;;;;;;;;;;;;;;;
Jørgen Strand Larsen;Crystal Palace;2526;ENG-Premier League;NOR;FW;25;2000;14;12;903;10,0;3;0;3;3;0;0;2;0;0,3;0,0;0,3;0,3;0,3;NOR;FW;25;2000;10,0;3;23;7;30,4;2,29;0,7;0,13;0,43;0;0;NOR;FW;25;2000;14;903;65;26,4;10,0;12;71;3;2;26;0;1,14;12;15;-3;-0,3;-0,05;NOR;FW;25;2000;10,0;2;0;0;21;10;1;0;1;0;0;;;;;;;;;;;;;;;;;;;;;;;
Kaden Rodney;Crystal Palace;2526;ENG-Premier League;ENG;DF,MF;20;2004;1;0;4;0,0;0;0;0;0;0;0;0;0;0,0;0,0;0,0;0,0;0,0;ENG;DF,MF;20;2004;0,0;0;0;0;;0,0;0,0;;;0;0;ENG;DF,MF;20;2004;1;4;4;0,1;0,0;0;;0;1;4;10;0,0;0;0;0;0,0;0,26;ENG;DF,MF;20;2004;0,0;0;0;0;1;0;0;0;0;0;0;;;;;;;;;;;;;;;;;;;;;;;
Marc Guéhi;Crystal Palace;2526;ENG-Premier League;ENG;DF;25;2000;20;20;1800;20,0;2;2;4;2;0;0;4;0;0,1;0,1;0,2;0,1;0,2;ENG;DF;25;2000;20,0;2;15;4;26,7;0,75;0,2;0,13;0,5;0;0;ENG;DF;25;2000;20;1800;90;52,6;20,0;20;90;20;0;;0;1,35;22;23;-1;-0,05;0,45;ENG;DF;25;2000;20,0;4;0;0;14;18;0;10;24;19;0;;;;;;;;;;;;;;;;;;;;;;;
Maxence Lacroix;Crystal Palace;2526;ENG-Premier League;FRA;DF;25;2000;35;35;3085;34,3;1;2;3;1;0;0;4;1;0,03;0,06;0,09;0,03;0,09;FRA;DF;25;2000;34,3;1;25;7;28,0;0,73;0,2;0,04;0,14;0;0;FRA;DF;25;2000;35;3085;88;90,2;34,3;35;88;33;0;;1;1,11;36;45;-9;-0,26;0,01;FRA;DF;25;2000;34,3;4;1;0;34;19;0;5;45;38;0;;;;;;;;;;;;;;;;;;;;;;;
Nathaniel Clyne;Crystal Palace;2526;ENG-Premier League;ENG;MF,DF;34;1991;10;7;594;6,6;0;1;1;0;0;0;1;0;0,0;0,15;0,15;0,0;0,15;ENG;MF,DF;34;1991;6,6;0;3;0;0,0;0,45;0,0;0,0;;0;0;ENG;MF,DF;34;1991;10;594;59;17,4;6,6;7;72;1;3;30;24;1,0;6;12;-6;-0,91;-0,78;ENG;MF,DF;34;1991;6,6;1;0;0;4;2;0;15;7;9;0;;;;;;;;;;;;;;;;;;;;;;;
Odsonne Édouard;Crystal Palace;2526;ENG-Premier League;FRA;FW;27;1998;1;0;3;0,0;0;0;0;0;0;0;0;0;0,0;0,0;0,0;0,0;0,0;FRA;FW;27;1998;0,0;0;0;0;;0,0;0,0;;;0;0;FRA;FW;27;1998;1;3;3;0,1;0,0;0;;0;1;3;1;1,0;0;0;0;0,0;0,26;FRA;FW;27;1998;0,0;0;0;0;0;1;0;0;0;1;0;;;;;;;;;;;;;;;;;;;;;;;
Remi Matthews;Crystal Palace;2526;ENG-Premier League;;;;;;;;;;;;;;;;;;;;;;;;;;;;;;;;;;;;;ENG;GK;31;1994;0;;;;;0;;0;0;;10;;;;;;;;;;;;;;;;;;;;;;;;;;;;;;;;;;;;;;;;;;;;
Rio Cardines;Crystal Palace;2526;ENG-Premier League;TRI;MF;19;2006;1;1;90;1,0;0;0;0;0;0;0;0;0;0,0;0,0;0,0;0,0;0,0;TRI;MF;19;2006;1,0;0;1;0;0,0;1,0;0,0;0,0;;0;0;TRI;MF;19;2006;1;90;90;2,6;1,0;1;90;1;0;;12;0,0;1;2;-1;-1,0;-0,76;TRI;MF;19;2006;1,0;0;0;0;0;1;0;3;0;1;0;;;;;;;;;;;;;;;;;;;;;;;
Romain Esse;Crystal Palace;2526;ENG-Premier League;ENG;MF;20;2005;4;0;44;0,5;0;0;0;0;0;0;0;0;0,0;0,0;0,0;0,0;0,0;ENG;MF;20;2005;0,5;0;0;0;;0,0;0,0;;;0;0;ENG;MF;20;2005;4;44;11;1,3;0,5;0;;0;4;11;11;0,5;0;0;0;0,0;0,27;ENG;MF;20;2005;0,5;0;0;0;2;2;0;2;0;1;0;;;;;;;;;;;;;;;;;;;;;;;
Tyrick Mitchell;Crystal Palace;2526;ENG-Premier League;ENG;MF;25;1999;38;36;3251;36,1;1;2;3;1;0;0;6;0;0,03;0,06;0,08;0,03;0,08;ENG;MF;25;1999;36,1;1;19;7;36,8;0,53;0,19;0,05;0,14;0;0;ENG;MF;25;1999;38;3251;86;95,1;36,1;36;88;31;2;45;0;1,18;38;47;-9;-0,25;0,28;ENG;MF;25;1999;36,1;6;0;0;24;28;5;104;33;65;0;;;;;;;;;;;;;;;;;;;;;;;
Walter Benítez;Crystal Palace;2526;ENG-Premier League;ARG;GK;32;1993;1;1;90;1,0;0;0;0;0;0;0;0;0;0,0;0,0;0,0;0,0;0,0;ARG;GK;32;1993;1,0;0;0;0;;0,0;0,0;;;0;0;ARG;GK;32;1993;1;90;90;2,6;1,0;1;90;1;0;;35;1,0;0;0;0;0,0;0,27;ARG;GK;32;1993;1,0;0;0;0;0;0;0;0;0;0;0;ARG;GK;32;1993;1;1;90;1,0;0;0,0;3;3;100,0;0;1;0;1;100,0;1;0;0;1;
Will Hughes;Crystal Palace;2526;ENG-Premier League;ENG;MF;30;1995;31;19;1571;17,5;0;0;0;0;0;0;7;0;0,0;0,0;0,0;0,0;0,0;ENG;MF;30;1995;17,5;0;17;0;0,0;0,97;0,0;0,0;;0;0;ENG;MF;30;1995;31;1571;51;45,9;17,5;19;73;8;12;16;6;1,26;11;18;-7;-0,4;-0,25;ENG;MF;30;1995;17,5;7;0;0;24;25;0;45;15;16;0;;;;;;;;;;;;;;;;;;;;;;;
Yéremy Pino;Crystal Palace;2526;ENG-Premier League;ESP;MF,FW;22;2002;34;26;2080;23,1;2;2;4;2;0;0;4;0;0,09;0,09;0,17;0,09;0,17;ESP;MF,FW;22;2002;23,1;2;45;11;24,4;1,95;0,48;0,04;0,18;0;0;ESP;MF,FW;22;2002;34;2080;61;60,8;23,1;26;73;4;8;23;2;1,15;20;28;-8;-0,35;-0,21;ESP;MF,FW;22;2002;23,1;4;0;0;30;24;10;79;8;20;0;;;;;;;;;;;;;;;;;;;;;;;
Zachariah Marsh;Crystal Palace;2526;ENG-Premier League;;;;;;;;;;;;;;;;;;;;;;;;;;;;;;;;;;;;;ENG;FW;19;2005;0;;;;;0;;0;0;;1;;;;;;;;;;;;;;;;;;;;;;;;;;;;;;;;;;;;;;;;;;;;
Adam Aznou;Everton;2526;ENG-Premier League;;;;;;;;;;;;;;;;;;;;;;;;;;;;;;;;;;;;;MAR;DF;19;2006;0;;;;;0;;0;0;;22;;;;;;;;;;;;;;;;;;;;;;;;;;;;;;;;;;;;;;;;;;;;
Beto;Everton;2526;ENG-Premier League;GNB;FW;27;1998;37;17;1568;17,4;9;1;10;9;0;0;3;0;0,52;0,06;0,57;0,52;0,57;GNB;FW;27;1998;17,4;9;43;17;39,5;2,47;0,98;0,21;0,53;0;0;GNB;FW;27;1998;37;1568;42;45,8;17,4;17;71;1;20;18;0;1,32;25;19;6;0,34;0,78;GNB;FW;27;1998;17,4;3;0;0;32;12;9;2;1;5;0;;;;;;;;;;;;;;;;;;;;;;;
Braiden Graham;Everton;2526;ENG-Premier League;;;;;;;;;;;;;;;;;;;;;;;;;;;;;;;;;;;;;NIR;FW;17;2007;0;;;;;0;;0;0;;1;;;;;;;;;;;;;;;;;;;;;;;;;;;;;;;;;;;;;;;;;;;;
Callum Bates;Everton;2526;ENG-Premier League;;;;;;;;;;;;;;;;;;;;;;;;;;;;;;;;;;;;;ENG;MF;19;2005;0;;;;;0;;0;0;;1;;;;;;;;;;;;;;;;;;;;;;;;;;;;;;;;;;;;;;;;;;;;
Carlos Alcaraz;Everton;2526;ENG-Premier League;ARG;MF;22;2002;20;6;689;7,7;0;1;1;0;0;0;4;0;0,0;0,13;0,13;0,0;0,13;ARG;MF;22;2002;7,7;0;20;5;25,0;2,61;0,65;0,0;0,0;0;0;ARG;MF;22;2002;20;689;34;20,1;7,7;6;75;0;14;17;8;1,15;8;10;-2;-0,26;-0,23;ARG;MF;22;2002;7,7;4;0;0;10;12;1;6;2;9;0;;;;;;;;;;;;;;;;;;;;;;;
Dwight McNeil;Everton;2526;ENG-Premier League;ENG;MF;25;1999;22;14;1168;13,0;0;1;1;0;0;0;1;0;0,0;0,08;0,08;0,0;0,08;ENG;MF;25;1999;13,0;0;24;5;20,8;1,85;0,39;0,0;0,0;0;0;ENG;MF;25;1999;22;1168;53;34,2;13,0;14;76;3;8;13;14;1,45;14;9;5;0,39;0,7;ENG;MF;25;1999;13,0;1;0;0;11;7;2;40;10;16;0;;;;;;;;;;;;;;;;;;;;;;;
Elijah Campbell;Everton;2526;ENG-Premier League;;;;;;;;;;;;;;;;;;;;;;;;;;;;;;;;;;;;;ENG;DF;20;2004;0;;;;;0;;0;0;;11;;;;;;;;;;;;;;;;;;;;;;;;;;;;;;;;;;;;;;;;;;;;
Harrison Armstrong;Everton;2526;ENG-Premier League;ENG;MF;18;2007;13;6;529;5,9;0;0;0;0;0;0;0;0;0,0;0,0;0,0;0,0;0,0;ENG;MF;18;2007;5,9;0;5;2;40,0;0,85;0,34;0,0;0,0;0;0;ENG;MF;18;2007;13;529;41;15,5;5,9;6;73;1;7;13;7;1,23;4;11;-7;-1,19;-1,32;ENG;MF;18;2007;5,9;0;0;0;6;15;2;3;4;10;0;;;;;;;;;;;;;;;;;;;;;;;
Harry Tyrer;Everton;2526;ENG-Premier League;;;;;;;;;;;;;;;;;;;;;;;;;;;;;;;;;;;;;ENG;GK;23;2001;0;;;;;0;;0;0;;1;;;;;;;;;;;;;;;;;;;;;;;;;;;;;;;;;;;;;;;;;;;;
Idrissa Gueye;Everton;2526;ENG-Premier League;SEN;MF;35;1989;25;25;2093;23,3;2;3;5;2;0;0;1;1;0,09;0,13;0,22;0,09;0,22;SEN;MF;35;1989;23,3;2;29;7;24,1;1,25;0,3;0,07;0,29;0;0;SEN;MF;35;1989;25;2093;84;61,2;23,3;25;84;16;0;;0;1,32;26;26;0;0,0;0,2;SEN;MF;35;1989;23,3;1;1;0;21;31;0;19;29;21;0;;;;;;;;;;;;;;;;;;;;;;;
Iliman Ndiaye;Everton;2526;ENG-Premier League;SEN;MF;25;2000;32;32;2778;30,9;6;3;9;4;2;2;2;0;0,19;0,1;0,29;0,13;0,23;SEN;MF;25;2000;30,9;6;43;22;51,2;1,39;0,71;0,14;0,27;2;2;SEN;MF;25;2000;32;2778;87;81,2;30,9;32;87;21;0;;0;1,28;40;44;-4;-0,13;-0,27;SEN;MF;25;2000;30,9;2;0;0;30;37;12;55;17;40;0;;;;;;;;;;;;;;;;;;;;;;;
Jack Grealish;Everton;2526;ENG-Premier League;ENG;MF;29;1995;20;18;1627;18,1;2;6;8;2;0;0;5;1;0,11;0,33;0,44;0,11;0,44;ENG;MF;29;1995;18,1;2;26;8;30,8;1,44;0,44;0,08;0,25;0;0;ENG;MF;29;1995;20;1627;81;47,6;18,1;18;88;11;2;20;0;1,55;23;23;0;0,0;0,15;ENG;MF;29;1995;18,1;5;1;1;13;58;0;39;11;15;0;;;;;;;;;;;;;;;;;;;;;;;
Jake O'Brien;Everton;2526;ENG-Premier League;IRL;DF;24;2001;37;35;3120;34,7;1;1;2;1;0;0;6;1;0,03;0,03;0,06;0,03;0,06;IRL;DF;24;2001;34,7;1;13;6;46,2;0,37;0,17;0,08;0,17;0;0;IRL;DF;24;2001;37;3120;84;91,2;34,7;35;87;29;2;42;0;1,32;44;46;-2;-0,06;0,24;IRL;DF;24;2001;34,7;6;1;0;23;17;4;49;13;32;0;;;;;;;;;;;;;;;;;;;;;;;
James Garner;Everton;2526;ENG-Premier League;ENG;MF,DF;24;2001;38;38;3413;37,9;2;7;9;2;0;0;12;0;0,05;0,18;0,24;0,05;0,24;ENG;MF,DF;24;2001;37,9;2;45;14;31,1;1,19;0,37;0,04;0,14;0;0;ENG;MF,DF;24;2001;38;3413;90;99,8;37,9;38;90;37;0;;0;1,29;47;50;-3;-0,08;-0,08;ENG;MF,DF;24;2001;37,9;12;0;0;39;42;0;205;57;72;0;;;;;;;;;;;;;;;;;;;;;;;
James Tarkowski;Everton;2526;ENG-Premier League;ENG;DF;32;1992;37;37;3330;37,0;2;3;5;2;0;0;8;0;0,05;0,08;0,14;0,05;0,14;ENG;DF;32;1992;37,0;2;20;10;50,0;0,54;0,27;0,1;0,2;0;0;ENG;DF;32;1992;37;3330;90;97,4;37,0;37;90;37;0;;0;1,32;47;48;-1;-0,03;1,97;ENG;DF;32;1992;37,0;8;0;0;32;35;2;7;29;30;0;;;;;;;;;;;;;;;;;;;;;;;
Jarrad Branthwaite;Everton;2526;ENG-Premier League;ENG;DF;23;2002;10;7;680;7,6;1;0;1;1;0;0;1;0;0,13;0,0;0,13;0,13;0,13;ENG;DF;23;2002;7,6;1;6;2;33,3;0,79;0,26;0,17;0,5;0;0;ENG;DF;23;2002;10;680;68;19,9;7,6;7;88;4;3;21;0;1,5;10;9;1;0,13;0,26;ENG;DF;23;2002;7,6;1;0;0;3;1;1;3;11;6;0;;;;;;;;;;;;;;;;;;;;;;;
Jordan Pickford;Everton;2526;ENG-Premier League;ENG;GK;31;1994;38;38;3420;38,0;0;0;0;0;0;0;4;0;0,0;0,0;0,0;0,0;0,0;ENG;GK;31;1994;38,0;0;0;0;;0,0;0,0;;;0;0;ENG;GK;31;1994;38;3420;90;100,0;38,0;38;90;38;0;;0;1,29;47;50;-3;-0,08;;ENG;GK;31;1994;38,0;4;0;0;1;6;0;0;0;1;0;ENG;GK;31;1994;38;38;3420;38,0;50;1,32;149;99;66,4;13;10;15;11;28,9;4;3;1;0;25,0
Kiernan Dewsbury-Hall;Everton;2526;ENG-Premier League;ENG;MF;26;1998;31;30;2626;29,2;8;4;12;8;0;0;6;0;0,27;0,14;0,41;0,27;0,41;ENG;MF;26;1998;29,2;8;39;15;38,5;1,34;0,51;0,21;0,53;0;0;ENG;MF;26;1998;31;2626;85;76,8;29,2;30;86;18;1;45;0;1,23;38;39;-1;-0,03;0,19;ENG;MF;26;1998;29,2;6;0;0;32;48;2;112;14;26;0;;;;;;;;;;;;;;;;;;;;;;;
Mark Travers;Everton;2526;ENG-Premier League;;;;;;;;;;;;;;;;;;;;;;;;;;;;;;;;;;;;;IRL;GK;26;1999;0;;;;;0;;0;0;;37;;;;;;;;;;;;;;;;;;;;;;;;;;;;;;;;;;;;;;;;;;;;
Merlin Röhl;Everton;2526;ENG-Premier League;GER;MF;23;2002;16;6;682;7,6;1;0;1;1;0;0;0;0;0,13;0,0;0,13;0,13;0,13;GER;MF;23;2002;7,6;1;11;1;9,1;1,45;0,13;0,09;1,0;0;0;GER;MF;23;2002;16;682;43;19,9;7,6;6;83;2;10;19;11;1,06;12;13;-1;-0,13;-0,07;GER;MF;23;2002;7,6;0;0;0;20;7;2;5;4;13;0;;;;;;;;;;;;;;;;;;;;;;;
Michael Keane;Everton;2526;ENG-Premier League;ENG;DF;32;1993;33;29;2591;28,8;3;1;4;3;0;0;1;1;0,1;0,03;0,14;0,1;0,14;ENG;DF;32;1993;28,8;3;27;7;25,9;0,94;0,24;0,11;0,43;0;0;ENG;DF;32;1993;33;2591;79;75,8;28,8;29;89;27;4;4;1;1,15;31;42;-11;-0,38;-1,25;ENG;DF;32;1993;28,8;1;1;0;16;6;0;1;37;24;0;;;;;;;;;;;;;;;;;;;;;;;
Nathan Patterson;Everton;2526;ENG-Premier League;SCO;DF;23;2001;7;3;241;2,7;0;0;0;0;0;0;0;0;0,0;0,0;0,0;0,0;0,0;SCO;DF;23;2001;2,7;0;1;1;100,0;0,37;0,37;0,0;0,0;0;0;SCO;DF;23;2001;7;241;34;7,0;2,7;3;77;1;4;3;21;1,57;3;2;1;0,37;0,49;SCO;DF;23;2001;2,7;0;0;0;2;2;1;6;2;4;0;;;;;;;;;;;;;;;;;;;;;;;
Reece Welch;Everton;2526;ENG-Premier League;;;;;;;;;;;;;;;;;;;;;;;;;;;;;;;;;;;;;ENG;DF;21;2003;0;;;;;0;;0;0;;8;;;;;;;;;;;;;;;;;;;;;;;;;;;;;;;;;;;;;;;;;;;;
Séamus Coleman;Everton;2526;ENG-Premier League;IRL;DF;36;1988;5;1;21;0,2;0;0;0;0;0;0;0;0;0,0;0,0;0,0;0,0;0,0;IRL;DF;36;1988;0,2;0;0;0;;0,0;0,0;;;0;0;IRL;DF;36;1988;5;21;4;0,6;0,2;1;9;0;4;3;19;1,8;0;1;-1;-4,29;-4,23;IRL;DF;36;1988;0,2;0;0;0;0;1;0;3;0;0;0;;;;;;;;;;;;;;;;;;;;;;;
Thierno Barry;Everton;2526;ENG-Premier League;FRA;FW;22;2002;38;21;1914;21,3;8;0;8;8;0;0;3;0;0,38;0,0;0,38;0,38;0,38;FRA;FW;22;2002;21,3;8;38;14;36,8;1,79;0,66;0,21;0,57;0;0;FRA;FW;22;2002;38;1914;50;56,0;21,3;21;76;3;17;19;0;1,29;24;34;-10;-0,47;-0,89;FRA;FW;22;2002;21,3;3;0;0;46;8;13;4;5;4;0;;;;;;;;;;;;;;;;;;;;;;;
Tim Iroegbunam;Everton;2526;ENG-Premier League;ENG;MF;22;2003;29;17;1487;16,5;0;2;2;0;0;0;9;0;0,0;0,12;0,12;0,0;0,12;ENG;MF;22;2003;16,5;0;12;1;8,3;0,73;0,06;0,0;0,0;0;0;ENG;MF;22;2003;29;1487;51;43,5;16,5;17;79;6;12;12;6;1,31;19;18;1;0,06;0,25;ENG;MF;22;2003;16,5;9;0;0;29;20;0;3;22;44;0;;;;;;;;;;;;;;;;;;;;;;;
Tom King;Everton;2526;ENG-Premier League;;;;;;;;;;;;;;;;;;;;;;;;;;;;;;;;;;;;;WAL;GK;30;1995;0;;;;;0;;0;0;;13;;;;;;;;;;;;;;;;;;;;;;;;;;;;;;;;;;;;;;;;;;;;
Tyler Dibling;Everton;2526;ENG-Premier League;ENG;MF;19;2006;14;4;358;4,0;0;0;0;0;0;0;2;0;0,0;0,0;0,0;0,0;0,0;ENG;MF;19;2006;4,0;0;4;0;0,0;1,01;0,0;0,0;;0;0;ENG;MF;19;2006;14;358;26;10,5;4,0;4;67;1;10;9;22;1,14;4;2;2;0,5;0,65;ENG;MF;19;2006;4,0;2;0;0;11;11;0;7;6;3;0;;;;;;;;;;;;;;;;;;;;;;;
Tyler Onyango;Everton;2526;ENG-Premier League;;;;;;;;;;;;;;;;;;;;;;;;;;;;;;;;;;;;;ENG;MF;22;2003;0;;;;;0;;0;0;;3;;;;;;;;;;;;;;;;;;;;;;;;;;;;;;;;;;;;;;;;;;;;
Tyrique George;Everton;2526;ENG-Premier League;ENG;MF;19;2006;11;1;218;2,4;0;0;0;0;0;0;0;0;0,0;0,0;0,0;0,0;0,0;ENG;MF;19;2006;2,4;0;7;3;42,9;2,89;1,24;0,0;0,0;0;0;ENG;MF;19;2006;11;218;20;6,4;2,4;1;61;0;10;16;2;0,73;5;7;-2;-0,83;-0,8;ENG;MF;19;2006;2,4;0;0;0;3;1;2;10;2;3;0;;;;;;;;;;;;;;;;;;;;;;;
Vitaliy Mykolenko;Everton;2526;ENG-Premier League;UKR;DF;26;1999;33;33;2958;32,9;0;1;1;0;0;0;6;0;0,0;0,03;0,03;0,0;0,03;UKR;DF;26;1999;32,9;0;9;2;22,2;0,27;0,06;0,0;0,0;0;0;UKR;DF;26;1999;33;2958;90;86,5;32,9;33;90;30;0;;1;1,33;44;47;-3;-0,09;-0,09;UKR;DF;26;1999;32,9;6;0;0;29;28;0;93;27;25;1;;;;;;;;;;;;;;;;;;;;;;;
Youssef Chermiti;Everton;2526;ENG-Premier League;;;;;;;;;;;;;;;;;;;;;;;;;;;;;;;;;;;;;POR;FW;21;2004;0;;;;;0;;0;0;;2;;;;;;;;;;;;;;;;;;;;;;;;;;;;;;;;;;;;;;;;;;;;
Adama Traoré;Fulham;2526;ENG-Premier League;ESP;MF;29;1996;15;1;274;3,0;0;0;0;0;0;0;0;0;0,0;0,0;0,0;0,0;0,0;ESP;MF;29;1996;3,0;0;5;1;20,0;1,64;0,33;0,0;0,0;0;0;ESP;MF;29;1996;15;274;18;8,0;3,0;1;75;0;14;14;6;1,2;4;7;-3;-0,99;-0,96;ESP;MF;29;1996;3,0;0;0;0;6;8;3;15;0;1;0;;;;;;;;;;;;;;;;;;;;;;;
Alex Iwobi;Fulham;2526;ENG-Premier League;NGA;MF;29;1996;29;29;2419;26,9;4;3;7;4;0;0;3;0;0,15;0,11;0,26;0,15;0,26;NGA;MF;29;1996;26,9;4;39;15;38,5;1,45;0,56;0,1;0,27;0;0;NGA;MF;29;1996;29;2419;83;70,7;26,9;29;83;12;0;;0;1,31;36;40;-4;-0,15;-0,15;NGA;MF;29;1996;26,9;3;0;0;8;10;1;88;15;18;0;;;;;;;;;;;;;;;;;;;;;;;
Alfie McNally;Fulham;2526;ENG-Premier League;;;;;;;;;;;;;;;;;;;;;;;;;;;;;;;;;;;;;ENG;GK;20;2004;0;;;;;0;;0;0;;1;;;;;;;;;;;;;;;;;;;;;;;;;;;;;;;;;;;;;;;;;;;;
Andreas Pereira;Fulham;2526;ENG-Premier League;;;;;;;;;;;;;;;;;;;;;;;;;;;;;;;;;;;;;BRA;MF;29;1996;0;;;;;0;;0;0;;1;;;;;;;;;;;;;;;;;;;;;;;;;;;;;;;;;;;;;;;;;;;;
Antonee Robinson;Fulham;2526;ENG-Premier League;USA;DF,MF;27;1997;22;17;1492;16,6;1;0;1;0;1;1;5;0;0,06;0,0;0,06;0,0;0,0;USA;DF,MF;27;1997;16,6;1;6;1;16,7;0,36;0,06;0,17;1,0;1;1;USA;DF,MF;27;1997;22;1492;68;43,6;16,6;17;83;12;5;17;5;1,36;13;19;-6;-0,36;-0,46;USA;DF,MF;27;1997;16,6;5;0;0;15;9;2;77;28;31;0;;;;;;;;;;;;;;;;;;;;;;;
Benjamin Lecomte;Fulham;2526;ENG-Premier League;;;;;;;;;;;;;;;;;;;;;;;;;;;;;;;;;;;;;FRA;GK;34;1991;0;;;;;0;;0;0;;38;;;;;;;;;;;;;;;;;;;;;;;;;;;;;;;;;;;;;;;;;;;;
Bernd Leno;Fulham;2526;ENG-Premier League;GER;GK;33;1992;38;38;3420;38,0;0;0;0;0;0;0;3;0;0,0;0,0;0,0;0,0;0,0;GER;GK;33;1992;38,0;0;0;0;;0,0;0,0;;;0;0;GER;GK;33;1992;38;3420;90;100,0;38,0;38;90;38;0;;0;1,37;47;51;-4;-0,11;;GER;GK;33;1992;38,0;3;0;0;0;6;0;0;1;1;1;GER;GK;33;1992;38;38;3420;38,0;51;1,34;149;98;65,8;15;7;16;9;23,7;4;3;0;1;0,0
Calvin Bassey;Fulham;2526;ENG-Premier League;NGA;DF;25;1999;30;28;2534;28,2;1;0;1;1;0;0;5;0;0,04;0,0;0,04;0,04;0,04;NGA;DF;25;1999;28,2;1;12;1;8,3;0,43;0,04;0,08;1,0;0;0;NGA;DF;25;1999;30;2534;84;74,1;28,2;28;90;28;2;7;2;1,27;36;40;-4;-0,14;-0,14;NGA;DF;25;1999;28,2;5;0;0;28;40;1;14;22;32;0;;;;;;;;;;;;;;;;;;;;;;;
Emile Smith Rowe;Fulham;2526;ENG-Premier League;ENG;MF;25;2000;37;22;1923;21,4;3;0;3;3;0;0;1;0;0,14;0,0;0,14;0,14;0,14;ENG;MF;25;2000;21,4;3;36;11;30,6;1,68;0,51;0,08;0,27;0;0;ENG;MF;25;2000;37;1923;52;56,2;21,4;22;73;1;15;21;0;1,38;27;28;-1;-0,05;0,13;ENG;MF;25;2000;21,4;1;0;0;10;17;3;13;22;22;0;;;;;;;;;;;;;;;;;;;;;;;
Harrison Reed;Fulham;2526;ENG-Premier League;ENG;MF;30;1995;7;1;94;1,0;1;0;1;1;0;0;0;0;0,96;0,0;0,96;0,96;0,96;ENG;MF;30;1995;1,0;1;2;1;50,0;1,91;0,96;0,5;1,0;0;0;ENG;MF;30;1995;7;94;13;2,7;1,0;1;63;0;6;5;22;1,57;2;4;-2;-1,91;-1,86;ENG;MF;30;1995;1,0;0;0;0;2;1;0;4;0;0;0;;;;;;;;;;;;;;;;;;;;;;;
Harry Wilson;Fulham;2526;ENG-Premier League;WAL;MF;28;1997;36;32;2673;29,7;10;7;17;10;0;0;7;0;0,34;0,24;0,57;0,34;0,57;WAL;MF;28;1997;29,7;10;78;25;32,1;2,63;0,84;0,13;0,4;0;0;WAL;MF;28;1997;36;2673;74;78,2;29,7;32;81;8;4;23;0;1,44;40;38;2;0,07;0,79;WAL;MF;28;1997;29,7;7;0;0;13;37;13;115;16;19;0;;;;;;;;;;;;;;;;;;;;;;;
Issa Diop;Fulham;2526;ENG-Premier League;MAR;DF;28;1997;13;8;816;9,1;1;0;1;1;0;0;2;0;0,11;0,0;0,11;0,11;0,11;MAR;DF;28;1997;9,1;1;2;1;50,0;0,22;0,11;0,5;1,0;0;0;MAR;DF;28;1997;13;816;63;23,9;9,1;8;89;6;5;21;12;1,31;11;13;-2;-0,22;-0,15;MAR;DF;28;1997;9,1;2;0;0;9;3;0;1;6;2;0;;;;;;;;;;;;;;;;;;;;;;;
Joachim Andersen;Fulham;2526;ENG-Premier League;DEN;DF;29;1996;33;33;2875;31,9;0;1;1;0;0;0;7;1;0,0;0,03;0,03;0,0;0,03;DEN;DF;29;1996;31,9;0;16;4;25,0;0,5;0,13;0,0;0,0;0;0;DEN;DF;29;1996;33;2875;87;84,1;31,9;33;87;31;0;;1;1,36;41;44;-3;-0,09;0,07;DEN;DF;29;1996;31,9;7;1;0;30;13;0;15;34;26;0;;;;;;;;;;;;;;;;;;;;;;;
Jonah Kusi-Asare;Fulham;2526;ENG-Premier League;SWE;FW;18;2007;7;0;55;0,6;0;0;0;0;0;0;1;0;0,0;0,0;0,0;0,0;0,0;SWE;FW;18;2007;0,6;0;0;0;;0,0;0,0;;;0;0;SWE;FW;18;2007;7;55;8;1,6;0,6;0;;0;7;8;11;0,57;2;2;0;0,0;0,11;SWE;FW;18;2007;0,6;1;0;0;4;2;0;0;0;1;0;;;;;;;;;;;;;;;;;;;;;;;
Jorge Cuenca;Fulham;2526;ENG-Premier League;ESP;DF;25;1999;15;11;938;10,4;0;0;0;0;0;0;6;0;0,0;0,0;0,0;0,0;0,0;ESP;DF;25;1999;10,4;0;1;0;0,0;0,1;0,0;0,0;;0;0;ESP;DF;25;1999;15;938;63;27,4;10,4;11;84;7;4;4;16;1,8;9;11;-2;-0,19;-0,12;ESP;DF;25;1999;10,4;6;0;0;10;1;1;2;15;10;0;;;;;;;;;;;;;;;;;;;;;;;
Joshua King;Fulham;2526;ENG-Premier League;ENG;MF;18;2007;32;15;1308;14,5;1;2;3;1;0;0;4;0;0,07;0,14;0,21;0,07;0,21;ENG;MF;18;2007;14,5;1;26;11;42,3;1,79;0,76;0,04;0,09;0;0;ENG;MF;18;2007;32;1308;41;38,2;14,5;15;65;0;17;19;3;1,38;14;18;-4;-0,28;-0,28;ENG;MF;18;2007;14,5;4;0;0;13;30;3;12;3;12;0;;;;;;;;;;;;;;;;;;;;;;;
Kenny Tete;Fulham;2526;ENG-Premier League;NED;DF;29;1995;22;21;1791;19,9;1;0;1;1;0;0;2;0;0,05;0,0;0,05;0,05;0,05;NED;DF;29;1995;19,9;1;16;3;18,8;0,8;0,15;0,06;0,33;0;0;NED;DF;29;1995;22;1791;81;52,4;19,9;21;85;15;1;8;6;1,55;24;24;0;0,0;0,22;NED;DF;29;1995;19,9;2;0;0;27;31;1;34;26;38;0;;;;;;;;;;;;;;;;;;;;;;;
Kevin;Fulham;2526;ENG-Premier League;BRA;MF;22;2003;26;9;1041;11,6;1;1;2;1;0;0;1;0;0,09;0,09;0,17;0,09;0,17;BRA;MF;22;2003;11,6;1;25;10;40,0;2,16;0,86;0,04;0,1;0;0;BRA;MF;22;2003;26;1041;40;30,4;11,6;9;68;0;17;25;1;1,38;13;14;-1;-0,09;0,03;BRA;MF;22;2003;11,6;1;0;0;14;17;3;43;9;10;0;;;;;;;;;;;;;;;;;;;;;;;
Oscar Bobb;Fulham;2526;ENG-Premier League;NOR;MF;22;2003;14;6;571;6,3;0;0;0;0;0;0;0;0;0,0;0,0;0,0;0,0;0,0;NOR;MF;22;2003;6,3;0;8;3;37,5;1,26;0,47;0,0;0,0;0;0;NOR;MF;22;2003;14;571;41;16,7;6,3;6;64;0;8;23;0;1,29;7;7;0;0,0;0,13;NOR;MF;22;2003;6,3;0;0;0;4;8;0;9;6;7;0;;;;;;;;;;;;;;;;;;;;;;;
Raúl Jiménez;Fulham;2526;ENG-Premier League;MEX;FW;34;1991;36;27;2189;24,3;9;3;12;5;4;4;5;0;0,37;0,12;0,49;0,21;0,33;MEX;FW;34;1991;24,3;9;73;18;24,7;3,0;0,74;0,12;0,5;4;4;MEX;FW;34;1991;36;2189;61;64,0;24,3;27;75;10;9;17;0;1,44;34;29;5;0,21;0,86;MEX;FW;34;1991;24,3;5;0;0;46;34;20;7;7;20;0;;;;;;;;;;;;;;;;;;;;;;;
Rodrigo Muniz;Fulham;2526;ENG-Premier League;BRA;FW;24;2001;21;10;1000;11,1;1;1;2;1;0;0;2;0;0,09;0,09;0,18;0,09;0,18;BRA;FW;24;2001;11,1;1;32;5;15,6;2,88;0,45;0,03;0,2;0;0;BRA;FW;24;2001;21;1000;48;29,2;11,1;10;74;1;11;23;0;1,38;10;12;-2;-0,18;-0,11;BRA;FW;24;2001;11,1;2;0;0;21;18;5;2;2;3;1;;;;;;;;;;;;;;;;;;;;;;;
Ryan Sessegnon;Fulham;2526;ENG-Premier League;ENG;DF,MF;25;2000;27;20;1823;20,3;3;1;4;3;0;0;0;0;0,15;0,05;0,2;0,15;0,2;ENG;DF,MF;25;2000;20,3;3;16;4;25,0;0,79;0,2;0,19;0,75;0;0;ENG;DF,MF;25;2000;27;1823;68;53,3;20,3;20;85;14;7;19;1;1,33;32;29;3;0,15;0,54;ENG;DF,MF;25;2000;20,3;0;0;0;33;3;4;55;23;29;0;;;;;;;;;;;;;;;;;;;;;;;
Samuel Amissah;Fulham;2526;ENG-Premier League;;;;;;;;;;;;;;;;;;;;;;;;;;;;;;;;;;;;;ENG;DF;18;2007;0;;;;;0;;0;0;;5;;;;;;;;;;;;;;;;;;;;;;;;;;;;;;;;;;;;;;;;;;;;
Samuel Chukwueze;Fulham;2526;ENG-Premier League;NGA;MF;26;1999;23;10;1079;12,0;3;4;7;3;0;0;0;0;0,25;0,33;0,58;0,25;0,58;NGA;MF;26;1999;12,0;3;25;7;28,0;2,09;0,58;0,12;0,43;0;0;NGA;MF;26;1999;23;1079;47;31,5;12,0;10;75;2;13;26;1;1,17;18;21;-3;-0,25;-0,21;NGA;MF;26;1999;12,0;0;0;0;5;12;3;43;6;4;0;;;;;;;;;;;;;;;;;;;;;;;
Sander Berge;Fulham;2526;ENG-Premier League;NOR;MF;27;1998;35;34;2905;32,3;0;1;1;0;0;0;5;0;0,0;0,03;0,03;0,0;0,03;NOR;MF;27;1998;32,3;0;14;3;21,4;0,43;0,09;0,0;0,0;0;0;NOR;MF;27;1998;35;2905;83;84,9;32,3;34;85;25;1;17;2;1,46;43;45;-2;-0,06;0,29;NOR;MF;27;1998;32,3;5;0;0;35;14;1;13;26;41;1;;;;;;;;;;;;;;;;;;;;;;;
Saša Lukić;Fulham;2526;ENG-Premier League;SRB;MF;28;1996;26;20;1734;19,3;1;2;3;1;0;0;9;0;0,05;0,1;0,16;0,05;0,16;SRB;MF;28;1996;19,3;1;18;6;33,3;0,93;0,31;0,06;0,17;0;0;SRB;MF;28;1996;26;1734;67;50,7;19,3;20;80;12;6;24;3;1,19;16;22;-6;-0,31;-0,42;SRB;MF;28;1996;19,3;9;0;0;53;25;2;68;16;28;0;;;;;;;;;;;;;;;;;;;;;;;
Seth Ridgeon;Fulham;2526;ENG-Premier League;;;;;;;;;;;;;;;;;;;;;;;;;;;;;;;;;;;;;ENG;MF;16;2008;0;;;;;0;;0;0;;5;;;;;;;;;;;;;;;;;;;;;;;;;;;;;;;;;;;;;;;;;;;;
Timothy Castagne;Fulham;2526;ENG-Premier League;BEL;DF,MF;29;1995;30;20;1845;20,5;0;0;0;0;0;0;4;0;0,0;0,0;0,0;0,0;0,0;BEL;DF,MF;29;1995;20,5;0;14;6;42,9;0,68;0,29;0,0;0,0;0;0;BEL;DF,MF;29;1995;30;1845;62;53,9;20,5;20;86;16;10;12;8;1,2;25;32;-7;-0,34;-0,51;BEL;DF,MF;29;1995;20,5;4;0;0;18;11;1;48;28;24;0;;;;;;;;;;;;;;;;;;;;;;;
Tom Cairney;Fulham;2526;ENG-Premier League;SCO;MF;34;1991;24;6;775;8,6;2;0;2;2;0;0;3;0;0,23;0,0;0,23;0,23;0,23;SCO;MF;34;1991;8,6;2;17;2;11,8;1,97;0,23;0,12;1,0;0;0;SCO;MF;34;1991;24;775;32;22,7;8,6;6;71;0;18;20;12;1,46;13;10;3;0,35;0,59;SCO;MF;34;1991;8,6;3;0;0;10;11;0;6;4;4;0;;;;;;;;;;;;;;;;;;;;;;;
Alfie Cresswell;Leeds United;2526;ENG-Premier League;;;;;;;;;;;;;;;;;;;;;;;;;;;;;;;;;;;;;ENG;MF;18;2007;0;;;;;0;;0;0;;2;;;;;;;;;;;;;;;;;;;;;;;;;;;;;;;;;;;;;;;;;;;;
Anton Stach;Leeds United;2526;ENG-Premier League;GER;MF;26;1998;29;28;2370;26,3;5;3;8;5;0;0;3;0;0,19;0,11;0,3;0,19;0,3;GER;MF;26;1998;26,3;5;55;14;25,5;2,09;0,53;0,09;0,36;0;0;GER;MF;26;1998;29;2370;82;69,3;26,3;28;84;19;1;31;1;1,03;31;36;-5;-0,19;-0,02;GER;MF;26;1998;26,3;3;0;0;36;24;0;155;19;35;0;;;;;;;;;;;;;;;;;;;;;;;
Ao Tanaka;Leeds United;2526;ENG-Premier League;JPN;MF;26;1998;28;14;1315;14,6;2;0;2;2;0;0;1;0;0,14;0,0;0,14;0,14;0,14;JPN;MF;26;1998;14,6;2;17;5;29,4;1,16;0,34;0,12;0,4;0;0;JPN;MF;26;1998;28;1315;47;38,5;14,6;14;75;0;14;19;9;1,43;22;21;1;0,07;0,41;JPN;MF;26;1998;14,6;1;0;0;13;10;0;39;21;15;0;;;;;;;;;;;;;;;;;;;;;;;
Brenden Aaronson;Leeds United;2526;ENG-Premier League;USA;MF,FW;24;2000;37;30;2449;27,2;4;5;9;4;0;0;3;0;0,15;0,18;0,33;0,15;0,33;USA;MF,FW;24;2000;27,2;4;47;17;36,2;1,73;0,62;0,09;0,24;0;0;USA;MF,FW;24;2000;37;2449;66;71,6;27,2;30;77;2;7;21;1;1,19;35;31;4;0,15;1,17;USA;MF,FW;24;2000;27,2;3;0;0;20;51;5;37;17;27;0;;;;;;;;;;;;;;;;;;;;;;;
Daniel James;Leeds United;2526;ENG-Premier League;WAL;FW,MF;27;1997;19;6;559;6,2;0;0;0;0;0;0;0;0;0,0;0,0;0,0;0,0;0,0;WAL;FW,MF;27;1997;6,2;0;14;3;21,4;2,25;0,48;0,0;0,0;0;0;WAL;FW,MF;27;1997;19;559;29;16,3;6,2;6;61;0;13;15;4;1,0;0;16;-16;-2,58;-2,86;WAL;FW,MF;27;1997;6,2;0;0;0;1;8;1;50;1;5;0;;;;;;;;;;;;;;;;;;;;;;;
Dominic Calvert-Lewin;Leeds United;2526;ENG-Premier League;ENG;FW;28;1997;35;30;2721;30,2;14;1;15;10;4;5;3;0;0,46;0,03;0,5;0,33;0,36;ENG;FW;28;1997;30,2;14;73;34;46,6;2,41;1,12;0,19;0,41;4;5;ENG;FW;28;1997;35;2721;78;79,6;30,2;30;87;17;5;25;0;1,23;42;34;8;0,26;2,2;ENG;FW;28;1997;30,2;3;0;0;45;37;26;9;5;4;0;;;;;;;;;;;;;;;;;;;;;;;
Ethan Ampadu;Leeds United;2526;ENG-Premier League;WAL;MF;24;2000;35;35;3119;34,7;1;1;2;1;0;0;10;0;0,03;0,03;0,06;0,03;0,06;WAL;MF;24;2000;34,7;1;26;6;23,1;0,75;0,17;0,04;0,17;0;0;WAL;MF;24;2000;35;3119;89;91,2;34,7;35;89;31;0;;0;1,29;45;49;-4;-0,12;0,78;WAL;MF;24;2000;34,7;10;0;0;50;36;0;25;50;46;0;;;;;;;;;;;;;;;;;;;;;;;
Facundo Buonanotte;Leeds United;2526;ENG-Premier League;ARG;MF;20;2004;3;0;39;0,4;0;0;0;0;0;0;1;0;0,0;0,0;0,0;0,0;0,0;ARG;MF;20;2004;0,4;0;2;0;0,0;4,62;0,0;0,0;;0;0;ARG;MF;20;2004;3;39;13;1,1;0,4;0;;0;3;13;5;0,33;0;3;-3;-6,92;-6,82;ARG;MF;20;2004;0,4;1;0;0;1;0;0;2;1;0;0;;;;;;;;;;;;;;;;;;;;;;;
Gabriel Gudmundsson;Leeds United;2526;ENG-Premier League;SWE;DF,MF;26;1999;32;31;2631;29,2;0;0;0;0;0;0;6;1;0,0;0,0;0,0;0,0;0,0;SWE;DF,MF;26;1999;29,2;0;18;3;16,7;0,62;0,1;0,0;0,0;0;0;SWE;DF,MF;26;1999;32;2631;82;76,9;29,2;31;84;21;1;22;0;1,19;40;45;-5;-0,17;0,06;SWE;DF,MF;26;1999;29,2;6;1;1;31;56;3;88;28;47;1;;;;;;;;;;;;;;;;;;;;;;;
Harry Gray;Leeds United;2526;ENG-Premier League;;;;;;;;;;;;;;;;;;;;;;;;;;;;;;;;;;;;;ENG;FW;16;2008;0;;;;;0;;0;0;;1;;;;;;;;;;;;;;;;;;;;;;;;;;;;;;;;;;;;;;;;;;;;
Ilia Gruev;Leeds United;2526;ENG-Premier League;BUL;MF;25;2000;23;15;1323;14,7;0;3;3;0;0;0;3;0;0,0;0,2;0,2;0,0;0,2;BUL;MF;25;2000;14,7;0;7;1;14,3;0,48;0,07;0,0;0,0;0;0;BUL;MF;25;2000;23;1323;58;38,7;14,7;15;79;6;8;17;10;1,52;17;22;-5;-0,34;-0,25;BUL;MF;25;2000;14,7;3;0;0;16;9;0;16;14;13;0;;;;;;;;;;;;;;;;;;;;;;;
Illan Meslier;Leeds United;2526;ENG-Premier League;;;;;;;;;;;;;;;;;;;;;;;;;;;;;;;;;;;;;FRA;GK;25;2000;0;;;;;0;;0;0;;5;;;;;;;;;;;;;;;;;;;;;;;;;;;;;;;;;;;;;;;;;;;;
Jack Harrison;Leeds United;2526;ENG-Premier League;ENG;FW;28;1996;11;1;269;3,0;0;0;0;0;0;0;0;0;0,0;0,0;0,0;0,0;0,0;ENG;FW;28;1996;3,0;0;6;2;33,3;2,01;0,67;0,0;0,0;0;0;ENG;FW;28;1996;11;269;24;7,9;3,0;1;65;0;10;20;9;1,09;1;5;-4;-1,34;-1,25;ENG;FW;28;1996;3,0;0;0;0;1;4;0;17;4;2;0;;;;;;;;;;;;;;;;;;;;;;;
Jaka Bijol;Leeds United;2526;ENG-Premier League;SVN;DF;26;1999;25;21;1890;21,0;1;2;3;1;0;0;4;0;0,05;0,1;0,14;0,05;0,14;SVN;DF;26;1999;21,0;1;15;6;40,0;0,71;0,29;0,07;0,17;0;0;SVN;DF;26;1999;25;1890;76;55,3;21,0;21;85;16;4;25;9;1,28;29;26;3;0,14;0,73;SVN;DF;26;1999;21,0;4;0;0;19;10;0;1;22;13;0;;;;;;;;;;;;;;;;;;;;;;;
James Justin;Leeds United;2526;ENG-Premier League;ENG;DF,MF;27;1998;29;21;1901;21,1;2;1;3;2;0;0;4;0;0,09;0,05;0,14;0,09;0,14;ENG;DF,MF;27;1998;21,1;2;24;6;25,0;1,14;0,28;0,08;0,33;0;0;ENG;DF,MF;27;1998;29;1901;66;55,6;21,1;21;86;17;8;12;7;1,41;27;26;1;0,05;0,52;ENG;DF,MF;27;1998;21,1;4;0;0;13;31;2;38;26;38;0;;;;;;;;;;;;;;;;;;;;;;;
Jayden Bogle;Leeds United;2526;ENG-Premier League;ENG;MF,DF;25;2000;34;32;2793;31,0;1;2;3;1;0;0;6;0;0,03;0,06;0,1;0,03;0,1;ENG;MF,DF;25;2000;31,0;1;18;4;22,2;0,58;0,13;0,06;0,25;0;0;ENG;MF,DF;25;2000;34;2793;82;81,7;31,0;32;86;18;2;27;0;1,24;38;44;-6;-0,19;-0,05;ENG;MF,DF;25;2000;31,0;6;0;0;39;29;10;67;30;43;0;;;;;;;;;;;;;;;;;;;;;;;
Jayden Lienou;Leeds United;2526;ENG-Premier League;;;;;;;;;;;;;;;;;;;;;;;;;;;;;;;;;;;;;WAL;DF;17;2008;0;;;;;0;;0;0;;2;;;;;;;;;;;;;;;;;;;;;;;;;;;;;;;;;;;;;;;;;;;;
Joe Rodon;Leeds United;2526;ENG-Premier League;WAL;DF;27;1997;35;33;2951;32,8;2;0;2;2;0;0;3;0;0,06;0,0;0,06;0,06;0,06;WAL;DF;27;1997;32,8;2;18;7;38,9;0,55;0,21;0,11;0,29;0;0;WAL;DF;27;1997;35;2951;84;86,3;32,8;33;88;30;2;23;0;1,2;42;52;-10;-0,3;-0,88;WAL;DF;27;1997;32,8;3;0;0;17;19;1;6;30;19;0;;;;;;;;;;;;;;;;;;;;;;;
Joël Piroe;Leeds United;2526;ENG-Premier League;SUR;FW;25;1999;16;2;258;2,9;0;0;0;0;0;0;0;0;0,0;0,0;0,0;0,0;0,0;SUR;FW;25;1999;2,9;0;14;3;21,4;4,88;1,05;0,0;0,0;0;0;SUR;FW;25;1999;16;258;16;7,5;2,9;2;67;0;14;9;21;0,94;4;9;-5;-1,74;-1,69;SUR;FW;25;1999;2,9;0;0;0;4;0;1;4;1;1;0;;;;;;;;;;;;;;;;;;;;;;;
Karl Darlow;Leeds United;2526;ENG-Premier League;WAL;GK;34;1990;22;22;1980;22,0;0;0;0;0;0;0;1;0;0,0;0,0;0,0;0,0;0,0;WAL;GK;34;1990;22,0;0;0;0;;0,0;0,0;;;0;0;WAL;GK;34;1990;22;1980;90;57,9;22,0;22;90;22;0;;15;1,32;26;27;-1;-0,05;0,33;WAL;GK;34;1990;22,0;1;0;0;0;7;0;0;0;0;0;WAL;GK;34;1990;22;22;1980;22,0;27;1,23;90;63;70,0;7;8;7;5;22,7;2;2;0;0;0,0
Largie Ramazani;Leeds United;2526;ENG-Premier League;;;;;;;;;;;;;;;;;;;;;;;;;;;;;;;;;;;;;BEL;FW,MF;24;2001;0;;;;;0;;0;0;;1;;;;;;;;;;;;;;;;;;;;;;;;;;;;;;;;;;;;;;;;;;;;
Lucas Perri;Leeds United;2526;ENG-Premier League;BRA;GK;27;1997;16;16;1440;16,0;0;0;0;0;0;0;2;0;0,0;0,0;0,0;0,0;0,0;BRA;GK;27;1997;16,0;0;0;0;;0,0;0,0;;;0;0;BRA;GK;27;1997;16;1440;90;42,1;16,0;16;90;16;0;;18;1,13;23;29;-6;-0,37;-0,33;BRA;GK;27;1997;16,0;2;0;0;1;3;0;0;0;0;0;BRA;GK;27;1997;16;16;1440;16,0;29;1,81;67;38;56,7;4;6;6;3;18,8;4;4;0;0;0,0
Lukas Nmecha;Leeds United;2526;ENG-Premier League;GER;FW;26;1998;31;10;1083;12,0;6;1;7;4;2;3;0;0;0,5;0,08;0,58;0,33;0,42;GER;FW;26;1998;12,0;6;30;16;53,3;2,49;1,33;0,2;0,38;2;3;GER;FW;26;1998;31;1083;35;31,7;12,0;10;71;1;21;18;3;1,13;14;23;-9;-0,75;-0,82;GER;FW;26;1998;12,0;0;0;0;18;18;3;10;3;7;0;;;;;;;;;;;;;;;;;;;;;;;
Noah Okafor;Leeds United;2526;ENG-Premier League;SUI;FW,MF;25;2000;28;19;1561;17,3;8;1;9;8;0;0;3;0;0,46;0,06;0,52;0,46;0,52;SUI;FW,MF;25;2000;17,3;8;35;15;42,9;2,02;0,86;0,23;0,53;0;0;SUI;FW,MF;25;2000;28;1561;56;45,6;17,3;19;72;1;9;22;1;1,32;29;26;3;0,17;0,66;SUI;FW,MF;25;2000;17,3;3;0;0;18;14;0;36;12;15;0;;;;;;;;;;;;;;;;;;;;;;;
Pascal Struijk;Leeds United;2526;ENG-Premier League;NED;DF;25;1999;34;33;2936;32,6;0;1;1;0;0;0;5;0;0,0;0,03;0,03;0,0;0,03;NED;DF;25;1999;32,6;0;31;5;16,1;0,95;0,15;0,0;0,0;0;0;NED;DF;25;1999;34;2936;86;85,8;32,6;33;89;31;1;9;2;1,18;42;48;-6;-0,18;0,0;NED;DF;25;1999;32,6;5;0;0;27;22;5;2;32;22;0;;;;;;;;;;;;;;;;;;;;;;;
Rhys Chadwick-Chaplin;Leeds United;2526;ENG-Premier League;;;;;;;;;;;;;;;;;;;;;;;;;;;;;;;;;;;;;ENG;MF;18;2007;0;;;;;0;;0;0;;3;;;;;;;;;;;;;;;;;;;;;;;;;;;;;;;;;;;;;;;;;;;;
Sam Byram;Leeds United;2526;ENG-Premier League;ENG;DF,MF;31;1993;2;0;9;0,1;0;0;0;0;0;0;0;0;0,0;0,0;0,0;0,0;0,0;ENG;DF,MF;31;1993;0,1;0;0;0;;0,0;0,0;;;0;0;ENG;DF,MF;31;1993;2;9;5;0,3;0,1;0;;0;2;5;16;1,5;1;1;0;0,0;0,18;ENG;DF,MF;31;1993;0,1;0;0;0;1;0;1;0;0;1;0;;;;;;;;;;;;;;;;;;;;;;;
Samuel Chambers;Leeds United;2526;ENG-Premier League;;;;;;;;;;;;;;;;;;;;;;;;;;;;;;;;;;;;;ENG;MF;17;2007;0;;;;;0;;0;0;;1;;;;;;;;;;;;;;;;;;;;;;;;;;;;;;;;;;;;;;;;;;;;
Sean Longstaff;Leeds United;2526;ENG-Premier League;ENG;MF;27;1997;23;10;1011;11,2;2;2;4;2;0;0;2;0;0,18;0,18;0,36;0,18;0,36;ENG;MF;27;1997;11,2;2;16;4;25,0;1,42;0,36;0,13;0,5;0;0;ENG;MF;27;1997;23;1011;44;29,6;11,2;10;84;7;13;13;6;1,35;12;20;-8;-0,71;-0,75;ENG;MF;27;1997;11,2;2;0;0;13;17;1;54;12;24;0;;;;;;;;;;;;;;;;;;;;;;;
Sebastiaan Bornauw;Leeds United;2526;ENG-Premier League;BEL;DF;26;1999;12;5;429;4,8;0;0;0;0;0;0;1;0;0,0;0,0;0,0;0,0;0,0;BEL;DF;26;1999;4,8;0;1;0;0,0;0,21;0,0;0,0;;0;0;BEL;DF;26;1999;12;429;36;12,5;4,8;5;78;0;7;6;18;1,5;4;5;-1;-0,21;-0,03;BEL;DF;26;1999;4,8;1;0;0;7;0;1;1;7;4;0;;;;;;;;;;;;;;;;;;;;;;;
Wilfried Gnonto;Leeds United;2526;ENG-Premier League;ITA;FW;21;2003;23;4;537;6,0;0;1;1;0;0;0;3;0;0,0;0,17;0,17;0,0;0,17;ITA;FW;21;2003;6,0;0;10;0;0,0;1,68;0,0;0,0;;0;0;ITA;FW;21;2003;23;537;23;15,7;6,0;4;59;0;19;16;8;1,22;11;14;-3;-0,5;-0,38;ITA;FW;21;2003;6,0;3;0;0;7;11;0;20;3;13;0;;;;;;;;;;;;;;;;;;;;;;;
Alexander Isak;Liverpool;2526;ENG-Premier League;SWE;FW;25;1999;14;8;699;7,8;3;1;4;3;0;0;0;0;0,39;0,13;0,52;0,39;0,52;SWE;FW;25;1999;7,8;3;17;6;35,3;2,19;0,77;0,18;0,5;0;0;SWE;FW;25;1999;14;699;50;20,4;7,8;8;74;0;6;17;2;1,71;7;9;-2;-0,26;-0,65;SWE;FW;25;1999;7,8;0;0;0;5;1;0;2;0;6;0;;;;;;;;;;;;;;;;;;;;;;;
Alexis Mac Allister;Liverpool;2526;ENG-Premier League;ARG;MF;26;1998;37;31;2658;29,5;2;4;6;2;0;0;7;0;0,07;0,14;0,2;0,07;0,2;ARG;MF;26;1998;29,5;2;52;12;23,1;1,76;0,41;0,04;0,17;0;0;ARG;MF;26;1998;37;2658;72;77,7;29,5;31;82;20;6;20;0;1,54;45;41;4;0,14;-0,57;ARG;MF;26;1998;29,5;7;0;0;35;32;0;20;18;27;0;;;;;;;;;;;;;;;;;;;;;;;
Alisson;Liverpool;2526;ENG-Premier League;BRA;GK;32;1992;26;26;2340;26,0;0;0;0;0;0;0;1;0;0,0;0,0;0,0;0,0;0,0;BRA;GK;32;1992;26,0;0;0;0;;0,0;0,0;;;0;0;BRA;GK;32;1992;26;2340;90;68,4;26,0;26;90;26;0;;0;1,81;44;31;13;0,5;0,75;BRA;GK;32;1992;26,0;1;0;0;1;7;0;0;0;0;0;BRA;GK;32;1992;26;26;2340;26,0;31;1,19;88;57;64,8;13;8;5;8;30,8;2;2;0;0;0,0
Amara Nallo;Liverpool;2526;ENG-Premier League;;;;;;;;;;;;;;;;;;;;;;;;;;;;;;;;;;;;;ENG;DF;18;2006;0;;;;;0;;0;0;;1;;;;;;;;;;;;;;;;;;;;;;;;;;;;;;;;;;;;;;;;;;;;
Andy Robertson;Liverpool;2526;ENG-Premier League;SCO;DF;31;1994;24;11;1176;13,1;1;0;1;1;0;0;0;0;0,08;0,0;0,08;0,08;0,08;SCO;DF;31;1994;13,1;1;10;3;30,0;0,77;0,23;0,1;0,33;0;0;SCO;DF;31;1994;24;1176;49;34,4;13,1;11;80;4;13;23;14;1,58;22;16;6;0,46;0,3;SCO;DF;31;1994;13,1;0;0;0;4;1;5;53;7;10;0;;;;;;;;;;;;;;;;;;;;;;;
Calvin Ramsay;Liverpool;2526;ENG-Premier League;;;;;;;;;;;;;;;;;;;;;;;;;;;;;;;;;;;;;SCO;DF;22;2003;0;;;;;0;;0;0;;17;;;;;;;;;;;;;;;;;;;;;;;;;;;;;;;;;;;;;;;;;;;;
Cody Gakpo;Liverpool;2526;ENG-Premier League;NED;MF,FW;26;1999;36;32;2737;30,4;7;5;12;7;0;0;3;0;0,23;0,16;0,39;0,23;0,39;NED;MF,FW;26;1999;30,4;7;87;21;24,1;2,86;0,69;0,08;0,33;0;0;NED;MF,FW;26;1999;36;2737;76;80,0;30,4;32;82;16;4;28;0;1,5;48;39;9;0,3;0,16;NED;MF,FW;26;1999;30,4;3;0;0;42;44;30;86;12;15;0;;;;;;;;;;;;;;;;;;;;;;;
Conor Bradley;Liverpool;2526;ENG-Premier League;NIR;DF;22;2003;15;12;929;10,3;0;1;1;0;0;0;5;0;0,0;0,1;0,1;0,0;0,1;NIR;DF;22;2003;10,3;0;6;0;0,0;0,58;0,0;0,0;;0;0;NIR;DF;22;2003;15;929;62;27,2;10,3;12;70;3;3;29;1;1,47;11;13;-2;-0,19;-0,63;NIR;DF;22;2003;10,3;5;0;0;18;20;1;23;12;15;0;;;;;;;;;;;;;;;;;;;;;;;
Curtis Jones;Liverpool;2526;ENG-Premier League;ENG;MF,DF;24;2001;34;18;1937;21,5;1;2;3;1;0;0;2;0;0,05;0,09;0,14;0,05;0,14;ENG;MF,DF;24;2001;21,5;1;22;7;31,8;1,02;0,33;0,05;0,14;0;0;ENG;MF,DF;24;2001;34;1937;57;56,6;21,5;18;83;9;16;28;2;1,47;38;38;0;0,0;-0,61;ENG;MF,DF;24;2001;21,5;2;0;0;17;29;0;16;18;23;0;;;;;;;;;;;;;;;;;;;;;;;
Dominik Szoboszlai;Liverpool;2526;ENG-Premier League;HUN;MF,DF;24;2000;36;36;3231;35,9;6;7;13;6;0;1;8;1;0,17;0,19;0,36;0,17;0,36;HUN;MF,DF;24;2000;35,9;6;71;23;32,4;1,98;0,64;0,08;0,26;0;1;HUN;MF,DF;24;2000;36;3231;90;94,5;35,9;36;90;34;0;;0;1,5;60;51;9;0,25;-0,23;HUN;MF,DF;24;2000;35,9;8;1;0;42;30;2;206;29;32;0;;;;;;;;;;;;;;;;;;;;;;;
Federico Chiesa;Liverpool;2526;ENG-Premier League;ITA;MF;27;1997;26;1;339;3,8;2;1;3;2;0;0;3;0;0,53;0,27;0,8;0,53;0,8;ITA;MF;27;1997;3,8;2;17;5;29,4;4,51;1,33;0,12;0,4;0;0;ITA;MF;27;1997;26;339;13;9,9;3,8;1;60;0;25;11;10;1,38;15;9;6;1,59;1,48;ITA;MF;27;1997;3,8;3;0;0;11;7;2;17;4;5;0;;;;;;;;;;;;;;;;;;;;;;;
Florian Wirtz;Liverpool;2526;ENG-Premier League;GER;MF;22;2003;33;27;2378;26,4;5;3;8;5;0;0;1;0;0,19;0,11;0,3;0,19;0,3;GER;MF;22;2003;26,4;5;51;18;35,3;1,93;0,68;0,1;0,28;0;0;GER;MF;22;2003;33;2378;72;69,5;26,4;27;82;9;6;27;0;1,61;38;32;6;0,23;-0,12;GER;MF;22;2003;26,4;1;0;0;22;19;2;32;12;26;0;;;;;;;;;;;;;;;;;;;;;;;
Freddie Woodman;Liverpool;2526;ENG-Premier League;ENG;GK;28;1997;3;2;213;2,4;0;0;0;0;0;0;0;0;0,0;0,0;0,0;0,0;0,0;ENG;GK;28;1997;2,4;0;0;0;;0,0;0,0;;;0;0;ENG;GK;28;1997;3;213;71;6,2;2,4;2;90;2;1;33;16;2,0;6;4;2;0,85;0,62;ENG;GK;28;1997;2,4;0;0;0;0;0;0;0;0;0;0;ENG;GK;28;1997;3;2;213;2,4;4;1,69;13;9;69,2;1;0;1;0;0,0;0;0;0;0;
Giorgi Mamardashvili;Liverpool;2526;ENG-Premier League;GEO;GK;24;2000;10;10;867;9,6;0;0;0;0;0;0;0;0;0,0;0,0;0,0;0,0;0,0;GEO;GK;24;2000;9,6;0;0;0;;0,0;0,0;;;0;0;GEO;GK;24;2000;10;867;87;25,4;9,6;10;87;9;0;;26;1,0;13;18;-5;-0,52;-1,05;GEO;GK;24;2000;9,6;0;0;0;1;2;0;0;1;1;0;GEO;GK;24;2000;10;10;867;9,6;18;1,87;51;33;64,7;3;1;6;2;20,0;2;1;1;0;50,0
Giovanni Leoni;Liverpool;2526;ENG-Premier League;;;;;;;;;;;;;;;;;;;;;;;;;;;;;;;;;;;;;ITA;DF;18;2006;0;;;;;0;;0;0;;1;;;;;;;;;;;;;;;;;;;;;;;;;;;;;;;;;;;;;;;;;;;;
Harvey Elliott;Liverpool;2526;ENG-Premier League;ENG;FW,MF;22;2003;1;0;1;0,0;0;0;0;0;0;0;0;0;0,0;0,0;0,0;0,0;0,0;ENG;FW,MF;22;2003;0,0;0;0;0;;0,0;0,0;;;0;0;ENG;FW,MF;22;2003;1;1;1;0,0;0,0;0;;0;1;1;2;3,0;1;0;1;90,0;89,76;ENG;FW,MF;22;2003;0,0;0;0;0;0;0;0;0;0;0;0;;;;;;;;;;;;;;;;;;;;;;;
Hugo Ekitike;Liverpool;2526;ENG-Premier League;FRA;FW;23;2002;28;21;1803;20,0;11;4;15;11;0;0;0;0;0,55;0,2;0,75;0,55;0,75;FRA;FW;23;2002;20,0;11;65;19;29,2;3,24;0,95;0,17;0,58;0;0;FRA;FW;23;2002;28;1803;64;52,7;20,0;21;77;6;7;26;1;1,68;35;25;10;0,5;0,5;FRA;FW;23;2002;20,0;0;0;0;35;12;10;7;4;7;0;;;;;;;;;;;;;;;;;;;;;;;
Ibrahima Konaté;Liverpool;2526;ENG-Premier League;FRA;DF;26;1999;36;36;3090;34,3;1;0;1;1;0;0;7;0;0,03;0,0;0,03;0,03;0,03;FRA;DF;26;1999;34,3;1;12;4;33,3;0,35;0,12;0,08;0,25;0;0;FRA;DF;26;1999;36;3090;86;90,4;34,3;36;86;26;0;;1;1,64;55;45;10;0,29;0,29;FRA;DF;26;1999;34,3;7;0;0;33;41;0;3;28;31;0;;;;;;;;;;;;;;;;;;;;;;;
James McConnell;Liverpool;2526;ENG-Premier League;;;;;;;;;;;;;;;;;;;;;;;;;;;;;;;;;;;;;ENG;MF;20;2004;0;;;;;0;;0;0;;1;;;;;;;;;;;;;;;;;;;;;;;;;;;;;;;;;;;;;;;;;;;;
Jeremie Frimpong;Liverpool;2526;ENG-Premier League;NED;DF,MF;24;2000;21;12;1040;11,6;0;1;1;0;0;0;1;0;0,0;0,09;0,09;0,0;0,09;NED;DF,MF;24;2000;11,6;0;10;2;20,0;0,87;0,17;0,0;0,0;0;0;NED;DF,MF;24;2000;21;1040;50;30,4;11,6;12;75;4;9;16;2;1,48;20;13;7;0,61;0,49;NED;DF,MF;24;2000;11,6;1;0;0;8;21;4;51;6;9;0;;;;;;;;;;;;;;;;;;;;;;;
Joe Gomez;Liverpool;2526;ENG-Premier League;ENG;DF;28;1997;21;7;607;6,7;0;2;2;0;0;0;4;0;0,0;0,3;0,3;0,0;0,3;ENG;DF;28;1997;6,7;0;5;1;20,0;0,74;0,15;0,0;0,0;0;0;ENG;DF;28;1997;21;607;29;17,7;6,7;7;63;2;14;12;11;1,62;17;14;3;0,44;0,22;ENG;DF;28;1997;6,7;4;0;0;14;0;0;16;8;7;0;;;;;;;;;;;;;;;;;;;;;;;
Kieran Morrison;Liverpool;2526;ENG-Premier League;;;;;;;;;;;;;;;;;;;;;;;;;;;;;;;;;;;;;NIR;MF;18;2006;0;;;;;0;;0;0;;7;;;;;;;;;;;;;;;;;;;;;;;;;;;;;;;;;;;;;;;;;;;;
Milos Kerkez;Liverpool;2526;ENG-Premier League;HUN;DF;21;2003;34;27;2257;25,1;2;1;3;2;0;0;4;0;0,08;0,04;0,12;0,08;0,12;HUN;DF;21;2003;25,1;2;9;2;22,2;0,36;0,08;0,22;1,0;0;0;HUN;DF;21;2003;34;2257;66;66,0;25,1;27;79;15;7;16;4;1,47;41;36;5;0,2;-0,19;HUN;DF;21;2003;25,1;4;0;0;22;30;4;79;15;26;0;;;;;;;;;;;;;;;;;;;;;;;
Mohamed Salah;Liverpool;2526;ENG-Premier League;EGY;MF;33;1992;27;23;2146;23,8;7;7;14;6;1;1;1;0;0,29;0,29;0,59;0,25;0,55;EGY;MF;33;1992;23,8;7;68;19;27,9;2,85;0,8;0,1;0,37;1;1;EGY;MF;33;1992;27;2146;79;62,7;23,8;23;87;16;4;39;2;1,67;40;35;5;0,21;-0,14;EGY;MF;33;1992;23,8;1;0;0;10;16;14;117;3;12;0;;;;;;;;;;;;;;;;;;;;;;;
Mor Talla Ndiaye;Liverpool;2526;ENG-Premier League;;;;;;;;;;;;;;;;;;;;;;;;;;;;;;;;;;;;;SEN;DF;17;2008;0;;;;;0;;0;0;;3;;;;;;;;;;;;;;;;;;;;;;;;;;;;;;;;;;;;;;;;;;;;
Rio Ngumoha;Liverpool;2526;ENG-Premier League;ENG;MF;16;2008;19;5;560;6,2;2;1;3;2;0;0;0;0;0,32;0,16;0,48;0,32;0,48;ENG;MF;16;2008;6,2;2;16;6;37,5;2,57;0,96;0,13;0,33;0;0;ENG;MF;16;2008;19;560;29;16,4;6,2;5;72;1;14;14;18;1,21;16;11;5;0,8;0,65;ENG;MF;16;2008;6,2;0;0;0;4;12;0;22;3;2;0;;;;;;;;;;;;;;;;;;;;;;;
Ryan Gravenberch;Liverpool;2526;ENG-Premier League;NED;MF;23;2002;36;34;2992;33,2;5;3;8;5;0;0;5;0;0,15;0,09;0,24;0,15;0,24;NED;MF;23;2002;33,2;5;38;13;34,2;1,14;0,39;0,13;0,38;0;0;NED;MF;23;2002;36;2992;83;87,5;33,2;34;86;28;2;29;0;1,58;50;42;8;0,24;-0,18;NED;MF;23;2002;33,2;5;0;0;38;42;0;8;44;35;0;;;;;;;;;;;;;;;;;;;;;;;
Trey Nyoni;Liverpool;2526;ENG-Premier League;ENG;MF;18;2007;6;0;24;0,3;0;0;0;0;0;0;0;0;0,0;0,0;0,0;0,0;0,0;ENG;MF;18;2007;0,3;0;1;0;0,0;3,75;0,0;0,0;;0;0;ENG;MF;18;2007;6;24;4;0,7;0,3;0;;0;6;4;23;2,33;0;1;-1;-3,75;-4,04;ENG;MF;18;2007;0,3;0;0;0;1;0;1;0;0;0;0;;;;;;;;;;;;;;;;;;;;;;;
Virgil van Dijk;Liverpool;2526;ENG-Premier League;NED;DF;34;1991;38;38;3420;38,0;6;0;6;6;0;0;4;0;0,16;0,0;0,16;0,16;0,16;NED;DF;34;1991;38,0;6;30;14;46,7;0,79;0,37;0,2;0,43;0;0;NED;DF;34;1991;38;3420;90;100,0;38,0;38;90;38;0;;0;1,58;63;53;10;0,26;;NED;DF;34;1991;38,0;4;0;0;19;18;1;1;26;15;0;;;;;;;;;;;;;;;;;;;;;;;
Wataru Endo;Liverpool;2526;ENG-Premier League;JPN;DF;32;1993;8;1;175;1,9;0;1;1;0;0;0;1;0;0,0;0,51;0,51;0,0;0,51;JPN;DF;32;1993;1,9;0;1;0;0,0;0,51;0,0;0,0;;0;0;JPN;DF;32;1993;8;175;22;5,1;1,9;1;68;0;7;15;12;2,0;6;5;1;0,51;0,26;JPN;DF;32;1993;1,9;1;0;0;2;3;0;3;0;3;0;;;;;;;;;;;;;;;;;;;;;;;
Wellity Omoruyi;Liverpool;2526;ENG-Premier League;;;;;;;;;;;;;;;;;;;;;;;;;;;;;;;;;;;;;ESP;DF;19;2006;0;;;;;0;;0;0;;4;;;;;;;;;;;;;;;;;;;;;;;;;;;;;;;;;;;;;;;;;;;;
Will Wright;Liverpool;2526;ENG-Premier League;;;;;;;;;;;;;;;;;;;;;;;;;;;;;;;;;;;;;;FW;;;0;;;;;0;;0;0;;4;;;;;;;;;;;;;;;;;;;;;;;;;;;;;;;;;;;;;;;;;;;;
Ármin Pécsi;Liverpool;2526;ENG-Premier League;;;;;;;;;;;;;;;;;;;;;;;;;;;;;;;;;;;;;HUN;GK;20;2005;0;;;;;0;;0;0;;4;;;;;;;;;;;;;;;;;;;;;;;;;;;;;;;;;;;;;;;;;;;;
Abdukodir Khusanov;Manchester City;2526;ENG-Premier League;UZB;DF;21;2004;21;15;1432;15,9;0;0;0;0;0;0;2;0;0,0;0,0;0,0;0,0;0,0;UZB;DF;21;2004;15,9;0;7;1;14,3;0,44;0,06;0,0;0,0;0;0;UZB;DF;21;2004;21;1432;68;41,9;15,9;15;85;12;6;27;9;1,95;25;13;12;0,75;-0,6;UZB;DF;21;2004;15,9;2;0;0;14;6;0;3;29;20;0;;;;;;;;;;;;;;;;;;;;;;;
Antoine Semenyo;Manchester City;2526;ENG-Premier League;GHA;MF,FW;25;2000;17;17;1397;15,5;7;1;8;7;0;0;1;0;0,45;0,06;0,52;0,45;0,52;GHA;MF,FW;25;2000;15,5;7;34;14;41,2;2,19;0,9;0,21;0,5;0;0;GHA;MF,FW;25;2000;17;1397;82;40,8;15,5;17;82;9;0;;0;2,06;28;14;14;0,9;-0,34;GHA;MF,FW;25;2000;15,5;1;0;0;17;7;7;21;6;11;0;;;;;;;;;;;;;;;;;;;;;;;
Bernardo Silva;Manchester City;2526;ENG-Premier League;POR;MF;30;1994;38;34;2872;31,9;2;4;6;2;0;0;10;0;0,06;0,13;0,19;0,06;0,19;POR;MF;30;1994;31,9;2;30;7;23,3;0,94;0,22;0,07;0,29;0;0;POR;MF;30;1994;38;2872;76;84,0;31,9;34;82;14;4;23;0;2,05;67;30;37;1,16;0,34;POR;MF;30;1994;31,9;10;0;0;36;22;5;72;21;28;0;;;;;;;;;;;;;;;;;;;;;;;
Charlie Gray;Manchester City;2526;ENG-Premier League;;;;;;;;;;;;;;;;;;;;;;;;;;;;;;;;;;;;;ENG;MF;19;2006;0;;;;;0;;0;0;;1;;;;;;;;;;;;;;;;;;;;;;;;;;;;;;;;;;;;;;;;;;;;
Divine Mukasa;Manchester City;2526;ENG-Premier League;ENG;MF;17;2007;2;0;27;0,3;0;0;0;0;0;0;0;0;0,0;0,0;0,0;0,0;0,0;ENG;MF;17;2007;0,3;0;0;0;;0,0;0,0;;;0;0;ENG;MF;17;2007;2;27;14;0,8;0,3;0;;0;2;14;9;1,5;0;0;0;0,0;-1,11;ENG;MF;17;2007;0,3;0;0;0;1;0;0;0;0;0;0;;;;;;;;;;;;;;;;;;;;;;;
Ederson Moraes;Manchester City;2526;ENG-Premier League;;;;;;;;;;;;;;;;;;;;;;;;;;;;;;;;;;;;;BRA;GK;31;1993;0;;;;;0;;0;0;;2;;;;;;;;;;;;;;;;;;;;;;;;;;;;;;;;;;;;;;;;;;;;
Erling Haaland;Manchester City;2526;ENG-Premier League;NOR;FW;25;2000;35;34;2953;32,8;27;8;35;24;3;4;2;0;0,82;0,24;1,07;0,73;0,98;NOR;FW;25;2000;32,8;27;126;59;46,8;3,84;1,8;0,21;0,46;3;4;NOR;FW;25;2000;35;2953;84;86,3;32,8;34;86;26;1;18;1;2,06;69;32;37;1,13;0,16;NOR;FW;25;2000;32,8;2;0;0;24;25;5;3;4;7;0;;;;;;;;;;;;;;;;;;;;;;;
Gianluigi Donnarumma;Manchester City;2526;ENG-Premier League;ITA;GK;26;1999;34;34;3060;34,0;0;0;0;0;0;0;8;0;0,0;0,0;0,0;0,0;0,0;ITA;GK;26;1999;34,0;0;0;0;;0,0;0,0;;;0;0;ITA;GK;26;1999;34;3060;90;89,5;34,0;34;90;34;0;;0;2,21;71;29;42;1,24;1,24;ITA;GK;26;1999;34,0;8;0;0;0;4;0;0;1;0;0;ITA;GK;26;1999;34;34;3060;34,0;29;0,85;106;75;72,6;22;9;3;15;44,1;1;0;1;0;100,0
James Trafford;Manchester City;2526;ENG-Premier League;ENG;GK;22;2002;4;4;360;4,0;0;0;0;0;0;0;0;0;0,0;0,0;0,0;0,0;0,0;ENG;GK;22;2002;4,0;0;0;0;;0,0;0,0;;;0;0;ENG;GK;22;2002;4;360;90;10,5;4,0;4;90;4;0;;34;0,75;6;6;0;0,0;-1,24;ENG;GK;22;2002;4,0;0;0;0;0;1;0;0;0;1;0;ENG;GK;22;2002;4;4;360;4,0;6;1,5;20;14;70,0;1;0;3;1;25,0;1;1;0;0;0,0
Jeremy Doku;Manchester City;2526;ENG-Premier League;BEL;MF,FW;23;2002;30;19;1784;19,8;5;5;10;5;0;0;0;0;0,25;0,25;0,5;0,25;0,5;BEL;MF,FW;23;2002;19,8;5;39;15;38,5;1,97;0,76;0,13;0,33;0;0;BEL;MF,FW;23;2002;30;1784;59;52,2;19,8;19;80;5;11;25;1;1,87;43;18;25;1,26;0,33;BEL;MF,FW;23;2002;19,8;0;0;0;23;61;3;62;12;16;0;;;;;;;;;;;;;;;;;;;;;;;
John Stones;Manchester City;2526;ENG-Premier League;ENG;DF;31;1994;9;5;439;4,9;0;0;0;0;0;0;0;0;0,0;0,0;0,0;0,0;0,0;ENG;DF;31;1994;4,9;0;0;0;;0,0;0,0;;;0;0;ENG;DF;31;1994;9;439;49;12,8;4,9;5;80;2;4;10;15;1,44;7;10;-3;-0,62;-1,97;ENG;DF;31;1994;4,9;0;0;0;0;0;0;4;3;1;0;;;;;;;;;;;;;;;;;;;;;;;
Joško Gvardiol;Manchester City;2526;ENG-Premier League;CRO;DF;23;2002;18;16;1372;15,2;2;2;4;2;0;0;2;0;0,13;0,13;0,26;0,13;0,26;CRO;DF;23;2002;15,2;2;17;6;35,3;1,12;0,39;0,12;0,33;0;0;CRO;DF;23;2002;18;1372;76;40,1;15,2;16;83;12;2;24;2;2,17;37;13;24;1,57;0,78;CRO;DF;23;2002;15,2;2;0;0;16;7;0;2;16;13;0;;;;;;;;;;;;;;;;;;;;;;;
Manuel Akanji;Manchester City;2526;ENG-Premier League;;;;;;;;;;;;;;;;;;;;;;;;;;;;;;;;;;;;;SUI;DF,MF;30;1995;0;;;;;0;;0;0;;2;;;;;;;;;;;;;;;;;;;;;;;;;;;;;;;;;;;;;;;;;;;;
Marc Guéhi;Manchester City;2526;ENG-Premier League;ENG;DF;25;2000;15;15;1350;15,0;1;1;2;1;0;0;2;0;0,07;0,07;0,13;0,07;0,13;ENG;DF;25;2000;15,0;1;17;5;29,4;1,13;0,33;0,06;0,2;0;0;ENG;DF;25;2000;15;1350;90;39,5;15,0;15;90;15;0;;0;2,33;31;12;19;1,27;0,27;ENG;DF;25;2000;15,0;2;0;0;11;20;0;7;25;12;0;;;;;;;;;;;;;;;;;;;;;;;
Marcus Bettinelli;Manchester City;2526;ENG-Premier League;;;;;;;;;;;;;;;;;;;;;;;;;;;;;;;;;;;;;ENG;GK;33;1992;0;;;;;0;;0;0;;2;;;;;;;;;;;;;;;;;;;;;;;;;;;;;;;;;;;;;;;;;;;;
Mateo Kovačić;Manchester City;2526;ENG-Premier League;CRO;MF;31;1994;6;1;130;1,4;0;1;1;0;0;0;0;0;0,0;0,69;0,69;0,0;0,69;CRO;MF;31;1994;1,4;0;2;0;0,0;1,38;0,0;0,0;;0;0;CRO;MF;31;1994;6;130;22;3,8;1,4;1;55;0;5;15;6;1,83;3;3;0;0,0;-1,15;CRO;MF;31;1994;1,4;0;0;0;0;2;0;0;2;1;0;;;;;;;;;;;;;;;;;;;;;;;
Matheus Nunes;Manchester City;2526;ENG-Premier League;POR;DF;26;1998;34;32;2862;31,8;1;5;6;1;0;0;5;0;0,03;0,16;0,19;0,03;0,19;POR;DF;26;1998;31,8;1;7;2;28,6;0,22;0,06;0,14;0,5;0;0;POR;DF;26;1998;34;2862;84;83,7;31,8;32;87;28;2;35;3;2,21;68;28;40;1,26;0,94;POR;DF;26;1998;31,8;5;0;0;17;30;4;67;29;41;0;;;;;;;;;;;;;;;;;;;;;;;
Max Alleyne;Manchester City;2526;ENG-Premier League;ENG;DF;20;2005;2;2;135;1,5;0;0;0;0;0;0;0;0;0,0;0,0;0,0;0,0;0,0;ENG;DF;20;2005;1,5;0;2;1;50,0;1,33;0,67;0,0;0,0;0;0;ENG;DF;20;2005;2;135;68;3,9;1,5;2;68;1;0;;5;0,5;1;1;0;0,0;-1,15;ENG;DF;20;2005;1,5;0;0;0;0;0;0;0;3;3;0;;;;;;;;;;;;;;;;;;;;;;;
Nathan Aké;Manchester City;2526;ENG-Premier League;NED;DF;30;1995;18;6;695;7,7;0;0;0;0;0;0;1;0;0,0;0,0;0,0;0,0;0,0;NED;DF;30;1995;7,7;0;7;1;14,3;0,91;0,13;0,0;0,0;0;0;NED;DF;30;1995;18;695;39;20,3;7,7;6;85;4;12;16;17;2,06;10;9;1;0,13;-1,22;NED;DF;30;1995;7,7;1;0;0;3;8;1;4;5;6;0;;;;;;;;;;;;;;;;;;;;;;;
Nico O'Reilly;Manchester City;2526;ENG-Premier League;ENG;DF,MF;20;2005;34;29;2646;29,4;5;3;8;5;0;0;5;0;0,17;0,1;0,27;0,17;0,27;ENG;DF,MF;20;2005;29,4;5;41;15;36,6;1,39;0,51;0,12;0,33;0;0;ENG;DF,MF;20;2005;34;2646;78;77,4;29,4;29;87;22;5;27;1;2,18;63;25;38;1,29;0,83;ENG;DF,MF;20;2005;29,4;5;0;0;45;18;1;38;20;36;0;;;;;;;;;;;;;;;;;;;;;;;
Nicolás González;Manchester City;2526;ENG-Premier League;ESP;MF;23;2002;25;17;1569;17,4;1;0;1;1;0;0;6;0;0,06;0,0;0,06;0,06;0,06;ESP;MF;23;2002;17,4;1;14;2;14,3;0,8;0,11;0,07;0,5;0;0;ESP;MF;23;2002;25;1569;63;45,9;17,4;17;81;10;8;25;8;2,12;39;17;22;1,26;0,29;ESP;MF;23;2002;17,4;6;0;0;30;18;0;3;24;30;0;;;;;;;;;;;;;;;;;;;;;;;
Omar Marmoush;Manchester City;2526;ENG-Premier League;EGY;FW,MF;26;1999;21;8;700;7,8;3;3;6;3;0;0;3;0;0,39;0,39;0,77;0,39;0,77;EGY;FW,MF;26;1999;7,8;3;30;9;30,0;3,86;1,16;0,1;0,33;0;0;EGY;FW,MF;26;1999;21;700;33;20,5;7,8;8;65;0;13;14;7;2,05;15;5;10;1,29;0,23;EGY;FW,MF;26;1999;7,8;3;0;0;10;21;6;12;2;8;0;;;;;;;;;;;;;;;;;;;;;;;
Oscar Bobb;Manchester City;2526;ENG-Premier League;NOR;MF,FW;22;2003;9;5;468;5,2;0;1;1;0;0;0;1;0;0,0;0,19;0,19;0,0;0,19;NOR;MF,FW;22;2003;5,2;0;4;0;0,0;0,77;0,0;0,0;;0;0;NOR;MF,FW;22;2003;9;468;52;13,7;5,2;5;78;2;4;20;4;1,67;10;5;5;0,96;-0,17;NOR;MF,FW;22;2003;5,2;1;0;0;5;9;0;5;3;5;0;;;;;;;;;;;;;;;;;;;;;;;
Phil Foden;Manchester City;2526;ENG-Premier League;ENG;MF;25;2000;33;23;2086;23,2;7;5;12;7;0;0;4;0;0,3;0,22;0,52;0,3;0,52;ENG;MF;25;2000;23,2;7;55;19;34,5;2,37;0,82;0,13;0,37;0;0;ENG;MF;25;2000;33;2086;63;61,0;23,2;23;83;13;10;17;3;2,0;53;19;34;1,47;0,93;ENG;MF;25;2000;23,2;4;0;0;18;31;3;119;10;16;0;;;;;;;;;;;;;;;;;;;;;;;
Rayan Aït-Nouri;Manchester City;2526;ENG-Premier League;ALG;DF;24;2001;17;12;974;10,8;0;2;2;0;0;0;2;0;0,0;0,18;0,18;0,0;0,18;ALG;DF;24;2001;10,8;0;10;2;20,0;0,92;0,18;0,0;0,0;0;0;ALG;DF;24;2001;17;974;57;28,5;10,8;12;77;7;5;11;9;1,94;23;9;14;1,29;0,26;ALG;DF;24;2001;10,8;2;0;0;17;10;0;22;13;21;0;;;;;;;;;;;;;;;;;;;;;;;
Rayan Cherki;Manchester City;2526;ENG-Premier League;FRA;MF;21;2003;33;19;1786;19,8;4;12;16;4;0;0;1;0;0,2;0,6;0,81;0,2;0,81;FRA;MF;21;2003;19,8;4;55;13;23,6;2,77;0,66;0,07;0,31;0;0;FRA;MF;21;2003;33;1786;54;52,2;19,8;19;77;5;14;23;1;2,06;40;19;21;1,06;-0,1;FRA;MF;21;2003;19,8;1;0;0;18;34;1;80;7;16;0;;;;;;;;;;;;;;;;;;;;;;;
Reigan Heskey;Manchester City;2526;ENG-Premier League;;;;;;;;;;;;;;;;;;;;;;;;;;;;;;;;;;;;;ENG;FW;17;2008;0;;;;;0;;0;0;;5;;;;;;;;;;;;;;;;;;;;;;;;;;;;;;;;;;;;;;;;;;;;
Rico Lewis;Manchester City;2526;ENG-Premier League;ENG;DF;20;2004;11;4;407;4,5;0;1;1;0;0;0;2;0;0,0;0,22;0,22;0,0;0,22;ENG;DF;20;2004;4,5;0;3;0;0,0;0,66;0,0;0,0;;0;0;ENG;DF;20;2004;11;407;37;11,9;4,5;4;84;3;7;10;16;1,73;7;7;0;0,0;-1,25;ENG;DF;20;2004;4,5;2;0;0;5;9;0;2;7;4;0;;;;;;;;;;;;;;;;;;;;;;;
Rodri;Manchester City;2526;ENG-Premier League;ESP;MF;29;1996;21;17;1511;16,8;1;0;1;1;0;0;3;0;0,06;0,0;0,06;0,06;0,06;ESP;MF;29;1996;16,8;1;16;3;18,8;0,95;0,18;0,06;0,33;0;0;ESP;MF;29;1996;21;1511;72;44,2;16,8;17;84;12;4;22;1;1,81;28;15;13;0,77;-0,59;ESP;MF;29;1996;16,8;3;0;0;14;31;0;5;12;25;0;;;;;;;;;;;;;;;;;;;;;;;
Ryan Mcaidoo;Manchester City;2526;ENG-Premier League;;;;;;;;;;;;;;;;;;;;;;;;;;;;;;;;;;;;;ENG;FW;17;2008;0;;;;;0;;0;0;;6;;;;;;;;;;;;;;;;;;;;;;;;;;;;;;;;;;;;;;;;;;;;
Rúben Dias;Manchester City;2526;ENG-Premier League;POR;DF;28;1997;26;24;2141;23,8;2;0;2;2;0;0;3;0;0,08;0,0;0,08;0,08;0,08;POR;DF;28;1997;23,8;2;10;4;40,0;0,42;0,17;0,2;0,5;0;0;POR;DF;28;1997;26;2141;82;62,6;23,8;24;88;22;2;18;4;2,12;54;22;32;1,35;0,64;POR;DF;28;1997;23,8;3;0;0;15;9;0;9;23;6;0;;;;;;;;;;;;;;;;;;;;;;;
Stefan Ortega;Manchester City;2526;ENG-Premier League;;;;;;;;;;;;;;;;;;;;;;;;;;;;;;;;;;;;;GER;GK;32;1992;0;;;;;0;;0;0;;1;;;;;;;;;;;;;;;;;;;;;;;;;;;;;;;;;;;;;;;;;;;;
Stephen Mfuni;Manchester City;2526;ENG-Premier League;;;;;;;;;;;;;;;;;;;;;;;;;;;;;;;;;;;;;ENG;DF;17;2008;0;;;;;0;;0;0;;5;;;;;;;;;;;;;;;;;;;;;;;;;;;;;;;;;;;;;;;;;;;;
Sávio;Manchester City;2526;ENG-Premier League;BRA;MF;21;2004;24;7;833;9,3;1;1;2;1;0;0;2;0;0,11;0,11;0,22;0,11;0,22;BRA;MF;21;2004;9,3;1;20;11;55,0;2,16;1,19;0,05;0,09;0;0;BRA;MF;21;2004;24;833;35;24,4;9,3;7;78;3;17;17;3;2,29;15;7;8;0,86;-0,32;BRA;MF;21;2004;9,3;2;0;0;9;15;4;40;5;5;0;;;;;;;;;;;;;;;;;;;;;;;
Tijjani Reijnders;Manchester City;2526;ENG-Premier League;NED;MF;27;1998;28;19;1631;18,1;5;2;7;5;0;0;2;0;0,28;0,11;0,39;0,28;0,39;NED;MF;27;1998;18,1;5;49;16;32,7;2,7;0,88;0,1;0,31;0;0;NED;MF;27;1998;28;1631;58;47,7;18,1;19;77;6;9;18;10;1,93;32;17;15;0,83;-0,53;NED;MF;27;1998;18,1;2;0;0;19;15;4;43;11;4;0;;;;;;;;;;;;;;;;;;;;;;;
İlkay Gündoğan;Manchester City;2526;ENG-Premier League;;;;;;;;;;;;;;;;;;;;;;;;;;;;;;;;;;;;;GER;MF;34;1990;0;;;;;0;;0;0;;2;;;;;;;;;;;;;;;;;;;;;;;;;;;;;;;;;;;;;;;;;;;;
Altay Bayındır;Manchester Utd;2526;ENG-Premier League;TUR;GK;27;1998;6;6;540;6,0;0;0;0;0;0;0;0;0;0,0;0,0;0,0;0,0;0,0;TUR;GK;27;1998;6,0;0;0;0;;0,0;0,0;;;0;0;TUR;GK;27;1998;6;540;90;15,8;6,0;6;90;6;0;;32;1,17;7;11;-4;-0,67;-1,39;TUR;GK;27;1998;6,0;0;0;0;0;3;0;0;0;0;0;TUR;GK;27;1998;6;6;540;6,0;11;1,83;24;13;54,2;2;1;3;0;0,0;0;0;0;0;
Amad Diallo;Manchester Utd;2526;ENG-Premier League;CIV;MF;23;2002;32;27;2341;26,0;2;3;5;2;0;0;2;0;0,08;0,12;0,19;0,08;0,19;CIV;MF;23;2002;26,0;2;53;23;43,4;2,04;0,88;0,04;0,09;0;0;CIV;MF;23;2002;32;2341;73;68,5;26,0;27;82;17;5;25;0;2,03;52;33;19;0,73;0,73;CIV;MF;23;2002;26,0;2;0;0;24;38;12;46;15;23;0;;;;;;;;;;;;;;;;;;;;;;;
André Onana;Manchester Utd;2526;ENG-Premier League;;;;;;;;;;;;;;;;;;;;;;;;;;;;;;;;;;;;;CMR;GK;29;1996;0;;;;;0;;0;0;;2;;;;;;;;;;;;;;;;;;;;;;;;;;;;;;;;;;;;;;;;;;;;
Ayden Heaven;Manchester Utd;2526;ENG-Premier League;ENG;DF;18;2006;17;11;924;10,3;0;1;1;0;0;0;2;0;0,0;0,1;0,1;0,0;0,1;ENG;DF;18;2006;10,3;0;3;0;0,0;0,29;0,0;0,0;;0;0;ENG;DF;18;2006;17;924;54;27,0;10,3;11;80;7;6;8;21;2,0;20;15;5;0,49;-0,02;ENG;DF;18;2006;10,3;2;0;0;7;9;0;1;1;13;1;;;;;;;;;;;;;;;;;;;;;;;
Bendito Mantato;Manchester Utd;2526;ENG-Premier League;ENG;MF;17;2008;1;0;16;0,2;0;0;0;0;0;0;0;0;0,0;0,0;0,0;0,0;0,0;ENG;MF;17;2008;0,2;0;0;0;;0,0;0,0;;;0;0;ENG;MF;17;2008;1;16;16;0,5;0,2;0;;0;1;16;3;1,0;0;0;0;0,0;-0,5;ENG;MF;17;2008;0,2;0;0;0;0;0;0;1;0;0;0;;;;;;;;;;;;;;;;;;;;;;;
Benjamin Šeško;Manchester Utd;2526;ENG-Premier League;SVN;FW;22;2003;30;17;1643;18,3;11;1;12;11;0;0;2;0;0,6;0,05;0,66;0,6;0,66;SVN;FW;22;2003;18,3;11;61;34;55,7;3,34;1,86;0,18;0,32;0;0;SVN;FW;22;2003;30;1643;55;48,0;18,3;17;79;8;13;23;1;1,8;37;30;7;0,38;-0,22;SVN;FW;22;2003;18,3;2;0;0;17;6;7;2;3;3;0;;;;;;;;;;;;;;;;;;;;;;;
Bruno Fernandes;Manchester Utd;2526;ENG-Premier League;POR;MF;30;1994;35;35;3063;34,0;9;21;30;5;4;6;5;0;0,26;0,62;0,88;0,15;0,76;POR;MF;30;1994;34,0;9;85;24;28,2;2,5;0,71;0,11;0,38;4;6;POR;MF;30;1994;35;3063;88;89,6;34,0;35;88;29;0;;0;1,89;66;46;20;0,59;0,84;POR;MF;30;1994;34,0;5;0;0;24;35;4;181;21;35;0;;;;;;;;;;;;;;;;;;;;;;;
Bryan Mbeumo;Manchester Utd;2526;ENG-Premier League;CMR;MF,FW;25;1999;33;31;2609;29,0;11;3;14;11;0;0;4;0;0,38;0,1;0,48;0,38;0,48;CMR;MF,FW;25;1999;29,0;11;73;32;43,8;2,52;1,1;0,15;0,34;0;0;CMR;MF,FW;25;1999;33;2609;79;76,3;29,0;31;83;13;2;19;0;1,97;57;36;21;0,72;0,95;CMR;MF,FW;25;1999;29,0;4;0;0;23;28;7;105;7;11;0;;;;;;;;;;;;;;;;;;;;;;;
Casemiro;Manchester Utd;2526;ENG-Premier League;BRA;MF;33;1992;34;33;2571;28,6;9;2;11;9;0;0;11;1;0,32;0,07;0,39;0,32;0,39;BRA;MF;33;1992;28,6;9;52;18;34,6;1,82;0,63;0,17;0,5;0;0;BRA;MF;33;1992;34;2571;76;75,2;28,6;33;78;13;1;11;0;1,97;55;31;24;0,84;1,37;BRA;MF;33;1992;28,6;11;1;1;46;36;5;19;30;45;0;;;;;;;;;;;;;;;;;;;;;;;
Chidozie Obi-Martin;Manchester Utd;2526;ENG-Premier League;;;;;;;;;;;;;;;;;;;;;;;;;;;;;;;;;;;;;DEN;FW;17;2007;0;;;;;0;;0;0;;1;;;;;;;;;;;;;;;;;;;;;;;;;;;;;;;;;;;;;;;;;;;;
Diego León;Manchester Utd;2526;ENG-Premier League;;;;;;;;;;;;;;;;;;;;;;;;;;;;;;;;;;;;;PAR;DF;18;2007;0;;;;;0;;0;0;;3;;;;;;;;;;;;;;;;;;;;;;;;;;;;;;;;;;;;;;;;;;;;
Diogo Dalot;Manchester Utd;2526;ENG-Premier League;POR;DF,MF;26;1999;34;29;2614;29,0;1;3;4;1;0;0;5;0;0,03;0,1;0,14;0,03;0,14;POR;DF,MF;26;1999;29,0;1;24;6;25,0;0,83;0,21;0,04;0,17;0;0;POR;DF,MF;26;1999;34;2614;77;76,4;29,0;29;86;22;5;27;1;1,88;58;40;18;0,62;0,51;POR;DF,MF;26;1999;29,0;5;0;0;25;14;4;57;26;30;0;;;;;;;;;;;;;;;;;;;;;;;
Godwill Kukonki;Manchester Utd;2526;ENG-Premier League;;;;;;;;;;;;;;;;;;;;;;;;;;;;;;;;;;;;;ENG;DF;17;2008;0;;;;;0;;0;0;;2;;;;;;;;;;;;;;;;;;;;;;;;;;;;;;;;;;;;;;;;;;;;
Harry Maguire;Manchester Utd;2526;ENG-Premier League;ENG;DF;32;1993;23;19;1653;18,4;1;2;3;1;0;0;3;1;0,05;0,11;0,16;0,05;0,16;ENG;DF;32;1993;18,4;1;14;4;28,6;0,76;0,22;0,07;0,25;0;0;ENG;DF;32;1993;23;1653;72;48,3;18,4;19;84;13;4;13;3;2,04;36;19;17;0,93;0,82;ENG;DF;32;1993;18,4;3;1;0;16;16;0;4;12;17;0;;;;;;;;;;;;;;;;;;;;;;;
Jack Fletcher;Manchester Utd;2526;ENG-Premier League;ENG;MF;18;2007;3;0;108;1,2;0;0;0;0;0;0;0;0;0,0;0,0;0,0;0,0;0,0;ENG;MF;18;2007;1,2;0;1;0;0,0;0,83;0,0;0,0;;0;0;ENG;MF;18;2007;3;108;36;3,2;1,2;0;;0;3;36;5;1,33;0;0;0;0,0;-0,52;ENG;MF;18;2007;1,2;0;0;0;2;1;0;0;1;1;0;;;;;;;;;;;;;;;;;;;;;;;
Jack Moorhouse;Manchester Utd;2526;ENG-Premier League;;;;;;;;;;;;;;;;;;;;;;;;;;;;;;;;;;;;;IRL;MF;19;2005;0;;;;;0;;0;0;;2;;;;;;;;;;;;;;;;;;;;;;;;;;;;;;;;;;;;;;;;;;;;
Jim Thwaites;Manchester Utd;2526;ENG-Premier League;;;;;;;;;;;;;;;;;;;;;;;;;;;;;;;;;;;;;ENG;MF;17;2007;0;;;;;0;;0;0;;1;;;;;;;;;;;;;;;;;;;;;;;;;;;;;;;;;;;;;;;;;;;;
Joshua Zirkzee;Manchester Utd;2526;ENG-Premier League;NED;FW,MF;24;2001;24;5;626;7,0;2;1;3;2;0;0;3;0;0,29;0,14;0,43;0,29;0,43;NED;FW,MF;24;2001;7,0;2;25;9;36,0;3,59;1,29;0,08;0,22;0;0;NED;FW,MF;24;2001;24;626;26;18,3;7,0;5;73;2;19;14;12;1,79;9;8;1;0,14;-0,44;NED;FW,MF;24;2001;7,0;3;0;0;8;6;1;5;1;6;0;;;;;;;;;;;;;;;;;;;;;;;
Kobbie Mainoo;Manchester Utd;2526;ENG-Premier League;ENG;MF;20;2005;28;16;1662;18,5;1;2;3;1;0;0;2;0;0,05;0,11;0,16;0,05;0,16;ENG;MF;20;2005;18,5;1;13;3;23,1;0,7;0,16;0,08;0,33;0;0;ENG;MF;20;2005;28;1662;59;48,6;18,5;16;89;14;12;20;4;2,21;38;22;16;0,87;0,71;ENG;MF;20;2005;18,5;2;0;0;12;22;1;13;19;20;0;;;;;;;;;;;;;;;;;;;;;;;
Leny Yoro;Manchester Utd;2526;ENG-Premier League;FRA;DF;19;2005;32;18;1740;19,3;0;0;0;0;0;0;1;0;0,0;0,0;0,0;0,0;0,0;FRA;DF;19;2005;19,3;0;9;3;33,3;0,47;0,16;0,0;0,0;0;0;FRA;DF;19;2005;32;1740;54;50,9;19,3;18;82;9;14;20;5;1,72;28;33;-5;-0,26;-1,54;FRA;DF;19;2005;19,3;1;0;0;17;5;2;3;31;20;0;;;;;;;;;;;;;;;;;;;;;;;
Lisandro Martínez;Manchester Utd;2526;ENG-Premier League;ARG;DF;27;1998;18;13;1233;13,7;0;0;0;0;0;0;0;1;0,0;0,0;0,0;0,0;0,0;ARG;DF;27;1998;13,7;0;5;0;0,0;0,36;0,0;0,0;;0;0;ARG;DF;27;1998;18;1233;69;36,1;13,7;13;87;11;5;20;1;1,89;25;15;10;0,73;0,36;ARG;DF;27;1998;13,7;0;1;0;9;2;0;2;12;11;1;;;;;;;;;;;;;;;;;;;;;;;
Luke Shaw;Manchester Utd;2526;ENG-Premier League;ENG;DF;30;1995;38;38;3219;35,8;1;1;2;1;0;0;9;0;0,03;0,03;0,06;0,03;0,06;ENG;DF;30;1995;35,8;1;10;3;30,0;0,28;0,08;0,1;0,33;0;0;ENG;DF;30;1995;38;3219;85;94,1;35,8;38;85;23;0;;0;1,87;66;45;21;0,59;1,48;ENG;DF;30;1995;35,8;9;0;0;48;20;0;54;43;45;0;;;;;;;;;;;;;;;;;;;;;;;
Manuel Ugarte;Manchester Utd;2526;ENG-Premier League;URU;MF;24;2001;22;8;887;9,9;0;0;0;0;0;0;1;0;0,0;0,0;0,0;0,0;0,0;URU;MF;24;2001;9,9;0;13;1;7,7;1,32;0,1;0,0;0,0;0;0;URU;MF;24;2001;22;887;40;25,9;9,9;8;80;3;14;17;15;1,55;12;23;-11;-1,12;-2,18;URU;MF;24;2001;9,9;1;0;0;24;15;0;1;20;30;0;;;;;;;;;;;;;;;;;;;;;;;
Mason Mount;Manchester Utd;2526;ENG-Premier League;ENG;MF;26;1999;23;12;1017;11,3;3;0;3;3;0;0;2;0;0,27;0,0;0,27;0,27;0,27;ENG;MF;26;1999;11,3;3;19;5;26,3;1,68;0,44;0,16;0,6;0;0;ENG;MF;26;1999;23;1017;44;29,7;11,3;12;70;3;11;16;6;1,87;19;15;4;0,35;-0,21;ENG;MF;26;1999;11,3;2;0;0;17;12;0;22;9;13;0;;;;;;;;;;;;;;;;;;;;;;;
Matheus Cunha;Manchester Utd;2526;ENG-Premier League;BRA;MF,FW;26;1999;33;29;2494;27,7;10;2;12;10;0;0;4;0;0,36;0,07;0,43;0,36;0,43;BRA;MF,FW;26;1999;27,7;10;90;35;38,9;3,25;1,26;0,11;0,29;0;0;BRA;MF,FW;26;1999;33;2494;76;72,9;27,7;29;83;16;4;24;1;1,88;48;35;13;0,47;-0,11;BRA;MF,FW;26;1999;27,7;4;0;0;28;54;2;49;21;23;0;;;;;;;;;;;;;;;;;;;;;;;
Matthijs de Ligt;Manchester Utd;2526;ENG-Premier League;NED;DF;25;1999;13;13;1170;13,0;1;0;1;1;0;0;0;0;0,08;0,0;0,08;0,08;0,08;NED;DF;25;1999;13,0;1;11;3;27,3;0,85;0,23;0,09;0,33;0;0;NED;DF;25;1999;13;1170;90;34,2;13,0;13;90;13;0;;0;1,62;21;20;1;0,08;-0,64;NED;DF;25;1999;13,0;0;0;0;6;5;0;4;11;13;0;;;;;;;;;;;;;;;;;;;;;;;
Noussair Mazraoui;Manchester Utd;2526;ENG-Premier League;MAR;DF,MF;27;1997;20;11;985;10,9;0;0;0;0;0;0;3;0;0,0;0,0;0,0;0,0;0,0;MAR;DF,MF;27;1997;10,9;0;5;0;0,0;0,46;0,0;0,0;;0;0;MAR;DF,MF;27;1997;20;985;49;28,8;10,9;11;72;3;9;22;6;2,0;19;10;9;0,82;0,45;MAR;DF,MF;27;1997;10,9;3;0;0;12;14;0;13;11;15;0;;;;;;;;;;;;;;;;;;;;;;;
Patrick Dorgu;Manchester Utd;2526;ENG-Premier League;DEN;MF;20;2004;26;15;1449;16,1;4;4;8;4;0;0;5;0;0,25;0,25;0,5;0,25;0,5;DEN;MF;20;2004;16,1;4;25;11;44,0;1,55;0,68;0,16;0,36;0;0;DEN;MF;20;2004;26;1449;56;42,4;16,1;15;84;10;11;17;2;1,73;22;20;2;0,12;-0,65;DEN;MF;20;2004;16,1;5;0;0;23;47;7;57;16;30;0;;;;;;;;;;;;;;;;;;;;;;;
Senne Lammens;Manchester Utd;2526;ENG-Premier League;BEL;GK;23;2002;32;32;2880;32,0;0;0;0;0;0;0;0;0;0,0;0,0;0,0;0,0;0,0;BEL;GK;23;2002;32,0;0;0;0;;0,0;0,0;;;0;0;BEL;GK;23;2002;32;2880;90;84,2;32,0;32;90;32;0;;3;2,0;62;39;23;0,72;1,39;BEL;GK;23;2002;32,0;0;0;0;0;4;0;0;0;1;0;BEL;GK;23;2002;32;32;2880;32,0;39;1,22;118;78;66,9;18;10;4;8;25,0;4;4;0;0;0,0
Shea Lacey;Manchester Utd;2526;ENG-Premier League;ENG;FW;18;2007;3;0;43;0,5;0;0;0;0;0;0;0;0;0,0;0,0;0,0;0,0;0,0;ENG;FW;18;2007;0,5;0;4;1;25,0;8,37;2,09;0,0;0,0;0;0;ENG;FW;18;2007;3;43;14;1,3;0,5;0;;0;3;14;11;1,33;0;0;0;0,0;-0,51;ENG;FW;18;2007;0,5;0;0;0;2;2;0;0;0;0;0;;;;;;;;;;;;;;;;;;;;;;;
Tom Heaton;Manchester Utd;2526;ENG-Premier League;;;;;;;;;;;;;;;;;;;;;;;;;;;;;;;;;;;;;ENG;GK;39;1986;0;;;;;0;;0;0;;4;;;;;;;;;;;;;;;;;;;;;;;;;;;;;;;;;;;;;;;;;;;;
Tyler Fletcher;Manchester Utd;2526;ENG-Premier League;SCO;MF;18;2007;2;0;18;0,2;0;0;0;0;0;0;0;0;0,0;0,0;0,0;0,0;0,0;SCO;MF;18;2007;0,2;0;0;0;;0,0;0,0;;;0;0;SCO;MF;18;2007;2;18;9;0,5;0,2;0;;0;2;9;12;3,0;0;0;0;0,0;-0,5;SCO;MF;18;2007;0,2;0;0;0;0;0;0;0;0;0;0;;;;;;;;;;;;;;;;;;;;;;;
Tyler Fredricson;Manchester Utd;2526;ENG-Premier League;ENG;DF;20;2005;1;0;3;0,0;0;0;0;0;0;0;0;0;0,0;0,0;0,0;0,0;0,0;ENG;DF;20;2005;0,0;0;0;0;;0,0;0,0;;;0;0;ENG;DF;20;2005;1;3;3;0,1;0,0;0;;0;1;3;10;3,0;0;0;0;0,0;-0,5;ENG;DF;20;2005;0,0;0;0;0;0;0;0;0;0;0;0;;;;;;;;;;;;;;;;;;;;;;;
Tyrell Malacia;Manchester Utd;2526;ENG-Premier League;NED;DF;25;1999;3;0;18;0,2;0;0;0;0;0;0;0;0;0,0;0,0;0,0;0,0;0,0;NED;DF;25;1999;0,2;0;0;0;;0,0;0,0;;;0;0;NED;DF;25;1999;3;18;6;0,5;0,2;0;;0;3;6;25;2,0;0;1;-1;-5,0;-5,53;NED;DF;25;1999;0,2;0;0;0;0;0;0;0;0;1;0;;;;;;;;;;;;;;;;;;;;;;;
Aaron Ramsdale;Newcastle;2526;ENG-Premier League;ENG;GK;27;1998;12;11;1004;11,2;0;0;0;0;0;0;2;0;0,0;0,0;0,0;0,0;0,0;ENG;GK;27;1998;11,2;0;0;0;;0,0;0,0;;;0;0;ENG;GK;27;1998;12;1004;84;29,4;11,2;11;90;11;1;14;26;1,17;16;17;-1;-0,09;-0,05;ENG;GK;27;1998;11,2;2;0;0;0;1;0;0;0;0;0;ENG;GK;27;1998;12;11;1004;11,2;17;1,52;41;24;58,5;4;2;5;1;9,1;3;3;0;0;0,0
Adedamola Alabi;Newcastle;2526;ENG-Premier League;;;;;;;;;;;;;;;;;;;;;;;;;;;;;;;;;;;;;ENG;MF;16;2009;0;;;;;0;;0;0;;2;;;;;;;;;;;;;;;;;;;;;;;;;;;;;;;;;;;;;;;;;;;;
Alex Murphy;Newcastle;2526;ENG-Premier League;IRL;DF;21;2004;2;0;9;0,1;0;0;0;0;0;0;0;0;0,0;0,0;0,0;0,0;0,0;IRL;DF;21;2004;0,1;0;0;0;;0,0;0,0;;;0;0;IRL;DF;21;2004;2;9;5;0,3;0,1;0;;0;2;5;23;0,0;0;1;-1;-10,0;-9,97;IRL;DF;21;2004;0,1;0;0;0;0;0;0;0;1;0;0;;;;;;;;;;;;;;;;;;;;;;;
Anthony Elanga;Newcastle;2526;ENG-Premier League;SWE;FW,MF;23;2002;32;14;1319;14,7;0;1;1;0;0;0;0;0;0,0;0,07;0,07;0,0;0,07;SWE;FW,MF;23;2002;14,7;0;17;4;23,5;1,16;0,27;0,0;0,0;0;0;SWE;FW,MF;23;2002;32;1319;41;38,6;14,7;14;70;2;18;19;2;1,13;20;28;-8;-0,55;-0,8;SWE;FW,MF;23;2002;14,7;0;0;0;8;25;2;83;3;11;0;;;;;;;;;;;;;;;;;;;;;;;
Anthony Gordon;Newcastle;2526;ENG-Premier League;ENG;FW;24;2001;26;24;1795;19,9;6;2;8;3;3;3;3;1;0,3;0,1;0,4;0,15;0,25;ENG;FW;24;2001;19,9;6;48;20;41,7;2,41;1,0;0,13;0,3;3;3;ENG;FW;24;2001;26;1795;69;52,5;19,9;24;74;4;2;13;4;1,31;24;28;-4;-0,2;-0,31;ENG;FW;24;2001;19,9;3;1;0;13;40;5;69;3;13;0;;;;;;;;;;;;;;;;;;;;;;;
Bruno Guimarães;Newcastle;2526;ENG-Premier League;BRA;MF;27;1997;29;27;2453;27,3;9;5;14;7;2;2;6;0;0,33;0,18;0,51;0,26;0,44;BRA;MF;27;1997;27,3;9;42;23;54,8;1,54;0,84;0,21;0,39;2;2;BRA;MF;27;1997;29;2453;85;71,7;27,3;27;88;19;2;37;1;1,45;43;36;7;0,26;1,09;BRA;MF;27;1997;27,3;6;0;0;45;75;2;82;16;41;0;;;;;;;;;;;;;;;;;;;;;;;
Dan Burn;Newcastle;2526;ENG-Premier League;ENG;DF;33;1992;29;25;2199;24,4;1;2;3;1;0;0;11;1;0,04;0,08;0,12;0,04;0,12;ENG;DF;33;1992;24,4;1;10;3;30,0;0,41;0,12;0,1;0,33;0;0;ENG;DF;33;1992;29;2199;76;64,3;24,4;25;86;21;4;13;2;1,21;32;34;-2;-0,08;-0,08;ENG;DF;33;1992;24,4;11;1;1;36;13;3;14;20;26;0;;;;;;;;;;;;;;;;;;;;;;;
Emil Krafth;Newcastle;2526;ENG-Premier League;SWE;DF;30;1994;1;1;45;0,5;0;0;0;0;0;0;0;0;0,0;0,0;0,0;0,0;0,0;SWE;DF;30;1994;0,5;0;0;0;;0,0;0,0;;;0;0;SWE;DF;30;1994;1;45;45;1,3;0,5;1;45;0;0;;9;0,0;1;2;-1;-2,0;-1,97;SWE;DF;30;1994;0,5;0;0;0;1;0;0;1;0;0;0;;;;;;;;;;;;;;;;;;;;;;;
Fabian Schär;Newcastle;2526;ENG-Premier League;SUI;DF;33;1991;16;11;1091;12,1;0;0;0;0;0;0;1;0;0,0;0,0;0,0;0,0;0,0;SUI;DF;33;1991;12,1;0;17;4;23,5;1,4;0,33;0,0;0,0;0;0;SUI;DF;33;1991;16;1091;68;31,9;12,1;11;88;9;5;25;3;1,75;16;13;3;0,25;0,44;SUI;DF;33;1991;12,1;1;0;0;15;7;1;4;16;9;0;;;;;;;;;;;;;;;;;;;;;;;
Harvey Barnes;Newcastle;2526;ENG-Premier League;ENG;FW,MF;27;1997;37;19;1966;21,8;7;1;8;7;0;0;1;0;0,32;0,05;0,37;0,32;0,37;ENG;FW,MF;27;1997;21,8;7;58;21;36,2;2,66;0,96;0,12;0,33;0;0;ENG;FW,MF;27;1997;37;1966;53;57,5;21,8;19;79;7;18;26;1;1,24;35;31;4;0,18;0,55;ENG;FW,MF;27;1997;21,8;1;0;0;17;23;3;74;3;5;0;;;;;;;;;;;;;;;;;;;;;;;
Jacob Murphy;Newcastle;2526;ENG-Premier League;ENG;FW,MF;30;1995;33;19;1617;18,0;3;2;5;3;0;0;2;0;0,17;0,11;0,28;0,17;0,28;ENG;FW,MF;30;1995;18,0;3;42;13;31,0;2,34;0,72;0,07;0,23;0;0;ENG;FW,MF;30;1995;33;1617;49;47,3;18,0;19;69;1;14;21;3;1,27;24;19;5;0,28;0,63;ENG;FW,MF;30;1995;18,0;2;0;0;9;13;5;125;6;12;0;;;;;;;;;;;;;;;;;;;;;;;
Jacob Ramsey;Newcastle;2526;ENG-Premier League;ENG;MF;24;2001;28;15;1450;16,1;2;3;5;2;0;0;5;1;0,12;0,19;0,31;0,12;0,31;ENG;MF;24;2001;16,1;2;16;4;25,0;0,99;0,25;0,13;0,5;0;0;ENG;MF;24;2001;28;1450;52;42,4;16,1;15;76;7;13;24;5;1,18;24;29;-5;-0,31;-0,45;ENG;MF;24;2001;16,1;5;1;1;16;14;2;8;9;21;0;;;;;;;;;;;;;;;;;;;;;;;
Jamaal Lascelles;Newcastle;2526;ENG-Premier League;ENG;DF;31;1993;2;0;21;0,2;0;0;0;0;0;0;0;0;0,0;0,0;0,0;0,0;0,0;ENG;DF;31;1993;0,2;0;1;0;0,0;4,29;0,0;0,0;;0;0;ENG;DF;31;1993;2;21;11;0,6;0,2;0;;0;2;11;3;0,5;0;2;-2;-8,57;-8,57;ENG;DF;31;1993;0,2;0;0;0;0;0;0;0;0;0;0;;;;;;;;;;;;;;;;;;;;;;;
Joe Willock;Newcastle;2526;ENG-Premier League;ENG;MF;25;1999;24;10;983;10,9;0;2;2;0;0;0;3;0;0,0;0,18;0,18;0,0;0,18;ENG;MF;25;1999;10,9;0;17;6;35,3;1,56;0,55;0,0;0,0;0;0;ENG;MF;25;1999;24;983;41;28,7;10,9;10;70;1;14;20;13;1,46;13;18;-5;-0,46;-0,57;ENG;MF;25;1999;10,9;3;0;0;16;11;2;16;7;15;0;;;;;;;;;;;;;;;;;;;;;;;
Joelinton;Newcastle;2526;ENG-Premier League;BRA;MF;28;1996;27;23;1951;21,7;2;1;3;2;0;0;10;0;0,09;0,05;0,14;0,09;0,14;BRA;MF;28;1996;21,7;2;32;11;34,4;1,48;0,51;0,06;0,18;0;0;BRA;MF;28;1996;27;1951;72;57,0;21,7;23;81;13;4;24;3;1,48;34;27;7;0,32;0,87;BRA;MF;28;1996;21,7;10;0;0;46;27;1;11;28;23;0;;;;;;;;;;;;;;;;;;;;;;;
John Ruddy;Newcastle;2526;ENG-Premier League;;;;;;;;;;;;;;;;;;;;;;;;;;;;;;;;;;;;;ENG;GK;38;1986;0;;;;;0;;0;0;;9;;;;;;;;;;;;;;;;;;;;;;;;;;;;;;;;;;;;;;;;;;;;
Kieran Trippier;Newcastle;2526;ENG-Premier League;ENG;DF;34;1990;21;18;1586;17,6;0;1;1;0;0;0;3;0;0,0;0,06;0,06;0,0;0,06;ENG;DF;34;1990;17,6;0;2;0;0,0;0,11;0,0;0,0;;0;0;ENG;DF;34;1990;21;1586;76;46,4;17,6;18;84;11;3;23;8;1,05;22;27;-5;-0,28;-0,43;ENG;DF;34;1990;17,6;3;0;0;22;19;1;96;7;13;0;;;;;;;;;;;;;;;;;;;;;;;
Leo Shahar;Newcastle;2526;ENG-Premier League;;;;;;;;;;;;;;;;;;;;;;;;;;;;;;;;;;;;;ENG;DF;18;2007;0;;;;;0;;0;0;;11;;;;;;;;;;;;;;;;;;;;;;;;;;;;;;;;;;;;;;;;;;;;
Lewis Hall;Newcastle;2526;ENG-Premier League;ENG;DF;20;2004;30;24;2181;24,2;1;1;2;1;0;0;4;0;0,04;0,04;0,08;0,04;0,08;ENG;DF;20;2004;24,2;1;25;6;24,0;1,03;0,25;0,04;0,17;0;0;ENG;DF;20;2004;30;2181;73;63,8;24,2;24;86;19;6;19;4;1,3;34;39;-5;-0,21;-0,42;ENG;DF;20;2004;24,2;4;0;0;17;40;0;102;29;31;0;;;;;;;;;;;;;;;;;;;;;;;
Lewis Miley;Newcastle;2526;ENG-Premier League;ENG;MF,DF;19;2006;23;15;1496;16,6;1;4;5;1;0;0;0;0;0,06;0,24;0,3;0,06;0,3;ENG;MF,DF;19;2006;16,6;1;12;4;33,3;0,72;0,24;0,08;0,25;0;0;ENG;MF,DF;19;2006;23;1496;65;43,7;16,6;15;88;13;8;22;5;1,3;25;22;3;0,18;0,41;ENG;MF,DF;19;2006;16,6;0;0;0;5;4;2;42;20;18;0;;;;;;;;;;;;;;;;;;;;;;;
Malick Thiaw;Newcastle;2526;ENG-Premier League;GER;DF;23;2001;35;33;2965;32,9;4;0;4;4;0;0;4;0;0,12;0,0;0,12;0,12;0,12;GER;DF;23;2001;32,9;4;28;14;50,0;0,85;0,42;0,14;0,29;0;0;GER;DF;23;2001;35;2965;85;86,7;32,9;33;88;31;2;24;3;1,26;47;52;-5;-0,15;-0,75;GER;DF;23;2001;32,9;4;0;0;24;11;2;9;30;34;0;;;;;;;;;;;;;;;;;;;;;;;
Nick Pope;Newcastle;2526;ENG-Premier League;ENG;GK;33;1992;27;27;2416;26,8;0;0;0;0;0;0;2;0;0,0;0,0;0,0;0,0;0,0;ENG;GK;33;1992;26,8;0;1;1;100,0;0,04;0,04;0,0;0,0;0;0;ENG;GK;33;1992;27;2416;89;70,6;26,8;27;89;26;0;;6;1,3;37;38;-1;-0,04;0,05;ENG;GK;33;1992;26,8;2;0;0;1;2;0;0;0;1;0;ENG;GK;33;1992;27;27;2416;26,8;38;1,42;127;89;70,1;10;5;12;7;25,9;2;2;0;0;0,0
Nick Woltemade;Newcastle;2526;ENG-Premier League;GER;FW,MF;23;2002;33;24;1902;21,1;8;3;11;7;1;1;0;0;0,38;0,14;0,52;0,33;0,47;GER;FW,MF;23;2002;21,1;8;32;13;40,6;1,51;0,62;0,25;0,62;1;1;GER;FW,MF;23;2002;33;1902;58;55,6;21,1;24;73;3;9;16;1;1,24;31;29;2;0,09;0,33;GER;FW,MF;23;2002;21,1;0;0;0;20;20;8;3;5;13;1;;;;;;;;;;;;;;;;;;;;;;;
Park Seungsoo;Newcastle;2526;ENG-Premier League;;;;;;;;;;;;;;;;;;;;;;;;;;;;;;;;;;;;;KOR;MF;18;2007;0;;;;;0;;0;0;;1;;;;;;;;;;;;;;;;;;;;;;;;;;;;;;;;;;;;;;;;;;;;
Sandro Tonali;Newcastle;2526;ENG-Premier League;ITA;MF;25;2000;35;31;2534;28,2;0;2;2;0;0;0;4;0;0,0;0,07;0,07;0,0;0,07;ITA;MF;25;2000;28,2;0;37;8;21,6;1,31;0,28;0,0;0,0;0;0;ITA;MF;25;2000;35;2534;72;74,1;28,2;31;80;16;4;12;0;1,31;32;37;-5;-0,18;-0,48;ITA;MF;25;2000;28,2;4;0;0;24;42;1;95;28;25;0;;;;;;;;;;;;;;;;;;;;;;;
Sean Neave;Newcastle;2526;ENG-Premier League;ENG;FW;18;2007;1;0;14;0,2;0;0;0;0;0;0;0;0;0,0;0,0;0,0;0,0;0,0;ENG;FW;18;2007;0,2;0;1;0;0,0;6,43;0,0;0,0;;0;0;ENG;FW;18;2007;1;14;14;0,4;0,2;0;;0;1;14;13;0,0;0;1;-1;-6,43;-6,4;ENG;FW;18;2007;0,2;0;0;0;0;0;0;0;0;0;0;;;;;;;;;;;;;;;;;;;;;;;
Sven Botman;Newcastle;2526;ENG-Premier League;NED;DF;25;2000;25;21;1835;20,4;1;1;2;1;0;0;2;0;0,05;0,05;0,1;0,05;0,1;NED;DF;25;2000;20,4;1;15;4;26,7;0,74;0,2;0,07;0,25;0;0;NED;DF;25;2000;25;1835;73;53,7;20,4;21;84;17;4;15;5;1,36;25;27;-2;-0,1;-0,1;NED;DF;25;2000;20,4;2;0;0;13;19;1;2;25;14;1;;;;;;;;;;;;;;;;;;;;;;;
Tino Livramento;Newcastle;2526;ENG-Premier League;ENG;DF;22;2002;17;14;1328;14,8;0;1;1;0;0;0;1;0;0,0;0,07;0,07;0,0;0,07;ENG;DF;22;2002;14,8;0;3;0;0,0;0,2;0,0;0,0;;0;0;ENG;DF;22;2002;17;1328;78;38,8;14,8;14;88;12;3;33;0;1,47;22;14;8;0,54;0,97;ENG;DF;22;2002;14,8;1;0;0;7;16;2;36;2;14;0;;;;;;;;;;;;;;;;;;;;;;;
William Osula;Newcastle;2526;ENG-Premier League;DEN;FW;21;2003;24;8;819;9,1;7;0;7;7;0;0;0;0;0,77;0,0;0,77;0,77;0,77;DEN;FW;21;2003;9,1;7;23;12;52,2;2,53;1,32;0,3;0,58;0;0;DEN;FW;21;2003;24;819;34;23,9;9,1;8;77;2;16;13;2;1,04;11;14;-3;-0,33;-0,36;DEN;FW;21;2003;9,1;0;0;0;24;16;2;3;1;5;0;;;;;;;;;;;;;;;;;;;;;;;
Yoane Wissa;Newcastle;2526;ENG-Premier League;COD;FW;28;1996;19;4;531;5,9;1;1;2;1;0;0;3;0;0,17;0,17;0,34;0,17;0,34;COD;FW;28;1996;5,9;1;13;5;38,5;2,2;0,85;0,08;0,2;0;0;COD;FW;28;1996;19;531;28;15,5;5,9;4;70;0;15;17;4;1,11;10;11;-1;-0,17;-0,14;COD;FW;28;1996;5,9;3;0;0;6;2;4;1;0;5;0;;;;;;;;;;;;;;;;;;;;;;;
Angus Gunn;Nottingham;2526;ENG-Premier League;SCO;GK;29;1996;1;0;45;0,5;0;0;0;0;0;0;0;0;0,0;0,0;0,0;0,0;0,0;SCO;GK;29;1996;0,5;0;0;0;;0,0;0,0;;;0;0;SCO;GK;29;1996;1;45;45;1,3;0,5;0;;0;1;45;13;1,0;0;0;0;0,0;0,08;SCO;GK;29;1996;0,5;0;0;0;0;0;0;0;0;0;0;SCO;GK;29;1996;1;0;45;0,5;0;0,0;0;0;;0;0;0;0;;0;0;0;0;
Archie Whitehall;Nottingham;2526;ENG-Premier League;;;;;;;;;;;;;;;;;;;;;;;;;;;;;;;;;;;;;ENG;MF;19;2006;0;;;;;0;;0;0;;1;;;;;;;;;;;;;;;;;;;;;;;;;;;;;;;;;;;;;;;;;;;;
Arnaud Kalimuendo;Nottingham;2526;ENG-Premier League;FRA;FW;23;2002;9;0;96;1,1;0;0;0;0;0;0;0;0;0,0;0,0;0,0;0,0;0,0;FRA;FW;23;2002;1,1;0;4;1;25,0;3,75;0,94;0,0;0,0;0;0;FRA;FW;23;2002;9;96;11;2,8;1,1;0;;0;9;11;9;0,22;0;3;-3;-2,81;-2,81;FRA;FW;23;2002;1,1;0;0;0;2;0;1;2;0;1;0;;;;;;;;;;;;;;;;;;;;;;;
Callum Hudson-Odoi;Nottingham;2526;ENG-Premier League;ENG;MF;24;2000;30;21;1841;20,5;3;4;7;3;0;0;0;0;0,15;0,2;0,34;0,15;0,34;ENG;MF;24;2000;20,5;3;30;10;33,3;1,47;0,49;0,1;0,3;0;0;ENG;MF;24;2000;30;1841;61;53,8;20,5;21;75;4;9;31;0;1,0;21;26;-5;-0,24;-0,36;ENG;MF;24;2000;20,5;0;0;0;12;12;2;91;8;7;0;;;;;;;;;;;;;;;;;;;;;;;
Chris Wood;Nottingham;2526;ENG-Premier League;NZL;FW;33;1991;15;11;901;10,0;3;0;3;3;0;0;0;0;0,3;0,0;0,3;0,3;0,3;NZL;FW;33;1991;10,0;3;23;9;39,1;2,3;0,9;0,13;0,33;0;0;NZL;FW;33;1991;15;901;60;26,3;10,0;11;74;0;4;22;0;1,13;14;14;0;0,0;0,11;NZL;FW;33;1991;10,0;0;0;0;6;6;4;1;1;1;0;;;;;;;;;;;;;;;;;;;;;;;
Dan Ndoye;Nottingham;2526;ENG-Premier League;SUI;MF;24;2000;24;14;1173;13,0;1;1;2;1;0;0;1;0;0,08;0,08;0,15;0,08;0,15;SUI;MF;24;2000;13,0;1;15;4;26,7;1,15;0,31;0,07;0,25;0;0;SUI;MF;24;2000;24;1173;49;34,3;13,0;14;71;3;10;18;5;1,08;15;17;-2;-0,15;-0,11;SUI;MF;24;2000;13,0;1;0;0;16;22;9;41;10;11;0;;;;;;;;;;;;;;;;;;;;;;;
Dilane Bakwa;Nottingham;2526;ENG-Premier League;FRA;MF;22;2002;14;6;553;6,1;0;2;2;0;0;0;1;0;0,0;0,33;0,33;0,0;0,33;FRA;MF;22;2002;6,1;0;9;3;33,3;1,46;0,49;0,0;0,0;0;0;FRA;MF;22;2002;14;553;40;16,2;6,1;6;64;0;8;21;7;0,79;8;10;-2;-0,33;-0,29;FRA;MF;22;2002;6,1;1;0;0;9;14;0;38;0;3;0;;;;;;;;;;;;;;;;;;;;;;;
Douglas Luiz;Nottingham;2526;ENG-Premier League;BRA;MF;27;1998;8;5;315;3,5;0;0;0;0;0;0;2;0;0,0;0,0;0,0;0,0;0,0;BRA;MF;27;1998;3,5;0;5;1;20,0;1,43;0,29;0,0;0,0;0;0;BRA;MF;27;1998;8;315;39;9,2;3,5;5;51;0;3;19;6;0,63;1;7;-6;-1,71;-1,8;BRA;MF;27;1998;3,5;2;0;0;4;5;0;15;7;3;0;;;;;;;;;;;;;;;;;;;;;;;
Elliot Anderson;Nottingham;2526;ENG-Premier League;ENG;MF;22;2002;38;37;3331;37,0;4;4;8;3;1;1;8;0;0,11;0,11;0,22;0,08;0,19;ENG;MF;22;2002;37,0;4;44;10;22,7;1,19;0,27;0,09;0,4;1;1;ENG;MF;22;2002;38;3331;88;97,4;37,0;37;89;33;1;45;0;1,16;46;50;-4;-0,11;-1,12;ENG;MF;22;2002;37,0;8;0;0;57;80;2;175;41;60;0;;;;;;;;;;;;;;;;;;;;;;;
Eric da Silva Moreira;Nottingham;2526;ENG-Premier League;;;;;;;;;;;;;;;;;;;;;;;;;;;;;;;;;;;;;GER;DF;19;2006;0;;;;;0;;0;0;;2;;;;;;;;;;;;;;;;;;;;;;;;;;;;;;;;;;;;;;;;;;;;
Ibrahim Sangaré;Nottingham;2526;ENG-Premier League;CIV;MF;27;1997;28;25;2075;23,1;2;2;4;2;0;0;5;0;0,09;0,09;0,17;0,09;0,17;CIV;MF;27;1997;23,1;2;16;5;31,3;0,69;0,22;0,13;0,4;0;0;CIV;MF;27;1997;28;2075;74;60,7;23,1;25;82;16;3;12;3;1,32;32;26;6;0,26;0,86;CIV;MF;27;1997;23,1;5;0;0;42;18;0;8;22;32;0;;;;;;;;;;;;;;;;;;;;;;;
Igor Jesus;Nottingham;2526;ENG-Premier League;BRA;FW;24;2001;37;28;2298;25,5;6;4;10;5;1;1;2;0;0,23;0,16;0,39;0,2;0,35;BRA;FW;24;2001;25,5;6;70;21;30,0;2,74;0,82;0,09;0,29;1;1;BRA;FW;24;2001;37;2298;62;67,2;25,5;28;74;5;9;24;0;1,19;35;37;-2;-0,08;0,0;BRA;FW;24;2001;25,5;2;0;0;42;40;11;10;2;16;0;;;;;;;;;;;;;;;;;;;;;;;
Jair Cunha;Nottingham;2526;ENG-Premier League;BRA;DF;20;2005;9;6;517;5,7;0;0;0;0;0;0;0;0;0,0;0,0;0,0;0,0;0,0;BRA;DF;20;2005;5,7;0;3;1;33,3;0,52;0,17;0,0;0,0;0;0;BRA;DF;20;2005;9;517;57;15,1;5,7;6;71;3;3;30;14;1,33;14;7;7;1,22;1,53;BRA;DF;20;2005;5,7;0;0;0;0;6;0;2;5;5;0;;;;;;;;;;;;;;;;;;;;;;;
James Mcatee;Nottingham;2526;ENG-Premier League;ENG;MF;22;2002;14;2;298;3,3;0;1;1;0;0;0;1;0;0,0;0,3;0,3;0,0;0,3;ENG;MF;22;2002;3,3;0;4;0;0,0;1,21;0,0;0,0;;0;0;ENG;MF;22;2002;14;298;21;8,7;3,3;2;75;1;12;12;21;0,71;4;9;-5;-1,51;-1,57;ENG;MF;22;2002;3,3;1;0;0;4;5;2;9;3;4;0;;;;;;;;;;;;;;;;;;;;;;;
Jimmy Sinclair;Nottingham;2526;ENG-Premier League;;;;;;;;;;;;;;;;;;;;;;;;;;;;;;;;;;;;;ENG;MF;18;2006;0;;;;;0;;0;0;;1;;;;;;;;;;;;;;;;;;;;;;;;;;;;;;;;;;;;;;;;;;;;
John;Nottingham;2526;ENG-Premier League;BRA;GK;29;1996;5;5;437;4,9;0;0;0;0;0;0;1;0;0,0;0,0;0,0;0,0;0,0;BRA;GK;29;1996;4,9;0;0;0;;0,0;0,0;;;0;0;BRA;GK;29;1996;5;437;87;12,8;4,9;5;87;4;0;;13;0,6;5;8;-3;-0,62;-0,62;BRA;GK;29;1996;4,9;1;0;0;0;0;0;0;0;0;0;BRA;GK;29;1996;5;5;437;4,9;8;1,65;14;6;42,9;1;0;4;1;20,0;1;1;0;0;0,0
Jota Silva;Nottingham;2526;ENG-Premier League;POR;FW;25;1999;1;0;12;0,1;0;0;0;0;0;0;0;0;0,0;0,0;0,0;0,0;0,0;POR;FW;25;1999;0,1;0;0;0;;0,0;0,0;;;0;0;POR;FW;25;1999;1;12;12;0,4;0,1;0;;0;1;12;0;3,0;0;0;0;0,0;0,08;POR;FW;25;1999;0,1;0;0;0;0;1;0;1;0;1;0;;;;;;;;;;;;;;;;;;;;;;;
Lamin Sillah;Nottingham;2526;ENG-Premier League;;;;;;;;;;;;;;;;;;;;;;;;;;;;;;;;;;;;;GAM;FW;19;2006;0;;;;;0;;0;0;;1;;;;;;;;;;;;;;;;;;;;;;;;;;;;;;;;;;;;;;;;;;;;
Lorenzo Lucca;Nottingham;2526;ENG-Premier League;ITA;FW;24;2000;4;1;129;1,4;1;0;1;1;0;0;0;0;0,7;0,0;0,7;0,7;0,7;ITA;FW;24;2000;1,4;1;4;1;25,0;2,79;0,7;0,25;1,0;0;0;ITA;FW;24;2000;4;129;32;3,8;1,4;1;70;0;3;20;2;0,5;2;1;1;0,7;0,81;ITA;FW;24;2000;1,4;0;0;0;1;2;2;0;1;0;0;;;;;;;;;;;;;;;;;;;;;;;
Luca Netz;Nottingham;2526;ENG-Premier League;GER;DF,MF;22;2003;7;3;357;4,0;0;0;0;0;0;0;0;0;0,0;0,0;0,0;0,0;0,0;GER;DF,MF;22;2003;4,0;0;0;0;;0,0;0,0;;;0;0;GER;DF,MF;22;2003;7;357;51;10,4;4,0;3;85;1;4;26;6;1,14;7;5;2;0,5;0,65;GER;DF,MF;22;2003;4,0;0;0;0;5;2;0;2;1;8;0;;;;;;;;;;;;;;;;;;;;;;;
Matz Sels;Nottingham;2526;ENG-Premier League;BEL;GK;33;1992;31;30;2668;29,6;0;0;0;0;0;0;2;0;0,0;0,0;0,0;0,0;0,0;BEL;GK;33;1992;29,6;0;0;0;;0,0;0,0;;;0;0;BEL;GK;33;1992;31;2668;86;78,0;29,6;30;89;29;1;13;3;1,29;42;39;3;0,1;0,82;BEL;GK;33;1992;29,6;2;0;0;0;4;0;0;0;1;0;BEL;GK;33;1992;31;30;2668;29,6;39;1,32;132;93;70,5;10;10;10;7;23,3;5;4;1;0;20,0
Morato;Nottingham;2526;ENG-Premier League;BRA;DF;24;2001;21;14;1345;14,9;1;0;1;1;0;0;5;0;0,07;0,0;0,07;0,07;0,07;BRA;DF;24;2001;14,9;1;5;2;40,0;0,33;0,13;0,2;0,5;0;0;BRA;DF;24;2001;21;1345;64;39,3;14,9;14;89;13;7;14;16;1,29;13;23;-10;-0,67;-0,97;BRA;DF;24;2001;14,9;5;0;0;16;7;1;2;11;18;0;;;;;;;;;;;;;;;;;;;;;;;
Morgan Gibbs-White;Nottingham;2526;ENG-Premier League;ENG;MF;25;2000;37;35;3097;34,4;15;4;19;14;1;1;1;0;0,44;0,12;0,55;0,41;0,52;ENG;MF;25;2000;34,4;15;83;32;38,6;2,41;0,93;0,18;0,47;1;1;ENG;MF;25;2000;37;3097;84;90,6;34,4;35;87;20;2;33;0;1,16;42;45;-3;-0,09;-0,09;ENG;MF;25;2000;34,4;1;0;0;26;41;5;42;12;16;0;;;;;;;;;;;;;;;;;;;;;;;
Murillo;Nottingham;2526;ENG-Premier League;BRA;DF;23;2002;25;25;2130;23,7;1;0;1;1;0;0;5;0;0,04;0,0;0,04;0,04;0,04;BRA;DF;23;2002;23,7;1;11;4;36,4;0,46;0,17;0,09;0,25;0;0;BRA;DF;23;2002;25;2130;85;62,3;23,7;25;85;22;0;;1;1,24;29;29;0;0,0;0,21;BRA;DF;23;2002;23,7;5;0;0;23;7;0;2;29;23;2;;;;;;;;;;;;;;;;;;;;;;;
Neco Williams;Nottingham;2526;ENG-Premier League;WAL;DF;24;2001;37;36;3204;35,6;2;3;5;2;0;0;6;1;0,06;0,08;0,14;0,06;0,14;WAL;DF;24;2001;35,6;2;46;19;41,3;1,29;0,53;0,04;0,11;0;0;WAL;DF;24;2001;37;3204;87;93,7;35,6;36;88;33;1;46;0;1,19;45;47;-2;-0,06;0,36;WAL;DF;24;2001;35,6;6;1;0;29;52;4;143;46;61;0;;;;;;;;;;;;;;;;;;;;;;;
Nicolás Domínguez;Nottingham;2526;ENG-Premier League;ARG;MF;27;1998;27;17;1175;13,1;1;1;2;1;0;0;3;0;0,08;0,08;0,15;0,08;0,15;ARG;MF;27;1998;13,1;1;18;5;27,8;1,38;0,38;0,06;0,2;0;0;ARG;MF;27;1998;27;1175;44;34,4;13,1;17;60;1;10;15;4;1,26;15;19;-4;-0,31;-0,35;ARG;MF;27;1998;13,1;3;0;0;16;11;0;14;6;30;0;;;;;;;;;;;;;;;;;;;;;;;
Nicolò Savona;Nottingham;2526;ENG-Premier League;ITA;DF;22;2003;14;11;1028;11,4;2;0;2;2;0;0;2;0;0,18;0,0;0,18;0,18;0,18;ITA;DF;22;2003;11,4;2;5;3;60,0;0,44;0,26;0,4;0,67;0;0;ITA;DF;22;2003;14;1028;73;30,1;11,4;11;85;9;3;31;4;0,93;13;18;-5;-0,44;-0,51;ITA;DF;22;2003;11,4;2;0;0;12;5;1;27;5;12;0;;;;;;;;;;;;;;;;;;;;;;;
Nikola Milenković;Nottingham;2526;ENG-Premier League;SRB;DF;27;1997;38;37;3375;37,5;0;0;0;0;0;0;6;0;0,0;0,0;0,0;0,0;0,0;SRB;DF;27;1997;37,5;0;16;1;6,3;0,43;0,03;0,0;0,0;0;0;SRB;DF;27;1997;38;3375;89;98,7;37,5;37;90;37;1;45;0;1,16;46;51;-5;-0,13;-4,13;SRB;DF;27;1997;37,5;6;0;0;21;20;1;2;29;19;1;;;;;;;;;;;;;;;;;;;;;;;
Ola Aina;Nottingham;2526;ENG-Premier League;NGA;DF;28;1996;18;18;1588;17,6;0;0;0;0;0;0;3;0;0,0;0,0;0,0;0,0;0,0;NGA;DF;28;1996;17,6;0;12;1;8,3;0,68;0,06;0,0;0,0;0;0;NGA;DF;28;1996;18;1588;88;46,4;17,6;18;88;15;0;;0;1,39;27;19;8;0,45;0,99;NGA;DF;28;1996;17,6;3;0;0;13;15;0;39;26;21;0;;;;;;;;;;;;;;;;;;;;;;;
Oleksandr Zinchenko;Nottingham;2526;ENG-Premier League;UKR;DF;28;1996;5;4;353;3,9;0;0;0;0;0;0;0;0;0,0;0,0;0,0;0,0;0,0;UKR;DF;28;1996;3,9;0;4;2;50,0;1,02;0,51;0,0;0,0;0;0;UKR;DF;28;1996;5;353;71;10,3;3,9;4;86;3;1;10;3;0,2;1;6;-5;-1,27;-1,33;UKR;DF;28;1996;3,9;0;0;0;1;2;1;18;2;6;0;;;;;;;;;;;;;;;;;;;;;;;
Omari Hutchinson;Nottingham;2526;ENG-Premier League;ENG;MF;21;2003;31;17;1688;18,8;1;5;6;1;0;0;1;0;0,05;0,27;0,32;0,05;0,32;ENG;MF;21;2003;18,8;1;25;11;44,0;1,33;0,59;0,04;0,09;0;0;ENG;MF;21;2003;31;1688;54;49,4;18,8;17;78;8;14;26;5;1,19;25;24;1;0,05;0,26;ENG;MF;21;2003;18,8;1;0;0;23;24;8;133;11;11;0;;;;;;;;;;;;;;;;;;;;;;;
Ryan Yates;Nottingham;2526;ENG-Premier League;ENG;MF;27;1997;22;2;617;6,9;0;2;2;0;0;0;3;0;0,0;0,29;0,29;0,0;0,29;ENG;MF;27;1997;6,9;0;9;2;22,2;1,31;0,29;0,0;0,0;0;0;ENG;MF;27;1997;22;617;28;18,0;6,9;2;77;1;20;23;10;1,45;14;7;7;1,02;1,34;ENG;MF;27;1997;6,9;3;0;0;13;13;0;5;9;10;0;;;;;;;;;;;;;;;;;;;;;;;
Stefan Ortega;Nottingham;2526;ENG-Premier League;GER;GK;32;1992;3;3;270;3,0;0;0;0;0;0;0;0;0;0,0;0,0;0,0;0,0;0,0;GER;GK;32;1992;3,0;0;0;0;;0,0;0,0;;;0;0;GER;GK;32;1992;3;270;90;7,9;3,0;3;90;3;0;;8;0,33;1;4;-3;-1,0;-1,0;GER;GK;32;1992;3,0;0;0;0;0;0;0;0;0;0;0;GER;GK;32;1992;3;3;270;3,0;4;1,33;12;8;66,7;0;1;2;1;33,3;0;0;0;0;
Taiwo Awoniyi;Nottingham;2526;ENG-Premier League;NGA;FW;27;1997;17;3;494;5,5;4;1;5;4;0;0;2;0;0,73;0,18;0,91;0,73;0,91;NGA;FW;27;1997;5,5;4;15;8;53,3;2,73;1,46;0,27;0,5;0;0;NGA;FW;27;1997;17;494;29;14,4;5,5;3;69;1;14;21;8;1,18;9;4;5;0,91;1,16;NGA;FW;27;1997;5,5;2;0;0;10;7;6;1;1;1;0;;;;;;;;;;;;;;;;;;;;;;;
Willy Boly;Nottingham;2526;ENG-Premier League;;;;;;;;;;;;;;;;;;;;;;;;;;;;;;;;;;;;;CIV;DF;34;1991;0;;;;;0;;0;0;;8;;;;;;;;;;;;;;;;;;;;;;;;;;;;;;;;;;;;;;;;;;;;
Zach Abbott;Nottingham;2526;ENG-Premier League;ENG;DF;19;2006;3;2;164;1,8;0;0;0;0;0;0;0;0;0,0;0,0;0,0;0,0;0,0;ENG;DF;19;2006;1,8;0;0;0;;0,0;0,0;;;0;0;ENG;DF;19;2006;3;164;55;4,8;1,8;2;60;0;1;45;13;1,0;2;4;-2;-1,1;-1,07;ENG;DF;19;2006;1,8;0;0;0;3;1;0;3;2;4;0;;;;;;;;;;;;;;;;;;;;;;;
Anthony Patterson;Sunderland;2526;ENG-Premier League;;;;;;;;;;;;;;;;;;;;;;;;;;;;;;;;;;;;;ENG;GK;25;2000;0;;;;;0;;0;0;;23;;;;;;;;;;;;;;;;;;;;;;;;;;;;;;;;;;;;;;;;;;;;
Arthur Masuaku;Sunderland;2526;ENG-Premier League;COD;DF;31;1993;3;2;126;1,4;0;0;0;0;0;0;1;0;0,0;0,0;0,0;0,0;0,0;COD;DF;31;1993;1,4;0;1;0;0,0;0,71;0,0;0,0;;0;0;COD;DF;31;1993;3;126;42;3,7;1,4;2;58;0;1;11;8;1,33;1;2;-1;-0,71;-0,58;COD;DF;31;1993;1,4;1;0;0;3;0;0;8;2;2;0;;;;;;;;;;;;;;;;;;;;;;;
Bertrand Traoré;Sunderland;2526;ENG-Premier League;BFA;MF,FW;29;1995;12;9;632;7,0;1;0;1;1;0;0;1;0;0,14;0,0;0,14;0,14;0,14;BFA;MF,FW;29;1995;7,0;1;12;6;50,0;1,71;0,85;0,08;0,17;0;0;BFA;MF,FW;29;1995;12;632;53;18,5;7,0;9;64;0;3;19;4;1,75;7;9;-2;-0,28;-0,16;BFA;MF,FW;29;1995;7,0;1;0;0;11;12;1;13;2;4;0;;;;;;;;;;;;;;;;;;;;;;;
Brian Brobbey;Sunderland;2526;ENG-Premier League;NED;FW;23;2002;31;22;1927;21,4;7;1;8;7;0;0;6;0;0,33;0,05;0,37;0,33;0,37;NED;FW;23;2002;21,4;7;36;18;50,0;1,68;0,84;0,19;0,39;0;0;NED;FW;23;2002;31;1927;62;56,3;21,4;22;78;6;9;22;2;1,29;20;30;-10;-0,47;-0,71;NED;FW;23;2002;21,4;6;0;0;33;37;8;2;0;2;0;;;;;;;;;;;;;;;;;;;;;;;
Chemsdine Talbi;Sunderland;2526;ENG-Premier League;MAR;MF,FW;20;2005;28;16;1561;17,3;4;1;5;4;0;0;0;0;0,23;0,06;0,29;0,23;0,29;MAR;MF,FW;20;2005;17,3;4;25;10;40,0;1,44;0,58;0,16;0,4;0;0;MAR;MF,FW;20;2005;28;1561;56;45,6;17,3;16;78;2;12;26;3;1,46;23;14;9;0,52;1,25;MAR;MF,FW;20;2005;17,3;0;0;0;5;1;2;50;3;6;0;;;;;;;;;;;;;;;;;;;;;;;
Chris Rigg;Sunderland;2526;ENG-Premier League;ENG;MF;18;2007;18;11;761;8,5;1;1;2;1;0;0;1;0;0,12;0,12;0,24;0,12;0,24;ENG;MF;18;2007;8,5;1;12;3;25,0;1,42;0,35;0,08;0,33;0;0;ENG;MF;18;2007;18;761;42;22,3;8,5;11;65;2;7;6;18;1,78;10;11;-1;-0,12;0,05;ENG;MF;18;2007;8,5;1;0;0;8;8;2;11;4;8;0;;;;;;;;;;;;;;;;;;;;;;;
Dan Neil;Sunderland;2526;ENG-Premier League;ENG;MF;23;2001;3;0;14;0,2;0;0;0;0;0;0;0;0;0,0;0,0;0,0;0,0;0,0;ENG;MF;23;2001;0,2;0;0;0;;0,0;0,0;;;0;0;ENG;MF;23;2001;3;14;5;0,4;0,2;0;;0;3;5;19;1,33;0;0;0;0,0;0,16;ENG;MF;23;2001;0,2;0;0;0;0;1;0;0;1;0;0;;;;;;;;;;;;;;;;;;;;;;;
Daniel Ballard;Sunderland;2526;ENG-Premier League;NIR;DF;25;1999;29;24;2149;23,9;2;0;2;2;0;0;4;1;0,08;0,0;0,08;0,08;0,08;NIR;DF;25;1999;23,9;2;26;9;34,6;1,09;0,38;0,08;0,22;0;0;NIR;DF;25;1999;29;2149;74;62,8;23,9;24;82;20;5;35;0;1,21;29;34;-5;-0,21;-0,14;NIR;DF;25;1999;23,9;4;1;0;29;29;3;1;20;17;0;;;;;;;;;;;;;;;;;;;;;;;
Dennis Cirkin;Sunderland;2526;ENG-Premier League;LVA;DF;23;2002;8;3;323;3,6;0;0;0;0;0;0;2;0;0,0;0,0;0,0;0,0;0,0;LVA;DF;23;2002;3,6;0;1;0;0,0;0,28;0,0;0,0;;0;0;LVA;DF;23;2002;8;323;40;9,4;3,6;3;79;2;5;17;11;0,88;2;2;0;0,0;0,17;LVA;DF;23;2002;3,6;2;0;0;4;2;0;3;5;5;0;;;;;;;;;;;;;;;;;;;;;;;
Eliezer Mayenda;Sunderland;2526;ENG-Premier League;ESP;FW,MF;20;2005;20;8;759;8,4;2;0;2;2;0;0;0;0;0,24;0,0;0,24;0,24;0,24;ESP;FW,MF;20;2005;8,4;2;13;6;46,2;1,54;0,71;0,15;0,33;0;0;ESP;FW,MF;20;2005;20;759;38;22,2;8,4;8;74;1;12;14;18;1,25;8;9;-1;-0,12;0,05;ESP;FW,MF;20;2005;8,4;0;0;0;6;11;3;1;1;3;0;;;;;;;;;;;;;;;;;;;;;;;
Enzo Le Fée;Sunderland;2526;ENG-Premier League;FRA;MF,FW;25;2000;36;33;2930;32,6;5;6;11;2;3;4;5;0;0,15;0,18;0,34;0,06;0,25;FRA;MF,FW;25;2000;32,6;5;36;12;33,3;1,11;0,37;0,14;0,42;3;4;FRA;MF,FW;25;2000;36;2930;81;85,7;32,6;33;87;25;3;16;0;1,47;37;43;-6;-0,18;-0,18;FRA;MF,FW;25;2000;32,6;5;0;0;31;37;4;98;28;56;0;;;;;;;;;;;;;;;;;;;;;;;
Granit Xhaka;Sunderland;2526;ENG-Premier League;SUI;MF;32;1992;34;32;2904;32,3;1;6;7;1;0;0;8;0;0,03;0,19;0,22;0,03;0,22;SUI;MF;32;1992;32,3;1;21;5;23,8;0,65;0,15;0,05;0,2;0;0;SUI;MF;32;1992;34;2904;85;84,9;32,3;32;89;30;2;29;0;1,5;38;39;-1;-0,03;0,84;SUI;MF;32;1992;32,3;8;0;0;23;40;0;99;29;33;0;;;;;;;;;;;;;;;;;;;;;;;
Habib Diarra;Sunderland;2526;ENG-Premier League;SEN;MF;21;2004;20;15;1405;15,6;2;2;4;1;1;1;6;0;0,13;0,13;0,26;0,06;0,19;SEN;MF;21;2004;15,6;2;26;8;30,8;1,67;0,51;0,08;0,25;1;1;SEN;MF;21;2004;20;1405;70;41,1;15,6;15;85;8;5;27;1;1,4;17;19;-2;-0,13;0,05;SEN;MF;21;2004;15,6;6;0;0;19;27;3;32;4;7;0;;;;;;;;;;;;;;;;;;;;;;;
Harrison Jones;Sunderland;2526;ENG-Premier League;;;;;;;;;;;;;;;;;;;;;;;;;;;;;;;;;;;;;ENG;MF;20;2004;0;;;;;0;;0;0;;15;;;;;;;;;;;;;;;;;;;;;;;;;;;;;;;;;;;;;;;;;;;;
Jack Whittaker;Sunderland;2526;ENG-Premier League;;;;;;;;;;;;;;;;;;;;;;;;;;;;;;;;;;;;;ENG;MF;18;2006;0;;;;;0;;0;0;;1;;;;;;;;;;;;;;;;;;;;;;;;;;;;;;;;;;;;;;;;;;;;
Jaydon Jones;Sunderland;2526;ENG-Premier League;;;;;;;;;;;;;;;;;;;;;;;;;;;;;;;;;;;;;ENG;MF;18;2006;0;;;;;0;;0;0;;1;;;;;;;;;;;;;;;;;;;;;;;;;;;;;;;;;;;;;;;;;;;;
Jenson Jones;Sunderland;2526;ENG-Premier League;;;;;;;;;;;;;;;;;;;;;;;;;;;;;;;;;;;;;ENG;DF;24;2000;0;;;;;0;;0;0;;7;;;;;;;;;;;;;;;;;;;;;;;;;;;;;;;;;;;;;;;;;;;;
Jenson Seelt;Sunderland;2526;ENG-Premier League;NED;DF;22;2003;2;1;134;1,5;0;0;0;0;0;0;0;0;0,0;0,0;0,0;0,0;0,0;NED;DF;22;2003;1,5;0;0;0;;0,0;0,0;;;0;0;NED;DF;22;2003;2;134;67;3,9;1,5;1;52;0;1;82;1;1,5;0;2;-2;-1,34;-1,23;NED;DF;22;2003;1,5;0;0;0;1;1;0;1;0;0;0;;;;;;;;;;;;;;;;;;;;;;;
Jocelin Ta Bi;Sunderland;2526;ENG-Premier League;CIV;MF;20;2005;1;1;38;0,4;0;0;0;0;0;0;0;0;0,0;0,0;0,0;0,0;0,0;CIV;MF;20;2005;0,4;0;0;0;;0,0;0,0;;;0;0;CIV;MF;20;2005;1;38;38;1,1;0,4;1;38;0;0;;4;0,0;0;0;0;0,0;0,16;CIV;MF;20;2005;0,4;0;0;0;0;1;0;5;0;0;0;;;;;;;;;;;;;;;;;;;;;;;
Leo Fuhr Hjelde;Sunderland;2526;ENG-Premier League;;;;;;;;;;;;;;;;;;;;;;;;;;;;;;;;;;;;;NOR;DF;21;2003;0;;;;;0;;0;0;;5;;;;;;;;;;;;;;;;;;;;;;;;;;;;;;;;;;;;;;;;;;;;
Luke O'Nien;Sunderland;2526;ENG-Premier League;ENG;DF;30;1994;12;5;569;6,3;0;1;1;0;0;0;1;1;0,0;0,16;0,16;0,0;0,16;ENG;DF;30;1994;6,3;0;4;1;25,0;0,63;0,16;0,0;0,0;0;0;ENG;DF;30;1994;12;569;47;16,6;6,3;5;90;5;7;17;17;1,58;12;7;5;0,79;1,14;ENG;DF;30;1994;6,3;1;1;0;7;8;0;7;6;6;0;;;;;;;;;;;;;;;;;;;;;;;
Lutsharel Geertruida;Sunderland;2526;ENG-Premier League;NED;DF,MF;25;2000;28;17;1693;18,8;0;0;0;0;0;0;2;0;0,0;0,0;0,0;0,0;0,0;NED;DF,MF;25;2000;18,8;0;11;3;27,3;0,58;0,16;0,0;0,0;0;0;NED;DF,MF;25;2000;28;1693;60;49,5;18,8;17;87;14;11;20;7;1,36;16;23;-7;-0,37;-0,42;NED;DF,MF;25;2000;18,8;2;0;0;15;7;1;9;20;22;0;;;;;;;;;;;;;;;;;;;;;;;
Marc Guiu;Sunderland;2526;ENG-Premier League;ESP;FW;19;2006;2;0;15;0,2;0;0;0;0;0;0;0;0;0,0;0,0;0,0;0,0;0,0;ESP;FW;19;2006;0,2;0;1;0;0,0;6,0;0,0;0,0;;0;0;ESP;FW;19;2006;2;15;8;0,4;0,2;0;;0;2;8;1;1,5;1;1;0;0,0;0,16;ESP;FW;19;2006;0,2;0;0;0;0;0;0;0;0;0;0;;;;;;;;;;;;;;;;;;;;;;;
Melker Ellborg;Sunderland;2526;ENG-Premier League;SWE;GK;22;2003;3;3;270;3,0;0;0;0;0;0;0;0;0;0,0;0,0;0,0;0,0;0,0;SWE;GK;22;2003;3,0;0;0;0;;0,0;0,0;;;0;0;SWE;GK;22;2003;3;270;90;7,9;3,0;3;90;3;0;;11;2,0;3;2;1;0,33;0,53;SWE;GK;22;2003;3,0;0;0;0;0;1;0;0;0;0;0;SWE;GK;22;2003;3;3;270;3,0;2;0,67;12;10;83,3;2;0;1;1;33,3;0;0;0;0;
Milan Aleksić;Sunderland;2526;ENG-Premier League;;;;;;;;;;;;;;;;;;;;;;;;;;;;;;;;;;;;;SRB;FW;19;2005;0;;;;;0;;0;0;;2;;;;;;;;;;;;;;;;;;;;;;;;;;;;;;;;;;;;;;;;;;;;
Nilson Angulo;Sunderland;2526;ENG-Premier League;ECU;MF;22;2003;8;5;404;4,5;0;0;0;0;0;0;1;0;0,0;0,0;0,0;0,0;0,0;ECU;MF;22;2003;4,5;0;7;3;42,9;1,56;0,67;0,0;0,0;0;0;ECU;MF;22;2003;8;404;51;11,8;4,5;5;74;0;3;11;0;1,38;4;6;-2;-0,45;-0,33;ECU;MF;22;2003;4,5;1;0;0;11;3;1;7;5;7;0;;;;;;;;;;;;;;;;;;;;;;;
Noah Sadiki;Sunderland;2526;ENG-Premier League;COD;MF;20;2004;33;33;2889;32,1;0;1;1;0;0;0;9;0;0,0;0,03;0,03;0,0;0,03;COD;MF;20;2004;32,1;0;19;5;26,3;0,59;0,16;0,0;0,0;0;0;COD;MF;20;2004;33;2889;88;84,5;32,1;33;88;26;0;;0;1,52;37;42;-5;-0,16;0,01;COD;MF;20;2004;32,1;9;0;0;31;40;2;21;33;26;0;;;;;;;;;;;;;;;;;;;;;;;
Nordi Mukiele;Sunderland;2526;ENG-Premier League;FRA;DF;27;1997;32;32;2784;30,9;3;3;6;3;0;0;5;0;0,1;0,1;0,19;0,1;0,19;FRA;DF;27;1997;30,9;3;26;4;15,4;0,84;0,13;0,12;0,75;0;0;FRA;DF;27;1997;32;2784;87;81,4;30,9;32;87;29;0;;1;1,38;34;40;-6;-0,19;-0,19;FRA;DF;27;1997;30,9;5;0;0;35;26;3;85;37;45;1;;;;;;;;;;;;;;;;;;;;;;;
Omar Alderete;Sunderland;2526;ENG-Premier League;PAR;DF;28;1996;33;32;2798;31,1;1;1;2;1;0;0;6;0;0,03;0,03;0,06;0,03;0,06;PAR;DF;28;1996;31,1;1;24;9;37,5;0,77;0,29;0,04;0,11;0;0;PAR;DF;28;1996;33;2798;85;81,8;31,1;32;86;27;1;38;2;1,39;30;40;-10;-0,32;-0,9;PAR;DF;28;1996;31,1;6;0;0;34;10;5;11;36;18;0;;;;;;;;;;;;;;;;;;;;;;;
Patrick Roberts;Sunderland;2526;ENG-Premier League;ENG;FW,MF;28;1997;1;0;28;0,3;0;0;0;0;0;0;0;0;0,0;0,0;0,0;0,0;0,0;ENG;FW,MF;28;1997;0,3;0;1;0;0,0;3,21;0,0;0,0;;0;0;ENG;FW,MF;28;1997;1;28;28;0,8;0,3;0;;0;1;28;2;0,0;0;1;-1;-3,21;-3,08;ENG;FW,MF;28;1997;0,3;0;0;0;0;0;0;0;0;0;0;;;;;;;;;;;;;;;;;;;;;;;
Reinildo Mandava;Sunderland;2526;ENG-Premier League;MOZ;DF;31;1994;25;23;1966;21,8;0;1;1;0;0;0;7;1;0,0;0,05;0,05;0,0;0,05;MOZ;DF;31;1994;21,8;0;4;0;0,0;0,18;0,0;0,0;;0;0;MOZ;DF;31;1994;25;1966;79;57,5;21,8;23;83;19;2;23;0;1,6;28;26;2;0,09;0,59;MOZ;DF;31;1994;21,8;7;1;0;32;35;1;23;29;23;0;;;;;;;;;;;;;;;;;;;;;;;
Robin Roefs;Sunderland;2526;ENG-Premier League;NED;GK;22;2003;35;35;3150;35,0;0;0;0;0;0;0;4;0;0,0;0,0;0,0;0,0;0,0;NED;GK;22;2003;35,0;0;0;0;;0,0;0,0;;;0;0;NED;GK;22;2003;35;3150;90;92,1;35,0;35;90;35;0;;0;1,37;39;46;-7;-0,2;-0,53;NED;GK;22;2003;35,0;4;0;0;0;14;0;0;0;0;0;NED;GK;22;2003;35;35;3150;35,0;46;1,31;154;108;70,1;12;12;11;10;28,6;3;2;1;0;33,3
Romaine Mundle;Sunderland;2526;ENG-Premier League;ENG;MF;22;2003;14;2;411;4,6;0;0;0;0;0;0;1;0;0,0;0,0;0,0;0,0;0,0;ENG;MF;22;2003;4,6;0;7;2;28,6;1,53;0,44;0,0;0,0;0;0;ENG;MF;22;2003;14;411;29;12,0;4,6;2;66;0;12;23;1;1,14;5;11;-6;-1,31;-1,31;ENG;MF;22;2003;4,6;1;0;0;7;8;0;11;1;4;0;;;;;;;;;;;;;;;;;;;;;;;
Simon Adingra;Sunderland;2526;ENG-Premier League;CIV;MF,FW;23;2002;14;9;653;7,3;1;0;1;1;0;0;2;0;0,14;0,0;0,14;0,14;0,14;CIV;MF,FW;23;2002;7,3;1;6;2;33,3;0,83;0,28;0,17;0,5;0;0;CIV;MF,FW;23;2002;14;653;47;19,1;7,3;9;64;0;5;16;8;1,07;6;8;-2;-0,28;-0,15;CIV;MF,FW;23;2002;7,3;2;0;0;18;3;4;27;2;8;0;;;;;;;;;;;;;;;;;;;;;;;
Simon Moore;Sunderland;2526;ENG-Premier League;;;;;;;;;;;;;;;;;;;;;;;;;;;;;;;;;;;;;ENG;GK;35;1990;0;;;;;0;;0;0;;4;;;;;;;;;;;;;;;;;;;;;;;;;;;;;;;;;;;;;;;;;;;;
Timur Tuterov;Sunderland;2526;ENG-Premier League;;;;;;;;;;;;;;;;;;;;;;;;;;;;;;;;;;;;;UKR;MF;20;2005;0;;;;;0;;0;0;;4;;;;;;;;;;;;;;;;;;;;;;;;;;;;;;;;;;;;;;;;;;;;
Trai Hume;Sunderland;2526;ENG-Premier League;NIR;DF,MF;23;2002;38;34;3036;33,7;2;1;3;2;0;0;9;0;0,06;0,03;0,09;0,06;0,09;NIR;DF,MF;23;2002;33,7;2;34;7;20,6;1,01;0,21;0,06;0,29;0;0;NIR;DF,MF;23;2002;38;3036;80;88,8;33,7;34;87;26;4;22;0;1,42;34;42;-8;-0,24;-0,71;NIR;DF,MF;23;2002;33,7;9;0;0;30;38;3;88;25;46;1;;;;;;;;;;;;;;;;;;;;;;;
Wilson Isidor;Sunderland;2526;ENG-Premier League;HAI;FW;24;2000;32;11;1165;12,9;6;0;6;6;0;0;1;0;0,46;0,0;0,46;0,46;0,46;HAI;FW;24;2000;12,9;6;43;17;39,5;3,32;1,31;0,14;0,35;0;0;HAI;FW;24;2000;32;1165;36;34,1;12,9;11;71;0;21;18;4;1,44;18;17;1;0,08;0,36;HAI;FW;24;2000;12,9;1;0;0;14;7;10;0;2;8;0;;;;;;;;;;;;;;;;;;;;;;;
Antonín Kinský;Tottenham;2526;ENG-Premier League;CZE;GK;22;2003;7;7;630;7,0;0;0;0;0;0;0;1;0;0,0;0,0;0,0;0,0;0,0;CZE;GK;22;2003;7,0;0;0;0;;0,0;0,0;;;0;0;CZE;GK;22;2003;7;630;90;18,4;7,0;7;90;7;0;;30;1,57;8;7;1;0,14;0,47;CZE;GK;22;2003;7,0;1;0;0;0;1;0;0;0;0;0;CZE;GK;22;2003;7;7;630;7,0;7;1,0;17;10;58,8;3;2;2;2;28,6;1;1;0;0;0,0
Archie Gray;Tottenham;2526;ENG-Premier League;ENG;MF,DF;19;2006;24;18;1478;16,4;2;2;4;2;0;0;5;0;0,12;0,12;0,24;0,12;0,24;ENG;MF,DF;19;2006;16,4;2;11;5;45,5;0,67;0,3;0,18;0,4;0;0;ENG;MF,DF;19;2006;24;1478;62;43,2;16,4;18;78;9;6;11;11;0,83;18;28;-10;-0,61;-0,66;ENG;MF,DF;19;2006;16,4;5;0;0;12;2;0;12;17;8;0;;;;;;;;;;;;;;;;;;;;;;;
Ben Davies;Tottenham;2526;ENG-Premier League;WAL;DF;32;1993;3;2;137;1,5;1;0;1;1;0;0;1;0;0,66;0,0;0,66;0,66;0,66;WAL;DF;32;1993;1,5;1;2;2;100,0;1,31;1,31;0,5;0,5;0;0;WAL;DF;32;1993;3;137;46;4,0;1,5;2;53;0;1;32;11;0,33;1;3;-2;-1,31;-1,12;WAL;DF;32;1993;1,5;1;0;0;2;0;0;3;1;4;0;;;;;;;;;;;;;;;;;;;;;;;
Brandon Austin;Tottenham;2526;ENG-Premier League;;;;;;;;;;;;;;;;;;;;;;;;;;;;;;;;;;;;;ENG;GK;26;1999;0;;;;;0;;0;0;;10;;;;;;;;;;;;;;;;;;;;;;;;;;;;;;;;;;;;;;;;;;;;
Brennan Johnson;Tottenham;2526;ENG-Premier League;WAL;MF,FW;24;2001;16;6;610;6,8;2;0;2;2;0;0;2;0;0,3;0,0;0,3;0,3;0,3;WAL;MF,FW;24;2001;6,8;2;6;2;33,3;0,89;0,3;0,33;1,0;0;0;WAL;MF,FW;24;2001;16;610;38;17,8;6,8;6;77;1;10;15;2;1,38;13;5;8;1,18;1,72;WAL;MF,FW;24;2001;6,8;2;0;0;2;4;8;23;2;9;0;;;;;;;;;;;;;;;;;;;;;;;
Callum Olusesi;Tottenham;2526;ENG-Premier League;ENG;MF;18;2007;1;0;15;0,2;0;0;0;0;0;0;0;0;0,0;0,0;0,0;0,0;0,0;ENG;MF;18;2007;0,2;0;0;0;;0,0;0,0;;;0;0;ENG;MF;18;2007;1;15;15;0,4;0,2;0;;0;1;15;7;1,0;1;0;1;6,0;6,26;ENG;MF;18;2007;0,2;0;0;0;0;0;0;0;0;0;0;;;;;;;;;;;;;;;;;;;;;;;
Conor Gallagher;Tottenham;2526;ENG-Premier League;ENG;MF;25;2000;16;14;1184;13,2;1;1;2;1;0;0;2;0;0,08;0,08;0,15;0,08;0,15;ENG;MF;25;2000;13,2;1;11;4;36,4;0,84;0,3;0,09;0,25;0;0;ENG;MF;25;2000;16;1184;74;34,6;13,2;14;81;5;2;28;0;0,81;13;23;-10;-0,76;-0,8;ENG;MF;25;2000;13,2;2;0;0;25;23;1;23;18;14;0;;;;;;;;;;;;;;;;;;;;;;;
Cristian Romero;Tottenham;2526;ENG-Premier League;ARG;DF;27;1998;23;22;1868;20,8;4;1;5;4;0;0;11;2;0,19;0,05;0,24;0,19;0,24;ARG;DF;27;1998;20,8;4;17;6;35,3;0,82;0,29;0,24;0,67;0;0;ARG;DF;27;1998;23;1868;81;54,6;20,8;22;84;15;1;31;0;1,0;26;31;-5;-0,24;-0,01;ARG;DF;27;1998;20,8;11;2;1;32;16;1;1;31;30;0;;;;;;;;;;;;;;;;;;;;;;;
Dane Scarlett;Tottenham;2526;ENG-Premier League;ENG;FW;21;2004;2;0;9;0,1;0;0;0;0;0;0;0;0;0,0;0,0;0,0;0,0;0,0;ENG;FW;21;2004;0,1;0;0;0;;0,0;0,0;;;0;0;ENG;FW;21;2004;2;9;5;0,3;0,1;0;;0;2;5;9;1,0;1;0;1;10,0;10,26;ENG;FW;21;2004;0,1;0;0;0;1;0;0;0;0;0;0;;;;;;;;;;;;;;;;;;;;;;;
Destiny Udogie;Tottenham;2526;ENG-Premier League;ITA;DF,MF;22;2002;20;14;1338;14,9;0;1;1;0;0;0;4;0;0,0;0,07;0,07;0,0;0,07;ITA;DF,MF;22;2002;14,9;0;4;1;25,0;0,27;0,07;0,0;0,0;0;0;ITA;DF,MF;22;2002;20;1338;67;39,1;14,9;14;83;7;6;29;1;1,0;18;25;-7;-0,47;-0,38;ITA;DF,MF;22;2002;14,9;4;0;0;17;22;3;27;7;20;0;;;;;;;;;;;;;;;;;;;;;;;
Djed Spence;Tottenham;2526;ENG-Premier League;ENG;DF,MF;24;2000;30;23;2056;22,8;0;0;0;0;0;0;4;0;0,0;0,0;0,0;0,0;0,0;ENG;DF,MF;24;2000;22,8;0;13;8;61,5;0,57;0,35;0,0;0,0;0;0;ENG;DF,MF;24;2000;30;2056;69;60,1;22,8;23;83;16;7;21;4;1,2;30;31;-1;-0,04;0,48;ENG;DF,MF;24;2000;22,8;4;0;0;28;21;4;49;15;25;0;;;;;;;;;;;;;;;;;;;;;;;
Dominic Solanke;Tottenham;2526;ENG-Premier League;ENG;FW;27;1997;15;11;1001;11,1;3;0;3;3;0;0;1;0;0,27;0,0;0,27;0,27;0,27;ENG;FW;27;1997;11,1;3;20;11;55,0;1,8;0,99;0,15;0,27;0;0;ENG;FW;27;1997;15;1001;67;29,3;11,1;11;83;7;4;23;1;0,87;11;21;-10;-0,9;-0,94;ENG;FW;27;1997;11,1;1;0;0;12;9;3;2;3;16;0;;;;;;;;;;;;;;;;;;;;;;;
Guglielmo Vicario;Tottenham;2526;ENG-Premier League;ITA;GK;28;1996;31;31;2790;31,0;0;0;0;0;0;0;1;0;0,0;0,0;0,0;0,0;0,0;ITA;GK;28;1996;31,0;0;0;0;;0,0;0,0;;;0;0;ITA;GK;28;1996;31;2790;90;81,6;31,0;31;90;31;0;;2;0,97;40;50;-10;-0,32;-0,47;ITA;GK;28;1996;31,0;1;0;0;0;3;0;0;0;1;0;ITA;GK;28;1996;31;31;2790;31,0;50;1,61;133;83;62,4;7;9;15;7;22,6;2;2;0;0;0,0
James Maddison;Tottenham;2526;ENG-Premier League;ENG;FW,MF;28;1996;3;0;37;0,4;0;0;0;0;0;0;0;0;0,0;0,0;0,0;0,0;0,0;ENG;FW,MF;28;1996;0,4;0;2;0;0,0;4,86;0,0;0,0;;0;0;ENG;FW,MF;28;1996;3;37;12;1,1;0,4;0;;0;3;12;3;1,33;1;0;1;2,43;2,7;ENG;FW,MF;28;1996;0,4;0;0;0;1;1;0;6;0;1;0;;;;;;;;;;;;;;;;;;;;;;;
James Rowswell;Tottenham;2526;ENG-Premier League;ENG;DF;19;2006;1;0;1;0,0;0;0;0;0;0;0;0;0;0,0;0,0;0,0;0,0;0,0;ENG;DF;19;2006;0,0;0;0;0;;0,0;0,0;;;0;0;ENG;DF;19;2006;1;1;1;0,0;0,0;0;;0;1;1;6;1,0;0;0;0;0,0;0,24;ENG;DF;19;2006;0,0;0;0;0;0;0;0;0;0;0;0;;;;;;;;;;;;;;;;;;;;;;;
James Wilson;Tottenham;2526;ENG-Premier League;;;;;;;;;;;;;;;;;;;;;;;;;;;;;;;;;;;;;SCO;FW;18;2007;0;;;;;0;;0;0;;2;;;;;;;;;;;;;;;;;;;;;;;;;;;;;;;;;;;;;;;;;;;;
João Palhinha;Tottenham;2526;ENG-Premier League;POR;MF;30;1995;33;23;2198;24,4;5;2;7;5;0;0;8;0;0,2;0,08;0,29;0,2;0,29;POR;MF;30;1995;24,4;5;33;9;27,3;1,35;0,37;0,15;0,56;0;0;POR;MF;30;1995;33;2198;67;64,3;24,4;23;84;15;10;26;2;1,15;31;37;-6;-0,25;-0,02;POR;MF;30;1995;24,4;8;0;0;28;36;0;4;28;61;0;;;;;;;;;;;;;;;;;;;;;;;
Jun'ai Byfield;Tottenham;2526;ENG-Premier League;ENG;DF;16;2008;1;0;1;0,0;0;0;0;0;0;0;0;0;0,0;0,0;0,0;0,0;0,0;ENG;DF;16;2008;0,0;0;0;0;;0,0;0,0;;;0;0;ENG;DF;16;2008;1;1;1;0,0;0,0;0;;0;1;1;5;1,0;0;0;0;0,0;0,24;ENG;DF;16;2008;0,0;0;0;0;0;0;0;0;0;0;0;;;;;;;;;;;;;;;;;;;;;;;
Kevin Danso;Tottenham;2526;ENG-Premier League;AUT;DF;26;1998;24;17;1494;16,6;0;0;0;0;0;0;8;0;0,0;0,0;0,0;0,0;0,0;AUT;DF;26;1998;16,6;0;11;2;18,2;0,66;0,12;0,0;0,0;0;0;AUT;DF;26;1998;24;1494;62;43,7;16,6;17;85;14;7;8;10;1,38;20;26;-6;-0,36;-0,22;AUT;DF;26;1998;16,6;8;0;0;21;13;0;7;25;13;0;;;;;;;;;;;;;;;;;;;;;;;
Kōta Takai;Tottenham;2526;ENG-Premier League;;;;;;;;;;;;;;;;;;;;;;;;;;;;;;;;;;;;;JPN;DF;20;2004;0;;;;;0;;0;0;;1;;;;;;;;;;;;;;;;;;;;;;;;;;;;;;;;;;;;;;;;;;;;
Luca Williams Barnett;Tottenham;2526;ENG-Premier League;;;;;;;;;;;;;;;;;;;;;;;;;;;;;;;;;;;;;ENG;FW;16;2008;0;;;;;0;;0;0;;6;;;;;;;;;;;;;;;;;;;;;;;;;;;;;;;;;;;;;;;;;;;;
Lucas Bergvall;Tottenham;2526;ENG-Premier League;SWE;MF;19;2006;23;11;965;10,7;1;3;4;1;0;0;2;0;0,09;0,28;0,37;0,09;0,37;SWE;MF;19;2006;10,7;1;12;5;41,7;1,12;0,47;0,08;0,2;0;0;SWE;MF;19;2006;23;965;42;28,2;10,7;11;66;0;12;20;5;1,17;14;18;-4;-0,37;-0,19;SWE;MF;19;2006;10,7;2;0;0;24;7;3;19;3;14;0;;;;;;;;;;;;;;;;;;;;;;;
Luka Vušković;Tottenham;2526;ENG-Premier League;;;;;;;;;;;;;;;;;;;;;;;;;;;;;;;;;;;;;CRO;DF;18;2007;0;;;;;0;;0;0;;2;;;;;;;;;;;;;;;;;;;;;;;;;;;;;;;;;;;;;;;;;;;;
Manor Solomon;Tottenham;2526;ENG-Premier League;;;;;;;;;;;;;;;;;;;;;;;;;;;;;;;;;;;;;ISR;FW,MF;26;1999;0;;;;;0;;0;0;;1;;;;;;;;;;;;;;;;;;;;;;;;;;;;;;;;;;;;;;;;;;;;
Mathys Tel;Tottenham;2526;ENG-Premier League;FRA;MF,FW;20;2005;31;13;1349;15,0;4;1;5;4;0;0;1;0;0,27;0,07;0,33;0,27;0,33;FRA;MF,FW;20;2005;15,0;4;35;8;22,9;2,34;0,53;0,11;0,5;0;0;FRA;MF,FW;20;2005;31;1349;44;39,4;15,0;13;78;3;18;19;7;1,0;26;23;3;0,2;0,72;FRA;MF,FW;20;2005;15,0;1;0;0;19;23;3;92;5;12;0;;;;;;;;;;;;;;;;;;;;;;;
Micky van de Ven;Tottenham;2526;ENG-Premier League;NED;DF;24;2001;35;35;3041;33,8;4;1;5;4;0;0;9;1;0,12;0,03;0,15;0,12;0,15;NED;DF;24;2001;33,8;4;16;6;37,5;0,47;0,18;0,25;0,67;0;0;NED;DF;24;2001;35;3041;87;88,9;33,8;35;87;32;0;;1;1,09;43;47;-4;-0,12;1,07;NED;DF;24;2001;33,8;9;1;0;28;22;2;3;21;20;0;;;;;;;;;;;;;;;;;;;;;;;
Mohammed Kudus;Tottenham;2526;ENG-Premier League;GHA;MF,FW;24;2000;19;19;1535;17,1;2;5;7;2;0;0;3;0;0,12;0,29;0,41;0,12;0,41;GHA;MF,FW;24;2000;17,1;2;26;9;34,6;1,52;0,53;0,08;0,22;0;0;GHA;MF,FW;24;2000;19;1535;81;44,9;17,1;19;81;8;0;;0;1,37;22;20;2;0,12;0,64;GHA;MF,FW;24;2000;17,1;3;0;0;23;15;10;122;3;17;0;;;;;;;;;;;;;;;;;;;;;;;
Pape Matar Sarr;Tottenham;2526;ENG-Premier League;SEN;MF;22;2002;26;13;1398;15,5;2;4;6;2;0;0;3;0;0,13;0,26;0,39;0,13;0,39;SEN;MF;22;2002;15,5;2;17;6;35,3;1,09;0,39;0,12;0,33;0;0;SEN;MF;22;2002;26;1398;54;40,9;15,5;13;89;11;13;19;3;1,12;21;23;-2;-0,13;0,18;SEN;MF;22;2002;15,5;3;0;0;29;13;3;8;14;21;0;;;;;;;;;;;;;;;;;;;;;;;
Pedro Porro;Tottenham;2526;ENG-Premier League;ESP;DF;25;1999;34;32;2796;31,1;1;2;3;1;0;0;10;0;0,03;0,06;0,1;0,03;0,1;ESP;DF;25;1999;31,1;1;32;8;25,0;1,03;0,26;0,03;0,13;0;0;ESP;DF;25;1999;34;2796;82;81,8;31,1;32;86;26;2;21;0;1,18;40;40;0;0,0;1,3;ESP;DF;25;1999;31,1;10;0;0;32;26;1;232;31;50;0;;;;;;;;;;;;;;;;;;;;;;;
Radu Drăgușin;Tottenham;2526;ENG-Premier League;ROU;DF;23;2002;10;5;517;5,7;0;0;0;0;0;0;0;0;0,0;0,0;0,0;0,0;0,0;ROU;DF;23;2002;5,7;0;4;0;0,0;0,7;0,0;0,0;;0;0;ROU;DF;23;2002;10;517;52;15,1;5,7;5;90;4;5;14;11;1,2;6;13;-7;-1,22;-1,16;ROU;DF;23;2002;5,7;0;0;0;9;1;0;3;16;3;0;;;;;;;;;;;;;;;;;;;;;;;
Randal Kolo Muani;Tottenham;2526;ENG-Premier League;FRA;FW,MF;26;1998;30;21;1664;18,5;1;1;2;1;0;0;3;0;0,05;0,05;0,11;0,05;0,11;FRA;FW,MF;26;1998;18,5;1;20;4;20,0;1,08;0,22;0,05;0,25;0;0;FRA;FW,MF;26;1998;30;1664;55;48,7;18,5;21;69;4;9;25;2;0,87;17;31;-14;-0,76;-1,01;FRA;FW,MF;26;1998;18,5;3;0;0;41;17;3;18;2;16;0;;;;;;;;;;;;;;;;;;;;;;;
Richarlison;Tottenham;2526;ENG-Premier League;BRA;FW,MF;28;1997;32;20;1964;21,8;11;4;15;11;0;0;5;0;0,5;0,18;0,69;0,5;0,69;BRA;FW,MF;28;1997;21,8;11;61;26;42,6;2,8;1,19;0,18;0,42;0;0;BRA;FW,MF;28;1997;32;1964;61;57,4;21,8;20;83;12;12;25;1;1,19;29;27;2;0,09;0,77;BRA;FW,MF;28;1997;21,8;5;0;0;23;33;10;18;7;16;0;;;;;;;;;;;;;;;;;;;;;;;
Rio Kyerematen;Tottenham;2526;ENG-Premier League;;;;;;;;;;;;;;;;;;;;;;;;;;;;;;;;;;;;;ENG;MF;20;2005;0;;;;;0;;0;0;;2;;;;;;;;;;;;;;;;;;;;;;;;;;;;;;;;;;;;;;;;;;;;
Rodrigo Bentancur;Tottenham;2526;ENG-Premier League;URU;MF;28;1997;26;23;1883;20,9;1;1;2;1;0;0;7;0;0,05;0,05;0,1;0,05;0,1;URU;MF;28;1997;20,9;1;13;3;23,1;0,62;0,14;0,08;0,33;0;0;URU;MF;28;1997;26;1883;72;55,1;20,9;23;79;11;3;21;1;1,35;28;25;3;0,14;0,85;URU;MF;28;1997;20,9;7;0;0;19;8;1;7;36;36;0;;;;;;;;;;;;;;;;;;;;;;;
Souza;Tottenham;2526;ENG-Premier League;BRA;MF;19;2006;4;2;144;1,6;0;0;0;0;0;0;1;0;0,0;0,0;0,0;0,0;0,0;BRA;MF;19;2006;1,6;0;1;1;100,0;0,62;0,62;0,0;0,0;0;0;BRA;MF;19;2006;4;144;36;4,2;1,6;2;49;0;2;24;8;0,25;1;3;-2;-1,25;-1,06;BRA;MF;19;2006;1,6;1;0;0;3;2;0;3;2;0;0;;;;;;;;;;;;;;;;;;;;;;;
Wilson Odobert;Tottenham;2526;ENG-Premier League;FRA;MF,FW;20;2004;24;10;985;10,9;0;2;2;0;0;0;0;0;0,0;0,18;0,18;0,0;0,18;FRA;MF,FW;20;2004;10,9;0;21;8;38,1;1,92;0,73;0,0;0,0;0;0;FRA;MF,FW;20;2004;24;985;41;28,8;10,9;10;68;1;14;22;2;1,08;16;13;3;0,27;0,72;FRA;MF,FW;20;2004;10,9;0;0;0;2;10;2;28;0;8;0;;;;;;;;;;;;;;;;;;;;;;;
Xavi Simons;Tottenham;2526;ENG-Premier League;NED;MF,FW;22;2003;28;19;1755;19,5;2;5;7;2;0;0;5;1;0,1;0,26;0,36;0,1;0,36;NED;MF,FW;22;2003;19,5;2;42;10;23,8;2,15;0,51;0,05;0,2;0;0;NED;MF,FW;22;2003;28;1755;63;51,3;19,5;19;78;10;9;30;0;0,82;26;33;-7;-0,36;-0,25;NED;MF,FW;22;2003;19,5;5;1;0;21;44;0;51;15;20;0;;;;;;;;;;;;;;;;;;;;;;;
Yusuf Akhamrich;Tottenham;2526;ENG-Premier League;;;;;;;;;;;;;;;;;;;;;;;;;;;;;;;;;;;;;ENG;MF;19;2005;0;;;;;0;;0;0;;1;;;;;;;;;;;;;;;;;;;;;;;;;;;;;;;;;;;;;;;;;;;;
Yves Bissouma;Tottenham;2526;ENG-Premier League;MLI;MF;28;1996;11;7;603;6,7;0;0;0;0;0;0;4;0;0,0;0,0;0,0;0,0;0,0;MLI;MF;28;1996;6,7;0;5;2;40,0;0,75;0,3;0,0;0,0;0;0;MLI;MF;28;1996;11;603;55;17,6;6,7;7;68;1;4;32;4;0,82;6;17;-11;-1,64;-1,71;MLI;MF;28;1996;6,7;4;0;0;8;6;0;1;8;11;0;;;;;;;;;;;;;;;;;;;;;;;
Aaron Wan-Bissaka;West Ham;2526;ENG-Premier League;COD;DF,MF;27;1997;25;23;2081;23,1;0;2;2;0;0;0;4;0;0,0;0,09;0,09;0,0;0,09;COD;DF,MF;27;1997;23,1;0;0;0;;0,0;0,0;;;0;0;COD;DF,MF;27;1997;25;2081;83;60,8;23,1;23;87;19;2;36;5;0,96;27;43;-16;-0,69;-0,49;COD;DF,MF;27;1997;23,1;4;0;0;23;12;1;43;41;24;0;;;;;;;;;;;;;;;;;;;;;;;
Adama Traoré;West Ham;2526;ENG-Premier League;ESP;FW,MF;29;1996;9;0;121;1,3;0;0;0;0;0;0;1;0;0,0;0,0;0,0;0,0;0,0;ESP;FW,MF;29;1996;1,3;0;2;0;0,0;1,49;0,0;0,0;;0;0;ESP;FW,MF;29;1996;9;121;13;3,5;1,3;0;;0;9;13;3;1,22;1;5;-4;-2,98;-2,57;ESP;FW,MF;29;1996;1,3;1;0;0;1;0;2;12;0;1;0;;;;;;;;;;;;;;;;;;;;;;;
Airidas Golambeckis;West Ham;2526;ENG-Premier League;;;;;;;;;;;;;;;;;;;;;;;;;;;;;;;;;;;;;ENG;DF;17;2007;0;;;;;0;;0;0;;4;;;;;;;;;;;;;;;;;;;;;;;;;;;;;;;;;;;;;;;;;;;;
Alphonse Areola;West Ham;2526;ENG-Premier League;FRA;GK;32;1993;20;20;1800;20,0;0;1;1;0;0;0;0;0;0,0;0,05;0,05;0,0;0,05;FRA;GK;32;1993;20,0;0;0;0;;0,0;0,0;;;0;0;FRA;GK;32;1993;20;1800;90;52,6;20,0;20;90;20;0;;18;0,85;25;37;-12;-0,6;-0,21;FRA;GK;32;1993;20,0;0;0;0;1;1;0;0;1;0;0;FRA;GK;32;1993;20;20;1800;20,0;37;1,85;113;76;67,3;4;5;11;0;0,0;6;5;0;1;0,0
Andy Irving;West Ham;2526;ENG-Premier League;SCO;MF;25;2000;7;2;158;1,8;0;0;0;0;0;0;0;0;0,0;0,0;0,0;0,0;0,0;SCO;MF;25;2000;1,8;0;0;0;;0,0;0,0;;;0;0;SCO;MF;25;2000;7;158;23;4,6;1,8;2;62;0;5;7;8;0,71;3;4;-1;-0,57;-0,07;SCO;MF;25;2000;1,8;0;0;0;1;0;0;12;1;4;0;;;;;;;;;;;;;;;;;;;;;;;
Axel Disasi;West Ham;2526;ENG-Premier League;FRA;DF;27;1998;14;14;1254;13,9;0;0;0;0;0;0;1;0;0,0;0,0;0,0;0,0;0,0;FRA;DF;27;1998;13,9;0;5;3;60,0;0,36;0,22;0,0;0,0;0;0;FRA;DF;27;1998;14;1254;90;36,7;13,9;14;90;13;0;;0;1,36;17;17;0;0,0;0,79;FRA;DF;27;1998;13,9;1;0;0;5;4;1;0;12;10;1;;;;;;;;;;;;;;;;;;;;;;;
Callum Marshall;West Ham;2526;ENG-Premier League;NIR;FW;20;2004;2;0;60;0,7;0;0;0;0;0;0;0;0;0,0;0,0;0,0;0,0;0,0;NIR;FW;20;2004;0,7;0;1;0;0,0;1,5;0,0;0,0;;0;0;NIR;FW;20;2004;2;60;30;1,8;0,7;0;;0;2;30;4;0,0;0;2;-2;-3,0;-2,54;NIR;FW;20;2004;0,7;0;0;0;0;0;1;0;2;0;0;;;;;;;;;;;;;;;;;;;;;;;
Callum Wilson;West Ham;2526;ENG-Premier League;ENG;FW;33;1992;32;11;1251;13,9;7;1;8;7;0;0;1;0;0,5;0,07;0,58;0,5;0,58;ENG;FW;33;1992;13,9;7;38;16;42,1;2,73;1,15;0,18;0,44;0;0;ENG;FW;33;1992;32;1251;39;36,6;13,9;11;69;2;21;23;5;1,16;23;24;-1;-0,07;0,67;ENG;FW;33;1992;13,9;1;0;0;12;14;9;5;3;2;0;;;;;;;;;;;;;;;;;;;;;;;
Crysencio Summerville;West Ham;2526;ENG-Premier League;NED;MF,FW;23;2001;31;29;2470;27,4;5;2;7;5;0;0;6;0;0,18;0,07;0,26;0,18;0,26;NED;MF,FW;23;2001;27,4;5;54;15;27,8;1,97;0,55;0,09;0,33;0;0;NED;MF,FW;23;2001;31;2470;80;72,2;27,4;29;84;14;2;19;0;1,16;34;42;-8;-0,29;0,75;NED;MF,FW;23;2001;27,4;6;0;0;49;67;6;59;15;26;0;;;;;;;;;;;;;;;;;;;;;;;
Edson Álvarez;West Ham;2526;ENG-Premier League;;;;;;;;;;;;;;;;;;;;;;;;;;;;;;;;;;;;;MEX;DF,MF;27;1997;0;;;;;0;;0;0;;1;;;;;;;;;;;;;;;;;;;;;;;;;;;;;;;;;;;;;;;;;;;;
El Hadji Malick Diouf;West Ham;2526;ENG-Premier League;SEN;DF,MF;20;2004;32;30;2707;30,1;0;5;5;0;0;0;6;0;0,0;0,17;0,17;0,0;0,17;SEN;DF,MF;20;2004;30,1;0;18;4;22,2;0,6;0,13;0,0;0,0;0;0;SEN;DF,MF;20;2004;32;2707;85;79,2;30,1;30;88;24;2;33;0;1,09;38;47;-9;-0,3;0,96;SEN;DF,MF;20;2004;30,1;6;0;0;28;25;2;109;32;19;0;;;;;;;;;;;;;;;;;;;;;;;
Ezra Mayers;West Ham;2526;ENG-Premier League;BRB;DF;18;2007;6;0;117;1,3;0;0;0;0;0;0;0;0;0,0;0,0;0,0;0,0;0,0;BRB;DF;18;2007;1,3;0;1;0;0,0;0,77;0,0;0,0;;0;0;BRB;DF;18;2007;6;117;20;3,4;1,3;0;;0;6;20;8;0,33;0;3;-3;-2,31;-1,87;BRB;DF;18;2007;1,3;0;0;0;0;0;0;3;1;0;0;;;;;;;;;;;;;;;;;;;;;;;
Finlay Herrick;West Ham;2526;ENG-Premier League;;;;;;;;;;;;;;;;;;;;;;;;;;;;;;;;;;;;;ENG;GK;19;2006;0;;;;;0;;0;0;;1;;;;;;;;;;;;;;;;;;;;;;;;;;;;;;;;;;;;;;;;;;;;
Freddie Potts;West Ham;2526;ENG-Premier League;ENG;MF;21;2003;22;12;1171;13,0;0;1;1;0;0;0;1;0;0,0;0,08;0,08;0,0;0,08;ENG;MF;21;2003;13,0;0;3;1;33,3;0,23;0,08;0,0;0,0;0;0;ENG;MF;21;2003;22;1171;53;34,2;13,0;12;77;4;10;25;11;1,09;17;25;-8;-0,61;-0,17;ENG;MF;21;2003;13,0;1;0;0;15;14;0;34;16;18;0;;;;;;;;;;;;;;;;;;;;;;;
George Earthy;West Ham;2526;ENG-Premier League;ENG;MF;20;2004;1;0;9;0,1;0;0;0;0;0;0;0;0;0,0;0,0;0,0;0,0;0,0;ENG;MF;20;2004;0,1;0;0;0;;0,0;0,0;;;0;0;ENG;MF;20;2004;1;9;9;0,3;0,1;0;;0;1;9;5;0,0;0;1;-1;-10,0;-9,53;ENG;MF;20;2004;0,1;0;0;0;0;0;0;0;0;0;0;;;;;;;;;;;;;;;;;;;;;;;
Guido Rodríguez;West Ham;2526;ENG-Premier League;ARG;MF;31;1994;6;2;180;2,0;0;0;0;0;0;0;1;0;0,0;0,0;0,0;0,0;0,0;ARG;MF;31;1994;2,0;0;1;0;0,0;0,5;0,0;0,0;;0;0;ARG;MF;31;1994;6;180;30;5,3;2,0;2;67;0;4;12;15;0,67;1;2;-1;-0,5;0,0;ARG;MF;31;1994;2,0;1;0;0;2;4;0;2;2;0;0;;;;;;;;;;;;;;;;;;;;;;;
Igor;West Ham;2526;ENG-Premier League;BRA;DF;27;1998;4;1;105;1,2;0;0;0;0;0;0;0;0;0,0;0,0;0,0;0,0;0,0;BRA;DF;27;1998;1,2;0;0;0;;0,0;0,0;;;0;0;BRA;DF;27;1998;4;105;26;3,1;1,2;1;90;1;3;5;9;2,0;4;3;1;0,86;1,4;BRA;DF;27;1998;1,2;0;0;0;1;0;0;0;1;0;0;;;;;;;;;;;;;;;;;;;;;;;
James Ward-Prowse;West Ham;2526;ENG-Premier League;ENG;MF;30;1994;5;5;413;4,6;0;0;0;0;0;0;0;0;0,0;0,0;0,0;0,0;0,0;ENG;MF;30;1994;4,6;0;2;0;0,0;0,44;0,0;0,0;;0;0;ENG;MF;30;1994;5;413;83;12,1;4,6;5;83;2;0;;1;0,6;2;11;-9;-1,96;-1,66;ENG;MF;30;1994;4,6;0;0;0;4;2;0;22;6;2;0;;;;;;;;;;;;;;;;;;;;;;;
Jarrod Bowen;West Ham;2526;ENG-Premier League;ENG;MF,FW;28;1996;38;38;3403;37,8;9;11;20;8;1;1;4;0;0,24;0,29;0,53;0,21;0,5;ENG;MF,FW;28;1996;37,8;9;79;28;35,4;2,09;0,74;0,11;0,32;1;1;ENG;MF,FW;28;1996;38;3403;90;99,5;37,8;38;90;32;0;;0;1,03;45;63;-18;-0,48;4,82;ENG;MF,FW;28;1996;37,8;4;0;0;19;49;17;148;27;28;0;;;;;;;;;;;;;;;;;;;;;;;
Jean-Clair Todibo;West Ham;2526;ENG-Premier League;FRA;DF;25;1999;23;22;1814;20,2;0;1;1;0;0;0;5;1;0,0;0,05;0,05;0,0;0,05;FRA;DF;25;1999;20,2;0;2;0;0,0;0,1;0,0;0,0;;0;0;FRA;DF;25;1999;23;1814;79;53,0;20,2;22;82;16;1;1;7;1,0;25;36;-11;-0,55;-0,1;FRA;DF;25;1999;20,2;5;1;0;9;3;1;2;16;24;0;;;;;;;;;;;;;;;;;;;;;;;
Keiber Lamadrid;West Ham;2526;ENG-Premier League;;;;;;;;;;;;;;;;;;;;;;;;;;;;;;;;;;;;;VEN;MF;21;2003;0;;;;;0;;0;0;;3;;;;;;;;;;;;;;;;;;;;;;;;;;;;;;;;;;;;;;;;;;;;
Konstantinos Mavropanos;West Ham;2526;ENG-Premier League;GRE;DF;27;1997;31;27;2534;28,2;3;0;3;3;0;0;2;0;0,11;0,0;0,11;0,11;0,11;GRE;DF;27;1997;28,2;3;23;8;34,8;0,82;0,28;0,13;0,38;0;0;GRE;DF;27;1997;31;2534;82;74,1;28,2;27;90;27;4;26;3;1,03;34;44;-10;-0,36;0,56;GRE;DF;27;1997;28,2;2;0;0;16;9;2;4;47;24;2;;;;;;;;;;;;;;;;;;;;;;;
Kyle Walker-Peters;West Ham;2526;ENG-Premier League;ENG;DF;28;1997;23;15;1383;15,4;1;0;1;1;0;0;2;0;0,07;0,0;0,07;0,07;0,07;ENG;DF;28;1997;15,4;1;5;3;60,0;0,33;0,2;0,2;0,33;0;0;ENG;DF;28;1997;23;1383;60;40,4;15,4;15;85;12;8;14;15;1,13;20;25;-5;-0,33;0,29;ENG;DF;28;1997;15,4;2;0;0;12;25;1;20;9;30;0;;;;;;;;;;;;;;;;;;;;;;;
Lucas Paquetá;West Ham;2526;ENG-Premier League;BRA;MF,FW;27;1997;18;18;1511;16,8;4;1;5;2;2;2;7;1;0,24;0,06;0,3;0,12;0,18;BRA;MF,FW;27;1997;16,8;4;23;11;47,8;1,37;0,66;0,17;0,36;2;2;BRA;MF,FW;27;1997;18;1511;84;44,2;16,8;18;84;8;0;;0;0,67;18;32;-14;-0,83;-0,6;BRA;MF,FW;27;1997;16,8;7;1;1;27;30;5;36;7;22;0;;;;;;;;;;;;;;;;;;;;;;;
Luis Guilherme;West Ham;2526;ENG-Premier League;BRA;FW;19;2006;5;1;125;1,4;0;0;0;0;0;0;0;0;0,0;0,0;0,0;0,0;0,0;BRA;FW;19;2006;1,4;0;1;0;0,0;0,72;0,0;0,0;;0;0;BRA;FW;19;2006;5;125;25;3,7;1,4;1;45;0;4;20;3;0,4;2;2;0;0,0;0,52;BRA;FW;19;2006;1,4;0;0;0;0;0;0;0;0;1;0;;;;;;;;;;;;;;;;;;;;;;;
Mads Hermansen;West Ham;2526;ENG-Premier League;DEN;GK;25;2000;18;18;1620;18,0;0;1;1;0;0;0;0;0;0,0;0,06;0,06;0,0;0,06;DEN;GK;25;2000;18,0;0;0;0;;0,0;0,0;;;0;0;DEN;GK;25;2000;18;1620;90;47,4;18,0;18;90;18;0;;20;1,22;21;28;-7;-0,39;0,21;DEN;GK;25;2000;18,0;0;0;0;0;2;0;0;0;0;0;DEN;GK;25;2000;18;18;1620;18,0;28;1,56;82;53;65,9;6;4;8;7;38,9;1;1;0;0;0,0
Mateus Fernandes;West Ham;2526;ENG-Premier League;POR;MF;21;2004;36;35;3016;33,5;3;4;7;3;0;0;7;0;0,09;0,12;0,21;0,09;0,21;POR;MF;21;2004;33,5;3;28;8;28,6;0,84;0,24;0,11;0,38;0;0;POR;MF;21;2004;36;3016;84;88,2;33,5;35;85;23;1;26;0;1,08;40;50;-10;-0,3;1,71;POR;MF;21;2004;33,5;7;0;0;49;49;0;51;36;67;0;;;;;;;;;;;;;;;;;;;;;;;
Max Kilman;West Ham;2526;ENG-Premier League;ENG;DF;28;1997;21;17;1561;17,3;0;0;0;0;0;0;4;0;0,0;0,0;0,0;0,0;0,0;ENG;DF;28;1997;17,3;0;7;1;14,3;0,4;0,06;0,0;0,0;0;0;ENG;DF;28;1997;21;1561;74;45,6;17,3;17;90;17;4;8;13;0,95;18;37;-19;-1,1;-1,1;ENG;DF;28;1997;17,3;4;0;0;16;2;0;2;6;8;0;;;;;;;;;;;;;;;;;;;;;;;
Mohamadou Kanté;West Ham;2526;ENG-Premier League;FRA;MF;19;2005;11;0;75;0,8;0;0;0;0;0;0;2;0;0,0;0,0;0,0;0,0;0,0;FRA;MF;19;2005;0,8;0;2;0;0,0;2,4;0,0;0,0;;0;0;FRA;MF;19;2005;11;75;7;2,2;0,8;0;;0;11;7;13;1,0;2;1;1;1,2;1,74;FRA;MF;19;2005;0,8;2;0;0;4;1;0;0;0;4;0;;;;;;;;;;;;;;;;;;;;;;;
Nayef Aguerd;West Ham;2526;ENG-Premier League;MAR;DF;29;1996;2;2;180;2,0;0;0;0;0;0;0;0;0;0,0;0,0;0,0;0,0;0,0;MAR;DF;29;1996;2,0;0;2;0;0,0;1,0;0,0;0,0;;0;0;MAR;DF;29;1996;2;180;90;5,3;2,0;2;90;2;0;;0;0,0;1;8;-7;-3,5;-3,17;MAR;DF;29;1996;2,0;0;0;0;0;1;0;2;1;0;0;;;;;;;;;;;;;;;;;;;;;;;
Niclas Füllkrug;West Ham;2526;ENG-Premier League;GER;FW;32;1993;8;5;409;4,5;0;0;0;0;0;0;0;0;0,0;0,0;0,0;0,0;0,0;GER;FW;32;1993;4,5;0;9;3;33,3;1,98;0,66;0,0;0,0;0;0;GER;FW;32;1993;8;409;51;12,0;4,5;5;69;1;3;21;2;0,63;2;11;-9;-1,98;-1,68;GER;FW;32;1993;4,5;0;0;0;11;1;2;0;2;1;0;;;;;;;;;;;;;;;;;;;;;;;
Oliver Scarles;West Ham;2526;ENG-Premier League;ENG;DF,MF;19;2005;13;9;659;7,3;0;0;0;0;0;0;2;0;0,0;0,0;0,0;0,0;0,0;ENG;DF,MF;19;2005;7,3;0;3;0;0,0;0,41;0,0;0,0;;0;0;ENG;DF,MF;19;2005;13;659;51;19,3;7,3;9;69;4;4;9;17;0,85;8;16;-8;-1,09;-0,73;ENG;DF,MF;19;2005;7,3;2;0;0;7;7;1;35;13;19;0;;;;;;;;;;;;;;;;;;;;;;;
Pablo;West Ham;2526;ENG-Premier League;BRA;MF,FW;21;2004;14;10;823;9,1;0;1;1;0;0;0;0;0;0,0;0,11;0,11;0,0;0,11;BRA;MF,FW;21;2004;9,1;0;12;3;25,0;1,31;0,33;0,0;0,0;0;0;BRA;MF,FW;21;2004;14;823;59;24,1;9,1;10;73;2;4;23;1;1,43;12;12;0;0,0;0,66;BRA;MF,FW;21;2004;9,1;0;0;0;23;8;0;5;5;14;0;;;;;;;;;;;;;;;;;;;;;;;
Soungoutou Magassa;West Ham;2526;ENG-Premier League;FRA;MF;21;2003;22;11;981;10,9;1;0;1;1;0;0;4;0;0,09;0,0;0,09;0,09;0,09;FRA;MF;21;2003;10,9;1;7;2;28,6;0,64;0,18;0,14;0,5;0;0;FRA;MF;21;2003;22;981;45;28,7;10,9;11;74;2;11;15;12;0,73;11;23;-12;-1,1;-0,84;FRA;MF;21;2003;10,9;4;0;0;17;17;0;9;17;23;0;;;;;;;;;;;;;;;;;;;;;;;
Tomáš Souček;West Ham;2526;ENG-Premier League;CZE;MF;30;1995;35;24;2200;24,4;5;0;5;5;0;0;3;1;0,2;0,0;0,2;0,2;0,2;CZE;MF;30;1995;24,4;5;26;14;53,8;1,06;0,57;0,19;0,36;0;0;CZE;MF;30;1995;35;2200;63;64,3;24,4;24;83;15;11;19;0;1,09;32;41;-9;-0,37;0,37;CZE;MF;30;1995;24,4;3;1;0;37;22;5;14;16;23;0;;;;;;;;;;;;;;;;;;;;;;;
Valentín Castellanos;West Ham;2526;ENG-Premier League;ARG;FW;26;1998;18;17;1384;15,4;6;0;6;6;0;0;6;0;0,39;0,0;0,39;0,39;0,39;ARG;FW;26;1998;15,4;6;50;22;44,0;3,25;1,43;0,12;0,27;0;0;ARG;FW;26;1998;18;1384;77;40,5;15,4;17;78;3;1;65;0;1,39;21;16;5;0,33;1,39;ARG;FW;26;1998;15,4;6;0;0;32;16;9;9;6;9;0;;;;;;;;;;;;;;;;;;;;;;;
Łukasz Fabiański;West Ham;2526;ENG-Premier League;;;;;;;;;;;;;;;;;;;;;;;;;;;;;;;;;;;;;POL;GK;40;1985;0;;;;;0;;0;0;;1;;;;;;;;;;;;;;;;;;;;;;;;;;;;;;;;;;;;;;;;;;;;
Adam Armstrong;Wolves;2526;ENG-Premier League;ENG;FW,MF;28;1997;14;14;1140;12,7;2;2;4;1;1;1;3;0;0,16;0,16;0,32;0,08;0,24;ENG;FW,MF;28;1997;12,7;2;18;6;33,3;1,42;0,47;0,11;0,33;1;1;ENG;FW,MF;28;1997;14;1140;81;33,3;12,7;14;81;7;0;;0;0,86;9;20;-11;-0,87;0,32;ENG;FW,MF;28;1997;12,7;3;0;0;12;3;5;5;1;4;0;;;;;;;;;;;;;;;;;;;;;;;
Alfie Brooks;Wolves;2526;ENG-Premier League;;;;;;;;;;;;;;;;;;;;;;;;;;;;;;;;;;;;;SRB;GK;21;2003;0;;;;;0;;0;0;;1;;;;;;;;;;;;;;;;;;;;;;;;;;;;;;;;;;;;;;;;;;;;
Alfie Pond;Wolves;2526;ENG-Premier League;;;;;;;;;;;;;;;;;;;;;;;;;;;;;;;;;;;;;ENG;DF;21;2004;0;;;;;0;;0;0;;1;;;;;;;;;;;;;;;;;;;;;;;;;;;;;;;;;;;;;;;;;;;;
André;Wolves;2526;ENG-Premier League;BRA;MF;24;2001;35;30;2762;30,7;1;0;1;1;0;0;12;0;0,03;0,0;0,03;0,03;0,03;BRA;MF;24;2001;30,7;1;15;1;6,7;0,49;0,03;0,07;1,0;0;0;BRA;MF;24;2001;35;2762;79;80,8;30,7;30;86;24;5;34;0;0,51;19;53;-34;-1,11;-0,15;BRA;MF;24;2001;30,7;12;0;0;47;43;0;40;25;42;0;;;;;;;;;;;;;;;;;;;;;;;
Angel Gomes;Wolves;2526;ENG-Premier League;ENG;MF,FW;24;2000;12;7;461;5,1;0;0;0;0;0;0;1;0;0,0;0,0;0,0;0,0;0,0;ENG;MF,FW;24;2000;5,1;0;6;2;33,3;1,17;0,39;0,0;0,0;0;0;ENG;MF,FW;24;2000;12;461;38;13,5;5,1;7;57;0;5;13;2;0,92;4;8;-4;-0,78;0,34;ENG;MF,FW;24;2000;5,1;1;0;0;7;9;0;12;1;5;0;;;;;;;;;;;;;;;;;;;;;;;
Daniel Bentley;Wolves;2526;ENG-Premier League;ENG;GK;32;1993;3;3;270;3,0;0;0;0;0;0;0;0;0;0,0;0,0;0,0;0,0;0,0;ENG;GK;32;1993;3,0;0;0;0;;0,0;0,0;;;0;0;ENG;GK;32;1993;3;270;90;7,9;3,0;3;90;3;0;;6;0,33;1;7;-6;-2,0;-1,0;ENG;GK;32;1993;3,0;0;0;0;0;2;0;0;0;0;0;ENG;GK;32;1993;3;3;270;3,0;7;2,33;14;7;50,0;0;1;2;0;0,0;1;1;0;0;0,0
David Møller Wolfe;Wolves;2526;ENG-Premier League;NOR;MF,DF;23;2002;22;11;1049;11,7;0;2;2;0;0;0;1;0;0,0;0,17;0,17;0,0;0,17;NOR;MF,DF;23;2002;11,7;0;3;0;0,0;0,26;0,0;0,0;;0;0;NOR;MF,DF;23;2002;22;1049;48;30,7;11,7;11;79;4;11;16;15;0,5;6;23;-17;-1,46;-0,55;NOR;MF,DF;23;2002;11,7;1;0;0;10;4;0;32;7;5;0;;;;;;;;;;;;;;;;;;;;;;;
Emmanuel Agbadou;Wolves;2526;ENG-Premier League;CIV;DF;28;1997;14;12;1101;12,2;0;0;0;0;0;0;1;1;0,0;0,0;0,0;0,0;0,0;CIV;DF;28;1997;12,2;0;10;3;30,0;0,82;0,25;0,0;0,0;0;0;CIV;DF;28;1997;14;1101;79;32,2;12,2;12;85;11;2;38;4;0,14;6;27;-21;-1,72;-0,94;CIV;DF;28;1997;12,2;1;1;0;10;5;1;13;14;21;0;;;;;;;;;;;;;;;;;;;;;;;
Enso Gonzalez;Wolves;2526;ENG-Premier League;;;;;;;;;;;;;;;;;;;;;;;;;;;;;;;;;;;;;PAR;FW;20;2005;0;;;;;0;;0;0;;4;;;;;;;;;;;;;;;;;;;;;;;;;;;;;;;;;;;;;;;;;;;;
Ethan Sutherland;Wolves;2526;ENG-Premier League;;;;;;;;;;;;;;;;;;;;;;;;;;;;;;;;;;;;;SCO;FW;19;2006;0;;;;;0;;0;0;;3;;;;;;;;;;;;;;;;;;;;;;;;;;;;;;;;;;;;;;;;;;;;
Fer López;Wolves;2526;ENG-Premier League;ESP;MF;21;2004;9;2;235;2,6;0;1;1;0;0;0;1;0;0,0;0,38;0,38;0,0;0,38;ESP;MF;21;2004;2,6;0;5;1;20,0;1,91;0,38;0,0;0,0;0;0;ESP;MF;21;2004;9;235;26;6,9;2,6;2;55;0;7;18;11;0,11;3;9;-6;-2,3;-1,31;ESP;MF;21;2004;2,6;1;0;0;6;4;0;4;0;1;0;;;;;;;;;;;;;;;;;;;;;;;
Hugo Bueno;Wolves;2526;ENG-Premier League;ESP;MF,DF;22;2002;35;26;2366;26,3;1;2;3;1;0;0;3;0;0,04;0,08;0,11;0,04;0,11;ESP;MF,DF;22;2002;26,3;1;16;6;37,5;0,61;0,23;0,06;0,17;0;0;ESP;MF,DF;22;2002;35;2366;68;69,2;26,3;26;84;17;9;20;0;0,57;20;44;-24;-0,91;0,54;ESP;MF,DF;22;2002;26,3;3;0;0;17;24;3;166;33;35;0;;;;;;;;;;;;;;;;;;;;;;;
Hwang Hee-chan;Wolves;2526;ENG-Premier League;KOR;FW,MF;29;1996;26;18;1446;16,1;2;2;4;1;1;1;5;0;0,12;0,12;0,25;0,06;0,19;KOR;FW,MF;29;1996;16,1;2;19;6;31,6;1,18;0,37;0,11;0,33;1;1;KOR;FW,MF;29;1996;26;1446;56;42,3;16,1;18;73;1;8;17;7;0,38;10;29;-19;-1,18;-0,18;KOR;FW,MF;29;1996;16,1;5;0;0;28;18;9;19;12;4;0;;;;;;;;;;;;;;;;;;;;;;;
Jackson Tchatchoua;Wolves;2526;ENG-Premier League;CMR;MF,DF;23;2001;31;19;1845;20,5;0;1;1;0;0;0;3;0;0,0;0,05;0,05;0,0;0,05;CMR;MF,DF;23;2001;20,5;0;3;1;33,3;0,15;0,05;0,0;0,0;0;0;CMR;MF,DF;23;2001;31;1845;60;53,9;20,5;19;82;14;12;24;6;0,55;17;37;-20;-0,98;0,22;CMR;MF,DF;23;2001;20,5;3;0;0;8;9;2;90;14;15;0;;;;;;;;;;;;;;;;;;;;;;;
Jean-Ricner Bellegarde;Wolves;2526;ENG-Premier League;HAI;MF,FW;27;1998;26;15;1248;13,9;1;1;2;1;0;0;5;0;0,07;0,07;0,14;0,07;0,14;HAI;MF,FW;27;1998;13,9;1;21;7;33,3;1,51;0,5;0,05;0,14;0;0;HAI;MF,FW;27;1998;26;1248;48;36,5;13,9;15;68;1;11;21;2;0,46;10;30;-20;-1,44;-0,57;HAI;MF,FW;27;1998;13,9;5;0;0;20;41;0;25;9;15;0;;;;;;;;;;;;;;;;;;;;;;;
Jerome Abbey;Wolves;2526;ENG-Premier League;ENG;MF;15;2009;1;0;17;0,2;0;0;0;0;0;0;0;0;0,0;0,0;0,0;0,0;0,0;ENG;MF;15;2009;0,2;0;0;0;;0,0;0,0;;;0;0;ENG;MF;15;2009;1;17;17;0,5;0,2;0;;0;1;17;1;1,0;0;0;0;0,0;1,08;ENG;MF;15;2009;0,2;0;0;0;0;0;1;0;1;0;0;;;;;;;;;;;;;;;;;;;;;;;
Jhon Arias;Wolves;2526;ENG-Premier League;COL;FW,MF;27;1997;23;14;1124;12,5;1;0;1;1;0;0;1;0;0,08;0,0;0,08;0,08;0,08;COL;FW,MF;27;1997;12,5;1;16;3;18,8;1,28;0,24;0,06;0,33;0;0;COL;FW,MF;27;1997;23;1124;49;32,9;12,5;14;71;2;9;15;1;0,35;11;21;-10;-0,8;0,41;COL;FW,MF;27;1997;12,5;1;0;0;26;9;3;30;7;27;0;;;;;;;;;;;;;;;;;;;;;;;
Josh Gracey;Wolves;2526;ENG-Premier League;;;;;;;;;;;;;;;;;;;;;;;;;;;;;;;;;;;;;NIR;GK;17;2007;0;;;;;0;;0;0;;2;;;;;;;;;;;;;;;;;;;;;;;;;;;;;;;;;;;;;;;;;;;;
José Sá;Wolves;2526;ENG-Premier League;POR;GK;32;1993;23;23;2070;23,0;0;0;0;0;0;0;2;0;0,0;0,0;0,0;0,0;0,0;POR;GK;32;1993;23,0;0;0;0;;0,0;0,0;;;0;0;POR;GK;32;1993;23;2070;90;60,5;23,0;23;90;23;0;;11;0,74;20;37;-17;-0,74;0,86;POR;GK;32;1993;23,0;2;0;0;0;6;0;0;0;0;0;POR;GK;32;1993;23;23;2070;23,0;37;1,61;102;65;63,7;3;8;12;4;17,4;3;3;0;0;0,0
João Gomes;Wolves;2526;ENG-Premier League;BRA;MF;24;2001;35;32;2829;31,4;1;1;2;1;0;0;10;0;0,03;0,03;0,06;0,03;0,06;BRA;MF;24;2001;31,4;1;19;7;36,8;0,6;0,22;0,05;0,14;0;0;BRA;MF;24;2001;35;2829;81;82,7;31,4;32;86;23;3;24;1;0,51;21;56;-35;-1,11;-0,2;BRA;MF;24;2001;31,4;10;0;0;69;49;1;31;36;68;0;;;;;;;;;;;;;;;;;;;;;;;
Jørgen Strand Larsen;Wolves;2526;ENG-Premier League;NOR;FW;25;2000;22;14;1404;15,6;1;1;2;0;1;2;2;0;0,06;0,06;0,13;0,0;0,06;NOR;FW;25;2000;15,6;1;21;7;33,3;1,35;0,45;0,05;0,14;1;2;NOR;FW;25;2000;22;1404;64;41,1;15,6;14;83;7;8;31;0;0,36;6;26;-20;-1,28;-0,34;NOR;FW;25;2000;15,6;2;0;0;30;11;9;3;3;2;0;;;;;;;;;;;;;;;;;;;;;;;
Ki-Jana Hoever;Wolves;2526;ENG-Premier League;NED;MF,DF;23;2002;8;6;425;4,7;0;0;0;0;0;0;0;0;0,0;0,0;0,0;0,0;0,0;NED;MF,DF;23;2002;4,7;0;1;1;100,0;0,21;0,21;0,0;0,0;0;0;NED;MF,DF;23;2002;8;425;53;12,4;4,7;6;65;0;2;17;9;0,0;3;13;-10;-2,12;-1,19;NED;MF,DF;23;2002;4,7;0;0;0;3;3;1;22;5;11;0;;;;;;;;;;;;;;;;;;;;;;;
Ladislav Krejčí;Wolves;2526;ENG-Premier League;CZE;DF,MF;26;1999;28;27;2356;26,2;2;1;3;2;0;0;5;1;0,08;0,04;0,11;0,08;0,11;CZE;DF,MF;26;1999;26,2;2;21;10;47,6;0,8;0,38;0,1;0,2;0;0;CZE;DF,MF;26;1999;28;2356;84;68,9;26,2;27;85;21;1;48;2;0,57;20;45;-25;-0,96;0,4;CZE;DF,MF;26;1999;26,2;5;1;1;33;7;0;17;32;21;1;;;;;;;;;;;;;;;;;;;;;;;
Luke Rawlings;Wolves;2526;ENG-Premier League;;;;;;;;;;;;;;;;;;;;;;;;;;;;;;;;;;;;;ENG;MF;17;2008;0;;;;;0;;0;0;;5;;;;;;;;;;;;;;;;;;;;;;;;;;;;;;;;;;;;;;;;;;;;
Marshall Munetsi;Wolves;2526;ENG-Premier League;ZIM;MF,FW;29;1996;13;9;875;9,7;1;1;2;1;0;0;2;0;0,1;0,1;0,21;0,1;0,21;ZIM;MF,FW;29;1996;9,7;1;14;6;42,9;1,44;0,62;0,07;0,17;0;0;ZIM;MF,FW;29;1996;13;875;67;25,6;9,7;9;86;6;4;24;1;0,15;6;19;-13;-1,34;-0,35;ZIM;MF,FW;29;1996;9,7;2;0;0;19;10;4;14;5;13;0;;;;;;;;;;;;;;;;;;;;;;;
Mateus Mane;Wolves;2526;ENG-Premier League;POR;MF;17;2007;27;19;1795;19,9;3;1;4;3;0;0;0;0;0,15;0,05;0,2;0,15;0,2;POR;MF;17;2007;19,9;3;41;17;41,5;2,06;0,85;0,07;0,18;0;0;POR;MF;17;2007;27;1795;66;52,5;19,9;19;85;15;8;23;0;0,67;16;30;-14;-0,7;0,79;POR;MF;17;2007;19,9;0;0;0;26;47;2;94;5;13;0;;;;;;;;;;;;;;;;;;;;;;;
Matt Doherty;Wolves;2526;ENG-Premier League;IRL;DF,MF;33;1992;11;11;787;8,7;0;0;0;0;0;0;4;0;0,0;0,0;0,0;0,0;0,0;IRL;DF,MF;33;1992;8,7;0;3;0;0,0;0,34;0,0;0,0;;0;0;IRL;DF,MF;33;1992;11;787;72;23,0;8,7;11;72;3;0;;15;0,45;2;15;-13;-1,49;-0,53;IRL;DF,MF;33;1992;8,7;4;0;0;16;6;0;8;7;8;0;;;;;;;;;;;;;;;;;;;;;;;
Pedro Lima;Wolves;2526;ENG-Premier League;BRA;MF;19;2006;9;3;260;2,9;0;0;0;0;0;0;0;0;0,0;0,0;0,0;0,0;0,0;BRA;MF;19;2006;2,9;0;4;1;25,0;1,38;0,35;0,0;0,0;0;0;BRA;MF;19;2006;9;260;29;7,6;2,9;3;65;0;6;11;9;0,44;0;6;-6;-2,08;-1,08;BRA;MF;19;2006;2,9;0;0;0;6;1;0;10;4;5;0;;;;;;;;;;;;;;;;;;;;;;;
Rodrigo Gomes;Wolves;2526;ENG-Premier League;POR;MF,FW;22;2003;22;9;960;10,7;3;0;3;3;0;0;0;0;0,28;0,0;0,28;0,28;0,28;POR;MF,FW;22;2003;10,7;3;20;6;30,0;1,87;0,56;0,15;0,5;0;0;POR;MF,FW;22;2003;22;960;44;28,1;10,7;9;72;1;13;24;4;0,59;12;18;-6;-0,56;0,72;POR;MF,FW;22;2003;10,7;0;0;0;6;8;3;24;11;18;0;;;;;;;;;;;;;;;;;;;;;;;
Saheed Olagunju;Wolves;2526;ENG-Premier League;;;;;;;;;;;;;;;;;;;;;;;;;;;;;;;;;;;;;NGA;DF;18;2007;0;;;;;0;;0;0;;5;;;;;;;;;;;;;;;;;;;;;;;;;;;;;;;;;;;;;;;;;;;;
Sam Johnstone;Wolves;2526;ENG-Premier League;ENG;GK;32;1993;12;12;1080;12,0;0;0;0;0;0;0;0;0;0,0;0,0;0,0;0,0;0,0;ENG;GK;32;1993;12,0;0;0;0;;0,0;0,0;;;0;0;ENG;GK;32;1993;12;1080;90;31,6;12,0;12;90;12;0;;18;0,17;6;24;-18;-1,5;-0,62;ENG;GK;32;1993;12,0;0;0;0;0;0;0;0;0;1;1;ENG;GK;32;1993;12;12;1080;12,0;24;2,0;63;39;61,9;0;2;10;0;0,0;1;1;0;0;0,0
Santiago Bueno;Wolves;2526;ENG-Premier League;URU;DF;26;1998;29;28;2553;28,4;3;1;4;3;0;0;4;0;0,11;0,04;0,14;0,11;0,14;URU;DF;26;1998;28,4;3;10;7;70,0;0,35;0,25;0,3;0,43;0;0;URU;DF;26;1998;29;2553;88;74,6;28,4;28;90;27;1;35;8;0,66;23;47;-24;-0,85;0,92;URU;DF;26;1998;28,4;4;0;0;29;11;2;6;27;30;0;;;;;;;;;;;;;;;;;;;;;;;
Saša Kalajdžić;Wolves;2526;ENG-Premier League;AUT;FW,MF;28;1997;1;0;15;0,2;0;0;0;0;0;0;0;0;0,0;0,0;0,0;0,0;0,0;AUT;FW,MF;28;1997;0,2;0;0;0;;0,0;0,0;;;0;0;AUT;FW,MF;28;1997;1;15;15;0,4;0,2;0;;0;1;15;1;0,0;1;0;1;6,0;7,11;AUT;FW,MF;28;1997;0,2;0;0;0;0;0;0;0;1;0;0;;;;;;;;;;;;;;;;;;;;;;;
Tawanda Chirewa;Wolves;2526;ENG-Premier League;ZIM;MF;21;2003;2;0;27;0,3;0;0;0;0;0;0;0;0;0,0;0,0;0,0;0,0;0,0;ZIM;MF;21;2003;0,3;0;0;0;;0,0;0,0;;;0;0;ZIM;MF;21;2003;2;27;14;0,8;0,3;0;;0;2;14;5;1,5;0;0;0;0,0;1,09;ZIM;MF;21;2003;0,3;0;0;0;3;1;0;0;0;0;0;;;;;;;;;;;;;;;;;;;;;;;
Temple Ojinnaka;Wolves;2526;ENG-Premier League;;;;;;;;;;;;;;;;;;;;;;;;;;;;;;;;;;;;;ITA;MF;20;2005;0;;;;;0;;0;0;;2;;;;;;;;;;;;;;;;;;;;;;;;;;;;;;;;;;;;;;;;;;;;
Tolu Arokodare;Wolves;2526;ENG-Premier League;NGA;FW;24;2000;33;13;1419;15,8;3;1;4;3;0;1;1;0;0,19;0,06;0,25;0,19;0,25;NGA;FW;24;2000;15,8;3;46;16;34,8;2,92;1,01;0,07;0,19;0;1;NGA;FW;24;2000;33;1419;43;41,5;15,8;13;82;7;20;18;2;0,61;16;28;-12;-0,76;0,54;NGA;FW;24;2000;15,8;1;0;0;18;17;6;0;5;4;0;;;;;;;;;;;;;;;;;;;;;;;
Tom Edozie;Wolves;2526;ENG-Premier League;ENG;MF;19;2006;3;0;14;0,2;1;0;1;1;0;0;0;0;6,43;0,0;6,43;6,43;6,43;ENG;MF;19;2006;0,2;1;2;1;50,0;12,86;6,43;0,5;1,0;0;0;ENG;MF;19;2006;3;14;5;0,4;0,2;0;;0;3;5;8;0,67;1;0;1;6,43;7,54;ENG;MF;19;2006;0,2;0;0;0;0;0;0;0;0;0;0;;;;;;;;;;;;;;;;;;;;;;;
Toti Gomes;Wolves;2526;ENG-Premier League;POR;DF;26;1999;19;17;1424;15,8;0;0;0;0;0;0;2;1;0,0;0,0;0,0;0,0;0,0;POR;DF;26;1999;15,8;0;5;2;40,0;0,32;0,13;0,0;0,0;0;0;POR;DF;26;1999;19;1424;75;41,6;15,8;17;82;12;2;13;7;0,32;7;33;-26;-1,64;-0,97;POR;DF;26;1999;15,8;2;1;0;11;11;0;11;13;11;0;;;;;;;;;;;;;;;;;;;;;;;
Yerson Mosquera;Wolves;2526;ENG-Premier League;COL;DF;24;2001;27;24;2136;23,7;0;0;0;0;0;0;12;0;0,0;0,0;0,0;0,0;0,0;COL;DF;24;2001;23,7;0;30;6;20,0;1,26;0,25;0,0;0,0;0;0;COL;DF;24;2001;27;2136;79;62,5;23,7;24;86;17;3;26;6;0,7;21;40;-19;-0,8;0,74;COL;DF;24;2001;23,7;12;0;0;34;44;1;18;25;36;2;;;;;;;;;;;;;;;;;;;;;;;
