league,season,player,team,position,position_group,age,minutes,PC1,PC2,PC3,pca1_shooting_score,pca2_team_success_score,pca3_misc_performance_score,observed_features,imputed_features,pca1_observed_features,pca1_imputed_features,pca2_observed_features,pca2_imputed_features,pca3_observed_features,pca3_imputed_features,shooting_goals_per90,shots_per90,shots_on_target_per90,shots_on_target_pct,goals_per_shot,goals_per_shot_on_target,penalties_scored_per90,penalty_attempts_per90,points_per_match,team_goals_for_per90,team_goals_against_per90,plus_minus_per90,on_off_per90,yellow_cards_per90,red_cards_per90,second_yellow_cards_per90,fouls_committed_per90,fouls_drawn_per90,offsides_per90,crosses_per90,interceptions_per90,tackles_won_per90,own_goals_per90
ENG-Premier League,2025-2026,Ben White,Arsenal,DF,DF,27.0,702.0,-0.9800655990458537,0.7437947640904179,-0.3160654882760641,-0.9800655990458537,0.7437947640904179,-0.3160654882760641,23,0,8,0,5,0,10,0,0.0,0.6410256410256411,0.1282051282051282,20.0,0.0,0.0,0.0,0.0,1.83,1.2820512820512822,0.7692307692307693,0.5128205128205128,-0.81,0.0,0.0,0.0,0.6410256410256411,0.7692307692307693,0.38461538461538464,2.051282051282051,1.1538461538461537,1.1538461538461537,0.0
ENG-Premier League,2025-2026,Bukayo Saka,Arsenal,"FW,MF",FW,23.0,2222.0,1.4141306044621804,1.9784307994723722,0.2405465150483913,1.4141306044621804,1.9784307994723722,0.2405465150483913,23,0,8,0,5,0,10,0,0.28352835283528355,2.8757875787578757,1.0936093609360935,38.028169014084504,0.09859154929577464,0.25925925925925924,0.0405040504050405,0.0405040504050405,2.35,1.8631863186318631,0.648064806480648,1.215121512151215,0.16,0.081008100810081,0.0,0.0,1.3366336633663367,2.187218721872187,0.5670567056705671,4.941494149414941,0.648064806480648,0.7695769576957696,0.0
ENG-Premier League,2025-2026,Cristhian Mosquera,Arsenal,DF,DF,21.0,994.0,-1.1954788089686397,1.3143789702908963,1.0127615451173926,-1.1954788089686397,1.3143789702908963,1.0127615451173926,22,1,7,1,5,0,10,0,0.0,0.09054325955734406,0.0,0.0,0.0,,0.0,0.0,2.15,1.539235412474849,0.7243460764587525,0.8148893360160966,-0.48,0.36217303822937624,0.0,0.0,1.539235412474849,0.6338028169014085,0.09054325955734406,0.2716297786720322,0.7243460764587525,1.9014084507042253,0.0
ENG-Premier League,2025-2026,David Raya,Arsenal,GK,GK,29.0,3330.0,-0.7450639783823682,1.8461795313444611,-2.0407888889156016,-0.7450639783823682,1.8461795313444611,-2.0407888889156016,20,3,5,3,5,0,10,0,0.0,0.0,0.0,,,,0.0,0.0,2.22,1.864864864864865,0.7027027027027027,1.162162162162162,0.15999999999999998,0.02702702702702703,0.0,0.0,0.0,0.3783783783783784,0.0,0.02702702702702703,0.02702702702702703,0.02702702702702703,0.0
ENG-Premier League,2025-2026,Declan Rice,Arsenal,MF,MF,26.0,3094.0,-0.02746899273312221,1.558703977376012,-0.22976784928197197,-0.02746899273312221,1.558703977376012,-0.22976784928197197,23,0,8,0,5,0,10,0,0.11635423400129283,1.1635423400129283,0.37815126050420167,32.5,0.1,0.3076923076923077,0.0,0.0,2.19,1.8034906270200388,0.7272139625080801,1.0762766645119586,-0.8600000000000001,0.08726567550096961,0.0,0.0,0.7563025210084033,0.31997414350355524,0.029088558500323207,5.148674854557208,0.9599224305106658,0.9599224305106658,0.0
ENG-Premier League,2025-2026,Eberechi Eze,Arsenal / Crystal Palace,"MF,FW",MF,27.0,1895.0,1.047398070598628,1.638390440234172,-0.45366687882212503,1.047398070598628,1.638390440234172,-0.45366687882212503,23,0,8,0,5,0,10,0,0.3324538258575198,2.9920844327176783,0.9498680738786279,31.746031746031743,0.1111111111111111,0.35,0.0,0.0,2.0422585751978892,1.7572559366754616,0.6649076517150396,1.0923482849604222,-0.016860158311345647,0.047493403693931395,0.0,0.0,0.7598944591029023,1.8522427440633245,0.047493403693931395,0.5699208443271768,0.5224274406332454,0.6649076517150396,0.0
ENG-Premier League,2025-2026,Gabriel Jesus,Arsenal,FW,FW,28.0,429.0,2.9407763754056937,0.8089927912699617,-0.0953902609197426,2.9407763754056937,0.8089927912699617,-0.0953902609197426,23,0,8,0,5,0,10,0,0.6293706293706294,3.986013986013986,2.5174825174825175,63.1578947368421,0.15789473684210525,0.25,0.0,0.0,2.14,1.6783216783216783,1.2587412587412588,0.4195804195804196,-0.8400000000000001,0.6293706293706294,0.0,0.0,1.8881118881118881,0.2097902097902098,1.4685314685314685,0.0,0.4195804195804196,0.0,0.0
ENG-Premier League,2025-2026,Gabriel Magalhães,Arsenal,DF,DF,27.0,2751.0,-0.1652653208430116,1.8702708293706223,-0.47443165051349867,-0.1652653208430116,1.8702708293706223,-0.47443165051349867,23,0,8,0,5,0,10,0,0.09814612868047982,0.8833151581243184,0.22900763358778625,25.925925925925924,0.1111111111111111,0.42857142857142855,0.0,0.0,2.25,1.83206106870229,0.6543075245365322,1.1777535441657578,0.1,0.13086150490730644,0.0,0.0,0.6870229007633588,1.1123227917121048,0.0,0.19629225736095965,0.7197382769901853,0.6543075245365322,0.0
ENG-Premier League,2025-2026,Gabriel Martinelli,Arsenal,"FW,MF",FW,24.0,1081.0,0.41578029203300937,1.8129502180554322,-0.44514735854346804,0.41578029203300937,1.8129502180554322,-0.44514735854346804,23,0,8,0,5,0,10,0,0.08325624421831637,2.4144310823311748,1.0823311748381128,44.827586206896555,0.034482758620689655,0.07692307692307693,0.0,0.0,2.2,1.8316373728029602,0.666049953746531,1.1655874190564293,0.01,0.24976873265494912,0.0,0.0,0.8325624421831638,1.1655874190564293,0.4162812210915819,3.080481036077706,0.08325624421831637,0.666049953746531,0.0
ENG-Premier League,2025-2026,Jurriën Timber,Arsenal,DF,DF,24.0,2454.0,-0.0843966878140677,1.7842532194800165,0.5193847434828266,-0.0843966878140677,1.7842532194800165,0.5193847434828266,23,0,8,0,5,0,10,0,0.1100244498777506,0.9168704156479217,0.2567237163814181,28.000000000000004,0.12,0.42857142857142855,0.0,0.0,2.23,1.8704156479217604,0.7334963325183375,1.136919315403423,-0.07,0.18337408312958436,0.0,0.0,1.3936430317848412,1.0635696821515892,0.0,1.687041564792176,0.8801955990220048,1.2836185819070904,0.0
ENG-Premier League,2025-2026,Kai Havertz,Arsenal,"FW,MF",FW,26.0,581.0,0.7791256317321726,1.6738702649070694,-0.4109640579030844,0.7791256317321726,1.6738702649070694,-0.4109640579030844,23,0,8,0,5,0,10,0,0.3098106712564544,2.7882960413080893,0.6196213425129088,22.22222222222222,0.1111111111111111,0.5,0.0,0.0,2.5,1.549053356282272,0.6196213425129088,0.9294320137693631,-0.28,0.1549053356282272,0.0,0.0,1.2392426850258176,1.2392426850258176,0.46471600688468157,0.9294320137693631,0.1549053356282272,0.774526678141136,0.0
ENG-Premier League,2025-2026,Leandro Trossard,Arsenal,"FW,MF",FW,30.0,2000.0,0.6714293239832732,1.9066268330039264,-0.4892844906000141,0.6714293239832732,1.9066268330039264,-0.4892844906000141,23,0,8,0,5,0,10,0,0.27,2.385,0.675,28.30188679245283,0.11320754716981132,0.4,0.0,0.0,2.23,1.89,0.675,1.215,0.14,0.09,0.0,0.0,0.585,1.755,0.225,2.61,0.405,0.675,0.0
ENG-Premier League,2025-2026,Martin Ødegaard,Arsenal,MF,MF,26.0,1369.0,-0.15545202448958567,1.637053375480285,-1.0995414099677654,-0.15545202448958567,1.637053375480285,-1.0995414099677654,23,0,8,0,5,0,10,0,0.06574141709276844,1.4463111760409058,0.5259313367421475,36.36363636363637,0.045454545454545456,0.125,0.0,0.0,2.17,1.9065010956902848,0.8546384222059897,1.051862673484295,-0.18,0.0,0.0,0.0,0.591672753834916,0.591672753834916,0.13148283418553688,1.4463111760409058,0.4601899196493791,0.591672753834916,0.0
ENG-Premier League,2025-2026,Martín Zubimendi,Arsenal,MF,MF,26.0,2992.0,0.2368256864665666,1.3412228267381774,0.015544033926453513,0.2368256864665666,1.3412228267381774,0.015544033926453513,23,0,8,0,5,0,10,0,0.15040106951871657,0.8121657754010695,0.27072192513368987,33.33333333333333,0.18518518518518517,0.5555555555555556,0.0,0.0,2.24,1.714572192513369,0.7520053475935828,0.9625668449197861,-1.56,0.12032085561497326,0.0,0.0,0.9926470588235294,0.45120320855614976,0.030080213903743314,0.3910427807486631,1.1731283422459893,1.1731283422459893,0.0
ENG-Premier League,2025-2026,Mikel Merino,Arsenal,"MF,FW",MF,29.0,1036.0,0.9933859747611455,1.6624010844367547,0.5377705045545946,0.9933859747611455,1.6624010844367547,0.5377705045545946,23,0,8,0,5,0,10,0,0.3474903474903475,1.9111969111969112,0.694980694980695,36.36363636363637,0.18181818181818182,0.5,0.0,0.0,2.23,1.9111969111969112,0.8687258687258688,1.0424710424710424,-0.17,0.08687258687258688,0.0,0.0,1.9111969111969112,1.7374517374517375,0.2606177606177606,0.3474903474903475,0.7818532818532818,1.1293436293436294,0.0
ENG-Premier League,2025-2026,Myles Lewis-Skelly,Arsenal,"MF,DF",MF,18.0,709.0,-1.1614119629384243,1.7832872604583145,0.5133508637970579,-1.1614119629384243,1.7832872604583145,0.5133508637970579,22,1,7,1,5,0,10,0,0.0,0.2538787023977433,0.0,0.0,0.0,,0.0,0.0,2.5,2.0310296191819464,1.0155148095909732,1.0155148095909732,-0.18,0.38081805359661497,0.0,0.0,1.2693935119887165,2.0310296191819464,0.12693935119887165,0.0,0.6346967559943583,0.6346967559943583,0.0
ENG-Premier League,2025-2026,Noni Madueke,Arsenal,"FW,MF",FW,23.0,1211.0,0.5373898499703927,1.6071969219729367,-0.43897655631971033,0.5373898499703927,1.6071969219729367,-0.43897655631971033,23,0,8,0,5,0,10,0,0.22295623451692817,1.8579686209744013,0.6688687035507844,36.0,0.12,0.3333333333333333,0.0,0.0,1.96,1.7836498761354254,0.6688687035507844,1.1147811725846408,-0.07,0.0,0.0,0.0,1.1147811725846408,1.1147811725846408,0.2972749793559042,5.945499587118084,0.37159372419488024,0.7431874483897605,0.0
ENG-Premier League,2025-2026,Piero Hincapié,Arsenal,DF,DF,23.0,1792.0,0.4776594590733386,1.7918774258521915,0.0973733770566206,0.4776594590733386,1.7918774258521915,0.0973733770566206,23,0,8,0,5,0,10,0,0.05022321428571429,0.15066964285714285,0.10044642857142858,66.66666666666666,0.3333333333333333,0.5,0.0,0.0,2.32,2.0591517857142856,0.9542410714285714,1.1049107142857142,-0.11,0.10044642857142858,0.0,0.0,0.9040178571428571,0.703125,0.05022321428571429,1.6573660714285714,1.3058035714285714,1.3058035714285714,0.05022321428571429
ENG-Premier League,2025-2026,Riccardo Calafiori,Arsenal,DF,DF,23.0,1699.0,-0.32123129813584317,2.0706559251208927,0.14445564650955658,-0.32123129813584317,2.0706559251208927,0.14445564650955658,23,0,8,0,5,0,10,0,0.052972336668628606,1.6951147733961154,0.42377869334902885,25.0,0.03125,0.125,0.0,0.0,2.38,1.6951147733961154,0.42377869334902885,1.2713360800470865,0.23,0.26486168334314303,0.0,0.0,1.3772807533843436,0.5297233666862861,0.21188934667451442,1.1124190700412007,0.6886403766921718,1.0064743967039436,0.0
ENG-Premier League,2025-2026,Viktor Gyökeres,Arsenal,FW,FW,27.0,2224.0,2.9948036948626897,2.371986721372132,-0.602373130139454,2.9948036948626897,2.371986721372132,-0.602373130139454,23,0,8,0,5,0,10,0,0.5665467625899281,2.2257194244604315,0.8902877697841727,40.0,0.2545454545454545,0.6363636363636364,0.12140287769784172,0.12140287769784172,2.25,2.0638489208633093,0.5665467625899281,1.4973021582733812,0.9699999999999999,0.20233812949640287,0.0,0.0,1.41636690647482,1.254496402877698,0.1618705035971223,0.3237410071942446,0.040467625899280574,0.20233812949640287,0.0
ENG-Premier League,2025-2026,William Saliba,Arsenal,DF,DF,24.0,2614.0,-0.043068161019339864,2.255061958455387,-0.7721999695093431,-0.043068161019339864,2.255061958455387,-0.7721999695093431,23,0,8,0,5,0,10,0,0.03442999234889059,0.17214996174445293,0.03442999234889059,20.0,0.2,1.0,0.0,0.0,2.29,2.0657995409334355,0.6885998469778117,1.3771996939556235,0.9299999999999999,0.06885998469778118,0.0,0.0,0.7574598316755929,0.5508798775822494,0.03442999234889059,0.3098699311400153,0.5164498852333589,0.7918898240244836,0.0
ENG-Premier League,2025-2026,Amadou Onana,Aston Villa,MF,MF,23.0,1758.0,-0.058899562595174135,0.4735171923452026,0.47065263620511144,-0.058899562595174135,0.4735171923452026,0.47065263620511144,23,0,8,0,5,0,10,0,0.10238907849829351,0.9726962457337884,0.3583617747440273,36.84210526315789,0.10526315789473684,0.2857142857142857,0.0,0.0,1.96,1.4334470989761092,1.3310580204778157,0.10238907849829351,-0.17,0.15358361774744028,0.0,0.0,1.023890784982935,1.2798634812286689,0.0,0.0,0.9726962457337884,1.5358361774744027,0.0
ENG-Premier League,2025-2026,Boubacar Kamara,Aston Villa,MF,MF,25.0,1411.0,-0.026800752203435523,1.525189012952543,0.6783950916472721,-0.026800752203435523,1.525189012952543,0.6783950916472721,23,0,8,0,5,0,10,0,0.06378454996456413,0.446491849751949,0.25513819985825653,57.14285714285714,0.14285714285714285,0.25,0.0,0.0,2.33,1.6583982990786676,0.9567682494684621,0.7016300496102055,0.88,0.3189227498228207,0.0,0.0,1.0205527994330261,1.9135364989369241,0.0,0.12756909992912827,0.9567682494684621,1.0205527994330261,0.0
ENG-Premier League,2025-2026,Donyell Malen,Aston Villa,"FW,MF",FW,26.0,656.0,1.8390708677197172,0.5815276858739467,-1.6572541452843965,1.8390708677197172,0.5815276858739467,-1.6572541452843965,23,0,8,0,5,0,10,0,0.5487804878048781,3.7042682926829267,1.2347560975609757,33.33333333333333,0.14814814814814814,0.4444444444444444,0.0,0.0,2.05,1.5091463414634145,1.3719512195121952,0.13719512195121952,-0.06,0.0,0.0,0.0,0.27439024390243905,0.823170731707317,0.13719512195121952,0.9603658536585366,0.0,0.27439024390243905,0.0
ENG-Premier League,2025-2026,Douglas Luiz,Aston Villa / Nottingham,MF,MF,27.0,919.0,0.02984422323587681,-1.3033138397077917,1.252919881065295,0.02984422323587681,-1.3033138397077917,1.252919881065295,23,0,8,0,5,0,10,0,0.09793253536452666,1.0772578890097932,0.4896626768226333,45.45454545454545,0.09090909090909091,0.2,0.0,0.0,1.0243416757344939,0.5875952121871599,1.4689880304679,-0.8813928182807399,-1.1230467899891186,0.29379760609357997,0.0,0.0,1.2731229597388465,1.4689880304679,0.0,4.211099020674646,1.3710554951033733,1.3710554951033733,0.0
ENG-Premier League,2025-2026,Emi Buendía,Aston Villa,MF,MF,28.0,1755.0,0.7901568867430905,0.0008051243350592766,1.404771883533743,0.7901568867430905,0.0008051243350592766,1.404771883533743,23,0,8,0,5,0,10,0,0.3076923076923077,2.5128205128205128,0.6666666666666666,26.53061224489796,0.12244897959183673,0.46153846153846156,0.0,0.0,1.78,1.0769230769230769,1.2307692307692308,-0.15384615384615385,-0.69,0.3076923076923077,0.0,0.0,2.1025641025641026,2.3076923076923075,0.05128205128205128,0.5128205128205128,0.6666666666666666,1.3846153846153846,0.0
ENG-Premier League,2025-2026,Emiliano Martínez,Aston Villa,GK,GK,32.0,2835.0,-0.7450639783823682,0.5199002682587002,-1.949337871157918,-0.7450639783823682,0.5199002682587002,-1.949337871157918,20,3,5,3,5,0,10,0,0.0,0.0,0.0,,,,0.0,0.0,1.69,1.4603174603174602,1.2380952380952381,0.2222222222222222,0.22000000000000003,0.06349206349206349,0.0,0.0,0.0,0.5396825396825397,0.0,0.0,0.0,0.0,0.0
ENG-Premier League,2025-2026,Evann Guessand,Aston Villa / Crystal Palace,MF,MF,24.0,918.0,0.15311738232725997,0.4467763450893538,0.09892646997156751,0.15311738232725997,0.4467763450893538,0.09892646997156751,23,0,8,0,5,0,10,0,0.09803921568627451,1.0784313725490196,0.5882352941176471,54.54545454545454,0.09090909090909091,0.16666666666666666,0.0,0.0,1.6298039215686273,1.6666666666666667,1.4705882352941178,0.19607843137254902,0.16875816993464055,0.0,0.0,0.0,1.4705882352941178,1.9607843137254901,0.09803921568627451,1.0784313725490196,0.49019607843137253,1.0784313725490196,0.0
ENG-Premier League,2025-2026,Ezri Konsa,Aston Villa,DF,DF,27.0,3035.0,-1.1020307863682905,0.6358224755137039,-0.9374760542468873,-1.1020307863682905,0.6358224755137039,-0.9374760542468873,23,0,8,0,5,0,10,0,0.0,0.3261943986820428,0.05930807248764415,18.181818181818183,0.0,0.0,0.0,0.0,1.7900000000000003,1.542009884678748,1.3047775947281712,0.2372322899505766,0.4699999999999999,0.0,0.029654036243822075,0.0,0.3261943986820428,1.2454695222405272,0.0,0.14827018121911037,0.6523887973640856,0.2372322899505766,0.0
ENG-Premier League,2025-2026,Ian Maatsen,Aston Villa,DF,DF,23.0,1605.0,-0.7461910427792259,0.3408443370719751,0.563289123670711,-0.7461910427792259,0.3408443370719751,0.563289123670711,23,0,8,0,5,0,10,0,0.0,1.1214953271028036,0.2803738317757009,25.0,0.0,0.0,0.0,0.0,1.7,1.6261682242990654,1.514018691588785,0.11214953271028037,-0.14,0.11214953271028037,0.0,0.0,0.9532710280373832,1.0654205607476634,0.056074766355140186,3.02803738317757,1.0093457943925233,1.7383177570093458,0.0
ENG-Premier League,2025-2026,Jadon Sancho,Aston Villa,MF,MF,25.0,876.0,-0.7026996214660387,0.49837340943099007,-1.7429937837533618,-0.7026996214660387,0.49837340943099007,-1.7429937837533618,23,0,8,0,5,0,10,0,0.0,1.0273972602739727,0.3082191780821918,30.0,0.0,0.0,0.0,0.0,1.74,1.2328767123287672,1.0273972602739727,0.2054794520547945,0.03,0.0,0.0,0.0,0.3082191780821918,0.2054794520547945,0.3082191780821918,2.363013698630137,0.2054794520547945,0.2054794520547945,0.0
ENG-Premier League,2025-2026,John McGinn,Aston Villa,MF,MF,30.0,2137.0,0.5326234501121416,0.8634084009038184,0.3695800522962966,0.5326234501121416,0.8634084009038184,0.3695800522962966,23,0,8,0,5,0,10,0,0.21057557323350493,1.1792232101076274,0.5053813757604118,42.857142857142854,0.17857142857142858,0.4166666666666667,0.0,0.0,1.9,1.5582592419279364,1.1792232101076274,0.37903603182030887,0.52,0.21057557323350493,0.0,0.0,1.3055685540477304,2.021525503041647,0.0,3.4534394010294807,0.5053813757604118,0.7159569489939167,0.0
ENG-Premier League,2025-2026,Lamare Bogarde,Aston Villa,"MF,DF",MF,21.0,1053.0,-0.7450639783823682,0.029912944835059997,1.0828128513680502,-0.7450639783823682,0.029912944835059997,1.0828128513680502,20,3,5,3,5,0,10,0,0.0,0.0,0.0,,,,0.0,0.0,1.61,1.3675213675213675,1.452991452991453,-0.08547008547008547,-0.39,0.42735042735042733,0.0,0.0,1.452991452991453,1.7094017094017093,0.0,0.17094017094017094,0.3418803418803419,1.623931623931624,0.0
ENG-Premier League,2025-2026,Leon Bailey,Aston Villa,MF,MF,27.0,459.0,-0.8190574940544704,-0.36303016979235553,0.34328693863007337,-0.8190574940544704,-0.36303016979235553,0.34328693863007337,23,0,8,0,5,0,10,0,0.0,1.5686274509803921,0.19607843137254902,12.5,0.0,0.0,0.0,0.0,1.15,1.5686274509803921,1.7647058823529411,-0.19607843137254902,-0.44,0.19607843137254902,0.0,0.0,1.1764705882352942,0.9803921568627451,0.19607843137254902,3.7254901960784315,0.7843137254901961,1.1764705882352942,0.0
ENG-Premier League,2025-2026,Lucas Digne,Aston Villa,DF,DF,32.0,1852.0,-0.7580263838076265,0.6439357135195948,-0.07969185641800774,-0.7580263838076265,0.6439357135195948,-0.07969185641800774,23,0,8,0,5,0,10,0,0.0,0.6803455723542117,0.24298056155507558,35.714285714285715,0.0,0.0,0.0,0.0,1.77,1.4092872570194384,1.1177105831533478,0.2915766738660907,0.23,0.14578833693304535,0.0,0.0,0.6803455723542117,0.5831533477321814,0.14578833693304535,5.248380129589632,0.6317494600431965,1.263498920086393,0.0
ENG-Premier League,2025-2026,Marco Bizot,Aston Villa,GK,GK,34.0,585.0,-0.7450639783823682,0.20934033054238024,-1.5182462068249944,-0.7450639783823682,0.20934033054238024,-1.5182462068249944,20,3,5,3,5,0,10,0,0.0,0.0,0.0,,,,0.0,0.0,1.71,1.5384615384615385,1.5384615384615385,0.0,-0.21999999999999997,0.3076923076923077,0.0,0.0,0.15384615384615385,0.15384615384615385,0.0,0.0,0.0,0.0,0.0
ENG-Premier League,2025-2026,Matty Cash,Aston Villa,DF,DF,27.0,3014.0,-0.16538325120327188,1.007001461650771,0.34967958813218963,-0.16538325120327188,1.007001461650771,0.34967958813218963,23,0,8,0,5,0,10,0,0.08958195089581951,0.8958195089581951,0.298606502986065,33.33333333333333,0.1,0.3,0.0,0.0,1.77,1.5228931652289317,1.1347047113470472,0.38818845388188455,1.72,0.26874585268745854,0.0,0.0,1.254147312541473,0.8958195089581951,0.11944260119442601,3.9117451891174517,0.7166556071665561,0.9555408095554081,0.0
ENG-Premier League,2025-2026,Morgan Rogers,Aston Villa,MF,MF,23.0,3280.0,0.8326345660228198,0.18400523518681455,-0.16176237895754667,0.8326345660228198,0.18400523518681455,-0.16176237895754667,23,0,8,0,5,0,10,0,0.27439024390243905,2.3048780487804876,0.8780487804878049,38.095238095238095,0.11904761904761904,0.3125,0.0,0.0,1.68,1.454268292682927,1.3170731707317074,0.13719512195121952,-1.15,0.19207317073170732,0.0,0.0,1.2621951219512195,1.3445121951219512,0.08231707317073171,1.399390243902439,0.3567073170731707,0.6310975609756098,0.0
ENG-Premier League,2025-2026,Ollie Watkins,Aston Villa,FW,FW,29.0,2839.0,1.7431789216383653,0.7605536226783484,-0.9163102327230073,1.7431789216383653,0.7605536226783484,-0.9163102327230073,23,0,8,0,5,0,10,0,0.5072208524128214,2.6312081718915112,1.204649524480451,45.78313253012048,0.1927710843373494,0.42105263157894735,0.0,0.0,1.76,1.5216625572384643,1.204649524480451,0.3170130327580134,0.78,0.12680521310320536,0.0,0.0,1.109545614653047,1.0144417048256429,0.7925325818950335,0.22190912293060938,0.1585065163790067,0.44381824586121876,0.0
ENG-Premier League,2025-2026,Pau Torres,Aston Villa,DF,DF,28.0,1676.0,-1.139360158018123,0.9910086193663773,-1.2049958617833214,-1.139360158018123,0.9910086193663773,-1.2049958617833214,23,0,8,0,5,0,10,0,0.0,0.48329355608591884,0.05369928400954654,11.11111111111111,0.0,0.0,0.0,0.0,1.8999999999999997,1.503579952267303,1.0202863961813842,0.48329355608591884,0.59,0.05369928400954654,0.0,0.0,0.37589498806682575,0.2684964200477327,0.0,0.21479713603818615,0.5906921241050119,0.7517899761336515,0.05369928400954654
ENG-Premier League,2025-2026,Ross Barkley,Aston Villa,MF,MF,31.0,857.0,0.9922017264685051,0.6509151914717367,-0.46147530317493374,0.9922017264685051,0.6509151914717367,-0.46147530317493374,23,0,8,0,5,0,10,0,0.31505250875145857,1.8903150525087515,0.8401400233372228,44.44444444444444,0.16666666666666666,0.375,0.0,0.0,1.76,1.8903150525087515,1.575262543757293,0.31505250875145857,0.16999999999999998,0.10501750291715285,0.0,0.0,0.9451575262543758,0.8401400233372228,0.0,0.0,0.2100350058343057,1.1551925320886816,0.0
ENG-Premier League,2025-2026,Tyrone Mings,Aston Villa,DF,DF,32.0,1324.0,-1.1044602086676398,-0.7285385850630549,-1.0900587839828355,-1.1044602086676398,-0.7285385850630549,-1.0900587839828355,23,0,8,0,5,0,10,0,0.0,0.6117824773413897,0.06797583081570997,11.11111111111111,0.0,0.0,0.0,0.0,1.24,1.0876132930513596,1.5634441087613293,-0.47583081570996977,-1.08,0.06797583081570997,0.0,0.0,0.6797583081570997,0.5438066465256798,0.0,0.2719033232628399,0.7477341389728097,0.13595166163141995,0.0
ENG-Premier League,2025-2026,Victor Lindelöf,Aston Villa,"DF,MF",DF,31.0,948.0,-1.1549606009629374,1.1051063231150289,-1.5624644371437144,-1.1549606009629374,1.1051063231150289,-1.5624644371437144,22,1,7,1,5,0,10,0,0.0,0.2848101265822785,0.0,0.0,0.0,,0.0,0.0,2.18,1.8987341772151898,1.4240506329113924,0.47468354430379744,0.4,0.0,0.0,0.0,0.189873417721519,0.0,0.0,0.0,0.759493670886076,0.2848101265822785,0.0
ENG-Premier League,2025-2026,Youri Tielemans,Aston Villa,MF,MF,28.0,1862.0,-0.6658249030403723,0.6330972948851353,0.6776129873137627,-0.6658249030403723,0.6330972948851353,0.6776129873137627,23,0,8,0,5,0,10,0,0.0,1.1600429645542427,0.3383458646616541,29.166666666666668,0.0,0.0,0.0,0.0,1.88,1.5467239527389904,1.3050483351235231,0.24167561761546724,0.13,0.0,0.0,0.0,1.2083780880773363,1.933404940923738,0.04833512352309345,2.175080558539205,0.7733619763694952,1.8850698174006444,0.0
ENG-Premier League,2025-2026,Adam Smith,Bournemouth,DF,DF,34.0,1077.0,-0.7450639783823682,0.3002269462114343,0.4745389371265211,-0.7450639783823682,0.3002269462114343,0.4745389371265211,20,3,5,3,5,0,10,0,0.0,0.0,0.0,,,,0.0,0.0,1.45,1.5041782729805013,1.3370473537604457,0.1671309192200557,0.09,0.25069637883008355,0.0,0.0,1.5877437325905293,0.9192200557103064,0.0,1.0863509749303621,0.8356545961002786,1.0027855153203342,0.0
ENG-Premier League,2025-2026,Adrien Truffert,Bournemouth,DF,DF,23.0,3379.0,-0.5609184870344895,1.5019325590144776,0.46577525111389967,-0.5609184870344895,1.5019325590144776,0.46577525111389967,23,0,8,0,5,0,10,0,0.026635099141757917,0.42616158626812667,0.1598105948505475,37.5,0.0625,0.16666666666666666,0.0,0.0,1.5,1.5448357502219592,1.3583900562296538,0.18644569399230543,6.77,0.1331754957087896,0.0,0.0,1.0387688665285588,0.8523231725362533,0.0,3.782184078129624,1.1453092630955903,1.3583900562296538,0.0
ENG-Premier League,2025-2026,Alex Scott,Bournemouth,MF,MF,21.0,2849.0,-0.1400842585668773,0.5646306066764778,0.8727609327186406,-0.1400842585668773,0.5646306066764778,0.8727609327186406,23,0,8,0,5,0,10,0,0.09477009477009476,1.38996138996139,0.41067041067041066,29.545454545454547,0.06818181818181818,0.23076923076923078,0.0,0.0,1.51,1.5795015795015794,1.3267813267813269,0.2527202527202527,0.88,0.15795015795015796,0.0,0.0,1.4215514215514216,1.8954018954018954,0.03159003159003159,2.77992277992278,1.1056511056511056,1.2004212004212005,0.0
ENG-Premier League,2025-2026,Amine Adli,Bournemouth,MF,MF,25.0,1094.0,0.7242666805622008,0.20292017523522296,1.0939326269563867,0.7242666805622008,0.20292017523522296,1.0939326269563867,23,0,8,0,5,0,10,0,0.24680073126142596,1.6453382084095065,0.7404021937842779,45.0,0.15,0.3333333333333333,0.0,0.0,1.48,1.4808043875685557,1.3985374771480805,0.08226691042047532,-0.03,0.16453382084095064,0.0,0.0,2.3857404021937842,1.8921389396709323,0.4113345521023766,3.2084095063985374,0.4936014625228519,1.3985374771480805,0.0
ENG-Premier League,2025-2026,Antoine Semenyo,Bournemouth / Manchester City,MF,MF,25.0,3195.0,2.082554919504001,0.2855453033219745,-0.23009331207752337,2.082554919504001,0.2855453033219745,-0.23009331207752337,23,0,8,0,5,0,10,0,0.4788732394366197,2.3380281690140845,1.1549295774647887,49.39759036144578,0.20481927710843373,0.4146341463414634,0.028169014084507043,0.056338028169014086,1.6041690140845069,1.6619718309859155,1.4647887323943662,0.19718309859154928,-0.6889076682316119,0.19718309859154928,0.0,0.0,1.5211267605633803,0.5915492957746479,0.5352112676056338,1.380281690140845,0.3380281690140845,0.8732394366197183,0.0
ENG-Premier League,2025-2026,Bafodé Diakité,Bournemouth,DF,DF,24.0,1277.0,-1.1996638831140416,-0.6083316304204766,-0.7224181941911737,-1.1996638831140416,-0.6083316304204766,-0.7224181941911737,22,1,7,1,5,0,10,0,0.0,0.07047768206734534,0.0,0.0,0.0,,0.0,0.0,1.28,1.4800313234142521,1.9028974158183243,-0.422866092404072,-0.8400000000000001,0.07047768206734534,0.0,0.0,0.5638214565387627,0.28191072826938135,0.14095536413469067,0.07047768206734534,0.7047768206734534,1.05716523101018,0.0
ENG-Premier League,2025-2026,David Brooks,Bournemouth,MF,MF,28.0,1204.0,0.3854508803994966,0.21330805603651073,0.45566440117756357,0.3854508803994966,0.21330805603651073,0.45566440117756357,23,0,8,0,5,0,10,0,0.07475083056478406,3.5880398671096345,0.9717607973421927,27.083333333333332,0.020833333333333332,0.07692307692307693,0.0,0.0,1.52,1.569767441860465,1.495016611295681,0.07475083056478406,-0.05,0.5232558139534884,0.0,0.0,0.8222591362126246,0.9717607973421927,0.14950166112956811,4.410299003322259,0.29900332225913623,0.9717607973421927,0.0
ENG-Premier League,2025-2026,Eli Junior Kroupi,Bournemouth,"MF,FW",MF,19.0,1672.0,3.3301514324789916,0.8403889968922671,-0.359533317181649,3.3301514324789916,0.8403889968922671,-0.359533317181649,23,0,8,0,5,0,10,0,0.6997607655502392,2.799043062200957,1.1842105263157894,42.30769230769231,0.25,0.5909090909090909,0.1076555023923445,0.1076555023923445,1.45,1.6686602870813396,1.1303827751196172,0.5382775119617225,0.85,0.26913875598086123,0.0,0.0,1.4533492822966507,0.645933014354067,0.3229665071770335,0.5382775119617225,0.48444976076555024,0.3229665071770335,0.0
ENG-Premier League,2025-2026,Evanilson,Bournemouth,FW,FW,25.0,2742.0,0.4875248723823673,0.21557330981333592,-1.2872146351554312,0.4875248723823673,0.21557330981333592,-1.2872146351554312,23,0,8,0,5,0,10,0,0.19693654266958424,2.363238512035011,0.7549234135667396,31.944444444444443,0.08333333333333333,0.2608695652173913,0.0,0.0,1.47,1.411378555798687,1.312910284463895,0.09846827133479212,-0.029999999999999995,0.06564551422319474,0.0,0.0,0.8533916849015317,1.214442013129103,0.9190371991247265,0.09846827133479212,0.19693654266958424,0.16411378555798686,0.0
ENG-Premier League,2025-2026,James Hill,Bournemouth,DF,DF,23.0,2106.0,-1.0625993979913166,0.8932318596643319,-0.1028010292749733,-1.0625993979913166,0.8932318596643319,-0.1028010292749733,23,0,8,0,5,0,10,0,0.0,0.5128205128205128,0.08547008547008547,16.666666666666664,0.0,0.0,0.0,0.0,1.76,1.452991452991453,1.0256410256410255,0.42735042735042733,0.84,0.21367521367521367,0.0,0.0,0.7264957264957265,0.5555555555555556,0.08547008547008547,0.4700854700854701,1.5811965811965811,0.8547008547008547,0.08547008547008547
ENG-Premier League,2025-2026,Justin Kluivert,Bournemouth,MF,MF,26.0,952.0,0.24098590226268876,-0.44829614602183915,0.6237857397246444,0.24098590226268876,-0.44829614602183915,0.6237857397246444,23,0,8,0,5,0,10,0,0.18907563025210083,1.6071428571428572,0.37815126050420167,23.52941176470588,0.11764705882352941,0.5,0.0,0.0,1.2,1.5126050420168067,1.796218487394958,-0.28361344537815125,-0.54,0.4726890756302521,0.0,0.0,1.7016806722689075,0.9453781512605042,0.09453781512605042,3.7815126050420167,0.37815126050420167,0.6617647058823529,0.0
ENG-Premier League,2025-2026,Lewis Cook,Bournemouth,"MF,DF",MF,28.0,874.0,-1.1499310732294852,-0.37215164005364776,1.8237005403944186,-1.1499310732294852,-0.37215164005364776,1.8237005403944186,22,1,7,1,5,0,10,0,0.0,0.30892448512585813,0.0,0.0,0.0,,0.0,0.0,1.39,1.5446224256292906,1.8535469107551488,-0.30892448512585813,-0.56,0.10297482837528604,0.10297482837528604,0.0,0.8237986270022883,0.5148741418764302,0.0,4.530892448512586,2.1624713958810067,1.7505720823798627,0.0
ENG-Premier League,2025-2026,Marcos Senesi,Bournemouth,DF,DF,28.0,3288.0,-0.9227316576811124,0.13814324334137745,0.3505600737829184,-0.9227316576811124,0.13814324334137745,0.3505600737829184,23,0,8,0,5,0,10,0,0.0,0.4653284671532847,0.13686131386861314,29.411764705882355,0.0,0.0,0.0,0.0,1.54,1.532846715328467,1.4507299270072993,0.08211678832116788,-0.6,0.21897810218978103,0.0,0.0,0.958029197080292,1.0127737226277371,0.02737226277372263,0.7664233576642335,1.3686131386861313,0.9306569343065694,0.0
ENG-Premier League,2025-2026,Marcus Tavernier,Bournemouth,MF,MF,26.0,2731.0,1.2842593952066665,0.034787004923621044,-0.10022778893814373,1.2842593952066665,0.034787004923621044,-0.10022778893814373,23,0,8,0,5,0,10,0,0.230684730867814,2.30684730867814,0.7909190772610766,34.285714285714285,0.1,0.2916666666666667,0.06590992310508971,0.06590992310508971,1.38,1.4829732698645184,1.4500183083119735,0.032954961552544855,-0.36,0.19772976931526914,0.0,0.0,1.0216038081288905,1.15342365433907,0.13181984621017942,3.7568656169901136,0.5272793848407177,0.6920541926034419,0.0
ENG-Premier League,2025-2026,Rayan,Bournemouth,MF,MF,18.0,1111.0,1.118468617571074,0.933431223273476,-0.8330167628585327,1.118468617571074,0.933431223273476,-0.8330167628585327,23,0,8,0,5,0,10,0,0.40504050405040504,2.2682268226822684,0.648064806480648,28.57142857142857,0.17857142857142858,0.625,0.0,0.0,1.8,1.296129612961296,0.8100810081008101,0.48604860486048607,0.56,0.081008100810081,0.0,0.0,0.729072907290729,0.48604860486048607,0.081008100810081,1.9441944194419443,0.648064806480648,0.48604860486048607,0.0
ENG-Premier League,2025-2026,Ryan Christie,Bournemouth,MF,MF,30.0,994.0,0.41204003787510696,0.500917803392249,2.0900148809266668,0.41204003787510696,0.500917803392249,2.0900148809266668,23,0,8,0,5,0,10,0,0.18108651911468812,2.2635814889336014,0.7243460764587525,32.0,0.08,0.25,0.0,0.0,1.77,1.448692152917505,1.267605633802817,0.18108651911468812,0.11,0.2716297786720322,0.09054325955734406,0.0,1.448692152917505,1.9919517102615694,0.09054325955734406,1.539235412474849,0.9959758551307847,1.8108651911468814,0.0
ENG-Premier League,2025-2026,Tyler Adams,Bournemouth,MF,MF,26.0,1772.0,0.2783106120863914,-0.11859758852610297,1.2707624210956938,0.2783106120863914,-0.11859758852610297,1.2707624210956938,23,0,8,0,5,0,10,0,0.10158013544018059,0.5079006772009029,0.3047404063205418,60.0,0.2,0.3333333333333333,0.0,0.0,1.52,1.2697516930022574,1.4221218961625282,-0.1523702031602709,-0.53,0.40632054176072235,0.0,0.0,1.8284424379232507,0.6602708803611738,0.050790067720090294,0.1523702031602709,1.5237020316027088,1.2189616252821671,0.0
ENG-Premier League,2025-2026,Álex Jiménez,Bournemouth,"DF,MF",DF,20.0,2317.0,-0.6250941290007221,0.2504437312345017,1.205865067336499,-0.6250941290007221,0.2504437312345017,1.205865067336499,23,0,8,0,5,0,10,0,0.03884333189469141,0.8157099697885196,0.15537332757876565,19.047619047619047,0.047619047619047616,0.25,0.0,0.0,1.48,1.5925766076823478,1.4760466119982736,0.11652999568407424,0.029999999999999995,0.38843331894691413,0.0,0.0,1.3595166163141994,0.7768666378938283,0.0,1.981009926629262,1.048769961156668,1.7479499352611134,0.0
ENG-Premier League,2025-2026,Đorđe Petrović,Bournemouth,GK,GK,25.0,3420.0,-0.7450639783823682,0.24111789945801038,-2.145410134159794,-0.7450639783823682,0.24111789945801038,-2.145410134159794,19,4,5,3,4,1,10,0,0.0,0.0,0.0,,,,0.0,0.0,1.5,1.5263157894736843,1.4210526315789473,0.10526315789473684,,0.07894736842105263,0.0,0.0,0.0,0.05263157894736842,0.0,0.0,0.0,0.0,0.02631578947368421
ENG-Premier League,2025-2026,Aaron Hickey,Brentford,"DF,MF",DF,23.0,691.0,-0.9811584341895443,0.10183525651827767,0.008899645748553975,-0.9811584341895443,0.10183525651827767,0.008899645748553975,23,0,8,0,5,0,10,0,0.0,0.7814761215629522,0.13024602026049203,16.666666666666664,0.0,0.0,0.0,0.0,1.48,1.1722141823444283,1.1722141823444283,0.0,-0.1,0.13024602026049203,0.0,0.0,0.9117221418234442,1.1722141823444283,0.0,0.5209840810419681,1.0419681620839363,0.9117221418234442,0.0
ENG-Premier League,2025-2026,Caoimhín Kelleher,Brentford,GK,GK,26.0,3330.0,-0.7450639783823682,-0.060047563618833955,-2.088646217398203,-0.7450639783823682,-0.060047563618833955,-2.088646217398203,20,3,5,3,5,0,10,0,0.0,0.0,0.0,,,,0.0,0.0,1.35,1.3783783783783783,1.3243243243243243,0.05405405405405406,-0.95,0.02702702702702703,0.0,0.0,0.08108108108108109,0.16216216216216217,0.0,0.0,0.02702702702702703,0.0,0.0
ENG-Premier League,2025-2026,Dango Ouattara,Brentford,MF,MF,23.0,2276.0,0.7806680018542781,-0.054048041721441224,0.1761384994707743,0.7806680018542781,-0.054048041721441224,0.1761384994707743,23,0,8,0,5,0,10,0,0.27680140597539543,2.2144112478031635,0.7908611599297012,35.714285714285715,0.125,0.35,0.0,0.0,1.25,1.384007029876977,1.384007029876977,0.0,-0.24,0.1977152899824253,0.0,0.0,1.0676625659050967,1.5421792618629173,0.3163444639718805,4.231107205623902,0.9490333919156415,0.5536028119507909,0.0
ENG-Premier League,2025-2026,Igor Thiago,Brentford,FW,FW,24.0,3282.0,4.389179178860355,0.1711873083722523,-0.20333786159216585,4.389179178860355,0.1711873083722523,-0.20333786159216585,23,0,8,0,5,0,10,0,0.603290676416819,2.303473491773309,1.1791590493601463,51.19047619047619,0.2619047619047619,0.5116279069767442,0.21937842778793418,0.24680073126142596,1.39,1.4259597806215722,1.3436928702010968,0.08226691042047532,0.08,0.19195612431444242,0.0,0.0,2.0292504570383914,0.7129798903107861,0.6581352833638026,0.5210237659963437,0.3290676416819013,0.5758683729433273,0.0
ENG-Premier League,2025-2026,Jordan Henderson,Brentford,MF,MF,35.0,1919.0,-0.1031111676520553,0.04747552688545659,-0.3668003710250967,-0.1031111676520553,0.04747552688545659,-0.3668003710250967,23,0,8,0,5,0,10,0,0.04689942678478374,0.28139656070870245,0.04689942678478374,16.666666666666664,0.16666666666666666,1.0,0.0,0.0,1.41,1.3131839499739448,1.3131839499739448,0.0,-0.17999999999999997,0.28139656070870245,0.0,0.0,0.6096925482021887,0.3282959874934862,0.04689942678478374,2.2511724856696196,0.7503908285565398,0.6565919749869724,0.0
ENG-Premier League,2025-2026,Keane Lewis-Potter,Brentford,"DF,MF",DF,24.0,1972.0,0.04888255596362557,-0.2412505023208845,-0.5111439153854147,0.04888255596362557,-0.2412505023208845,-0.5111439153854147,23,0,8,0,5,0,10,0,0.13691683569979715,1.4148073022312373,0.4107505070993915,29.03225806451613,0.0967741935483871,0.3333333333333333,0.0,0.0,1.39,1.2778904665314401,1.460446247464503,-0.18255578093306288,-0.62,0.04563894523326572,0.0,0.0,0.6845841784989858,1.643002028397566,0.13691683569979715,3.1490872210953347,0.4563894523326572,0.6389452332657201,0.0
ENG-Premier League,2025-2026,Kevin Schade,Brentford,"MF,FW",MF,23.0,2745.0,0.9240617467266508,0.4403226636765184,0.5302584159242747,0.9240617467266508,0.4403226636765184,0.5302584159242747,23,0,8,0,5,0,10,0,0.26229508196721313,1.8688524590163935,0.7868852459016393,42.10526315789473,0.14035087719298245,0.3333333333333333,0.0,0.03278688524590164,1.37,1.3442622950819672,1.1147540983606556,0.22950819672131148,0.7599999999999999,0.19672131147540983,0.03278688524590164,0.0,1.639344262295082,1.4098360655737705,0.32786885245901637,0.7540983606557377,0.6229508196721312,0.8852459016393442,0.0
ENG-Premier League,2025-2026,Kristoffer Ajer,Brentford,DF,DF,27.0,1810.0,-0.9035245582832138,-0.1925604048282576,-0.06754059455957592,-0.9035245582832138,-0.1925604048282576,-0.06754059455957592,23,0,8,0,5,0,10,0,0.0,0.4972375690607735,0.14917127071823205,30.0,0.0,0.0,0.0,0.0,1.37,1.441988950276243,1.591160220994475,-0.14917127071823205,-0.48,0.19889502762430938,0.0,0.0,1.143646408839779,0.24861878453038674,0.0,0.34806629834254144,0.7458563535911602,1.143646408839779,0.0
ENG-Premier League,2025-2026,Mathias Jensen,Brentford,MF,MF,29.0,2247.0,-0.05484854057871065,0.20051902514316536,-0.16015563880191025,-0.05484854057871065,0.20051902514316536,-0.16015563880191025,23,0,8,0,5,0,10,0,0.12016021361815754,1.1615487316421895,0.3204272363150868,27.586206896551722,0.10344827586206896,0.375,0.0,0.0,1.47,1.4018691588785046,1.321762349799733,0.0801068090787717,0.0,0.12016021361815754,0.0,0.0,0.8010680907877169,0.6008010680907877,0.0801068090787717,4.966622162883845,0.8411214953271028,0.9212283044058746,0.0
ENG-Premier League,2025-2026,Michael Kayode,Brentford,DF,DF,21.0,3258.0,-0.4714963912622708,0.4570010788624039,0.38998284534049665,-0.4714963912622708,0.4570010788624039,0.38998284534049665,23,0,8,0,5,0,10,0,0.027624309392265192,0.24861878453038674,0.08287292817679558,33.33333333333333,0.1111111111111111,0.3333333333333333,0.0,0.0,1.43,1.4917127071823204,1.3535911602209945,0.13812154696132597,1.25,0.22099447513812154,0.0,0.0,0.7182320441988951,1.3812154696132597,0.027624309392265192,1.5469613259668509,1.0773480662983426,1.298342541436464,0.027624309392265192
ENG-Premier League,2025-2026,Mikkel Damsgaard,Brentford,MF,MF,25.0,2054.0,0.3140180177453899,0.38474902171645353,0.13820991444661507,0.3140180177453899,0.38474902171645353,0.13820991444661507,23,0,8,0,5,0,10,0,0.17526777020447906,1.2706913339824732,0.4819863680623174,37.93103448275862,0.13793103448275862,0.36363636363636365,0.0,0.0,1.42,1.6212268743914313,1.4021421616358325,0.21908471275559882,0.35,0.0,0.0,0.0,0.7887049659201558,1.0077896786757545,0.17526777020447906,4.162609542356377,1.0516066212268744,1.489776046738072,0.0
ENG-Premier League,2025-2026,Nathan Collins,Brentford,DF,DF,24.0,2975.0,-0.6057539975647712,0.06403272560086022,-0.6112417639451337,-0.6057539975647712,0.06403272560086022,-0.6112417639451337,23,0,8,0,5,0,10,0,0.030252100840336135,0.6050420168067226,0.1815126050420168,30.0,0.05,0.16666666666666666,0.0,0.0,1.31,1.3915966386554621,1.3310924369747898,0.06050420168067227,-0.14,0.21176470588235294,0.0,0.0,0.6050420168067226,0.5142857142857142,0.06050420168067227,0.030252100840336135,1.0890756302521007,0.39327731092436974,0.030252100840336135
ENG-Premier League,2025-2026,Rico Henry,Brentford,DF,DF,28.0,1328.0,-1.143688382790544,0.7478152924353446,-0.31850659794560665,-1.143688382790544,0.7478152924353446,-0.31850659794560665,22,1,7,1,5,0,10,0,0.0,0.338855421686747,0.0,0.0,0.0,,0.0,0.0,1.6400000000000001,1.8975903614457832,1.4909638554216869,0.4066265060240964,0.54,0.1355421686746988,0.0,0.0,1.016566265060241,1.1521084337349397,0.1355421686746988,1.7620481927710843,0.4743975903614458,0.7454819277108434,0.0
ENG-Premier League,2025-2026,Sepp van den Berg,Brentford,DF,DF,23.0,2763.0,-0.8021235596863302,0.09819525938775486,-1.1139098496398512,-0.8021235596863302,0.09819525938775486,-1.1139098496398512,23,0,8,0,5,0,10,0,0.0,0.749185667752443,0.2280130293159609,30.434782608695656,0.0,0.0,0.0,0.0,1.34,1.4006514657980456,1.3355048859934853,0.06514657980456026,-0.07,0.06514657980456026,0.0,0.0,0.48859934853420195,0.3583061889250814,0.0,0.0,0.8469055374592834,0.2931596091205212,0.0
ENG-Premier League,2025-2026,Vitaly Janelt,Brentford,MF,MF,27.0,1443.0,-0.39882727701012854,0.48452320090011064,1.3865029247389717,-0.39882727701012854,0.48452320090011064,1.3865029247389717,23,0,8,0,5,0,10,0,0.062370062370062374,0.7484407484407485,0.18711018711018712,25.0,0.08333333333333333,0.3333333333333333,0.0,0.0,1.4,1.6216216216216217,1.3097713097713097,0.31185031185031187,0.4,0.498960498960499,0.0,0.0,1.2474012474012475,0.8108108108108109,0.0,3.8045738045738045,1.683991683991684,1.0602910602910602,0.0
ENG-Premier League,2025-2026,Yehor Yarmoliuk,Brentford,MF,MF,21.0,2659.0,-0.6103692274320808,0.017489644542985155,0.5050387585425108,-0.6103692274320808,0.017489644542985155,0.5050387585425108,23,0,8,0,5,0,10,0,0.03384731101918014,0.5415569763068823,0.13538924407672057,25.0,0.0625,0.25,0.0,0.0,1.41,1.421587062805566,1.421587062805566,0.0,-0.35,0.236931177134261,0.0,0.0,1.2523505077096653,0.4061677322301617,0.03384731101918014,1.0154193305754042,0.947724708537044,1.5569763068822866,0.0
ENG-Premier League,2025-2026,Bart Verbruggen,Brighton,GK,GK,22.0,3420.0,-0.7450639783823682,0.2378487888720219,-2.102553364880723,-0.7450639783823682,0.2378487888720219,-2.102553364880723,19,4,5,3,4,1,10,0,0.0,0.0,0.0,,,,0.0,0.0,1.3899999999999997,1.368421052631579,1.2105263157894737,0.15789473684210525,,0.07894736842105263,0.0,0.0,0.05263157894736842,0.05263157894736842,0.0,0.0,0.0,0.02631578947368421,0.02631578947368421
ENG-Premier League,2025-2026,Brajan Gruda,Brighton,MF,MF,21.0,719.0,0.2521668942340702,0.4653179601032294,0.06159741259645836,0.2521668942340702,0.4653179601032294,0.06159741259645836,23,0,8,0,5,0,10,0,0.12517385257301808,2.0027816411682893,0.7510431154381085,37.5,0.0625,0.16666666666666666,0.0,0.0,1.28,1.7524339360222532,1.376912378303199,0.37552155771905427,0.28,0.25034770514603616,0.0,0.0,1.376912378303199,1.7524339360222532,0.25034770514603616,1.7524339360222532,0.25034770514603616,0.6258692628650904,0.0
ENG-Premier League,2025-2026,Carlos Baleba,Brighton,MF,MF,21.0,1652.0,-0.9920639317167085,0.015074113272977032,1.1073695127616323,-0.9920639317167085,0.015074113272977032,1.1073695127616323,23,0,8,0,5,0,10,0,0.0,1.089588377723971,0.1089588377723971,10.0,0.0,0.0,0.0,0.0,1.39,1.089588377723971,1.089588377723971,0.0,-0.31,0.27239709443099275,0.0,0.0,1.688861985472155,1.3075060532687652,0.0,0.0,1.5254237288135593,1.1440677966101696,0.0
ENG-Premier League,2025-2026,Danny Welbeck,Brighton,FW,FW,34.0,2258.0,2.552707838300374,0.319403055136232,-0.6243767660925688,2.552707838300374,0.319403055136232,-0.6243767660925688,23,0,8,0,5,0,10,0,0.5181576616474757,2.2320637732506645,1.1160318866253323,50.0,0.23214285714285715,0.4642857142857143,0.03985828166519043,0.1195748449955713,1.41,1.3153232949512843,1.1160318866253323,0.19929140832595216,0.12,0.19929140832595216,0.0,0.0,1.2356067316209034,0.3985828166519043,0.19929140832595216,0.1195748449955713,0.31886625332152346,0.5580159433126661,0.0
ENG-Premier League,2025-2026,Diego Gómez,Brighton,"MF,FW",MF,22.0,2120.0,0.44952520863889595,-0.1902824725184912,1.470871277837323,0.44952520863889595,-0.1902824725184912,1.470871277837323,23,0,8,0,5,0,10,0,0.21226415094339623,1.7830188679245282,0.5943396226415094,33.33333333333333,0.11904761904761904,0.35714285714285715,0.0,0.0,1.41,1.1037735849056605,1.2311320754716981,-0.12735849056603774,-0.75,0.38207547169811323,0.0,0.0,2.080188679245283,0.4669811320754717,0.04245283018867924,0.9764150943396226,0.8066037735849056,2.080188679245283,0.0
ENG-Premier League,2025-2026,Ferdi Kadioglu,Brighton,"DF,MF",DF,25.0,3133.0,-0.38660522820251597,0.17381819242640076,-0.061065816615742965,-0.38660522820251597,0.17381819242640076,-0.061065816615742965,23,0,8,0,5,0,10,0,0.02872646026172997,0.8043408873284392,0.37344398340248963,46.42857142857143,0.03571428571428571,0.07692307692307693,0.0,0.0,1.35,1.3214171720395786,1.1777848707309289,0.14363230130864985,-0.17,0.17235876157037983,0.0,0.0,0.6319821257580593,1.034152569422279,0.2010852218321098,3.131184168528567,0.7181615065432493,1.120331950207469,0.0
ENG-Premier League,2025-2026,Georginio Rutter,Brighton,"MF,FW",MF,23.0,1786.0,0.2978071674661244,0.5216815567210236,-0.03830248728537923,0.2978071674661244,0.5216815567210236,-0.03830248728537923,23,0,8,0,5,0,10,0,0.1511758118701008,2.116461366181411,0.7054871220604704,33.33333333333333,0.07142857142857142,0.21428571428571427,0.0,0.0,1.38,1.360582306830907,1.007838745800672,0.3527435610302352,0.41,0.10078387458006718,0.0,0.0,1.5117581187010078,1.7133258678611423,0.5543113101903695,1.007838745800672,0.5543113101903695,0.9574468085106383,0.05039193729003359
ENG-Premier League,2025-2026,Jack Hinshelwood,Brighton,MF,MF,20.0,1741.0,0.5620768103875644,-0.021285774018548836,-0.7652570920575332,0.5620768103875644,-0.021285774018548836,-0.7652570920575332,23,0,8,0,5,0,10,0,0.2067777139574957,1.9126938541068352,0.7754164273406089,40.54054054054054,0.10810810810810811,0.26666666666666666,0.0,0.0,1.33,1.1889718552556003,1.1889718552556003,0.0,-0.32,0.0,0.0,0.0,1.6542217116599656,0.6203331418724871,0.10338885697874785,0.36186099942561745,0.31016657093624356,0.672027570361861,0.051694428489373924
ENG-Premier League,2025-2026,James Milner,Brighton,MF,MF,39.0,784.0,1.0791472473414478,-0.11755226612315028,0.18799442798396884,1.0791472473414478,-0.11755226612315028,0.18799442798396884,23,0,8,0,5,0,10,0,0.11479591836734694,0.9183673469387755,0.22959183673469388,25.0,0.125,0.5,0.11479591836734694,0.11479591836734694,1.4,1.836734693877551,1.9515306122448979,-0.11479591836734694,-0.35,0.22959183673469388,0.0,0.0,1.721938775510204,0.34438775510204084,0.11479591836734694,1.6071428571428572,0.5739795918367347,1.0331632653061225,0.0
ENG-Premier League,2025-2026,Jan Paul van Hecke,Brighton,DF,DF,25.0,3210.0,-0.06985121585026251,0.5287703130059976,0.1844231782460756,-0.06985121585026251,0.5287703130059976,0.1844231782460756,23,0,8,0,5,0,10,0,0.08411214953271028,0.6448598130841121,0.2803738317757009,43.47826086956522,0.13043478260869565,0.3,0.0,0.0,1.44,1.4579439252336448,1.233644859813084,0.22429906542056074,1.08,0.2523364485981308,0.0,0.0,0.7570093457943925,1.205607476635514,0.11214953271028037,0.6448598130841121,1.2616822429906542,0.8691588785046729,0.028037383177570093
ENG-Premier League,2025-2026,Joël Veltman,Brighton,DF,DF,33.0,1058.0,0.26026695425645857,0.9219163547788461,1.4424961382506714,0.26026695425645857,0.9219163547788461,1.4424961382506714,23,0,8,0,5,0,10,0,0.08506616257088846,0.34026465028355385,0.08506616257088846,25.0,0.25,1.0,0.0,0.0,1.75,1.5311909262759924,1.0207939508506616,0.5103969754253308,0.51,0.42533081285444235,0.0,0.0,0.8506616257088847,1.8714555765595464,0.17013232514177692,1.5311909262759924,1.616257088846881,1.446124763705104,0.0
ENG-Premier League,2025-2026,Kaoru Mitoma,Brighton,"MF,FW",MF,28.0,1721.0,0.32960635907949704,0.32157616679705225,0.12663278791534596,0.32960635907949704,0.32157616679705225,0.12663278791534596,23,0,8,0,5,0,10,0,0.1568855316676351,1.673445671121441,0.6798373038930854,40.625,0.09375,0.23076923076923078,0.0,0.0,1.3999999999999997,1.2550842533410809,1.0459035444509006,0.20918070889018012,0.10000000000000002,0.26147588611272515,0.0,0.0,1.621150493898896,1.0981987216734457,0.20918070889018012,2.4055781522370716,0.41836141778036023,0.6275421266705404,0.0
ENG-Premier League,2025-2026,Lewis Dunk,Brighton,DF,DF,33.0,2838.0,-0.7067086039424683,0.15877062232472267,-0.3255225925802366,-0.7067086039424683,0.15877062232472267,-0.3255225925802366,23,0,8,0,5,0,10,0,0.03171247357293869,0.7293868921775899,0.09513742071881606,13.043478260869565,0.043478260869565216,0.3333333333333333,0.0,0.0,1.36,1.3953488372093024,1.2684989429175475,0.12684989429175475,-0.18,0.3171247357293869,0.0,0.0,0.4439746300211416,0.38054968287526425,0.03171247357293869,0.15856236786469344,0.9513742071881607,0.6976744186046512,0.0
ENG-Premier League,2025-2026,Mats Wieffer,Brighton,DF,DF,25.0,1903.0,-0.13071213592141165,0.4436357017210178,1.4482731525318038,-0.13071213592141165,0.4436357017210178,1.4482731525318038,23,0,8,0,5,0,10,0,0.09458749343142407,0.8512874408828166,0.2837624802942722,33.33333333333333,0.1111111111111111,0.3333333333333333,0.0,0.0,1.54,1.466106148187073,1.229637414608513,0.23646873357856016,0.18,0.3783499737256963,0.0,0.0,1.418812401471361,1.0404624277456647,0.09458749343142407,0.8039936941671045,1.1350499211770888,2.0336311087756176,0.0
ENG-Premier League,2025-2026,Maxim De Cuyper,Brighton,"DF,MF",DF,24.0,1414.0,0.18966160947618754,-0.15246115672211447,0.0146459109654936,0.18966160947618754,-0.15246115672211447,0.0146459109654936,23,0,8,0,5,0,10,0,0.1272984441301273,0.8274398868458275,0.38189533239038187,46.15384615384615,0.15384615384615385,0.3333333333333333,0.0,0.0,1.4,1.3366336633663367,1.463932107496464,-0.1272984441301273,-0.49,0.1272984441301273,0.0,0.0,1.1456859971711457,1.3366336633663367,0.06364922206506365,4.900990099009901,0.7001414427157001,0.6364922206506365,0.0
ENG-Premier League,2025-2026,Olivier Boscagli,Brighton,DF,DF,27.0,802.0,-1.1909578092626651,0.005490219840842486,0.7826767210443951,-1.1909578092626651,0.005490219840842486,0.7826767210443951,22,1,7,1,5,0,10,0,0.0,0.11221945137157108,0.0,0.0,0.0,,0.0,0.0,1.08,1.2344139650872819,1.1221945137157108,0.11221945137157108,-0.06,0.22443890274314215,0.0,0.0,0.7855361596009975,1.1221945137157108,0.0,1.6832917705735662,1.7955112219451372,1.2344139650872819,0.0
ENG-Premier League,2025-2026,Pascal Groß,Brighton,MF,MF,34.0,1636.0,-0.13978742772772002,0.4550382226886274,-0.16851914533221904,-0.13978742772772002,0.4550382226886274,-0.16851914533221904,23,0,8,0,5,0,10,0,0.0550122249388753,0.9902200488997555,0.49511002444987773,50.0,0.05555555555555555,0.1111111111111111,0.0,0.0,1.47,1.2102689486552567,0.9352078239608802,0.27506112469437655,0.22,0.1100244498777506,0.0,0.0,0.9352078239608802,0.6601466992665037,0.2200488997555012,6.5464547677261615,0.6051344743276283,0.9352078239608802,0.0
ENG-Premier League,2025-2026,Yankuba Minteh,Brighton,MF,MF,21.0,2391.0,-0.06889377804248532,0.2817154284030212,0.22714938267177856,-0.06889377804248532,0.2817154284030212,0.22714938267177856,23,0,8,0,5,0,10,0,0.11292346298619825,1.5432873274780428,0.41405269761606023,26.82926829268293,0.07317073170731707,0.2727272727272727,0.0,0.0,1.26,1.468005018820577,1.2421580928481806,0.2258469259723965,0.23000000000000004,0.11292346298619825,0.0,0.0,1.2045169385194479,0.8281053952321205,0.37641154328732745,5.984943538268507,0.5646173149309912,1.3927227101631117,0.0
ENG-Premier League,2025-2026,Yasin Ayari,Brighton,MF,MF,21.0,1929.0,0.07136802907994676,0.6537427274778895,0.27403562596468833,0.07136802907994676,0.6537427274778895,0.27403562596468833,23,0,8,0,5,0,10,0,0.13996889580093314,1.9129082426127528,0.4665629860031104,24.390243902439025,0.07317073170731707,0.3,0.0,0.0,1.55,1.4930015552099534,1.119751166407465,0.37325038880248834,0.49,0.04665629860031104,0.0,0.0,1.119751166407465,1.3063763608087091,0.0,1.119751166407465,1.213063763608087,1.166407465007776,0.0
ENG-Premier League,2025-2026,Armando Broja,Burnley,FW,FW,23.0,860.0,0.0828254071007377,-2.59053270655859,-0.7245750110653472,0.0828254071007377,-2.59053270655859,-0.7245750110653472,23,0,8,0,5,0,10,0,0.10465116279069768,1.6744186046511629,0.627906976744186,37.5,0.0625,0.16666666666666666,0.0,0.0,0.25,1.1511627906976745,2.8255813953488373,-1.6744186046511629,-0.94,0.0,0.0,0.0,1.4651162790697674,1.6744186046511629,0.627906976744186,0.313953488372093,0.313953488372093,0.313953488372093,0.0
ENG-Premier League,2025-2026,Axel Tuanzebe,Burnley,DF,DF,27.0,1201.0,1.014987633348548,-1.08536746300422,-0.9042106408130867,1.014987633348548,-1.08536746300422,-0.9042106408130867,23,0,8,0,5,0,10,0,0.0749375520399667,0.1498751040799334,0.0749375520399667,50.0,0.5,1.0,0.0,0.0,0.71,1.1990008326394672,1.948376353039134,-0.7493755203996669,0.35,0.0749375520399667,0.0,0.0,0.974188176519567,0.1498751040799334,0.0749375520399667,0.0749375520399667,0.8992506244796004,0.5995004163197336,0.0749375520399667
ENG-Premier League,2025-2026,Bashir Humphreys,Burnley,"DF,MF",DF,22.0,1578.0,-0.8561834329989159,-1.5863068039241375,-0.023362875570881698,-0.8561834329989159,-1.5863068039241375,-0.023362875570881698,23,0,8,0,5,0,10,0,0.0,0.5133079847908745,0.17110266159695817,33.33333333333333,0.0,0.0,0.0,0.0,0.5,0.8555133079847909,1.88212927756654,-1.026615969581749,-0.1,0.34220532319391633,0.0,0.0,0.7984790874524715,0.5703422053231939,0.11406844106463879,0.9695817490494296,0.6273764258555133,0.9695817490494296,0.0
ENG-Premier League,2025-2026,Florentino Luís,Burnley,MF,MF,25.0,2105.0,-1.065740627225777,-1.6475362208145443,1.4759317600310404,-1.065740627225777,-1.6475362208145443,1.4759317600310404,23,0,8,0,5,0,10,0,0.0,0.5558194774346793,0.0855106888361045,15.384615384615385,0.0,0.0,0.0,0.0,0.52,0.8551068883610451,1.9239904988123515,-1.0688836104513064,-0.25,0.25653206650831356,0.0,0.0,1.7102137767220902,0.342042755344418,0.04275534441805225,0.47030878859857483,1.7102137767220902,2.0950118764845604,0.0
ENG-Premier League,2025-2026,Hannibal Mejbri,Burnley,MF,MF,22.0,1229.0,-0.28176853316626044,-1.1457581105723489,2.2471425468953905,-0.28176853316626044,-1.1457581105723489,2.2471425468953905,23,0,8,0,5,0,10,0,0.07323026851098453,1.3913751017087064,0.3661513425549227,26.31578947368421,0.05263157894736842,0.2,0.0,0.0,0.74,1.1716842961757525,1.9772172497965825,-0.80553295362083,0.26,0.7323026851098454,0.0,0.0,1.6842961757526445,3.368592351505289,0.21969080553295361,2.196908055329536,0.5126118795768918,1.2449145646867372,0.0
ENG-Premier League,2025-2026,Hjalmar Ekdal,Burnley,DF,DF,26.0,1539.0,-1.1116913194688025,-1.8533907681990351,-0.9919268120846143,-1.1116913194688025,-1.8533907681990351,-0.9919268120846143,23,0,8,0,5,0,10,0,0.0,0.3508771929824561,0.05847953216374269,16.666666666666664,0.0,0.0,0.0,0.0,0.53,0.7602339181286549,1.9883040935672514,-1.2280701754385965,-0.46,0.0,0.0,0.0,0.29239766081871343,0.4093567251461988,0.11695906432748537,0.05847953216374269,0.7017543859649122,0.9941520467836257,0.0
ENG-Premier League,2025-2026,Jacob Bruun Larsen,Burnley,"MF,FW",MF,26.0,1030.0,-0.6449675785382124,-2.140712525849073,-1.6579179444577248,-0.6449675785382124,-2.140712525849073,-1.6579179444577248,23,0,8,0,5,0,10,0,0.0,1.4854368932038835,0.34951456310679613,23.52941176470588,0.0,0.0,0.0,0.0,0.61,1.0485436893203883,2.533980582524272,-1.4854368932038835,-0.73,0.0,0.0,0.0,0.08737864077669903,0.0,0.34951456310679613,3.6699029126213594,0.5242718446601942,0.2621359223300971,0.0
ENG-Premier League,2025-2026,Jaidon Anthony,Burnley,MF,MF,25.0,2722.0,0.7661784331490804,-1.4319049157019008,-0.2516748115203252,0.7661784331490804,-1.4319049157019008,-0.2516748115203252,23,0,8,0,5,0,10,0,0.26451138868479057,1.8185157972079353,0.7604702424687729,41.81818181818181,0.14545454545454545,0.34782608695652173,0.0,0.0,0.59,0.9919177075679647,1.9507714915503307,-0.9588537839823659,0.07,0.13225569434239529,0.0,0.0,0.8927259368111683,1.5540044085231448,0.2975753122703894,2.645113886847906,0.5290227773695811,0.6943423952975754,0.0
ENG-Premier League,2025-2026,James Ward-Prowse,Burnley / West Ham,MF,MF,30.0,1097.0,-0.8185800645980432,-2.274388365603764,0.13180078712480342,-0.8185800645980432,-2.274388365603764,0.13180078712480342,23,0,8,0,5,0,10,0,0.0,0.41020966271649956,0.1640838650865998,40.0,0.0,0.0,0.0,0.0,0.5625888787602552,0.6563354603463992,2.2151321786690974,-1.5587967183226983,-0.8930720145852324,0.0820419325432999,0.0,0.0,0.6563354603463992,1.0665451230628988,0.0,6.071103008204194,1.7228805834092982,0.49225159525979945,0.0
ENG-Premier League,2025-2026,Joe Worrall,Burnley,DF,DF,28.0,500.0,-1.1768208315570698,-0.29751653741481815,-1.014507478462145,-1.1768208315570698,-0.29751653741481815,-1.014507478462145,22,1,7,1,5,0,10,0,0.0,0.18,0.0,0.0,0.0,,0.0,0.0,0.82,1.8,1.98,-0.18,0.93,0.0,0.0,0.0,0.72,0.18,0.0,0.0,1.08,0.36,0.0
ENG-Premier League,2025-2026,Josh Cullen,Burnley,MF,MF,29.0,1514.0,0.27064231727053417,-0.963824483444022,0.17590723364802582,0.27064231727053417,-0.963824483444022,0.17590723364802582,23,0,8,0,5,0,10,0,0.11889035667107001,0.6538969616908851,0.35667107001321,54.54545454545454,0.18181818181818182,0.3333333333333333,0.0,0.0,0.67,1.07001321003963,1.7239101717305152,-0.6538969616908851,0.57,0.11889035667107001,0.0,0.0,0.9511228533685601,1.07001321003963,0.0,0.71334214002642,1.42668428005284,1.1294583883751652,0.059445178335535004
ENG-Premier League,2025-2026,Josh Laurent,Burnley,"DF,MF",DF,30.0,1764.0,-0.47337688464758143,-1.7227082753155847,1.412424317888867,-0.47337688464758143,-1.7227082753155847,1.412424317888867,23,0,8,0,5,0,10,0,0.05102040816326531,0.7653061224489796,0.20408163265306123,26.666666666666668,0.06666666666666667,0.25,0.0,0.0,0.64,0.8673469387755102,2.0408163265306123,-1.1734693877551021,-0.41000000000000003,0.35714285714285715,0.05102040816326531,0.0,1.5816326530612246,0.5612244897959183,0.10204081632653061,0.7142857142857143,1.4285714285714286,1.2755102040816326,0.0
ENG-Premier League,2025-2026,Kyle Walker,Burnley,"DF,MF",DF,35.0,3096.0,-1.1901110953319434,-1.5761622190955868,0.24781639004983766,-1.1901110953319434,-1.5761622190955868,0.24781639004983766,22,1,7,1,5,0,10,0,0.0,0.11627906976744186,0.0,0.0,0.0,,0.0,0.0,0.61,0.9011627906976745,1.9186046511627908,-1.0174418604651163,-0.46,0.2616279069767442,0.0,0.0,0.9302325581395349,0.6395348837209303,0.029069767441860465,1.0755813953488371,1.25,0.9302325581395349,0.0
ENG-Premier League,2025-2026,Lesley Ugochukwu,Burnley,MF,MF,21.0,2336.0,0.0044593401627269725,-1.2469223298811676,0.7662539757893515,0.0044593401627269725,-1.2469223298811676,0.7662539757893515,23,0,8,0,5,0,10,0,0.11558219178082192,0.8861301369863014,0.3082191780821918,34.78260869565217,0.13043478260869565,0.375,0.0,0.0,0.6,1.0787671232876712,1.9263698630136987,-0.8476027397260274,0.4,0.11558219178082192,0.038527397260273974,0.038527397260273974,1.0787671232876712,1.1558219178082192,0.038527397260273974,0.2696917808219178,0.6549657534246576,1.0017123287671232,0.0
ENG-Premier League,2025-2026,Loum Tchaouna,Burnley,"MF,FW",MF,21.0,1272.0,0.23758467526613083,-1.2926626085373136,-0.601547602314995,0.23758467526613083,-1.2926626085373136,-0.601547602314995,23,0,8,0,5,0,10,0,0.14150943396226415,1.6273584905660377,0.6367924528301887,39.130434782608695,0.08695652173913043,0.2222222222222222,0.0,0.0,0.41,0.9198113207547169,1.6981132075471699,-0.7783018867924528,0.31,0.14150943396226415,0.0,0.0,0.8490566037735849,1.1320754716981132,0.07075471698113207,2.4056603773584904,0.14150943396226415,0.6367924528301887,0.0
ENG-Premier League,2025-2026,Lucas,Burnley,"MF,DF",MF,24.0,1409.0,-0.7810565939625609,-1.340211502303025,0.5747511053300971,-0.7810565939625609,-1.340211502303025,0.5747511053300971,23,0,8,0,5,0,10,0,0.0,1.022001419446416,0.255500354861604,25.0,0.0,0.0,0.0,0.0,0.45000000000000007,1.022001419446416,1.8523775727466287,-0.830376153300213,0.24,0.063875088715401,0.063875088715401,0.0,0.9581263307310149,0.255500354861604,0.319375443577005,3.5770049680624556,1.2136266855926188,1.4052519517388218,0.0
ENG-Premier League,2025-2026,Lyle Foster,Burnley,"FW,MF",FW,24.0,1371.0,0.3365546377870116,-1.8460088636267513,-0.23904064942286943,0.3365546377870116,-1.8460088636267513,-0.23904064942286943,23,0,8,0,5,0,10,0,0.19693654266958424,1.312910284463895,0.3938730853391685,30.0,0.15,0.5,0.0,0.0,0.58,0.7221006564551422,1.9693654266958425,-1.2472647702407003,-0.4600000000000001,0.26258205689277897,0.0,0.0,1.4442013129102844,0.8533916849015317,0.7221006564551422,0.3938730853391685,0.26258205689277897,0.787746170678337,0.0
ENG-Premier League,2025-2026,Marcus Edwards,Burnley,"MF,FW",MF,26.0,1067.0,-0.1136029321834979,-0.662187985544536,-0.9456752854774058,-0.1136029321834979,-0.662187985544536,-0.9456752854774058,23,0,8,0,5,0,10,0,0.08434864104967198,1.9400187441424555,0.5060918462980318,26.08695652173913,0.043478260869565216,0.16666666666666666,0.0,0.0,0.48,1.1808809746954076,1.5182755388940956,-0.3373945641986879,0.92,0.0,0.0,0.0,0.5904404873477038,1.5182755388940956,0.08434864104967198,1.6026241799437675,0.2530459231490159,0.5060918462980318,0.0
ENG-Premier League,2025-2026,Martin Dúbravka,Burnley,GK,GK,36.0,3150.0,-0.7450639783823682,-1.6531464040728452,-2.1018317652813985,-0.7450639783823682,-1.6531464040728452,-2.1018317652813985,20,3,5,3,5,0,10,0,0.0,0.0,0.0,,,,0.0,0.0,0.57,1.0,2.0285714285714285,-1.0285714285714285,-0.7,0.02857142857142857,0.0,0.0,0.0,0.22857142857142856,0.0,0.0,0.0,0.02857142857142857,0.0
ENG-Premier League,2025-2026,Maxime Estève,Burnley,DF,DF,23.0,2932.0,-1.1997064156637816,-1.781529858882262,-0.8811152829067768,-1.1997064156637816,-1.781529858882262,-0.8811152829067768,23,0,8,0,5,0,10,0,0.0,0.3069577080491132,0.030695770804911322,10.0,0.0,0.0,0.0,0.0,0.56,1.043656207366985,2.148703956343793,-1.1050477489768076,-0.92,0.030695770804911322,0.0,0.0,0.3990450204638472,0.3683492496589359,0.0,0.18417462482946795,1.135743519781719,0.8287858117326057,0.061391541609822645
ENG-Premier League,2025-2026,Quilindschy Hartman,Burnley,DF,DF,23.0,1825.0,-0.8838136635784709,-1.663741100747019,0.19545759434661572,-0.8838136635784709,-1.663741100747019,0.19545759434661572,23,0,8,0,5,0,10,0,0.0,0.4438356164383562,0.14794520547945206,33.33333333333333,0.0,0.0,0.0,0.0,0.52,0.8876712328767123,1.9726027397260273,-1.084931506849315,-0.24,0.049315068493150684,0.0,0.0,0.6410958904109589,0.14794520547945206,0.049315068493150684,3.649315068493151,1.5780821917808219,1.5287671232876712,0.0
ENG-Premier League,2025-2026,Zian Flemming,Burnley,FW,FW,26.0,1769.0,2.8161852358761617,-0.8911261231009403,0.45218678343505897,2.8161852358761617,-0.8911261231009403,0.45218678343505897,23,0,8,0,5,0,10,0,0.5596382136800452,2.645562464669305,1.06840022611645,40.38461538461539,0.21153846153846154,0.5238095238095238,0.10175240248728094,0.10175240248728094,0.66,1.170152628603731,1.7806670435274166,-0.6105144149236857,0.75,0.25438100621820237,0.0,0.0,2.594686263425664,1.3227812323346524,0.15262860373092144,0.30525720746184287,0.30525720746184287,0.5087620124364047,0.0
ENG-Premier League,2025-2026,Alejandro Garnacho,Chelsea,MF,MF,21.0,1268.0,-0.1454186554041115,0.06310809271632029,-0.2107057413634209,-0.1454186554041115,0.06310809271632029,-0.2107057413634209,23,0,8,0,5,0,10,0,0.07097791798107256,2.3422712933753944,0.4968454258675079,21.21212121212121,0.030303030303030304,0.14285714285714285,0.0,0.0,1.46,1.4195583596214512,1.4195583596214512,0.0,-0.25,0.14195583596214512,0.0,0.0,0.638801261829653,1.6324921135646688,0.14195583596214512,4.329652996845426,0.28391167192429023,0.9227129337539433,0.0
ENG-Premier League,2025-2026,Andrey Santos,Chelsea,MF,MF,21.0,1260.0,-0.35398351015531676,0.36936674445572654,0.9171840288187201,-0.35398351015531676,0.36936674445572654,0.9171840288187201,23,0,8,0,5,0,10,0,0.07142857142857142,0.7857142857142857,0.14285714285714285,18.181818181818183,0.09090909090909091,0.5,0.0,0.0,1.48,1.5,1.2857142857142858,0.21428571428571427,0.09,0.2857142857142857,0.0,0.0,0.9285714285714286,1.5714285714285714,0.07142857142857142,0.14285714285714285,1.2857142857142858,1.5,0.0
ENG-Premier League,2025-2026,Benoît Badiashile,Chelsea,DF,DF,24.0,471.0,-0.7450639783823682,-0.5768437008796548,0.7365188466105815,-0.7450639783823682,-0.5768437008796548,0.7365188466105815,20,3,5,3,5,0,10,0,0.0,0.0,0.0,,,,0.0,0.0,1.63,1.3375796178343948,1.910828025477707,-0.5732484076433121,-0.85,0.3821656050955414,0.0,0.0,1.1464968152866242,0.3821656050955414,0.0,0.0,1.7197452229299364,0.9554140127388535,0.0
ENG-Premier League,2025-2026,Cole Palmer,Chelsea,MF,MF,23.0,1955.0,4.062945069732583,-0.2659529122685902,-0.21272122159736295,4.062945069732583,-0.2659529122685902,-0.21272122159736295,23,0,8,0,5,0,10,0,0.46035805626598464,2.946291560102302,1.1508951406649617,39.0625,0.15625,0.4,0.23017902813299232,0.27621483375959077,1.04,1.473145780051151,1.5191815856777493,-0.04603580562659847,-0.48,0.23017902813299232,0.0,0.0,0.59846547314578,1.7033248081841432,0.09207161125319693,1.6112531969309463,0.59846547314578,0.5524296675191815,0.0
ENG-Premier League,2025-2026,Enzo Fernández,Chelsea,MF,MF,24.0,3115.0,1.493908605922453,0.3585407613268707,0.13045885542375193,1.493908605922453,0.3585407613268707,0.13045885542375193,23,0,8,0,5,0,10,0,0.28892455858747995,2.0802568218298556,0.8956661316211878,43.05555555555556,0.1388888888888889,0.3225806451612903,0.05778491171749599,0.05778491171749599,1.36,1.5313001605136436,1.3290529695024078,0.20224719101123595,0.5,0.28892455858747995,0.0,0.0,1.0401284109149278,1.3001605136436598,0.028892455858747994,2.5714285714285716,0.5778491171749599,0.6934189406099518,0.0
ENG-Premier League,2025-2026,Estêvão Willian,Chelsea,MF,MF,18.0,848.0,0.6252723287236551,1.142670002635163,0.10354472223037563,0.6252723287236551,1.142670002635163,0.10354472223037563,23,0,8,0,5,0,10,0,0.21226415094339623,2.9716981132075473,0.8490566037735849,28.57142857142857,0.07142857142857142,0.25,0.0,0.0,1.3599999999999999,2.016509433962264,1.1674528301886793,0.8490566037735849,0.9200000000000002,0.42452830188679247,0.0,0.0,1.2735849056603774,0.9551886792452831,0.6367924528301887,1.6981132075471699,0.42452830188679247,0.6367924528301887,0.0
ENG-Premier League,2025-2026,Jamie Gittens,Chelsea,MF,MF,20.0,495.0,-0.6009540101518479,0.416359776975652,-0.5425735622777738,-0.6009540101518479,0.416359776975652,-0.5425735622777738,23,0,8,0,5,0,10,0,0.0,1.8181818181818181,0.36363636363636365,20.0,0.0,0.0,0.0,0.0,2.06,1.2727272727272727,1.2727272727272727,0.0,-0.18,0.0,0.0,0.0,1.0909090909090908,1.4545454545454546,0.36363636363636365,2.3636363636363638,0.36363636363636365,0.7272727272727273,0.0
ENG-Premier League,2025-2026,Jorrel Hato,Chelsea,DF,DF,19.0,1148.0,-1.1489582273904688,-1.509405093381719,1.1513384441854602,-1.1489582273904688,-1.509405093381719,1.1513384441854602,22,1,7,1,5,0,10,0,0.0,0.313588850174216,0.0,0.0,0.0,,0.0,0.0,1.32,1.019163763066202,2.1167247386759582,-1.0975609756097562,-1.89,0.5487804878048781,0.0,0.0,1.17595818815331,0.156794425087108,0.0,0.5487804878048781,1.3327526132404182,1.4895470383275262,0.0
ENG-Premier League,2025-2026,Joshua Acheampong,Chelsea,DF,DF,19.0,666.0,0.4328452453142342,-0.6208182287010067,0.05222946879715848,0.4328452453142342,-0.6208182287010067,0.05222946879715848,23,0,8,0,5,0,10,0,0.13513513513513514,0.5405405405405406,0.2702702702702703,50.0,0.25,0.5,0.0,0.0,1.18,1.3513513513513513,1.7567567567567568,-0.40540540540540543,-0.7,0.13513513513513514,0.0,0.0,0.2702702702702703,1.2162162162162162,0.2702702702702703,0.13513513513513514,1.6216216216216217,1.0810810810810811,0.0
ENG-Premier League,2025-2026,João Pedro,Chelsea,"FW,MF",FW,23.0,2661.0,1.5881495077154888,0.712579250791087,-0.2873312274431345,1.5881495077154888,0.712579250791087,-0.2873312274431345,23,0,8,0,5,0,10,0,0.5073280721533259,2.468996617812852,0.9470124013528749,38.35616438356164,0.2054794520547945,0.5357142857142857,0.0,0.0,1.4,1.6234498308906427,1.217587373167982,0.40586245772266066,1.12,0.16910935738444194,0.0,0.0,1.2852311161217587,1.8602029312288613,0.5411499436302142,0.608793686583991,0.20293122886133033,0.5749718151071026,0.0
ENG-Premier League,2025-2026,Liam Delap,Chelsea,FW,FW,22.0,1107.0,0.27043364496697186,0.09692152666982191,0.04525403027291807,0.27043364496697186,0.09692152666982191,0.04525403027291807,23,0,8,0,5,0,10,0,0.08130081300813008,2.926829268292683,0.8943089430894309,30.555555555555557,0.027777777777777776,0.09090909090909091,0.0,0.0,1.32,1.5447154471544715,1.4634146341463414,0.08130081300813008,-0.11,0.3252032520325203,0.0,0.0,2.032520325203252,1.5447154471544715,0.4065040650406504,0.4878048780487805,0.08130081300813008,0.24390243902439024,0.0
ENG-Premier League,2025-2026,Malo Gusto,Chelsea,"DF,MF",DF,22.0,2261.0,0.02962033741450218,0.3952503627135948,0.9375532583195942,0.02962033741450218,0.3952503627135948,0.9375532583195942,23,0,8,0,5,0,10,0,0.07961079168509509,0.4776647501105705,0.23883237505528526,50.0,0.16666666666666666,0.3333333333333333,0.0,0.0,1.32,1.671826625386997,1.3931888544891642,0.2786377708978328,0.36,0.19902697921273774,0.039805395842547546,0.039805395842547546,0.796107916850951,0.796107916850951,0.039805395842547546,2.3087129588677575,1.1941618752764263,0.9155241043785936,0.039805395842547546
ENG-Premier League,2025-2026,Marc Cucurella,Chelsea,DF,DF,27.0,2707.0,-0.5785419765517639,0.5421198485869899,0.9623596846312902,-0.5785419765517639,0.5421198485869899,0.9623596846312902,23,0,8,0,5,0,10,0,0.033247137052087185,0.6649427410417437,0.1994828223125231,30.0,0.05,0.16666666666666666,0.0,0.0,1.44,1.5293683043960102,1.2301440709272258,0.29922423346878463,0.68,0.2659770964166975,0.033247137052087185,0.0,1.4961211673439232,0.9641669745105282,0.16623568526043592,1.3631326191355744,0.9309198374584411,1.3298854820834873,0.0
ENG-Premier League,2025-2026,Moisés Caicedo,Chelsea,MF,MF,23.0,2795.0,-0.1725438254184164,0.21248139948761438,2.1412331101666133,-0.1725438254184164,0.21248139948761438,2.1412331101666133,23,0,8,0,5,0,10,0,0.09660107334525939,0.8694096601073346,0.22540250447227192,25.925925925925924,0.1111111111111111,0.42857142857142855,0.0,0.0,1.33,1.6422182468694098,1.481216457960644,0.16100178890876565,0.02,0.3542039355992844,0.03220035778175313,0.0,1.7388193202146691,1.7710196779964222,0.0,0.25760286225402507,1.8998211091234347,1.513416815742397,0.0
ENG-Premier League,2025-2026,Pedro Neto,Chelsea,"MF,FW",MF,25.0,2631.0,0.20245041626176594,0.7187026330005615,-0.020000553301260274,0.20245041626176594,0.7187026330005615,-0.020000553301260274,23,0,8,0,5,0,10,0,0.17103762827822122,1.573546180159635,0.44469783352337516,28.26086956521739,0.10869565217391304,0.38461538461538464,0.0,0.0,1.41,1.5393386545039909,1.12884834663626,0.4104903078677309,1.09,0.13683010262257697,0.03420752565564424,0.03420752565564424,0.5815279361459521,0.855188141391106,0.20524515393386544,6.29418472063854,0.20524515393386544,0.37628278221208666,0.0
ENG-Premier League,2025-2026,Reece James,Chelsea,"DF,MF",DF,25.0,1963.0,-0.16955792674104828,0.9929074025510833,1.0509522394671549,-0.16955792674104828,0.9929074025510833,1.0509522394671549,23,0,8,0,5,0,10,0,0.09169638308711156,1.0086602139582272,0.32093734080489045,31.818181818181817,0.09090909090909091,0.2857142857142857,0.0,0.0,1.55,1.5129903209373408,0.9169638308711157,0.5960264900662252,1.03,0.18339276617422312,0.0,0.0,1.1920529801324504,1.0086602139582272,0.04584819154355578,5.776872134488029,1.467142129393785,1.5129903209373408,0.0
ENG-Premier League,2025-2026,Robert Sánchez,Chelsea,GK,GK,27.0,3039.0,-0.7450639783823682,0.029018544701245035,-1.6740123811686543,-0.7450639783823682,0.029018544701245035,-1.6740123811686543,20,3,5,3,5,0,10,0,0.0,0.0,0.0,,,,0.0,0.0,1.34,1.4807502467917077,1.3919052319842053,0.08884501480750247,-0.62,0.08884501480750247,0.029615004935834157,0.0,0.059230009871668314,0.384995064165844,0.0,0.0,0.029615004935834157,0.0,0.0
ENG-Premier League,2025-2026,Tosin Adarabioyo,Chelsea,DF,DF,27.0,795.0,-1.167140043083677,0.3581817171533754,-0.5099815981118889,-1.167140043083677,0.3581817171533754,-0.5099815981118889,22,1,7,1,5,0,10,0,0.0,0.22641509433962265,0.0,0.0,0.0,,0.0,0.0,1.44,1.8113207547169812,1.5849056603773586,0.22641509433962265,0.09,0.22641509433962265,0.0,0.0,0.6792452830188679,0.0,0.11320754716981132,0.0,1.0188679245283019,0.6792452830188679,0.0
ENG-Premier League,2025-2026,Trevoh Chalobah,Chelsea,DF,DF,26.0,2783.0,0.04400192447016246,0.9158256414670437,-0.20318154627763216,0.04400192447016246,0.9158256414670437,-0.20318154627763216,23,0,8,0,5,0,10,0,0.09701760689902983,0.5174272367948257,0.16169601149838303,31.25,0.1875,0.6,0.0,0.0,1.41,1.6816385195831836,1.1965504850880344,0.48508803449514915,1.76,0.09701760689902983,0.03233920229967661,0.0,0.6467840459935321,0.582105641394179,0.06467840459935321,0.16169601149838303,1.1965504850880344,0.7114624505928854,0.0
ENG-Premier League,2025-2026,Wesley Fofana,Chelsea,DF,DF,24.0,1722.0,-1.1406240873307674,0.3135494576750262,3.5098200440108833,-1.1406240873307674,0.3135494576750262,3.5098200440108833,23,0,8,0,5,0,10,0,0.0,0.4181184668989547,0.05226480836236934,12.5,0.0,0.0,0.0,0.0,1.52,1.411149825783972,1.254355400696864,0.156794425087108,0.0,0.47038327526132406,0.10452961672473868,0.10452961672473868,1.411149825783972,0.8885017421602788,0.05226480836236934,0.10452961672473868,1.9860627177700347,0.5749128919860628,0.0
ENG-Premier League,2025-2026,Adam Wharton,Crystal Palace,MF,MF,21.0,2552.0,-0.6218082515564338,-0.5180420215706373,1.4092410506452888,-0.6218082515564338,-0.5180420215706373,1.4092410506452888,23,0,8,0,5,0,10,0,0.03526645768025078,1.128526645768025,0.2115987460815047,18.75,0.03125,0.16666666666666666,0.0,0.0,1.15,1.1637931034482758,1.5164576802507836,-0.35266457680250785,-0.35,0.2115987460815047,0.03526645768025078,0.03526645768025078,1.2343260188087775,1.0932601880877744,0.0,3.0329153605015673,0.9521943573667712,1.2695924764890283,0.0
ENG-Premier League,2025-2026,Brennan Johnson,Crystal Palace / Tottenham,"MF,FW",MF,24.0,1722.0,-0.18272491510465874,-0.318867249835692,-0.21094950769786802,-0.18272491510465874,-0.318867249835692,-0.21094950769786802,23,0,8,0,5,0,10,0,0.10452961672473868,1.2020905923344947,0.2613240418118467,21.73913043478261,0.08695652173913043,0.4,0.0,0.0,1.1346109175377468,1.0452961672473868,1.254355400696864,-0.20905923344947736,-0.06875725900116149,0.313588850174216,0.0,0.0,1.0452961672473868,0.7839721254355401,0.7317073170731707,3.554006968641115,0.20905923344947736,0.8362369337979094,0.0
ENG-Premier League,2025-2026,Chadi Riad,Crystal Palace,DF,DF,22.0,552.0,-0.5815531865281703,-0.16285844264785457,-0.12924136861811011,-0.5815531865281703,-0.16285844264785457,-0.12924136861811011,23,0,8,0,5,0,10,0,0.0,0.6521739130434783,0.32608695652173914,50.0,0.0,0.0,0.0,0.0,0.89,1.3043478260869565,1.3043478260869565,0.0,0.31,0.32608695652173914,0.0,0.0,0.8152173913043478,0.4891304347826087,0.0,0.9782608695652174,0.6521739130434783,0.8152173913043478,0.0
ENG-Premier League,2025-2026,Chris Richards,Crystal Palace,DF,DF,25.0,2827.0,-0.6249824986250573,-0.055411938310606944,-0.21358829875293248,-0.6249824986250573,-0.055411938310606944,-0.21358829875293248,23,0,8,0,5,0,10,0,0.0318358684117439,0.4775380261761585,0.0636717368234878,13.333333333333334,0.06666666666666667,0.5,0.0,0.0,1.3,1.1779271312345243,1.3371064732932436,-0.1591793420587195,0.6,0.1273434736469756,0.0,0.0,0.5412097629996463,0.1591793420587195,0.0,0.4457021577644146,1.3689423417049875,1.1142553944110365,0.0
ENG-Premier League,2025-2026,Daichi Kamada,Crystal Palace,MF,MF,28.0,1902.0,-0.8816343051321799,0.4737079474275204,0.6524623141154602,-0.8816343051321799,0.4737079474275204,0.6524623141154602,23,0,8,0,5,0,10,0,0.0,0.8990536277602523,0.1892744479495268,21.052631578947366,0.0,0.0,0.0,0.0,1.43,1.5141955835962144,1.3249211356466877,0.1892744479495268,1.02,0.14195583596214512,0.0,0.0,1.4195583596214512,1.3249211356466877,0.0473186119873817,1.9873817034700316,0.6624605678233438,1.6561514195583595,0.0
ENG-Premier League,2025-2026,Daniel Muñoz,Crystal Palace,MF,MF,29.0,2399.0,0.2936411980319176,0.0655127775842273,0.7839340522121457,0.2936411980319176,0.0655127775842273,0.7839340522121457,23,0,8,0,5,0,10,0,0.15006252605252188,0.9754064193413923,0.45018757815756566,46.15384615384615,0.15384615384615385,0.3333333333333333,0.0,0.0,1.34,1.1629845769070446,1.2380158399333054,-0.07503126302626094,0.63,0.2626094205919133,0.0,0.0,1.275531471446436,0.6752813672363485,0.30012505210504375,2.325969153814089,0.9003751563151313,1.8007503126302626,0.0
ENG-Premier League,2025-2026,Dean Henderson,Crystal Palace,GK,GK,28.0,3330.0,-0.7450639783823682,-0.39018153162958474,-1.8987717952272325,-0.7450639783823682,-0.39018153162958474,-1.8987717952272325,20,3,5,3,5,0,10,0,0.0,0.0,0.0,,,,0.0,0.0,1.19,1.1081081081081081,1.3783783783783783,-0.2702702702702703,-0.27,0.13513513513513514,0.0,0.0,0.05405405405405406,0.13513513513513514,0.0,0.0,0.02702702702702703,0.0,0.0
ENG-Premier League,2025-2026,Eddie Nketiah,Crystal Palace,MF,MF,26.0,424.0,1.5301289999217154,-1.5721270433221797,0.6968840551406209,1.5301289999217154,-1.5721270433221797,0.6968840551406209,23,0,8,0,5,0,10,0,0.42452830188679247,3.1839622641509435,1.2735849056603774,40.0,0.13333333333333333,0.3333333333333333,0.0,0.0,1.33,1.2735849056603774,2.547169811320755,-1.2735849056603774,-1.15,0.42452830188679247,0.0,0.0,1.4858490566037736,1.4858490566037736,0.6367924528301887,0.0,0.42452830188679247,1.2735849056603774,0.0
ENG-Premier League,2025-2026,Ismaila Sarr,Crystal Palace,MF,MF,27.0,2174.0,2.429444818900206,0.20361472316439297,-0.9620152167070362,2.429444818900206,0.20361472316439297,-0.9620152167070362,23,0,8,0,5,0,10,0,0.37258509659613614,1.987120515179393,0.8693652253909844,43.75,0.1875,0.42857142857142855,0.12419503219871206,0.12419503219871206,1.18,1.283348666053358,1.200551977920883,0.0827966881324747,0.9499999999999998,0.0827966881324747,0.0,0.0,0.49678012879484823,1.7387304507819688,0.5795768169273229,0.9935602575896965,0.28978840846366144,0.37258509659613614,0.0
ENG-Premier League,2025-2026,Jaydee Canvot,Crystal Palace,DF,DF,19.0,1336.0,-1.1040109722254918,-0.7843498725041443,0.08628139091638377,-1.1040109722254918,-0.7843498725041443,0.08628139091638377,23,0,8,0,5,0,10,0,0.0,0.47155688622754494,0.06736526946107785,14.285714285714285,0.0,0.0,0.0,0.0,1.4,0.875748502994012,1.5494011976047903,-0.6736526946107785,-0.67,0.20209580838323354,0.0,0.0,0.8083832335329342,0.47155688622754494,0.0,0.33682634730538924,0.8083832335329342,1.4820359281437125,0.0
ENG-Premier League,2025-2026,Jean-Philippe Mateta,Crystal Palace,FW,FW,28.0,2218.0,3.388052202260106,-0.3592852149704227,-1.318626064917475,3.388052202260106,-0.3592852149704227,-1.318626064917475,23,0,8,0,5,0,10,0,0.48692515779981965,2.5563570784490532,1.2984670874661857,50.79365079365079,0.19047619047619047,0.375,0.1623083859332732,0.1623083859332732,1.09,0.933273219116321,1.1767357980162307,-0.24346257889990983,0.05999999999999999,0.0811541929666366,0.0,0.0,0.8521190261496844,0.7709648331830478,0.7303877366997295,0.44634806131650134,0.24346257889990983,0.1623083859332732,0.0
ENG-Premier League,2025-2026,Jefferson Lerma,Crystal Palace,"MF,DF",MF,30.0,1733.0,-0.6150462099194294,-0.40577889563981345,0.5799945166182632,-0.6150462099194294,-0.40577889563981345,0.5799945166182632,23,0,8,0,5,0,10,0,0.0,0.986728216964801,0.363531448355453,36.84210526315789,0.0,0.0,0.0,0.0,1.19,0.986728216964801,1.298326601269475,-0.31159838430467396,-0.1,0.363531448355453,0.0,0.0,1.298326601269475,1.2463935372186958,0.0,0.6231967686093479,1.298326601269475,0.9347951529140219,0.10386612810155799
ENG-Premier League,2025-2026,Justin Devenny,Crystal Palace,"MF,FW",MF,21.0,796.0,1.1006552720328708,-1.130626699482758,-0.3528710909908032,1.1006552720328708,-1.130626699482758,-0.3528710909908032,23,0,8,0,5,0,10,0,0.11306532663316583,1.4698492462311559,0.45226130653266333,30.76923076923077,0.07692307692307693,0.25,0.11306532663316583,0.11306532663316583,1.2899999999999998,0.7914572864321608,1.6959798994974875,-0.9045226130653267,-0.84,0.0,0.0,0.0,1.243718592964824,1.1306532663316582,0.11306532663316583,1.9221105527638191,0.11306532663316583,1.243718592964824,0.0
ENG-Premier League,2025-2026,Jørgen Strand Larsen,Crystal Palace / Wolves,FW,FW,25.0,2307.0,0.7751495089372217,-1.3705263925178783,-0.621934203761892,0.7751495089372217,-1.3705263925178783,-0.621934203761892,23,0,8,0,5,0,10,0,0.15604681404421328,1.7165149544863458,0.5461638491547465,31.818181818181817,0.09090909090909091,0.2857142857142857,0.03901170351105332,0.07802340702210664,0.6653055916775032,0.7022106631989596,1.5994798439531859,-0.8972691807542262,-0.2264889466840052,0.15604681404421328,0.0,0.0,1.989596879063719,0.8192457737321196,0.39011703511053314,0.11703511053315994,0.15604681404421328,0.07802340702210664,0.0
ENG-Premier League,2025-2026,Marc Guéhi,Crystal Palace / Manchester City,DF,DF,25.0,3150.0,-0.23556211044408268,0.9140025968140134,0.14001450905155494,-0.23556211044408268,0.9140025968140134,0.14001450905155494,23,0,8,0,5,0,10,0,0.08571428571428572,0.9142857142857143,0.2571428571428571,28.125,0.09375,0.3333333333333333,0.0,0.0,1.77,1.5142857142857142,1.0,0.5142857142857142,0.37285714285714283,0.17142857142857143,0.0,0.0,0.7142857142857143,1.0857142857142856,0.0,0.4857142857142857,1.4,0.8857142857142857,0.0
ENG-Premier League,2025-2026,Maxence Lacroix,Crystal Palace,DF,DF,25.0,3085.0,-0.6243000411077613,-0.37838267120871105,0.29956697120186376,-0.6243000411077613,-0.37838267120871105,0.29956697120186376,23,0,8,0,5,0,10,0,0.029173419773095625,0.7293354943273906,0.20421393841166938,28.000000000000004,0.04,0.14285714285714285,0.0,0.0,1.11,1.0502431118314424,1.312803889789303,-0.2625607779578606,0.01,0.1166936790923825,0.029173419773095625,0.0,0.9918962722852512,0.5542949756888168,0.0,0.1458670988654781,1.312803889789303,1.1085899513776336,0.0
ENG-Premier League,2025-2026,Nathaniel Clyne,Crystal Palace,"MF,DF",MF,34.0,594.0,-1.1195589319616799,-1.2905117474522212,-0.01188297234215025,-1.1195589319616799,-1.2905117474522212,-0.01188297234215025,22,1,7,1,5,0,10,0,0.0,0.45454545454545453,0.0,0.0,0.0,,0.0,0.0,1.0,0.9090909090909091,1.8181818181818181,-0.9090909090909091,-0.78,0.15151515151515152,0.0,0.0,0.6060606060606061,0.30303030303030304,0.0,2.272727272727273,1.0606060606060606,1.3636363636363635,0.0
ENG-Premier League,2025-2026,Tyrick Mitchell,Crystal Palace,MF,MF,25.0,3251.0,-0.5619519483675666,-0.27730793510393753,0.3886323148453889,-0.5619519483675666,-0.27730793510393753,0.3886323148453889,23,0,8,0,5,0,10,0,0.027683789603199015,0.5259920024607813,0.19378652722239312,36.84210526315789,0.05263157894736842,0.14285714285714285,0.0,0.0,1.18,1.0519840049215625,1.3011381113503537,-0.24915410642879113,0.28,0.16610273761919409,0.0,0.0,0.6644109504767763,0.7751461088895725,0.13841894801599508,2.879114118732698,0.9135650569055676,1.799446324207936,0.0
ENG-Premier League,2025-2026,Will Hughes,Crystal Palace,MF,MF,30.0,1571.0,-1.011236829603831,-0.4885743608662283,0.8617868798848346,-1.011236829603831,-0.4885743608662283,0.8617868798848346,22,1,7,1,5,0,10,0,0.0,0.973901973265436,0.0,0.0,0.0,,0.0,0.0,1.26,0.6301718650541057,1.031190324633991,-0.4010184595798854,-0.25,0.4010184595798854,0.0,0.0,1.3749204328453215,1.4322087842138764,0.0,2.577975811584978,0.8593252705283259,0.916613621896881,0.0
ENG-Premier League,2025-2026,Yéremy Pino,Crystal Palace,"MF,FW",MF,22.0,2080.0,-0.13053983119441034,-0.4848770844061741,-0.12252657399121547,-0.13053983119441034,-0.4848770844061741,-0.12252657399121547,23,0,8,0,5,0,10,0,0.08653846153846154,1.9471153846153846,0.47596153846153844,24.444444444444443,0.044444444444444446,0.18181818181818182,0.0,0.0,1.15,0.8653846153846154,1.2115384615384615,-0.34615384615384615,-0.21,0.17307692307692307,0.0,0.0,1.2980769230769231,1.0384615384615385,0.4326923076923077,3.418269230769231,0.34615384615384615,0.8653846153846154,0.0
ENG-Premier League,2025-2026,Beto,Everton,FW,FW,27.0,1568.0,1.6346463792925898,0.5417898382895835,-0.662749847987765,1.6346463792925898,0.5417898382895835,-0.662749847987765,23,0,8,0,5,0,10,0,0.5165816326530612,2.4681122448979593,0.9757653061224489,39.53488372093023,0.20930232558139536,0.5294117647058824,0.0,0.0,1.32,1.4349489795918366,1.090561224489796,0.34438775510204084,0.78,0.17219387755102042,0.0,0.0,1.836734693877551,0.6887755102040817,0.5165816326530612,0.11479591836734694,0.05739795918367347,0.2869897959183674,0.0
ENG-Premier League,2025-2026,Carlos Alcaraz,Everton,MF,MF,22.0,689.0,-0.22370611457644854,-0.3956134354084072,0.8272715449807997,-0.22370611457644854,-0.3956134354084072,0.8272715449807997,23,0,8,0,5,0,10,0,0.0,2.6124818577648767,0.6531204644412192,25.0,0.0,0.0,0.0,0.0,1.15,1.0449927431059507,1.3062409288824384,-0.2612481857764877,-0.23,0.5224963715529753,0.0,0.0,1.3062409288824384,1.567489114658926,0.13062409288824384,0.783744557329463,0.2612481857764877,1.1756168359941945,0.0
ENG-Premier League,2025-2026,Dwight McNeil,Everton,MF,MF,25.0,1168.0,-0.5742964186974567,0.6490671349260134,-0.19450963365490376,-0.5742964186974567,0.6490671349260134,-0.19450963365490376,23,0,8,0,5,0,10,0,0.0,1.8493150684931507,0.3852739726027397,20.833333333333336,0.0,0.0,0.0,0.0,1.45,1.0787671232876712,0.6934931506849316,0.3852739726027397,0.7,0.07705479452054795,0.0,0.0,0.8476027397260274,0.5393835616438356,0.1541095890410959,3.0821917808219177,0.7705479452054794,1.2328767123287672,0.0
ENG-Premier League,2025-2026,Harrison Armstrong,Everton,MF,MF,18.0,529.0,-0.6267436301329483,-1.563215117825875,0.47402161162881645,-0.6267436301329483,-1.563215117825875,0.47402161162881645,23,0,8,0,5,0,10,0,0.0,0.8506616257088847,0.34026465028355385,40.0,0.0,0.0,0.0,0.0,1.23,0.6805293005671077,1.8714555765595464,-1.1909262759924386,-1.32,0.0,0.0,0.0,1.0207939508506616,2.551984877126654,0.34026465028355385,0.5103969754253308,0.6805293005671077,1.7013232514177694,0.0
ENG-Premier League,2025-2026,Idrissa Gueye,Everton,MF,MF,35.0,2093.0,-0.26324650883823436,0.06317284323361821,0.3407592279721329,-0.26324650883823436,0.06317284323361821,0.3407592279721329,23,0,8,0,5,0,10,0,0.08600095556617296,1.2470138557095078,0.3010033444816054,24.137931034482758,0.06896551724137931,0.2857142857142857,0.0,0.0,1.32,1.1180124223602483,1.1180124223602483,0.0,0.2,0.04300047778308648,0.04300047778308648,0.0,0.903010033444816,1.3330148112756808,0.0,0.8170090778786431,1.2470138557095078,0.903010033444816,0.0
ENG-Premier League,2025-2026,Iliman Ndiaye,Everton,MF,MF,25.0,2778.0,1.2237780607631177,-0.18485139121641492,-0.13744379725078068,1.2237780607631177,-0.18485139121641492,-0.13744379725078068,23,0,8,0,5,0,10,0,0.19438444924406048,1.3930885529157668,0.712742980561555,51.162790697674424,0.13953488372093023,0.2727272727272727,0.06479481641468683,0.06479481641468683,1.28,1.2958963282937366,1.42548596112311,-0.12958963282937366,-0.27,0.06479481641468683,0.0,0.0,0.9719222462203023,1.1987041036717063,0.38876889848812096,1.7818574514038876,0.550755939524838,1.2958963282937366,0.0
ENG-Premier League,2025-2026,Jack Grealish,Everton,MF,MF,29.0,1627.0,-0.04514975783727108,0.18404695550868555,1.924907127423092,-0.04514975783727108,0.18404695550868555,1.924907127423092,23,0,8,0,5,0,10,0,0.11063306699446834,1.4382298709280885,0.4425322679778734,30.76923076923077,0.07692307692307693,0.25,0.0,0.0,1.55,1.272280270436386,1.272280270436386,0.0,0.15,0.2765826674861709,0.05531653349723417,0.05531653349723417,0.7191149354640443,3.208358942839582,0.0,2.1573448063921328,0.6084818684695759,0.8297480024585125,0.0
ENG-Premier League,2025-2026,Jake O'Brien,Everton,DF,DF,24.0,3120.0,-0.4454315491785679,0.005406225560986004,-0.3713722323238608,-0.4454315491785679,0.005406225560986004,-0.3713722323238608,23,0,8,0,5,0,10,0,0.028846153846153848,0.375,0.17307692307692307,46.15384615384615,0.07692307692307693,0.16666666666666666,0.0,0.0,1.3200000000000003,1.2692307692307692,1.3269230769230769,-0.057692307692307696,0.24,0.17307692307692307,0.028846153846153848,0.0,0.6634615384615384,0.49038461538461536,0.11538461538461539,1.4134615384615385,0.375,0.9230769230769231,0.0
ENG-Premier League,2025-2026,James Garner,Everton,"MF,DF",MF,24.0,3413.0,-0.36000389688337725,-0.09028656340846754,1.5134323375457523,-0.36000389688337725,-0.09028656340846754,1.5134323375457523,23,0,8,0,5,0,10,0,0.0527395253442719,1.1866393202461178,0.3691766774099033,31.11111111111111,0.044444444444444446,0.14285714285714285,0.0,0.0,1.29,1.2393788455903896,1.3184881336067975,-0.07910928801640785,-0.08,0.3164371520656314,0.0,0.0,1.028420744213302,1.10753003222971,0.0,5.40580134778787,1.5030764723117491,1.8986229123937886,0.0
ENG-Premier League,2025-2026,James Tarkowski,Everton,DF,DF,32.0,3330.0,-0.20876728761999036,0.33769504219813923,-0.15188009951726017,-0.20876728761999036,0.33769504219813923,-0.15188009951726017,23,0,8,0,5,0,10,0,0.05405405405405406,0.5405405405405406,0.2702702702702703,50.0,0.1,0.2,0.0,0.0,1.32,1.2702702702702702,1.2972972972972974,-0.02702702702702703,1.9700000000000002,0.21621621621621623,0.0,0.0,0.8648648648648649,0.9459459459459459,0.05405405405405406,0.1891891891891892,0.7837837837837838,0.8108108108108109,0.0
ENG-Premier League,2025-2026,Jarrad Branthwaite,Everton,DF,DF,23.0,680.0,0.12769161057868586,0.3205853222327243,-0.46844896495576194,0.12769161057868586,0.3205853222327243,-0.46844896495576194,23,0,8,0,5,0,10,0,0.1323529411764706,0.7941176470588235,0.2647058823529412,33.33333333333333,0.16666666666666666,0.5,0.0,0.0,1.5,1.3235294117647058,1.1911764705882353,0.1323529411764706,0.26,0.1323529411764706,0.0,0.0,0.39705882352941174,0.1323529411764706,0.1323529411764706,0.39705882352941174,1.4558823529411764,0.7941176470588235,0.0
ENG-Premier League,2025-2026,Jordan Pickford,Everton,GK,GK,31.0,3420.0,-0.7450639783823682,-0.07974255969073266,-1.962436299850088,-0.7450639783823682,-0.07974255969073266,-1.962436299850088,19,4,5,3,4,1,10,0,0.0,0.0,0.0,,,,0.0,0.0,1.29,1.236842105263158,1.3157894736842106,-0.07894736842105263,,0.10526315789473684,0.0,0.0,0.02631578947368421,0.15789473684210525,0.0,0.0,0.0,0.02631578947368421,0.0
ENG-Premier League,2025-2026,Kiernan Dewsbury-Hall,Everton,MF,MF,26.0,2626.0,0.753156999825965,-0.02858700222240385,0.2295525252917291,0.753156999825965,-0.02858700222240385,0.2295525252917291,23,0,8,0,5,0,10,0,0.2741812642802742,1.3366336633663367,0.5140898705255141,38.46153846153847,0.20512820512820512,0.5333333333333333,0.0,0.0,1.23,1.3023610053313024,1.3366336633663367,-0.03427265803503427,0.19,0.20563594821020564,0.0,0.0,1.0967250571210967,1.6450875856816451,0.06854531607006854,3.8385376999238385,0.4798172124904798,0.8910891089108911,0.0
ENG-Premier League,2025-2026,Merlin Röhl,Everton,MF,MF,23.0,682.0,0.0705405410059762,-0.27950325588572705,0.7074965534610405,0.0705405410059762,-0.27950325588572705,0.7074965534610405,23,0,8,0,5,0,10,0,0.13196480938416422,1.4516129032258065,0.13196480938416422,9.090909090909092,0.09090909090909091,1.0,0.0,0.0,1.06,1.5835777126099706,1.715542521994135,-0.13196480938416422,-0.07,0.0,0.0,0.0,2.6392961876832843,0.9237536656891495,0.26392961876832843,0.6598240469208211,0.5278592375366569,1.715542521994135,0.0
ENG-Premier League,2025-2026,Michael Keane,Everton,DF,DF,32.0,2591.0,-0.1367141538127228,-0.7052685100095584,-0.3420909761314828,-0.1367141538127228,-0.7052685100095584,-0.3420909761314828,23,0,8,0,5,0,10,0,0.10420686993438827,0.9378618294094944,0.2431493631802393,25.925925925925924,0.1111111111111111,0.42857142857142855,0.0,0.0,1.15,1.0768043226553454,1.4588961790814357,-0.38209185642609034,-1.25,0.03473562331146276,0.03473562331146276,0.0,0.5557699729834041,0.20841373986877654,0.0,0.03473562331146276,1.2852180625241219,0.8336549594751061,0.0
ENG-Premier League,2025-2026,Thierno Barry,Everton,FW,FW,22.0,1914.0,1.1018687174033794,-0.6614580674809529,-0.6435309633057971,1.1018687174033794,-0.6614580674809529,-0.6435309633057971,23,0,8,0,5,0,10,0,0.3761755485893417,1.786833855799373,0.658307210031348,36.84210526315789,0.21052631578947367,0.5714285714285714,0.0,0.0,1.29,1.128526645768025,1.598746081504702,-0.4702194357366771,-0.89,0.14106583072100312,0.0,0.0,2.1630094043887147,0.3761755485893417,0.6112852664576802,0.18808777429467086,0.23510971786833856,0.18808777429467086,0.0
ENG-Premier League,2025-2026,Tim Iroegbunam,Everton,MF,MF,22.0,1487.0,-1.1110917811352352,0.13280323700912552,2.489405409187081,-1.1110917811352352,0.13280323700912552,2.489405409187081,23,0,8,0,5,0,10,0,0.0,0.7262945527908541,0.0605245460659045,8.333333333333332,0.0,0.0,0.0,0.0,1.31,1.1499663752521856,1.089441829186281,0.0605245460659045,0.25,0.5447209145931405,0.0,0.0,1.7552118359112308,1.21049092131809,0.0,0.18157363819771352,1.3315400134498991,2.6630800268997983,0.0
ENG-Premier League,2025-2026,Vitaliy Mykolenko,Everton,DF,DF,26.0,2958.0,-1.0738396809493516,-0.0833777260886948,-0.1882159091851912,-1.0738396809493516,-0.0833777260886948,-0.1882159091851912,23,0,8,0,5,0,10,0,0.0,0.2738336713995943,0.060851926977687626,22.22222222222222,0.0,0.0,0.0,0.0,1.33,1.3387423935091278,1.4300202839756593,-0.09127789046653144,-0.09,0.18255578093306288,0.0,0.0,0.8823529411764706,0.8519269776876268,0.0,2.8296146044624746,0.821501014198783,0.7606490872210954,0.030425963488843813
ENG-Premier League,2025-2026,Alex Iwobi,Fulham,MF,MF,29.0,2419.0,0.22245328199877357,-0.1686529988457942,-0.8885767487386528,0.22245328199877357,-0.1686529988457942,-0.8885767487386528,23,0,8,0,5,0,10,0,0.14882182720132286,1.4510128152128978,0.5580818520049607,38.46153846153847,0.10256410256410256,0.26666666666666666,0.0,0.0,1.31,1.3393964448119058,1.4882182720132286,-0.14882182720132286,-0.15,0.11161637040099215,0.0,0.0,0.29764365440264573,0.37205456800330716,0.037205456800330716,3.274080198429103,0.5580818520049607,0.6696982224059529,0.0
ENG-Premier League,2025-2026,Antonee Robinson,Fulham,"DF,MF",DF,27.0,1492.0,0.5444435631557905,-0.4258374567390902,1.2574648137583326,0.5444435631557905,-0.4258374567390902,1.2574648137583326,23,0,8,0,5,0,10,0,0.06032171581769437,0.36193029490616624,0.06032171581769437,16.666666666666664,0.16666666666666666,1.0,0.06032171581769437,0.06032171581769437,1.36,0.7841823056300268,1.146112600536193,-0.36193029490616624,-0.46,0.30160857908847183,0.0,0.0,0.9048257372654156,0.5428954423592494,0.12064343163538874,4.644772117962466,1.6890080428954424,1.8699731903485255,0.0
ENG-Premier League,2025-2026,Bernd Leno,Fulham,GK,GK,33.0,3420.0,-0.7450639783823682,-0.06344754423551834,-2.0802938003623486,-0.7450639783823682,-0.06344754423551834,-2.0802938003623486,19,4,5,3,4,1,10,0,0.0,0.0,0.0,,,,0.0,0.0,1.37,1.236842105263158,1.3421052631578947,-0.10526315789473684,,0.07894736842105263,0.0,0.0,0.0,0.15789473684210525,0.0,0.0,0.02631578947368421,0.02631578947368421,0.02631578947368421
ENG-Premier League,2025-2026,Calvin Bassey,Fulham,DF,DF,25.0,2534.0,-0.36837445554983533,-0.1817799454925213,0.2125852683912304,-0.36837445554983533,-0.1817799454925213,0.2125852683912304,23,0,8,0,5,0,10,0,0.035516969218626675,0.4262036306235201,0.035516969218626675,8.333333333333332,0.08333333333333333,1.0,0.0,0.0,1.27,1.2786108918705603,1.420678768745067,-0.1420678768745067,-0.14,0.17758484609313338,0.0,0.0,0.994475138121547,1.420678768745067,0.035516969218626675,0.4972375690607735,0.7813733228097869,1.1365430149960536,0.0
ENG-Premier League,2025-2026,Emile Smith Rowe,Fulham,MF,MF,25.0,1923.0,0.11809967025249934,0.03252665751046976,-0.4625815224426756,0.11809967025249934,0.03252665751046976,-0.4625815224426756,23,0,8,0,5,0,10,0,0.14040561622464898,1.6848673946957877,0.514820592823713,30.555555555555557,0.08333333333333333,0.2727272727272727,0.0,0.0,1.38,1.2636505460218408,1.3104524180967239,-0.046801872074883,0.13,0.046801872074883,0.0,0.0,0.46801872074882994,0.7956318252730109,0.14040561622464898,0.608424336973479,1.029641185647426,1.029641185647426,0.0
ENG-Premier League,2025-2026,Harry Wilson,Fulham,MF,MF,28.0,2673.0,0.9872762368051451,0.30600548359137214,-0.3792931260839809,0.9872762368051451,0.30600548359137214,-0.3792931260839809,23,0,8,0,5,0,10,0,0.3367003367003367,2.6262626262626263,0.8417508417508418,32.05128205128205,0.1282051282051282,0.4,0.0,0.0,1.44,1.3468013468013469,1.2794612794612794,0.06734006734006734,0.79,0.2356902356902357,0.0,0.0,0.4377104377104377,1.245791245791246,0.4377104377104377,3.872053872053872,0.5387205387205387,0.6397306397306397,0.0
ENG-Premier League,2025-2026,Issa Diop,Fulham,DF,DF,28.0,816.0,1.1031763265309553,-0.24717564160948843,-0.7045242268811769,1.1031763265309553,-0.24717564160948843,-0.7045242268811769,23,0,8,0,5,0,10,0,0.11029411764705882,0.22058823529411764,0.11029411764705882,50.0,0.5,1.0,0.0,0.0,1.31,1.213235294117647,1.4338235294117647,-0.22058823529411764,-0.15,0.22058823529411764,0.0,0.0,0.9926470588235294,0.33088235294117646,0.0,0.11029411764705882,0.6617647058823529,0.22058823529411764,0.0
ENG-Premier League,2025-2026,Joachim Andersen,Fulham,DF,DF,29.0,2875.0,-0.9636763117410472,-0.04133877805474057,0.13946177304206114,-0.9636763117410472,-0.04133877805474057,0.13946177304206114,23,0,8,0,5,0,10,0,0.0,0.5008695652173913,0.12521739130434784,25.0,0.0,0.0,0.0,0.0,1.36,1.2834782608695652,1.377391304347826,-0.09391304347826086,0.07,0.21913043478260869,0.03130434782608696,0.0,0.9391304347826087,0.40695652173913044,0.0,0.46956521739130436,1.0643478260869565,0.8139130434782609,0.0
ENG-Premier League,2025-2026,Jorge Cuenca,Fulham,DF,DF,25.0,938.0,-1.1943513706091273,0.06972994543600917,0.7656212713000214,-1.1943513706091273,0.06972994543600917,0.7656212713000214,22,1,7,1,5,0,10,0,0.0,0.09594882729211088,0.0,0.0,0.0,,0.0,0.0,1.8,0.8635394456289979,1.0554371002132197,-0.19189765458422176,-0.12,0.5756929637526652,0.0,0.0,0.9594882729211087,0.09594882729211088,0.09594882729211088,0.19189765458422176,1.439232409381663,0.9594882729211087,0.0
ENG-Premier League,2025-2026,Joshua King,Fulham,MF,MF,18.0,1308.0,0.07222550850211044,-0.28874588179381805,0.03421290750978813,0.07222550850211044,-0.28874588179381805,0.03421290750978813,23,0,8,0,5,0,10,0,0.06880733944954129,1.7889908256880733,0.7568807339449541,42.30769230769231,0.038461538461538464,0.09090909090909091,0.0,0.0,1.38,0.963302752293578,1.238532110091743,-0.27522935779816515,-0.28,0.27522935779816515,0.0,0.0,0.8944954128440367,2.0642201834862384,0.20642201834862386,0.8256880733944955,0.20642201834862386,0.8256880733944955,0.0
ENG-Premier League,2025-2026,Kenny Tete,Fulham,DF,DF,29.0,1791.0,-0.5335472309847558,0.1965260705911359,1.1108971049332703,-0.5335472309847558,0.1965260705911359,1.1108971049332703,23,0,8,0,5,0,10,0,0.05025125628140704,0.8040201005025126,0.1507537688442211,18.75,0.0625,0.3333333333333333,0.0,0.0,1.55,1.2060301507537687,1.2060301507537687,0.0,0.22,0.10050251256281408,0.0,0.0,1.35678391959799,1.5577889447236182,0.05025125628140704,1.7085427135678393,1.306532663316583,1.9095477386934674,0.0
ENG-Premier League,2025-2026,Kevin,Fulham,MF,MF,22.0,1041.0,0.22456780544548074,-0.027681604031682232,0.09333046275477835,0.22456780544548074,-0.027681604031682232,0.09333046275477835,23,0,8,0,5,0,10,0,0.08645533141210375,2.161383285302594,0.8645533141210374,40.0,0.04,0.1,0.0,0.0,1.38,1.1239193083573487,1.2103746397694524,-0.08645533141210375,0.03,0.08645533141210375,0.0,0.0,1.2103746397694524,1.4697406340057637,0.25936599423631124,3.717579250720461,0.7780979827089337,0.8645533141210374,0.0
ENG-Premier League,2025-2026,Oscar Bobb,Fulham / Manchester City,MF,MF,22.0,1039.0,-0.774938243417657,0.584215340834145,-0.07599615744204233,-0.774938243417657,0.584215340834145,-0.07599615744204233,23,0,8,0,5,0,10,0,0.0,1.039461020211742,0.2598652550529355,25.0,0.0,0.0,0.0,0.0,1.4611645813282004,1.4725697786333012,1.039461020211742,0.4331087584215592,-0.005129932627526466,0.08662175168431184,0.0,0.0,0.7795957651588066,1.4725697786333012,0.0,1.2127045235803657,0.7795957651588066,1.039461020211742,0.0
ENG-Premier League,2025-2026,Raúl Jiménez,Fulham,FW,FW,34.0,2189.0,2.6777291453210923,0.4704987676894621,0.05973593675068476,2.6777291453210923,0.4704987676894621,0.05973593675068476,23,0,8,0,5,0,10,0,0.3700319780721791,3.001370488807675,0.7400639561443582,24.65753424657534,0.1232876712328767,0.5,0.16445865692096848,0.16445865692096848,1.44,1.397898583828232,1.1923252626770215,0.2055733211512106,0.86,0.2055733211512106,0.0,0.0,1.8912745545911376,1.397898583828232,0.8222932846048424,0.2878026496116948,0.2878026496116948,0.8222932846048424,0.0
ENG-Premier League,2025-2026,Rodrigo Muniz,Fulham,FW,FW,24.0,1000.0,-0.04907132993488864,-0.15381866568153738,-0.4718530272296232,-0.04907132993488864,-0.15381866568153738,-0.4718530272296232,23,0,8,0,5,0,10,0,0.09,2.88,0.45,15.625,0.03125,0.2,0.0,0.0,1.38,0.9,1.08,-0.18,-0.11,0.18,0.0,0.0,1.89,1.62,0.45,0.18,0.18,0.27,0.09
ENG-Premier League,2025-2026,Ryan Sessegnon,Fulham,"DF,MF",DF,25.0,1823.0,0.22505740137482666,0.2883125281489989,0.2157101444539062,0.22505740137482666,0.2883125281489989,0.2157101444539062,23,0,8,0,5,0,10,0,0.14810751508502468,0.7899067471201316,0.1974766867800329,25.0,0.1875,0.75,0.0,0.0,1.33,1.5798134942402633,1.4317059791552387,0.14810751508502468,0.54,0.0,0.0,0.0,1.6291826659352715,0.14810751508502468,0.1974766867800329,2.7153044432254525,1.1354909489851892,1.4317059791552387,0.0
ENG-Premier League,2025-2026,Samuel Chukwueze,Fulham,MF,MF,26.0,1079.0,0.5566015270682653,-0.371436087974143,-1.1150797563317212,0.5566015270682653,-0.371436087974143,-1.1150797563317212,23,0,8,0,5,0,10,0,0.25023169601482853,2.0852641334569046,0.5838739573679332,28.000000000000004,0.12,0.42857142857142855,0.0,0.0,1.17,1.5013901760889712,1.7516218721037997,-0.25023169601482853,-0.21,0.0,0.0,0.0,0.4170528266913809,1.0009267840593141,0.25023169601482853,3.586654309545876,0.5004633920296571,0.3336422613531047,0.0
ENG-Premier League,2025-2026,Sander Berge,Fulham,MF,MF,27.0,2905.0,-1.0297899633674565,0.08832760094814404,-0.09573202340151031,-1.0297899633674565,0.08832760094814404,-0.09573202340151031,23,0,8,0,5,0,10,0,0.0,0.43373493975903615,0.09294320137693632,21.428571428571427,0.0,0.0,0.0,0.0,1.46,1.3321858864027538,1.3941480206540446,-0.06196213425129088,0.29,0.1549053356282272,0.0,0.0,1.0843373493975903,0.43373493975903615,0.03098106712564544,0.4027538726333907,0.8055077452667814,1.270223752151463,0.03098106712564544
ENG-Premier League,2025-2026,Saša Lukić,Fulham,MF,MF,28.0,1734.0,-0.3862813560524768,-0.45982393487817214,1.9810314704011178,-0.3862813560524768,-0.45982393487817214,1.9810314704011178,23,0,8,0,5,0,10,0,0.05190311418685121,0.9342560553633218,0.31141868512110726,33.33333333333333,0.05555555555555555,0.16666666666666666,0.0,0.0,1.19,0.8304498269896193,1.1418685121107266,-0.31141868512110726,-0.42,0.4671280276816609,0.0,0.0,2.7508650519031144,1.2975778546712802,0.10380622837370242,3.5294117647058822,0.8304498269896193,1.453287197231834,0.0
ENG-Premier League,2025-2026,Timothy Castagne,Fulham,"DF,MF",DF,29.0,1845.0,-0.6616893968844942,-0.5052486280097997,0.3267327592272215,-0.6616893968844942,-0.5052486280097997,0.3267327592272215,23,0,8,0,5,0,10,0,0.0,0.6829268292682927,0.2926829268292683,42.857142857142854,0.0,0.0,0.0,0.0,1.2,1.2195121951219512,1.5609756097560976,-0.34146341463414637,-0.51,0.1951219512195122,0.0,0.0,0.8780487804878049,0.5365853658536586,0.04878048780487805,2.341463414634146,1.3658536585365855,1.170731707317073,0.0
ENG-Premier League,2025-2026,Tom Cairney,Fulham,MF,MF,34.0,775.0,0.47507279245592265,0.5923772877607738,0.012582382659734746,0.47507279245592265,0.5923772877607738,0.012582382659734746,23,0,8,0,5,0,10,0,0.23225806451612904,1.9741935483870967,0.23225806451612904,11.76470588235294,0.11764705882352941,1.0,0.0,0.0,1.46,1.5096774193548388,1.1612903225806452,0.34838709677419355,0.59,0.34838709677419355,0.0,0.0,1.1612903225806452,1.2774193548387096,0.0,0.6967741935483871,0.4645161290322581,0.4645161290322581,0.0
ENG-Premier League,2025-2026,Anton Stach,Leeds United,MF,MF,26.0,2370.0,0.30416800646200387,-0.3493929787410469,0.4645932630257936,0.30416800646200387,-0.3493929787410469,0.4645932630257936,23,0,8,0,5,0,10,0,0.189873417721519,2.088607594936709,0.5316455696202531,25.454545454545453,0.09090909090909091,0.35714285714285715,0.0,0.0,1.03,1.1772151898734178,1.3670886075949367,-0.189873417721519,-0.02,0.11392405063291139,0.0,0.0,1.3670886075949367,0.9113924050632911,0.0,5.886075949367089,0.7215189873417721,1.3291139240506329,0.0
ENG-Premier League,2025-2026,Ao Tanaka,Leeds United,MF,MF,26.0,1315.0,0.04763729995937201,0.23503270565505677,0.10858711906321493,0.04763729995937201,0.23503270565505677,0.10858711906321493,23,0,8,0,5,0,10,0,0.13688212927756654,1.1634980988593155,0.34220532319391633,29.411764705882355,0.11764705882352941,0.4,0.0,0.0,1.43,1.505703422053232,1.4372623574144487,0.06844106463878327,0.41,0.06844106463878327,0.0,0.0,0.8897338403041825,0.6844106463878327,0.0,2.6692015209125475,1.4372623574144487,1.026615969581749,0.0
ENG-Premier League,2025-2026,Brenden Aaronson,Leeds United,"MF,FW",MF,24.0,2449.0,0.23505824666109731,0.3181524103634382,-0.06911799301515917,0.23505824666109731,0.3181524103634382,-0.06911799301515917,23,0,8,0,5,0,10,0,0.14699877501020825,1.727235606369947,0.6247447937933851,36.17021276595745,0.0851063829787234,0.23529411764705882,0.0,0.0,1.19,1.2862392813393222,1.139240506329114,0.14699877501020825,1.17,0.11024908125765619,0.0,0.0,0.7349938750510412,1.8742343813801552,0.1837484687627603,1.3597386688444264,0.6247447937933851,0.9922417313189057,0.0
ENG-Premier League,2025-2026,Daniel James,Leeds United,"FW,MF",FW,27.0,559.0,-0.4287967750753869,-3.485508239164719,-0.8073167545362181,-0.4287967750753869,-3.485508239164719,-0.8073167545362181,23,0,8,0,5,0,10,0,0.0,2.2540250447227193,0.48300536672629696,21.428571428571427,0.0,0.0,0.0,0.0,1.0,0.0,2.5760286225402504,-2.5760286225402504,-2.86,0.0,0.0,0.0,0.16100178890876565,1.2880143112701252,0.16100178890876565,8.050089445438283,0.16100178890876565,0.8050089445438283,0.0
ENG-Premier League,2025-2026,Dominic Calvert-Lewin,Leeds United,FW,FW,28.0,2721.0,3.0625776097440385,0.6478218012883513,-0.9122133741715199,3.0625776097440385,0.6478218012883513,-0.9122133741715199,23,0,8,0,5,0,10,0,0.46306504961411243,2.414553472987872,1.1245865490628446,46.57534246575342,0.1917808219178082,0.4117647058823529,0.13230429988974643,0.16538037486218302,1.23,1.3891951488423373,1.1245865490628446,0.26460859977949286,2.2,0.09922822491730982,0.0,0.0,1.4884233737596473,1.2238147739801544,0.8599779492833517,0.29768467475192945,0.16538037486218302,0.13230429988974643,0.0
ENG-Premier League,2025-2026,Ethan Ampadu,Leeds United,MF,MF,24.0,3119.0,-0.6745673058383104,0.017576217767925572,1.0307440167983832,-0.6745673058383104,0.017576217767925572,1.0307440167983832,23,0,8,0,5,0,10,0,0.028855402372555305,0.750240461686438,0.17313241423533185,23.076923076923077,0.038461538461538464,0.16666666666666666,0.0,0.0,1.29,1.2984931067649887,1.41391471625521,-0.11542160949022122,0.78,0.28855402372555305,0.0,0.0,1.4427701186277653,1.038794485411991,0.0,0.7213850593138826,1.4427701186277653,1.327348509137544,0.0
ENG-Premier League,2025-2026,Gabriel Gudmundsson,Leeds United,"DF,MF",DF,26.0,2631.0,-1.0314014912218918,-0.22520769985212458,1.6547359637597507,-1.0314014912218918,-0.22520769985212458,1.6547359637597507,23,0,8,0,5,0,10,0,0.0,0.6157354618015963,0.10262257696693272,16.666666666666664,0.0,0.0,0.0,0.0,1.19,1.3683010262257698,1.5393386545039909,-0.17103762827822122,0.06,0.20524515393386544,0.03420752565564424,0.03420752565564424,1.0604332953249715,1.9156214367160775,0.10262257696693272,3.0102622576966933,0.9578107183580388,1.6077537058152793,0.03420752565564424
ENG-Premier League,2025-2026,Ilia Gruev,Leeds United,MF,MF,25.0,1323.0,-1.102668935288745,-0.27706579173875595,0.021508846265541757,-1.102668935288745,-0.27706579173875595,0.021508846265541757,23,0,8,0,5,0,10,0,0.0,0.47619047619047616,0.06802721088435375,14.285714285714285,0.0,0.0,0.0,0.0,1.52,1.1564625850340136,1.4965986394557824,-0.3401360544217687,-0.25,0.20408163265306123,0.0,0.0,1.08843537414966,0.6122448979591837,0.0,1.08843537414966,0.9523809523809523,0.8843537414965986,0.0
ENG-Premier League,2025-2026,Jaka Bijol,Leeds United,DF,DF,26.0,1890.0,-0.36439630724189775,0.2881429554175449,-0.30516908220350364,-0.36439630724189775,0.2881429554175449,-0.30516908220350364,23,0,8,0,5,0,10,0,0.047619047619047616,0.7142857142857143,0.2857142857142857,40.0,0.06666666666666667,0.16666666666666666,0.0,0.0,1.2800000000000002,1.380952380952381,1.2380952380952381,0.14285714285714285,0.73,0.19047619047619047,0.0,0.0,0.9047619047619048,0.47619047619047616,0.0,0.047619047619047616,1.0476190476190477,0.6190476190476191,0.0
ENG-Premier League,2025-2026,James Justin,Leeds United,"DF,MF",DF,27.0,1901.0,-0.21414117137731706,0.22074293141536544,0.7668326251699906,-0.21414117137731706,0.22074293141536544,0.7668326251699906,23,0,8,0,5,0,10,0,0.09468700683850605,1.1362440820620725,0.2840610205155181,25.0,0.08333333333333333,0.3333333333333333,0.0,0.0,1.41,1.2782745923198318,1.2309310889005787,0.04734350341925302,0.52,0.1893740136770121,0.0,0.0,0.6154655444502893,1.4676486059968437,0.09468700683850605,1.799053129931615,1.2309310889005787,1.799053129931615,0.0
ENG-Premier League,2025-2026,Jayden Bogle,Leeds United,"MF,DF",MF,25.0,2793.0,-0.6508514106751492,-0.23958899876922893,0.4886623904033319,-0.6508514106751492,-0.23958899876922893,0.4886623904033319,23,0,8,0,5,0,10,0,0.0322234156820623,0.5800214822771214,0.1288936627282492,22.22222222222222,0.05555555555555555,0.25,0.0,0.0,1.24,1.2244897959183674,1.4178302900107411,-0.1933404940923738,-0.05,0.1933404940923738,0.0,0.0,1.2567132116004296,0.9344790547798066,0.322234156820623,2.158968850698174,0.966702470461869,1.385606874328679,0.0
ENG-Premier League,2025-2026,Joe Rodon,Leeds United,DF,DF,27.0,2951.0,-0.25906375110482227,-0.5291380516756349,-0.7579664041185347,-0.25906375110482227,-0.5291380516756349,-0.7579664041185347,23,0,8,0,5,0,10,0,0.060996272450016945,0.5489664520501525,0.2134869535750593,38.88888888888889,0.1111111111111111,0.2857142857142857,0.0,0.0,1.2,1.2809217214503559,1.5859030837004404,-0.3049813622500847,-0.88,0.09149440867502541,0.0,0.0,0.518468315825144,0.579464588275161,0.030498136225008472,0.18298881735005082,0.9149440867502542,0.579464588275161,0.0
ENG-Premier League,2025-2026,Karl Darlow,Leeds United,GK,GK,34.0,1980.0,-0.7450639783823682,0.03498566820902496,-2.05712879475455,-0.7450639783823682,0.03498566820902496,-2.05712879475455,20,3,5,3,5,0,10,0,0.0,0.0,0.0,,,,0.0,0.0,1.32,1.1818181818181819,1.2272727272727273,-0.045454545454545456,0.33,0.045454545454545456,0.0,0.0,0.0,0.3181818181818182,0.0,0.0,0.0,0.0,0.0
ENG-Premier League,2025-2026,Lucas Perri,Leeds United,GK,GK,27.0,1440.0,-0.7450639783823682,-0.5522841753544517,-1.9120966871441245,-0.7450639783823682,-0.5522841753544517,-1.9120966871441245,20,3,5,3,5,0,10,0,0.0,0.0,0.0,,,,0.0,0.0,1.13,1.4375,1.8125,-0.375,-0.33,0.125,0.0,0.0,0.0625,0.1875,0.0,0.0,0.0,0.0,0.0
ENG-Premier League,2025-2026,Lukas Nmecha,Leeds United,FW,FW,26.0,1083.0,3.883388142248185,-1.0471658762911107,-0.5263169529768763,3.883388142248185,-1.0471658762911107,-0.5263169529768763,23,0,8,0,5,0,10,0,0.4986149584487535,2.4930747922437675,1.3296398891966759,53.333333333333336,0.2,0.375,0.16620498614958448,0.24930747922437674,1.13,1.1634349030470914,1.9113573407202216,-0.7479224376731302,-0.82,0.0,0.0,0.0,1.4958448753462603,1.4958448753462603,0.24930747922437674,0.8310249307479224,0.24930747922437674,0.5817174515235457,0.0
ENG-Premier League,2025-2026,Noah Okafor,Leeds United,"FW,MF",FW,25.0,1561.0,1.4725651874037715,0.33024305029274104,-0.1082706284068631,1.4725651874037715,0.33024305029274104,-0.1082706284068631,23,0,8,0,5,0,10,0,0.4612427930813581,2.0179372197309418,0.8648302370275465,42.857142857142854,0.22857142857142856,0.5333333333333333,0.0,0.0,1.32,1.672005124919923,1.4990390775144138,0.17296604740550928,0.66,0.17296604740550928,0.0,0.0,1.0377962844330557,0.8071748878923767,0.0,2.0755925688661114,0.6918641896220371,0.8648302370275465,0.0
ENG-Premier League,2025-2026,Pascal Struijk,Leeds United,DF,DF,25.0,2936.0,-0.9379759402675978,-0.2549725517583219,-0.3883432341358792,-0.9379759402675978,-0.2549725517583219,-0.3883432341358792,23,0,8,0,5,0,10,0,0.0,0.9502724795640327,0.15326975476839236,16.129032258064516,0.0,0.0,0.0,0.0,1.18,1.2874659400544959,1.4713896457765667,-0.18392370572207084,0.0,0.15326975476839236,0.0,0.0,0.8276566757493188,0.6743869209809265,0.15326975476839236,0.06130790190735695,0.9809264305177112,0.6743869209809265,0.0
ENG-Premier League,2025-2026,Sean Longstaff,Leeds United,MF,MF,27.0,1011.0,0.20461954905948676,-0.870234266298236,1.2998903989909198,0.20461954905948676,-0.870234266298236,1.2998903989909198,23,0,8,0,5,0,10,0,0.17804154302670624,1.42433234421365,0.3560830860534125,25.0,0.125,0.5,0.0,0.0,1.35,1.0682492581602374,1.7804154302670623,-0.712166172106825,-0.75,0.17804154302670624,0.0,0.0,1.1572700296735905,1.513353115727003,0.08902077151335312,4.807121661721069,1.0682492581602374,2.136498516320475,0.0
ENG-Premier League,2025-2026,Sebastiaan Bornauw,Leeds United,DF,DF,26.0,429.0,-1.170607492477183,-0.10450608497390294,0.18876115965575602,-1.170607492477183,-0.10450608497390294,0.18876115965575602,22,1,7,1,5,0,10,0,0.0,0.2097902097902098,0.0,0.0,0.0,,0.0,0.0,1.5,0.8391608391608392,1.048951048951049,-0.2097902097902098,-0.03,0.2097902097902098,0.0,0.0,1.4685314685314685,0.0,0.2097902097902098,0.2097902097902098,1.4685314685314685,0.8391608391608392,0.0
ENG-Premier League,2025-2026,Wilfried Gnonto,Leeds United,FW,FW,21.0,537.0,-0.8648050222223014,-0.653542453050636,1.720147953008844,-0.8648050222223014,-0.653542453050636,1.720147953008844,22,1,7,1,5,0,10,0,0.0,1.675977653631285,0.0,0.0,0.0,,0.0,0.0,1.22,1.8435754189944134,2.346368715083799,-0.5027932960893855,-0.38,0.5027932960893855,0.0,0.0,1.1731843575418994,1.8435754189944134,0.0,3.35195530726257,0.5027932960893855,2.17877094972067,0.0
ENG-Premier League,2025-2026,Alexander Isak,Liverpool,FW,FW,25.0,699.0,1.1313353028024917,-0.14545860190303755,-1.391935765682165,1.1313353028024917,-0.14545860190303755,-1.391935765682165,23,0,8,0,5,0,10,0,0.38626609442060084,2.188841201716738,0.7725321888412017,35.294117647058826,0.17647058823529413,0.5,0.0,0.0,1.71,0.9012875536480687,1.1587982832618027,-0.2575107296137339,-0.65,0.0,0.0,0.0,0.6437768240343348,0.12875536480686695,0.0,0.2575107296137339,0.0,0.7725321888412017,0.0
ENG-Premier League,2025-2026,Alexis Mac Allister,Liverpool,MF,MF,26.0,2658.0,-0.2728181359222641,0.20228969371041555,0.09994861367650866,-0.2728181359222641,0.20228969371041555,0.09994861367650866,23,0,8,0,5,0,10,0,0.06772009029345373,1.7607223476297968,0.40632054176072235,23.076923076923077,0.038461538461538464,0.16666666666666666,0.0,0.0,1.54,1.5237020316027088,1.3882618510158014,0.13544018058690746,-0.57,0.23702031602708803,0.0,0.0,1.18510158013544,1.0835214446952597,0.0,0.6772009029345373,0.6094808126410836,0.9142212189616253,0.0
ENG-Premier League,2025-2026,Alisson,Liverpool,GK,GK,32.0,2340.0,-0.7450639783823682,0.9848715787365648,-2.0674719571590114,-0.7450639783823682,0.9848715787365648,-2.0674719571590114,20,3,5,3,5,0,10,0,0.0,0.0,0.0,,,,0.0,0.0,1.8100000000000003,1.6923076923076923,1.1923076923076923,0.5,0.75,0.038461538461538464,0.0,0.0,0.038461538461538464,0.2692307692307692,0.0,0.0,0.0,0.0,0.0
ENG-Premier League,2025-2026,Andy Robertson,Liverpool,DF,DF,31.0,1176.0,-0.26391676209608284,0.7317643375344238,-1.1929104005174396,-0.26391676209608284,0.7317643375344238,-1.1929104005174396,23,0,8,0,5,0,10,0,0.07653061224489796,0.7653061224489796,0.22959183673469388,30.0,0.1,0.3333333333333333,0.0,0.0,1.58,1.683673469387755,1.2244897959183674,0.45918367346938777,0.3,0.0,0.0,0.0,0.30612244897959184,0.07653061224489796,0.3826530612244898,4.0561224489795915,0.5357142857142857,0.7653061224489796,0.0
ENG-Premier League,2025-2026,Cody Gakpo,Liverpool,"MF,FW",MF,26.0,2737.0,0.5659368895101947,0.48252828285419436,-0.45121776489157756,0.5659368895101947,0.48252828285419436,-0.45121776489157756,23,0,8,0,5,0,10,0,0.23017902813299232,2.8607964925100475,0.690537084398977,24.137931034482758,0.08045977011494253,0.3333333333333333,0.0,0.0,1.5,1.5783704786262331,1.2824260138838144,0.2959444647424187,0.16,0.09864815491413957,0.0,0.0,1.381074168797954,1.4468396054073804,0.9864815491413957,2.827913774205334,0.3945926196565583,0.49324077457069787,0.0
ENG-Premier League,2025-2026,Conor Bradley,Liverpool,DF,DF,22.0,929.0,-1.0931279765171622,-0.20868436484072397,1.8366485998114972,-1.0931279765171622,-0.20868436484072397,1.8366485998114972,22,1,7,1,5,0,10,0,0.0,0.581270182992465,0.0,0.0,0.0,,0.0,0.0,1.47,1.0656620021528525,1.2594187298170076,-0.193756727664155,-0.63,0.48439181916038754,0.0,0.0,1.743810548977395,1.9375672766415502,0.0968783638320775,2.2282023681377825,1.16254036598493,1.4531754574811626,0.0
ENG-Premier League,2025-2026,Curtis Jones,Liverpool,"MF,DF",MF,24.0,1937.0,-0.41967393139805775,0.004568495910012502,-0.07286043429311953,-0.41967393139805775,0.004568495910012502,-0.07286043429311953,23,0,8,0,5,0,10,0,0.04646360351058337,1.0221992772328343,0.3252452245740836,31.818181818181817,0.045454545454545456,0.14285714285714285,0.0,0.0,1.47,1.7656169334021683,1.7656169334021683,0.0,-0.61,0.09292720702116675,0.0,0.0,0.7898812596799174,1.3474445018069179,0.0,0.743417656169334,0.8363448631905007,1.0686628807434178,0.0
ENG-Premier League,2025-2026,Dominik Szoboszlai,Liverpool,"MF,DF",MF,24.0,3231.0,0.43437230067001126,0.36469468261893084,0.5265620811788859,0.43437230067001126,0.36469468261893084,0.5265620811788859,23,0,8,0,5,0,10,0,0.1671309192200557,1.9777158774373258,0.6406685236768802,32.3943661971831,0.08450704225352113,0.2608695652173913,0.0,0.027855153203342618,1.5,1.6713091922005572,1.4206128133704736,0.25069637883008355,-0.23,0.22284122562674094,0.027855153203342618,0.0,1.16991643454039,0.8356545961002786,0.055710306406685235,5.73816155988858,0.807799442896936,0.8913649025069638,0.0
ENG-Premier League,2025-2026,Florian Wirtz,Liverpool,MF,MF,22.0,2378.0,0.41920754149893397,0.42138589985072616,-0.6207683311029409,0.41920754149893397,0.42138589985072616,-0.6207683311029409,23,0,8,0,5,0,10,0,0.18923465096719932,1.9301934398654332,0.6812447434819175,35.294117647058826,0.09803921568627451,0.2777777777777778,0.0,0.0,1.61,1.4381833473507148,1.2111017661900756,0.2270815811606392,-0.12000000000000001,0.03784693019343986,0.0,0.0,0.832632464255677,0.7190916736753574,0.07569386038687972,1.2111017661900756,0.4541631623212784,0.9840201850294366,0.0
ENG-Premier League,2025-2026,Giorgi Mamardashvili,Liverpool,GK,GK,24.0,867.0,-0.7450639783823682,-0.9088061728801257,-2.009004793350901,-0.7450639783823682,-0.9088061728801257,-2.009004793350901,20,3,5,3,5,0,10,0,0.0,0.0,0.0,,,,0.0,0.0,1.0,1.3494809688581315,1.8685121107266436,-0.5190311418685121,-1.05,0.0,0.0,0.0,0.10380622837370242,0.20761245674740483,0.0,0.0,0.10380622837370242,0.10380622837370242,0.0
ENG-Premier League,2025-2026,Hugo Ekitike,Liverpool,FW,FW,23.0,1803.0,1.6682301582197832,0.8667670330781257,-0.9436052326242871,1.6682301582197832,0.8667670330781257,-0.9436052326242871,23,0,8,0,5,0,10,0,0.5490848585690515,3.24459234608985,0.9484193011647255,29.230769230769234,0.16923076923076924,0.5789473684210527,0.0,0.0,1.68,1.7470881863560732,1.2479201331114809,0.49916805324459235,0.5,0.0,0.0,0.0,1.7470881863560732,0.5990016638935108,0.49916805324459235,0.34941763727121466,0.19966722129783693,0.34941763727121466,0.0
ENG-Premier League,2025-2026,Ibrahima Konaté,Liverpool,DF,DF,26.0,3090.0,-0.5411646437387582,0.5790338804037733,0.035300153455357024,-0.5411646437387582,0.5790338804037733,0.035300153455357024,23,0,8,0,5,0,10,0,0.02912621359223301,0.34951456310679613,0.11650485436893204,33.33333333333333,0.08333333333333333,0.25,0.0,0.0,1.64,1.6019417475728155,1.3106796116504855,0.2912621359223301,0.29,0.20388349514563106,0.0,0.0,0.9611650485436893,1.1941747572815533,0.0,0.08737864077669903,0.8155339805825242,0.9029126213592233,0.0
ENG-Premier League,2025-2026,Jeremie Frimpong,Liverpool,"DF,MF",DF,24.0,1040.0,-0.907809182350709,0.8694961354658162,-0.23469723392221065,-0.907809182350709,0.8694961354658162,-0.23469723392221065,23,0,8,0,5,0,10,0,0.0,0.8653846153846154,0.17307692307692307,20.0,0.0,0.0,0.0,0.0,1.48,1.7307692307692308,1.125,0.6057692307692307,0.49,0.08653846153846154,0.0,0.0,0.6923076923076923,1.8173076923076923,0.34615384615384615,4.413461538461538,0.5192307692307693,0.7788461538461539,0.0
ENG-Premier League,2025-2026,Joe Gomez,Liverpool,DF,DF,28.0,607.0,-0.9477551279418822,0.7196588751772228,1.3683970336911095,-0.9477551279418822,0.7196588751772228,1.3683970336911095,23,0,8,0,5,0,10,0,0.0,0.7413509060955519,0.14827018121911037,20.0,0.0,0.0,0.0,0.0,1.62,2.5205930807248764,2.0757825370675453,0.44481054365733114,0.21999999999999997,0.5930807248764415,0.0,0.0,2.0757825370675453,0.0,0.0,2.372322899505766,1.186161449752883,1.0378912685337727,0.0
ENG-Premier League,2025-2026,Milos Kerkez,Liverpool,DF,DF,21.0,2257.0,0.16250422458913408,0.2981040348496498,-0.016949991630617195,0.16250422458913408,0.2981040348496498,-0.016949991630617195,23,0,8,0,5,0,10,0,0.07975188303057155,0.358883473637572,0.07975188303057155,22.22222222222222,0.2222222222222222,1.0,0.0,0.0,1.47,1.634913602126717,1.435533894550288,0.1993797075764289,-0.19,0.1595037660611431,0.0,0.0,0.8772707133362871,1.1962782454585734,0.1595037660611431,3.1501993797075762,0.5981391227292867,1.0367744793974303,0.0
ENG-Premier League,2025-2026,Mohamed Salah,Liverpool,MF,MF,33.0,2146.0,1.2473787664573712,0.4312895516958247,-1.2509546641839353,1.2473787664573712,0.4312895516958247,-1.2509546641839353,23,0,8,0,5,0,10,0,0.293569431500466,2.8518173345759554,0.7968313140726934,27.941176470588236,0.10294117647058823,0.3684210526315789,0.04193849021435228,0.04193849021435228,1.67,1.6775396085740912,1.46784715750233,0.2096924510717614,-0.14,0.04193849021435228,0.0,0.0,0.4193849021435228,0.6710158434296365,0.587138863000932,4.906803355079217,0.12581547064305684,0.5032618825722274,0.0
ENG-Premier League,2025-2026,Rio Ngumoha,Liverpool,MF,MF,16.0,560.0,1.0282619951242107,0.9573823809425466,-0.6619262867391577,1.0282619951242107,0.9573823809425466,-0.6619262867391577,23,0,8,0,5,0,10,0,0.32142857142857145,2.5714285714285716,0.9642857142857143,37.5,0.125,0.3333333333333333,0.0,0.0,1.21,2.5714285714285716,1.7678571428571428,0.8035714285714286,0.65,0.0,0.0,0.0,0.6428571428571429,1.9285714285714286,0.0,3.5357142857142856,0.48214285714285715,0.32142857142857145,0.0
ENG-Premier League,2025-2026,Ryan Gravenberch,Liverpool,MF,MF,23.0,2992.0,0.16035187263167391,0.40860255610272334,0.42284860161227056,0.16035187263167391,0.40860255610272334,0.42284860161227056,23,0,8,0,5,0,10,0,0.15040106951871657,1.143048128342246,0.3910427807486631,34.21052631578947,0.13157894736842105,0.38461538461538464,0.0,0.0,1.5800000000000003,1.5040106951871657,1.2633689839572193,0.24064171122994651,-0.18,0.15040106951871657,0.0,0.0,1.143048128342246,1.2633689839572193,0.0,0.24064171122994651,1.3235294117647058,1.052807486631016,0.0
ENG-Premier League,2025-2026,Virgil van Dijk,Liverpool,DF,DF,34.0,3420.0,0.3865754774385203,0.46013941679049336,-1.0222876253960596,0.3865754774385203,0.46013941679049336,-1.0222876253960596,22,1,8,0,4,1,10,0,0.15789473684210525,0.7894736842105263,0.3684210526315789,46.666666666666664,0.2,0.42857142857142855,0.0,0.0,1.58,1.6578947368421053,1.394736842105263,0.2631578947368421,,0.10526315789473684,0.0,0.0,0.5,0.47368421052631576,0.02631578947368421,0.02631578947368421,0.6842105263157895,0.39473684210526316,0.0
ENG-Premier League,2025-2026,Abdukodir Khusanov,Manchester City,DF,DF,21.0,1432.0,-1.113167043737219,1.1129921687235798,0.34935343657911944,-1.113167043737219,1.1129921687235798,0.34935343657911944,23,0,8,0,5,0,10,0,0.0,0.4399441340782123,0.06284916201117319,14.285714285714285,0.0,0.0,0.0,0.0,1.95,1.5712290502793296,0.8170391061452514,0.7541899441340782,-0.6,0.12569832402234637,0.0,0.0,0.8798882681564246,0.3770949720670391,0.0,0.18854748603351956,1.8226256983240223,1.2569832402234637,0.0
ENG-Premier League,2025-2026,Bernardo Silva,Manchester City,MF,MF,30.0,2872.0,-0.4217385302827615,1.7764085390596462,0.13734134883055243,-0.4217385302827615,1.7764085390596462,0.13734134883055243,23,0,8,0,5,0,10,0,0.06267409470752089,0.9401114206128134,0.2193593314763231,23.333333333333332,0.06666666666666667,0.2857142857142857,0.0,0.0,2.05,2.09958217270195,0.9401114206128134,1.1594707520891365,0.34,0.31337047353760444,0.0,0.0,1.128133704735376,0.6894150417827298,0.15668523676880222,2.256267409470752,0.6580779944289693,0.8774373259052924,0.0
ENG-Premier League,2025-2026,Erling Haaland,Manchester City,FW,FW,25.0,2953.0,3.945486378871477,1.7158710190674635,-1.3438796892844644,3.945486378871477,1.7158710190674635,-1.3438796892844644,23,0,8,0,5,0,10,0,0.8228919742634608,3.8401625465628175,1.7981713511683035,46.82539682539682,0.21428571428571427,0.4576271186440678,0.091432441584829,0.12190992211310532,2.06,2.1029461564510665,0.9752793769048426,1.127666779546224,0.16,0.06095496105655266,0.0,0.0,0.731459532678632,0.7619370132069082,0.15238740264138165,0.091432441584829,0.12190992211310532,0.2133423636979343,0.0
ENG-Premier League,2025-2026,Gianluigi Donnarumma,Manchester City,GK,GK,26.0,3060.0,-0.7450639783823682,2.1062389734152593,-1.7337096018166407,-0.7450639783823682,2.1062389734152593,-1.7337096018166407,20,3,5,3,5,0,10,0,0.0,0.0,0.0,,,,0.0,0.0,2.21,2.088235294117647,0.8529411764705882,1.2352941176470589,1.24,0.23529411764705882,0.0,0.0,0.0,0.11764705882352941,0.0,0.0,0.029411764705882353,0.0,0.0
ENG-Premier League,2025-2026,Jeremy Doku,Manchester City,"MF,FW",MF,23.0,1784.0,0.6965925941111968,1.7845840388293757,0.2892077004587245,0.6965925941111968,1.7845840388293757,0.2892077004587245,23,0,8,0,5,0,10,0,0.2522421524663677,1.9674887892376682,0.7567264573991032,38.46153846153847,0.1282051282051282,0.3333333333333333,0.0,0.0,1.87,2.1692825112107625,0.9080717488789237,1.2612107623318385,0.33,0.0,0.0,0.0,1.1603139013452914,3.077354260089686,0.15134529147982062,3.1278026905829597,0.6053811659192825,0.8071748878923767,0.0
ENG-Premier League,2025-2026,John Stones,Manchester City,DF,DF,31.0,439.0,-0.7450639783823682,-0.9245554713621311,-1.747001366007514,-0.7450639783823682,-0.9245554713621311,-1.747001366007514,20,3,5,3,5,0,10,0,0.0,0.0,0.0,,,,0.0,0.0,1.44,1.4350797266514805,2.050113895216401,-0.6150341685649203,-1.9700000000000002,0.0,0.0,0.0,0.0,0.0,0.0,0.8200455580865603,0.6150341685649203,0.20501138952164008,0.0
ENG-Premier League,2025-2026,Joško Gvardiol,Manchester City,DF,DF,23.0,1372.0,0.07559807436511884,2.3767456786848093,-0.20401871734222063,0.07559807436511884,2.3767456786848093,-0.20401871734222063,23,0,8,0,5,0,10,0,0.13119533527696792,1.1151603498542273,0.3935860058309038,35.294117647058826,0.11764705882352941,0.3333333333333333,0.0,0.0,2.17,2.427113702623907,0.8527696793002916,1.5743440233236152,0.78,0.13119533527696792,0.0,0.0,1.0495626822157433,0.45918367346938777,0.0,0.13119533527696792,1.0495626822157433,0.8527696793002916,0.0
ENG-Premier League,2025-2026,Matheus Nunes,Manchester City,DF,DF,26.0,2862.0,-0.3590747165545177,2.07911912755581,0.008738416349031043,-0.3590747165545177,2.07911912755581,0.008738416349031043,23,0,8,0,5,0,10,0,0.031446540880503145,0.22012578616352202,0.06289308176100629,28.57142857142857,0.14285714285714285,0.5,0.0,0.0,2.21,2.138364779874214,0.8805031446540881,1.2578616352201257,0.94,0.15723270440251572,0.0,0.0,0.5345911949685535,0.9433962264150944,0.12578616352201258,2.106918238993711,0.9119496855345912,1.2893081761006289,0.0
ENG-Premier League,2025-2026,Nathan Aké,Manchester City,DF,DF,30.0,695.0,-0.9780447265199658,0.37990834488852043,-0.6294959247110135,-0.9780447265199658,0.37990834488852043,-0.6294959247110135,23,0,8,0,5,0,10,0,0.0,0.9064748201438849,0.12949640287769784,14.285714285714285,0.0,0.0,0.0,0.0,2.06,1.2949640287769784,1.1654676258992807,0.12949640287769784,-1.22,0.12949640287769784,0.0,0.0,0.38848920863309355,1.0359712230215827,0.12949640287769784,0.5179856115107914,0.6474820143884892,0.7769784172661871,0.0
ENG-Premier League,2025-2026,Nico O'Reilly,Manchester City,"DF,MF",DF,20.0,2646.0,0.280917074358961,2.0813933126004747,0.24201870645340232,0.280917074358961,2.0813933126004747,0.24201870645340232,23,0,8,0,5,0,10,0,0.17006802721088435,1.3945578231292517,0.5102040816326531,36.58536585365854,0.12195121951219512,0.3333333333333333,0.0,0.0,2.18,2.142857142857143,0.8503401360544217,1.2925170068027212,0.83,0.17006802721088435,0.0,0.0,1.530612244897959,0.6122448979591837,0.034013605442176874,1.2925170068027212,0.6802721088435374,1.2244897959183674,0.0
ENG-Premier League,2025-2026,Nicolás González,Manchester City,MF,MF,23.0,1569.0,-0.46954564796017056,1.9198708164315998,1.459515531722314,-0.46954564796017056,1.9198708164315998,1.459515531722314,23,0,8,0,5,0,10,0,0.05736137667304015,0.8030592734225621,0.1147227533460803,14.285714285714285,0.07142857142857142,0.5,0.0,0.0,2.12,2.237093690248566,0.9751434034416826,1.2619502868068833,0.29,0.3441682600382409,0.0,0.0,1.7208413001912046,1.0325047801147227,0.0,0.17208413001912046,1.3766730401529637,1.7208413001912046,0.0
ENG-Premier League,2025-2026,Omar Marmoush,Manchester City,"FW,MF",FW,26.0,700.0,1.3740451017262256,1.8979621634268173,0.7172063880063674,1.3740451017262256,1.8979621634268173,0.7172063880063674,23,0,8,0,5,0,10,0,0.38571428571428573,3.857142857142857,1.1571428571428573,30.0,0.1,0.3333333333333333,0.0,0.0,2.05,1.9285714285714286,0.6428571428571429,1.2857142857142858,0.23,0.38571428571428573,0.0,0.0,1.2857142857142858,2.7,0.7714285714285715,1.542857142857143,0.2571428571428571,1.0285714285714285,0.0
ENG-Premier League,2025-2026,Phil Foden,Manchester City,MF,MF,25.0,2086.0,0.8729475557036478,2.1883767583653655,-0.19924685427563413,0.8729475557036478,2.1883767583653655,-0.19924685427563413,23,0,8,0,5,0,10,0,0.30201342281879195,2.3729626078619366,0.8197507190795782,34.54545454545455,0.12727272727272726,0.3684210526315789,0.0,0.0,2.0,2.286673058485139,0.8197507190795782,1.4669223394055608,0.93,0.1725790987535954,0.0,0.0,0.7766059443911792,1.3374880153403643,0.12943432406519656,5.134228187919463,0.4314477468839885,0.6903163950143816,0.0
ENG-Premier League,2025-2026,Rayan Aït-Nouri,Manchester City,DF,DF,24.0,974.0,-0.8889237416715146,1.848301979659149,1.1658912666678738,-0.8889237416715146,1.848301979659149,1.1658912666678738,23,0,8,0,5,0,10,0,0.0,0.9240246406570842,0.18480492813141683,20.0,0.0,0.0,0.0,0.0,1.94,2.1252566735112937,0.8316221765913757,1.2936344969199178,0.26,0.18480492813141683,0.0,0.0,1.570841889117043,0.9240246406570842,0.0,2.0328542094455853,1.2012320328542094,1.9404517453798769,0.0
ENG-Premier League,2025-2026,Rayan Cherki,Manchester City,MF,MF,21.0,1786.0,0.4466773655724826,1.594837264479611,-0.25736866015078785,0.4466773655724826,1.594837264479611,-0.25736866015078785,23,0,8,0,5,0,10,0,0.20156774916013437,2.7715565509518476,0.6550951847704367,23.636363636363637,0.07272727272727272,0.3076923076923077,0.0,0.0,2.06,2.015677491601344,0.9574468085106383,1.0582306830907056,-0.10000000000000002,0.05039193729003359,0.0,0.0,0.9070548712206047,1.7133258678611423,0.05039193729003359,4.031354983202688,0.3527435610302352,0.8062709966405375,0.0
ENG-Premier League,2025-2026,Rico Lewis,Manchester City,DF,DF,20.0,407.0,-1.0760001216376405,0.04295697657164924,1.2427216022201837,-1.0760001216376405,0.04295697657164924,1.2427216022201837,22,1,7,1,5,0,10,0,0.0,0.6633906633906634,0.0,0.0,0.0,,0.0,0.0,1.73,1.547911547911548,1.547911547911548,0.0,-1.25,0.44226044226044225,0.0,0.0,1.1056511056511056,1.99017199017199,0.0,0.44226044226044225,1.547911547911548,0.8845208845208845,0.0
ENG-Premier League,2025-2026,Rodri,Manchester City,MF,MF,29.0,1511.0,-0.47256219721687465,1.0569718340789949,0.45361983024907704,-0.47256219721687465,1.0569718340789949,0.45361983024907704,23,0,8,0,5,0,10,0,0.05956320317670417,0.9530112508272667,0.1786896095301125,18.75,0.0625,0.3333333333333333,0.0,0.0,1.8099999999999998,1.6677696889477167,0.8934480476505625,0.7743216412971542,-0.59,0.1786896095301125,0.0,0.0,0.8338848444738584,1.8464592984778292,0.0,0.29781601588352086,0.71475843812045,1.4890800794176042,0.0
ENG-Premier League,2025-2026,Rúben Dias,Manchester City,DF,DF,28.0,2141.0,0.062332005127731294,2.0719857364184886,-0.8575907880436798,0.062332005127731294,2.0719857364184886,-0.8575907880436798,23,0,8,0,5,0,10,0,0.08407286314806166,0.42036431574030825,0.16814572629612332,40.0,0.2,0.5,0.0,0.0,2.12,2.2699673049976647,0.9248014946286782,1.3451658103689865,0.64,0.12610929472209248,0.0,0.0,0.6305464736104625,0.37832788416627744,0.0,0.37832788416627744,0.966837926202709,0.25221858944418496,0.0
ENG-Premier League,2025-2026,Sávio,Manchester City,MF,MF,21.0,833.0,0.6007537803266828,1.475522803646606,-0.06378962908292059,0.6007537803266828,1.475522803646606,-0.06378962908292059,23,0,8,0,5,0,10,0,0.10804321728691477,2.1608643457382954,1.1884753901560625,55.00000000000001,0.05,0.09090909090909091,0.0,0.0,2.29,1.6206482593037215,0.7563025210084033,0.8643457382953181,-0.32,0.21608643457382953,0.0,0.0,0.9723889555822329,1.6206482593037215,0.43217286914765907,4.321728691476591,0.5402160864345739,0.5402160864345739,0.0
ENG-Premier League,2025-2026,Tijjani Reijnders,Manchester City,MF,MF,27.0,1631.0,0.830004561569019,1.193769938189031,-0.7006415570966277,0.830004561569019,1.193769938189031,-0.7006415570966277,23,0,8,0,5,0,10,0,0.27590435315757206,2.703862660944206,0.8828939301042306,32.6530612244898,0.10204081632653061,0.3125,0.0,0.0,1.93,1.7657878602084611,0.9380748007357449,0.8277130594727161,-0.53,0.11036174126302882,0.0,0.0,1.0484365419987738,0.8277130594727161,0.22072348252605764,2.3727774371551194,0.6069895769466584,0.22072348252605764,0.0
ENG-Premier League,2025-2026,Altay Bayındır,Manchester Utd,GK,GK,27.0,540.0,-0.7450639783823682,-1.0330439041997708,-2.08700122309779,-0.7450639783823682,-1.0330439041997708,-2.08700122309779,20,3,5,3,5,0,10,0,0.0,0.0,0.0,,,,0.0,0.0,1.17,1.1666666666666667,1.8333333333333333,-0.6666666666666666,-1.39,0.0,0.0,0.0,0.0,0.5,0.0,0.0,0.0,0.0,0.0
ENG-Premier League,2025-2026,Amad Diallo,Manchester Utd,MF,MF,23.0,2341.0,0.2149018791962938,1.3589442225255777,-0.31113118574935256,0.2149018791962938,1.3589442225255777,-0.31113118574935256,23,0,8,0,5,0,10,0,0.07689021785561725,2.037590773173857,0.8842375053395984,43.39622641509434,0.03773584905660377,0.08695652173913043,0.0,0.0,2.03,1.9991456642460488,1.2686885946176847,0.730457069628364,0.73,0.07689021785561725,0.0,0.0,0.922682614267407,1.460914139256728,0.4613413071337035,1.7684750106791969,0.5766766339171294,0.8842375053395984,0.0
ENG-Premier League,2025-2026,Ayden Heaven,Manchester Utd,DF,DF,18.0,924.0,-1.1534176710791055,0.9438962497430277,-0.6430272288229326,-1.1534176710791055,0.9438962497430277,-0.6430272288229326,22,1,7,1,5,0,10,0,0.0,0.2922077922077922,0.0,0.0,0.0,,0.0,0.0,2.0,1.948051948051948,1.4610389610389611,0.487012987012987,-0.02,0.19480519480519481,0.0,0.0,0.6818181818181818,0.8766233766233766,0.0,0.09740259740259741,0.09740259740259741,1.2662337662337662,0.09740259740259741
ENG-Premier League,2025-2026,Benjamin Šeško,Manchester Utd,FW,FW,22.0,1643.0,2.4180175604262866,0.6810599477127639,-1.3476724082163163,2.4180175604262866,0.6810599477127639,-1.3476724082163163,23,0,8,0,5,0,10,0,0.6025562994522216,3.341448569689592,1.862446743761412,55.73770491803278,0.18032786885245902,0.3235294117647059,0.0,0.0,1.8,2.0267802799756542,1.6433353621424225,0.38344491783323187,-0.22,0.10955569080949483,0.0,0.0,0.931223371880706,0.3286670724284845,0.38344491783323187,0.10955569080949483,0.16433353621424224,0.16433353621424224,0.0
ENG-Premier League,2025-2026,Bruno Fernandes,Manchester Utd,MF,MF,30.0,3063.0,2.1208869119112705,1.1411111807610306,-0.06369079613822047,2.1208869119112705,1.1411111807610306,-0.06369079613822047,23,0,8,0,5,0,10,0,0.2644466209598433,2.497551420176298,0.7051909892262488,28.235294117647058,0.10588235294117647,0.375,0.11753183153770813,0.1762977473065622,1.89,1.9392752203721841,1.3516160626836435,0.5876591576885406,0.84,0.14691478942213515,0.0,0.0,0.7051909892262488,1.0284035259549462,0.11753183153770813,5.3183153770812925,0.6170421155729677,1.0284035259549462,0.0
ENG-Premier League,2025-2026,Bryan Mbeumo,Manchester Utd,"MF,FW",MF,25.0,2609.0,1.3093690462850922,1.3563902971477295,-0.7754007029982432,1.3093690462850922,1.3563902971477295,-0.7754007029982432,23,0,8,0,5,0,10,0,0.3794557301648141,2.5182062092755846,1.1038712150249137,43.83561643835616,0.1506849315068493,0.34375,0.0,0.0,1.9699999999999998,1.9662706017631277,1.241855116903028,0.7244154848600997,0.9499999999999998,0.1379839018781142,0.0,0.0,0.7934074357991567,0.9658873131467995,0.24147182828669989,3.6220774243004983,0.24147182828669989,0.3794557301648141,0.0
ENG-Premier League,2025-2026,Casemiro,Manchester Utd,MF,MF,33.0,2571.0,0.8518593199359795,1.5569490491828395,2.07721208600577,0.8518593199359795,1.5569490491828395,2.07721208600577,23,0,8,0,5,0,10,0,0.31505250875145857,1.8203033838973162,0.6301050175029171,34.61538461538461,0.17307692307692307,0.5,0.0,0.0,1.97,1.9253208868144691,1.0851808634772462,0.8401400233372228,1.37,0.38506417736289383,0.03500583430571762,0.03500583430571762,1.6102683780630105,1.2602100350058343,0.1750291715285881,0.6651108518086347,1.0501750291715286,1.575262543757293,0.0
ENG-Premier League,2025-2026,Diogo Dalot,Manchester Utd,"DF,MF",DF,26.0,2614.0,-0.6056837626317604,1.1136100783790313,-0.12630201539840097,-0.6056837626317604,1.1136100783790313,-0.12630201539840097,23,0,8,0,5,0,10,0,0.03442999234889059,0.8263198163733741,0.20657995409334354,25.0,0.041666666666666664,0.16666666666666666,0.0,0.0,1.88,1.9969395562356542,1.3771996939556235,0.6197398622800306,0.51,0.17214996174445293,0.0,0.0,0.8607498087222647,0.4820198928844682,0.13771996939556236,1.9625095638867636,0.8951798010711554,1.0328997704667178,0.0
ENG-Premier League,2025-2026,Harry Maguire,Manchester Utd,DF,DF,32.0,1653.0,-0.4320137858172263,1.5959763355455507,0.15932801166077198,-0.4320137858172263,1.5959763355455507,0.15932801166077198,23,0,8,0,5,0,10,0,0.0544464609800363,0.7622504537205081,0.2177858439201452,28.57142857142857,0.07142857142857142,0.25,0.0,0.0,2.04,1.9600725952813067,1.0344827586206897,0.925589836660617,0.8199999999999998,0.16333938294010888,0.0544464609800363,0.0,0.8711433756805808,0.8711433756805808,0.0,0.2177858439201452,0.6533575317604355,0.925589836660617,0.0
ENG-Premier League,2025-2026,Joshua Zirkzee,Manchester Utd,"FW,MF",FW,24.0,626.0,1.19543072219811,0.3771039268972858,0.0746253615601255,1.19543072219811,0.3771039268972858,0.0746253615601255,23,0,8,0,5,0,10,0,0.28753993610223644,3.594249201277955,1.293929712460064,36.0,0.08,0.2222222222222222,0.0,0.0,1.79,1.293929712460064,1.1501597444089458,0.14376996805111822,-0.44,0.43130990415335463,0.0,0.0,1.1501597444089458,0.8626198083067093,0.14376996805111822,0.7188498402555911,0.14376996805111822,0.8626198083067093,0.0
ENG-Premier League,2025-2026,Kobbie Mainoo,Manchester Utd,MF,MF,20.0,1662.0,-0.4675419306231332,1.6074495131175128,-0.0641212204449244,-0.4675419306231332,1.6074495131175128,-0.0641212204449244,23,0,8,0,5,0,10,0,0.05415162454873646,0.703971119133574,0.1624548736462094,23.076923076923077,0.07692307692307693,0.3333333333333333,0.0,0.0,2.21,2.0577617328519855,1.1913357400722022,0.8664259927797834,0.71,0.10830324909747292,0.0,0.0,0.6498194945848376,1.1913357400722022,0.05415162454873646,0.703971119133574,1.0288808664259927,1.0830324909747293,0.0
ENG-Premier League,2025-2026,Leny Yoro,Manchester Utd,DF,DF,19.0,1740.0,-0.8751905475013252,-0.29787314961674044,-0.11781870264870704,-0.8751905475013252,-0.29787314961674044,-0.11781870264870704,23,0,8,0,5,0,10,0,0.0,0.46551724137931033,0.15517241379310345,33.33333333333333,0.0,0.0,0.0,0.0,1.7199999999999998,1.4482758620689655,1.706896551724138,-0.25862068965517243,-1.54,0.05172413793103448,0.0,0.0,0.8793103448275862,0.25862068965517243,0.10344827586206896,0.15517241379310345,1.603448275862069,1.0344827586206897,0.0
ENG-Premier League,2025-2026,Lisandro Martínez,Manchester Utd,DF,DF,27.0,1233.0,-1.138243024496551,1.21620175171067,-0.5068460243268951,-1.138243024496551,1.21620175171067,-0.5068460243268951,22,1,7,1,5,0,10,0,0.0,0.36496350364963503,0.0,0.0,0.0,,0.0,0.0,1.89,1.8248175182481752,1.094890510948905,0.7299270072992701,0.36,0.0,0.072992700729927,0.0,0.656934306569343,0.145985401459854,0.0,0.145985401459854,0.8759124087591241,0.8029197080291971,0.072992700729927
ENG-Premier League,2025-2026,Luke Shaw,Manchester Utd,DF,DF,30.0,3219.0,-0.5212345509510079,1.2401634069646663,0.6144171407487238,-0.5212345509510079,1.2401634069646663,0.6144171407487238,23,0,8,0,5,0,10,0,0.027958993476234855,0.27958993476234856,0.08387698042870456,30.0,0.1,0.3333333333333333,0.0,0.0,1.87,1.8452935694315005,1.2581547064305685,0.587138863000932,1.48,0.2516309412861137,0.0,0.0,1.342031686859273,0.5591798695246971,0.0,1.5097856477166822,1.2022367194780987,1.2581547064305685,0.0
ENG-Premier League,2025-2026,Manuel Ugarte,Manchester Utd,MF,MF,24.0,887.0,-0.9702950669312655,-1.4507064581757323,2.6774832867407823,-0.9702950669312655,-1.4507064581757323,2.6774832867407823,23,0,8,0,5,0,10,0,0.0,1.3190529875986472,0.10146561443066517,7.6923076923076925,0.0,0.0,0.0,0.0,1.55,1.217587373167982,2.333709131905299,-1.116121758737317,-2.18,0.10146561443066517,0.0,0.0,2.435174746335964,1.5219842164599775,0.0,0.10146561443066517,2.0293122886133035,3.043968432919955,0.0
ENG-Premier League,2025-2026,Mason Mount,Manchester Utd,MF,MF,26.0,1017.0,0.5851905322013463,0.6920407295699661,0.4462759265272937,0.5851905322013463,0.6920407295699661,0.4462759265272937,23,0,8,0,5,0,10,0,0.26548672566371684,1.6814159292035398,0.4424778761061947,26.31578947368421,0.15789473684210525,0.6,0.0,0.0,1.87,1.6814159292035398,1.3274336283185841,0.35398230088495575,-0.21,0.17699115044247787,0.0,0.0,1.5044247787610618,1.0619469026548674,0.0,1.9469026548672566,0.7964601769911505,1.1504424778761062,0.0
ENG-Premier League,2025-2026,Matheus Cunha,Manchester Utd,"MF,FW",MF,26.0,2494.0,1.3520908224925434,0.8418711037939374,0.17798192502648874,1.3520908224925434,0.8418711037939374,0.17798192502648874,23,0,8,0,5,0,10,0,0.3608660785886127,3.247794707297514,1.2630312750601445,38.88888888888889,0.1111111111111111,0.2857142857142857,0.0,0.0,1.8799999999999997,1.7321571772253408,1.2630312750601445,0.46912590216519645,-0.10999999999999999,0.14434643143544507,0.0,0.0,1.0104250200481155,1.9486768243785084,0.07217321571772253,1.768243785084202,0.7578187650360866,0.8299919807538091,0.0
ENG-Premier League,2025-2026,Matthijs de Ligt,Manchester Utd,DF,DF,25.0,1170.0,-0.2926533432514003,0.1703717878344391,-0.7937465856749853,-0.2926533432514003,0.1703717878344391,-0.7937465856749853,23,0,8,0,5,0,10,0,0.07692307692307693,0.8461538461538461,0.23076923076923078,27.27272727272727,0.09090909090909091,0.3333333333333333,0.0,0.0,1.62,1.6153846153846154,1.5384615384615385,0.07692307692307693,-0.64,0.0,0.0,0.0,0.46153846153846156,0.38461538461538464,0.0,0.3076923076923077,0.8461538461538461,1.0,0.0
ENG-Premier League,2025-2026,Noussair Mazraoui,Manchester Utd,"DF,MF",DF,27.0,985.0,-1.1190776909996047,1.3967525705294297,0.7163560536642569,-1.1190776909996047,1.3967525705294297,0.7163560536642569,22,1,7,1,5,0,10,0,0.0,0.45685279187817257,0.0,0.0,0.0,,0.0,0.0,2.0,1.736040609137056,0.9137055837563451,0.8223350253807107,0.45,0.27411167512690354,0.0,0.0,1.0964467005076142,1.2791878172588833,0.0,1.1878172588832487,1.0050761421319796,1.3705583756345177,0.0
ENG-Premier League,2025-2026,Patrick Dorgu,Manchester Utd,MF,MF,20.0,1449.0,0.7060619897035186,0.2848129873084578,1.8067601336446966,0.7060619897035186,0.2848129873084578,1.8067601336446966,23,0,8,0,5,0,10,0,0.2484472049689441,1.5527950310559007,0.6832298136645962,44.0,0.16,0.36363636363636365,0.0,0.0,1.73,1.3664596273291925,1.2422360248447204,0.12422360248447205,-0.65,0.3105590062111801,0.0,0.0,1.4285714285714286,2.919254658385093,0.43478260869565216,3.540372670807453,0.9937888198757764,1.8633540372670807,0.0
ENG-Premier League,2025-2026,Senne Lammens,Manchester Utd,GK,GK,23.0,2880.0,-0.7450639783823682,1.443217499413442,-2.1901211014873665,-0.7450639783823682,1.443217499413442,-2.1901211014873665,20,3,5,3,5,0,10,0,0.0,0.0,0.0,,,,0.0,0.0,2.0,1.9375,1.21875,0.71875,1.39,0.0,0.0,0.0,0.0,0.125,0.0,0.0,0.0,0.03125,0.0
ENG-Premier League,2025-2026,Aaron Ramsdale,Newcastle,GK,GK,27.0,1004.0,-0.7450639783823682,-0.16599467887889066,-1.8689538728419561,-0.7450639783823682,-0.16599467887889066,-1.8689538728419561,20,3,5,3,5,0,10,0,0.0,0.0,0.0,,,,0.0,0.0,1.17,1.4342629482071714,1.5239043824701195,-0.08964143426294821,-0.05,0.17928286852589642,0.0,0.0,0.0,0.08964143426294821,0.0,0.0,0.0,0.0,0.0
ENG-Premier League,2025-2026,Anthony Elanga,Newcastle,"FW,MF",FW,23.0,1319.0,-0.7563048203270365,-0.8216996326552041,-0.5967441035011121,-0.7563048203270365,-0.8216996326552041,-0.5967441035011121,23,0,8,0,5,0,10,0,0.0,1.159969673995451,0.27293404094010615,23.52941176470588,0.0,0.0,0.0,0.0,1.13,1.3646702047005308,1.910538286580743,-0.5458680818802123,-0.8,0.0,0.0,0.0,0.5458680818802123,1.7058377558756634,0.13646702047005307,5.663381349507202,0.2047005307050796,0.7505686125852918,0.0
ENG-Premier League,2025-2026,Anthony Gordon,Newcastle,FW,FW,24.0,1795.0,2.5083249916103734,-0.2525822523121831,0.01603455428596765,2.5083249916103734,-0.2525822523121831,0.01603455428596765,23,0,8,0,5,0,10,0,0.3008356545961003,2.4066852367688023,1.0027855153203342,41.66666666666667,0.125,0.3,0.15041782729805014,0.15041782729805014,1.31,1.2033426183844012,1.4038997214484679,-0.20055710306406685,-0.31,0.15041782729805014,0.05013927576601671,0.0,0.6518105849582173,2.0055710306406684,0.25069637883008355,3.4596100278551534,0.15041782729805014,0.6518105849582173,0.0
ENG-Premier League,2025-2026,Bruno Guimarães,Newcastle,MF,MF,27.0,2453.0,1.8949579909695211,0.5713764126617297,1.2968744481882577,1.8949579909695211,0.5713764126617297,1.2968744481882577,23,0,8,0,5,0,10,0,0.330207908683245,1.54097024052181,0.8438646555238484,54.761904761904766,0.21428571428571427,0.391304347826087,0.07337953526294333,0.07337953526294333,1.45,1.5776600081532817,1.32083163473298,0.2568283734203017,1.09,0.22013860578883002,0.0,0.0,1.651039543416225,2.751732572360375,0.07337953526294333,3.0085609457806766,0.5870362821035466,1.5042804728903383,0.0
ENG-Premier League,2025-2026,Dan Burn,Newcastle,DF,DF,33.0,2199.0,-0.45253028429679304,-0.13912074401877494,1.5975474956754268,-0.45253028429679304,-0.13912074401877494,1.5975474956754268,23,0,8,0,5,0,10,0,0.040927694406548434,0.4092769440654843,0.12278308321964529,30.0,0.1,0.3333333333333333,0.0,0.0,1.21,1.30968622100955,1.3915416098226467,-0.08185538881309687,-0.08,0.45020463847203274,0.040927694406548434,0.040927694406548434,1.4733969986357436,0.5320600272851296,0.12278308321964529,0.572987721691678,0.8185538881309686,1.0641200545702592,0.0
ENG-Premier League,2025-2026,Fabian Schär,Newcastle,DF,DF,33.0,1091.0,-0.6733789694309428,0.6206404923557002,-0.09592806259272757,-0.6733789694309428,0.6206404923557002,-0.09592806259272757,23,0,8,0,5,0,10,0,0.0,1.4023831347387719,0.32997250229147573,23.52941176470588,0.0,0.0,0.0,0.0,1.75,1.319890009165903,1.072410632447296,0.24747937671860679,0.44,0.08249312557286893,0.0,0.0,1.237396883593034,0.5774518790100825,0.08249312557286893,0.32997250229147573,1.319890009165903,0.7424381301558204,0.0
ENG-Premier League,2025-2026,Harvey Barnes,Newcastle,"FW,MF",FW,27.0,1966.0,1.0203523661697782,0.27753512452504187,-1.0740177038369398,1.0203523661697782,0.27753512452504187,-1.0740177038369398,23,0,8,0,5,0,10,0,0.32044760935910477,2.655137334689725,0.9613428280773143,36.206896551724135,0.1206896551724138,0.3333333333333333,0.0,0.0,1.24,1.602238046795524,1.4191251271617498,0.18311291963377416,0.55,0.04577822990844354,0.0,0.0,0.7782299084435402,1.0528992878942014,0.1373346897253306,3.387589013224822,0.1373346897253306,0.2288911495422177,0.0
ENG-Premier League,2025-2026,Jacob Murphy,Newcastle,"FW,MF",FW,30.0,1617.0,0.36496445005616096,0.4151380918202564,-0.6715835404181631,0.36496445005616096,0.4151380918202564,-0.6715835404181631,23,0,8,0,5,0,10,0,0.16697588126159554,2.3376623376623376,0.7235621521335807,30.952380952380953,0.07142857142857142,0.23076923076923078,0.0,0.0,1.27,1.3358070500927643,1.0575139146567718,0.2782931354359926,0.63,0.11131725417439703,0.0,0.0,0.5009276437847866,0.7235621521335807,0.2782931354359926,6.957328385899815,0.3339517625231911,0.6679035250463822,0.0
ENG-Premier League,2025-2026,Jacob Ramsey,Newcastle,MF,MF,24.0,1450.0,-0.0278733099381748,-0.4735091593247842,1.6782983283735216,-0.0278733099381748,-0.4735091593247842,1.6782983283735216,23,0,8,0,5,0,10,0,0.12413793103448276,0.993103448275862,0.2482758620689655,25.0,0.125,0.5,0.0,0.0,1.18,1.4896551724137932,1.8,-0.3103448275862069,-0.45,0.3103448275862069,0.06206896551724138,0.06206896551724138,0.993103448275862,0.8689655172413793,0.12413793103448276,0.496551724137931,0.5586206896551724,1.303448275862069,0.0
ENG-Premier League,2025-2026,Joe Willock,Newcastle,MF,MF,25.0,983.0,-0.4054327156177327,-0.4964826537880633,0.5889567405378189,-0.4054327156177327,-0.4964826537880633,0.5889567405378189,23,0,8,0,5,0,10,0,0.0,1.5564598168870805,0.5493387589013224,35.294117647058826,0.0,0.0,0.0,0.0,1.46,1.190233977619532,1.6480162767039674,-0.4577822990844354,-0.57,0.2746693794506612,0.0,0.0,1.4649033570701933,1.007121057985758,0.18311291963377416,1.4649033570701933,0.6408952187182095,1.3733468972533063,0.0
ENG-Premier League,2025-2026,Joelinton,Newcastle,MF,MF,28.0,1951.0,-0.06648475778398438,0.6235117984823442,1.5111547900704965,-0.06648475778398438,0.6235117984823442,1.5111547900704965,23,0,8,0,5,0,10,0,0.09226037929267042,1.4761660686827267,0.5074320861096874,34.375,0.0625,0.18181818181818182,0.0,0.0,1.48,1.5684264479753973,1.2455151204510508,0.3229113275243465,0.87,0.4613018964633521,0.0,0.0,2.1219887237314197,1.2455151204510508,0.04613018964633521,0.5074320861096874,1.291645310097386,1.0609943618657098,0.0
ENG-Premier League,2025-2026,Kieran Trippier,Newcastle,DF,DF,34.0,1586.0,-1.190692172024266,-0.5129104269221155,-0.008539066501845896,-1.190692172024266,-0.5129104269221155,-0.008539066501845896,22,1,7,1,5,0,10,0,0.0,0.11349306431273644,0.0,0.0,0.0,,0.0,0.0,1.05,1.2484237074401008,1.532156368221942,-0.2837326607818411,-0.43,0.17023959646910466,0.0,0.0,1.2484237074401008,1.0781841109709962,0.05674653215636822,5.447667087011349,0.39722572509457754,0.7377049180327869,0.0
ENG-Premier League,2025-2026,Lewis Hall,Newcastle,DF,DF,20.0,2181.0,-0.5425917592261579,-0.2848227247065236,0.6188859803338869,-0.5425917592261579,-0.2848227247065236,0.6188859803338869,23,0,8,0,5,0,10,0,0.04126547455295736,1.031636863823934,0.24759284731774414,24.0,0.04,0.16666666666666666,0.0,0.0,1.3,1.4030261348005502,1.609353507565337,-0.2063273727647868,-0.42,0.16506189821182943,0.0,0.0,0.7015130674002751,1.6506189821182944,0.0,4.209078404401651,1.1966987620357634,1.2792297111416782,0.0
ENG-Premier League,2025-2026,Lewis Miley,Newcastle,"MF,DF",MF,19.0,1496.0,-0.34619918195028415,0.28510628839685476,-0.5947183235727456,-0.34619918195028415,0.28510628839685476,-0.5947183235727456,23,0,8,0,5,0,10,0,0.06016042780748663,0.7219251336898396,0.24064171122994651,33.33333333333333,0.08333333333333333,0.25,0.0,0.0,1.3,1.5040106951871657,1.3235294117647058,0.1804812834224599,0.41000000000000003,0.0,0.0,0.0,0.30080213903743314,0.24064171122994651,0.12032085561497326,2.5267379679144386,1.2032085561497325,1.0828877005347595,0.0
ENG-Premier League,2025-2026,Malick Thiaw,Newcastle,DF,DF,23.0,2965.0,0.1935752428092802,-0.3042967097123887,-0.39750566634929524,0.1935752428092802,-0.3042967097123887,-0.39750566634929524,23,0,8,0,5,0,10,0,0.12141652613827993,0.8499156829679595,0.42495784148397975,50.0,0.14285714285714285,0.2857142857142857,0.0,0.0,1.26,1.4266441821247893,1.5784148397976392,-0.15177065767284992,-0.75,0.12141652613827993,0.0,0.0,0.7284991568296796,0.33389544688026984,0.06070826306913996,0.27318718381112983,0.9106239460370995,1.0320404721753795,0.0
ENG-Premier League,2025-2026,Nick Pope,Newcastle,GK,GK,33.0,2416.0,-0.4005334852778922,-0.01679193598566431,-2.0377948849205834,-0.4005334852778922,-0.01679193598566431,-2.0377948849205834,23,0,8,0,5,0,10,0,0.0,0.037251655629139076,0.037251655629139076,100.0,0.0,0.0,0.0,0.0,1.3,1.3783112582781456,1.4155629139072847,-0.037251655629139076,0.05,0.07450331125827815,0.0,0.0,0.037251655629139076,0.07450331125827815,0.0,0.0,0.0,0.037251655629139076,0.0
ENG-Premier League,2025-2026,Nick Woltemade,Newcastle,"FW,MF",FW,23.0,1902.0,1.6493990296256544,0.1426583766660539,-1.152449484144938,1.6493990296256544,0.1426583766660539,-1.152449484144938,23,0,8,0,5,0,10,0,0.3785488958990536,1.5141955835962144,0.6151419558359621,40.625,0.25,0.6153846153846154,0.0473186119873817,0.0473186119873817,1.24,1.4668769716088328,1.3722397476340693,0.0946372239747634,0.33,0.0,0.0,0.0,0.9463722397476341,0.9463722397476341,0.3785488958990536,0.14195583596214512,0.23659305993690852,0.6151419558359621,0.0473186119873817
ENG-Premier League,2025-2026,Sandro Tonali,Newcastle,MF,MF,25.0,2534.0,-0.7358499792187666,-0.2561167039760151,0.19597538191226382,-0.7358499792187666,-0.2561167039760151,0.19597538191226382,23,0,8,0,5,0,10,0,0.0,1.314127861089187,0.2841357537490134,21.62162162162162,0.0,0.0,0.0,0.0,1.31,1.1365430149960536,1.314127861089187,-0.17758484609313338,-0.48,0.1420678768745067,0.0,0.0,0.8524072612470402,1.4917127071823204,0.035516969218626675,3.3741120757695344,0.994475138121547,0.8879242304656669,0.0
ENG-Premier League,2025-2026,Sven Botman,Newcastle,DF,DF,25.0,1835.0,-0.4870138441360095,-0.0749305848578702,-0.4668067711637949,-0.4870138441360095,-0.0749305848578702,-0.4668067711637949,23,0,8,0,5,0,10,0,0.04904632152588556,0.7356948228882834,0.19618528610354224,26.666666666666668,0.06666666666666667,0.25,0.0,0.0,1.36,1.2261580381471389,1.32425068119891,-0.09809264305177112,-0.1,0.09809264305177112,0.0,0.0,0.6376021798365122,0.9318801089918256,0.04904632152588556,0.09809264305177112,1.2261580381471389,0.6866485013623979,0.04904632152588556
ENG-Premier League,2025-2026,Tino Livramento,Newcastle,DF,DF,22.0,1328.0,-1.171958390270515,0.8778152953434518,-0.7733584943137297,-1.171958390270515,0.8778152953434518,-0.7733584943137297,22,1,7,1,5,0,10,0,0.0,0.2033132530120482,0.0,0.0,0.0,,0.0,0.0,1.47,1.4909638554216869,0.9487951807228916,0.5421686746987951,0.9699999999999999,0.0677710843373494,0.0,0.0,0.4743975903614458,1.0843373493975903,0.1355421686746988,2.4397590361445785,0.1355421686746988,0.9487951807228916,0.0
ENG-Premier League,2025-2026,William Osula,Newcastle,FW,FW,21.0,819.0,2.593614012135654,-0.5570206821980853,0.020799152266982122,2.593614012135654,-0.5570206821980853,0.020799152266982122,23,0,8,0,5,0,10,0,0.7692307692307693,2.5274725274725274,1.3186813186813187,52.17391304347826,0.30434782608695654,0.5833333333333334,0.0,0.0,1.04,1.2087912087912087,1.5384615384615385,-0.32967032967032966,-0.36,0.0,0.0,0.0,2.6373626373626373,1.7582417582417582,0.21978021978021978,0.32967032967032966,0.10989010989010989,0.5494505494505495,0.0
ENG-Premier League,2025-2026,Yoane Wissa,Newcastle,FW,FW,28.0,531.0,0.47721656788536804,-0.30536341173221104,-0.2469860785359816,0.47721656788536804,-0.30536341173221104,-0.2469860785359816,23,0,8,0,5,0,10,0,0.1694915254237288,2.2033898305084745,0.847457627118644,38.46153846153847,0.07692307692307693,0.2,0.0,0.0,1.11,1.694915254237288,1.8644067796610169,-0.1694915254237288,-0.14,0.5084745762711864,0.0,0.0,1.0169491525423728,0.3389830508474576,0.6779661016949152,0.1694915254237288,0.0,0.847457627118644,0.0
ENG-Premier League,2025-2026,Callum Hudson-Odoi,Nottingham,MF,MF,24.0,1841.0,0.14779194097415446,-0.4844160863958646,-1.1434097380908252,0.14779194097415446,-0.4844160863958646,-1.1434097380908252,23,0,8,0,5,0,10,0,0.14665942422596415,1.4665942422596414,0.4888647474198805,33.33333333333333,0.1,0.3,0.0,0.0,1.0,1.026615969581749,1.2710483432916893,-0.24443237370994025,-0.36,0.0,0.0,0.0,0.5866376969038566,0.5866376969038566,0.0977729494839761,4.448669201520913,0.3910917979359044,0.34220532319391633,0.0
ENG-Premier League,2025-2026,Chris Wood,Nottingham,FW,FW,33.0,901.0,0.9292335867148921,-0.06181958129270895,-1.7210188507549569,0.9292335867148921,-0.06181958129270895,-1.7210188507549569,23,0,8,0,5,0,10,0,0.29966703662597116,2.297447280799112,0.8990011098779135,39.130434782608695,0.13043478260869565,0.3333333333333333,0.0,0.0,1.13,1.3984461709211986,1.3984461709211986,0.0,0.11,0.0,0.0,0.0,0.5993340732519423,0.5993340732519423,0.3995560488346282,0.09988901220865705,0.09988901220865705,0.09988901220865705,0.0
ENG-Premier League,2025-2026,Dan Ndoye,Nottingham,MF,MF,24.0,1173.0,-0.2958006924978277,-0.29615952320995265,0.01073925146588779,-0.2958006924978277,-0.29615952320995265,0.01073925146588779,23,0,8,0,5,0,10,0,0.07672634271099744,1.1508951406649617,0.3069053708439898,26.666666666666668,0.06666666666666667,0.25,0.0,0.0,1.08,1.1508951406649617,1.3043478260869565,-0.1534526854219949,-0.11,0.07672634271099744,0.0,0.0,1.227621483375959,1.6879795396419437,0.690537084398977,3.1457800511508953,0.7672634271099744,0.8439897698209718,0.0
ENG-Premier League,2025-2026,Dilane Bakwa,Nottingham,MF,MF,22.0,553.0,-0.47778514850081416,-0.6826881028430939,0.15425566009265448,-0.47778514850081416,-0.6826881028430939,0.15425566009265448,23,0,8,0,5,0,10,0,0.0,1.4647377938517179,0.488245931283906,33.33333333333333,0.0,0.0,0.0,0.0,0.79,1.301989150090416,1.6274864376130198,-0.325497287522604,-0.29,0.162748643761302,0.0,0.0,1.4647377938517179,2.278481012658228,0.0,6.184448462929476,0.0,0.488245931283906,0.0
ENG-Premier League,2025-2026,Elliot Anderson,Nottingham,MF,MF,22.0,3331.0,0.11343429715799037,-0.37543286206106985,1.4852656997865377,0.11343429715799037,-0.37543286206106985,1.4852656997865377,23,0,8,0,5,0,10,0,0.10807565295706995,1.1888321825277695,0.2701891323926749,22.727272727272727,0.09090909090909091,0.4,0.027018913239267486,0.027018913239267486,1.16,1.2428700090063045,1.3509456619633744,-0.10807565295706995,-1.12,0.2161513059141399,0.0,0.0,1.5400780546382469,2.161513059141399,0.05403782647853497,4.7283098168718105,1.1077754428099669,1.6211347943560492,0.0
ENG-Premier League,2025-2026,Ibrahim Sangaré,Nottingham,MF,MF,27.0,2075.0,-0.16267874865035042,0.4629044448215983,0.7488514880440245,-0.16267874865035042,0.4629044448215983,0.7488514880440245,23,0,8,0,5,0,10,0,0.08674698795180723,0.6939759036144578,0.21686746987951808,31.25,0.125,0.4,0.0,0.0,1.32,1.3879518072289156,1.127710843373494,0.26024096385542167,0.86,0.21686746987951808,0.0,0.0,1.8216867469879519,0.7807228915662651,0.0,0.3469879518072289,0.9542168674698795,1.3879518072289156,0.0
ENG-Premier League,2025-2026,Igor Jesus,Nottingham,FW,FW,24.0,2298.0,1.0549564365237922,-0.13314063922278552,-0.4020421271212207,1.0549564365237922,-0.13314063922278552,-0.4020421271212207,23,0,8,0,5,0,10,0,0.2349869451697128,2.741514360313316,0.8224543080939948,30.0,0.08571428571428572,0.2857142857142857,0.0391644908616188,0.0391644908616188,1.19,1.370757180156658,1.4490861618798956,-0.0783289817232376,0.0,0.0783289817232376,0.0,0.0,1.6449086161879896,1.566579634464752,0.4308093994778068,0.391644908616188,0.0783289817232376,0.6266318537859008,0.0
ENG-Premier League,2025-2026,Jair Cunha,Nottingham,DF,DF,20.0,517.0,-0.8526295560126498,1.6365738426365903,-0.8759695404079608,-0.8526295560126498,1.6365738426365903,-0.8759695404079608,23,0,8,0,5,0,10,0,0.0,0.5222437137330754,0.17408123791102514,33.33333333333333,0.0,0.0,0.0,0.0,1.33,2.4371373307543522,1.2185686653771761,1.2185686653771761,1.53,0.0,0.0,0.0,0.0,1.0444874274661509,0.0,0.3481624758220503,0.8704061895551257,0.8704061895551257,0.0
ENG-Premier League,2025-2026,John,Nottingham,GK,GK,29.0,437.0,-0.7450639783823682,-1.1687166764634291,-1.845866270614539,-0.7450639783823682,-1.1687166764634291,-1.845866270614539,20,3,5,3,5,0,10,0,0.0,0.0,0.0,,,,0.0,0.0,0.6,1.0297482837528604,1.6475972540045767,-0.6178489702517163,-0.62,0.20594965675057209,0.0,0.0,0.0,0.0,0.0,0.0,0.0,0.0,0.0
ENG-Premier League,2025-2026,Matz Sels,Nottingham,GK,GK,33.0,2668.0,-0.7450639783823682,0.2630931646905054,-2.0528307660966405,-0.7450639783823682,0.2630931646905054,-2.0528307660966405,20,3,5,3,5,0,10,0,0.0,0.0,0.0,,,,0.0,0.0,1.29,1.416791604197901,1.315592203898051,0.10119940029985007,0.82,0.06746626686656672,0.0,0.0,0.0,0.13493253373313344,0.0,0.0,0.0,0.03373313343328336,0.0
ENG-Premier League,2025-2026,Morato,Nottingham,DF,DF,24.0,1345.0,-0.0009379658448626566,-0.8934664303788789,0.24087938668532444,-0.0009379658448626566,-0.8934664303788789,0.24087938668532444,23,0,8,0,5,0,10,0,0.06691449814126393,0.3345724907063197,0.13382899628252787,40.0,0.2,0.5,0.0,0.0,1.29,0.8698884758364313,1.5390334572490707,-0.6691449814126395,-0.9699999999999999,0.3345724907063197,0.0,0.0,1.070631970260223,0.4684014869888476,0.06691449814126393,0.13382899628252787,0.7360594795539034,1.204460966542751,0.0
ENG-Premier League,2025-2026,Morgan Gibbs-White,Nottingham,MF,MF,25.0,3097.0,1.6553716468366169,-0.17454227884653536,-0.9175570093039989,1.6553716468366169,-0.17454227884653536,-0.9175570093039989,23,0,8,0,5,0,10,0,0.43590571520826604,2.4120116241524054,0.9299321924443009,38.55421686746988,0.18072289156626506,0.46875,0.029060381013884404,0.029060381013884404,1.16,1.2205360025831449,1.3077171456247982,-0.08718114304165321,-0.08999999999999998,0.029060381013884404,0.0,0.0,0.7555699063609945,1.1914756215692606,0.14530190506942203,1.2205360025831449,0.34872457216661285,0.46496609622215046,0.0
ENG-Premier League,2025-2026,Murillo,Nottingham,DF,DF,23.0,2130.0,-0.42128921773558203,0.018871557440538637,-0.18766575899701227,-0.42128921773558203,0.018871557440538637,-0.18766575899701227,23,0,8,0,5,0,10,0,0.04225352112676056,0.4647887323943662,0.16901408450704225,36.36363636363637,0.09090909090909091,0.25,0.0,0.0,1.24,1.2253521126760563,1.2253521126760563,0.0,0.21,0.2112676056338028,0.0,0.0,0.971830985915493,0.29577464788732394,0.0,0.08450704225352113,1.2253521126760563,0.971830985915493,0.08450704225352113
ENG-Premier League,2025-2026,Neco Williams,Nottingham,DF,DF,24.0,3204.0,-0.16675880970180826,-0.04591915969575001,1.125924016126677,-0.16675880970180826,-0.04591915969575001,1.125924016126677,23,0,8,0,5,0,10,0,0.056179775280898875,1.2921348314606742,0.5337078651685393,41.30434782608695,0.043478260869565216,0.10526315789473684,0.0,0.0,1.19,1.2640449438202248,1.3202247191011236,-0.056179775280898875,0.36000000000000004,0.16853932584269662,0.028089887640449437,0.0,0.8146067415730337,1.4606741573033708,0.11235955056179775,4.01685393258427,1.2921348314606742,1.7134831460674158,0.0
ENG-Premier League,2025-2026,Nicolás Domínguez,Nottingham,MF,MF,27.0,1175.0,-0.24917205531191577,-0.4044310560183406,0.8232275742574681,-0.24917205531191577,-0.4044310560183406,0.8232275742574681,23,0,8,0,5,0,10,0,0.07659574468085106,1.3787234042553191,0.3829787234042553,27.77777777777778,0.05555555555555555,0.2,0.0,0.0,1.26,1.148936170212766,1.4553191489361703,-0.30638297872340425,-0.35,0.2297872340425532,0.0,0.0,1.225531914893617,0.8425531914893617,0.0,1.0723404255319149,0.4595744680851064,2.297872340425532,0.0
ENG-Premier League,2025-2026,Nicolò Savona,Nottingham,DF,DF,22.0,1028.0,1.0048592172203135,-0.7642552163455493,-0.24782376905256903,1.0048592172203135,-0.7642552163455493,-0.24782376905256903,23,0,8,0,5,0,10,0,0.17509727626459143,0.4377431906614786,0.26264591439688717,60.0,0.4,0.6666666666666666,0.0,0.0,0.93,1.1381322957198443,1.575875486381323,-0.4377431906614786,-0.51,0.17509727626459143,0.0,0.0,1.0505836575875487,0.4377431906614786,0.08754863813229571,2.3638132295719845,0.4377431906614786,1.0505836575875487,0.0
ENG-Premier League,2025-2026,Nikola Milenković,Nottingham,DF,DF,27.0,3375.0,-1.212512725817013,-0.9224460529868216,-0.8138172369918646,-1.212512725817013,-0.9224460529868216,-0.8138172369918646,23,0,8,0,5,0,10,0,0.0,0.4266666666666667,0.02666666666666667,6.25,0.0,0.0,0.0,0.0,1.16,1.2266666666666666,1.36,-0.13333333333333333,-4.13,0.16,0.0,0.0,0.56,0.5333333333333333,0.02666666666666667,0.05333333333333334,0.7733333333333333,0.5066666666666667,0.02666666666666667
ENG-Premier League,2025-2026,Ola Aina,Nottingham,DF,DF,28.0,1588.0,-1.1229107516414423,0.7375767392641367,0.38429546319562213,-1.1229107516414423,0.7375767392641367,0.38429546319562213,23,0,8,0,5,0,10,0,0.0,0.6801007556675063,0.05667506297229219,8.333333333333332,0.0,0.0,0.0,0.0,1.39,1.5302267002518892,1.0768261964735517,0.4534005037783375,0.9899999999999999,0.17002518891687657,0.0,0.0,0.7367758186397985,0.8501259445843828,0.0,2.2103274559193955,1.473551637279597,1.190176322418136,0.0
ENG-Premier League,2025-2026,Omari Hutchinson,Nottingham,MF,MF,21.0,1688.0,-0.12338505329444101,0.05739186112255073,-0.17754790411722107,-0.12338505329444101,0.05739186112255073,-0.17754790411722107,23,0,8,0,5,0,10,0,0.0533175355450237,1.3329383886255923,0.5864928909952607,44.0,0.04,0.09090909090909091,0.0,0.0,1.19,1.3329383886255923,1.2796208530805686,0.0533175355450237,0.26,0.0533175355450237,0.0,0.0,1.2263033175355451,1.2796208530805686,0.4265402843601896,7.091232227488152,0.5864928909952607,0.5864928909952607,0.0
ENG-Premier League,2025-2026,Ryan Yates,Nottingham,MF,MF,27.0,617.0,-0.7261307638664081,1.4560561827747902,1.8429621204614925,-0.7261307638664081,1.4560561827747902,1.8429621204614925,23,0,8,0,5,0,10,0,0.0,1.312803889789303,0.2917341977309562,22.22222222222222,0.0,0.0,0.0,0.0,1.45,2.0421393841166937,1.0210696920583469,1.0210696920583469,1.34,0.4376012965964344,0.0,0.0,1.8962722852512155,1.8962722852512155,0.0,0.7293354943273906,1.312803889789303,1.4586709886547813,0.0
ENG-Premier League,2025-2026,Taiwo Awoniyi,Nottingham,FW,FW,27.0,494.0,2.530058750467385,1.1526493064866659,-0.2245493663451795,2.530058750467385,1.1526493064866659,-0.2245493663451795,23,0,8,0,5,0,10,0,0.728744939271255,2.7327935222672064,1.45748987854251,53.333333333333336,0.26666666666666666,0.5,0.0,0.0,1.18,1.639676113360324,0.728744939271255,0.9109311740890689,1.16,0.3643724696356275,0.0,0.0,1.8218623481781377,1.2753036437246963,1.0931174089068827,0.18218623481781376,0.18218623481781376,0.18218623481781376,0.0
ENG-Premier League,2025-2026,Bertrand Traoré,Sunderland,"MF,FW",MF,29.0,632.0,0.44207611330112534,-0.06899737215240224,-0.056076265538775684,0.44207611330112534,-0.06899737215240224,-0.056076265538775684,23,0,8,0,5,0,10,0,0.14240506329113925,1.7088607594936709,0.8544303797468354,50.0,0.08333333333333333,0.16666666666666666,0.0,0.0,1.75,0.9968354430379747,1.2816455696202531,-0.2848101265822785,-0.16,0.14240506329113925,0.0,0.0,1.5664556962025316,1.7088607594936709,0.14240506329113925,1.8512658227848102,0.2848101265822785,0.569620253164557,0.0
ENG-Premier League,2025-2026,Brian Brobbey,Sunderland,FW,FW,23.0,1927.0,1.091719280521105,-0.6257169927282126,-0.3803165224674428,1.091719280521105,-0.6257169927282126,-0.3803165224674428,23,0,8,0,5,0,10,0,0.3269330565646082,1.6813700051894136,0.8406850025947068,50.0,0.19444444444444445,0.3888888888888889,0.0,0.0,1.29,0.934094447327452,1.401141670991178,-0.467047223663726,-0.71,0.2802283341982356,0.0,0.0,1.5412558380902959,1.7280747275557862,0.3736377789309808,0.0934094447327452,0.0,0.0934094447327452,0.0
ENG-Premier League,2025-2026,Chemsdine Talbi,Sunderland,"MF,FW",MF,20.0,1561.0,0.5783612040437257,0.8957379952580545,-1.6633511718453717,0.5783612040437257,0.8957379952580545,-1.6633511718453717,23,0,8,0,5,0,10,0,0.23062139654067906,1.4413837283792441,0.5765534913516976,40.0,0.16,0.4,0.0,0.0,1.46,1.3260730301089045,0.8071748878923767,0.5188981422165279,1.25,0.0,0.0,0.0,0.2882767456758488,0.057655349135169766,0.11531069827033953,2.8827674567584882,0.17296604740550928,0.34593209481101855,0.0
ENG-Premier League,2025-2026,Chris Rigg,Sunderland,MF,MF,18.0,761.0,-0.079394241926664,0.16711698334160405,-0.376513437356226,-0.079394241926664,0.16711698334160405,-0.376513437356226,23,0,8,0,5,0,10,0,0.11826544021024968,1.419185282522996,0.354796320630749,25.0,0.08333333333333333,0.3333333333333333,0.0,0.0,1.7799999999999998,1.1826544021024967,1.3009198423127464,-0.11826544021024968,0.05,0.11826544021024968,0.0,0.0,0.9461235216819974,0.9461235216819974,0.23653088042049936,1.3009198423127464,0.4730617608409987,0.9461235216819974,0.0
ENG-Premier League,2025-2026,Daniel Ballard,Sunderland,DF,DF,25.0,2149.0,-0.17533185012407146,-0.28981002153895197,0.28655604098531645,-0.17533185012407146,-0.28981002153895197,0.28655604098531645,23,0,8,0,5,0,10,0,0.08375988832014891,1.0888785481619359,0.3769194974406701,34.61538461538461,0.07692307692307693,0.2222222222222222,0.0,0.0,1.21,1.2145183806421591,1.4239181014425315,-0.20939972080037228,-0.14,0.16751977664029782,0.041879944160074456,0.0,1.2145183806421591,1.2145183806421591,0.12563983248022337,0.041879944160074456,0.8375988832014891,0.7119590507212658,0.0
ENG-Premier League,2025-2026,Eliezer Mayenda,Sunderland,"FW,MF",FW,20.0,759.0,0.6914499599284254,-0.13237923693653766,-1.2544037397921883,0.6914499599284254,-0.13237923693653766,-1.2544037397921883,23,0,8,0,5,0,10,0,0.23715415019762845,1.541501976284585,0.7114624505928854,46.15384615384615,0.15384615384615385,0.3333333333333333,0.0,0.0,1.25,0.9486166007905138,1.0671936758893281,-0.11857707509881422,0.05,0.0,0.0,0.0,0.7114624505928854,1.3043478260869565,0.3557312252964427,0.11857707509881422,0.11857707509881422,0.3557312252964427,0.0
ENG-Premier League,2025-2026,Enzo Le Fée,Sunderland,"MF,FW",MF,25.0,2930.0,1.236101386952415,-0.12104683352284193,0.5585213455185869,1.236101386952415,-0.12104683352284193,0.5585213455185869,23,0,8,0,5,0,10,0,0.15358361774744028,1.10580204778157,0.36860068259385664,33.33333333333333,0.1388888888888889,0.4166666666666667,0.09215017064846416,0.12286689419795221,1.4700000000000002,1.136518771331058,1.3208191126279865,-0.18430034129692832,-0.18,0.15358361774744028,0.0,0.0,0.9522184300341296,1.136518771331058,0.12286689419795221,3.0102389078498293,0.8600682593856656,1.7201365187713311,0.0
ENG-Premier League,2025-2026,Granit Xhaka,Sunderland,MF,MF,32.0,2904.0,-0.6551546724234122,0.24104637427809317,0.27569331176236433,-0.6551546724234122,0.24104637427809317,0.27569331176236433,23,0,8,0,5,0,10,0,0.030991735537190084,0.6508264462809917,0.15495867768595042,23.809523809523807,0.047619047619047616,0.2,0.0,0.0,1.5,1.177685950413223,1.2086776859504131,-0.030991735537190084,0.8400000000000001,0.24793388429752067,0.0,0.0,0.7128099173553719,1.2396694214876034,0.0,3.0681818181818183,0.8987603305785123,1.0227272727272727,0.0
ENG-Premier League,2025-2026,Habib Diarra,Sunderland,MF,MF,21.0,1405.0,0.7085247423339783,-0.05870319387908578,0.157306831139316,0.7085247423339783,-0.05870319387908578,0.157306831139316,23,0,8,0,5,0,10,0,0.12811387900355872,1.6654804270462633,0.5124555160142349,30.76923076923077,0.07692307692307693,0.25,0.06405693950177936,0.06405693950177936,1.4,1.0889679715302492,1.217081850533808,-0.12811387900355872,0.05,0.38434163701067614,0.0,0.0,1.217081850533808,1.7295373665480427,0.19217081850533807,2.0498220640569396,0.25622775800711745,0.4483985765124555,0.0
ENG-Premier League,2025-2026,Luke O'Nien,Sunderland,DF,DF,30.0,569.0,-0.9174829834624612,1.2418125614468405,1.4219224314862204,-0.9174829834624612,1.2418125614468405,1.4219224314862204,23,0,8,0,5,0,10,0,0.0,0.632688927943761,0.15817223198594024,25.0,0.0,0.0,0.0,0.0,1.58,1.898066783831283,1.1072056239015817,0.7908611599297012,1.14,0.15817223198594024,0.15817223198594024,0.0,1.1072056239015817,1.265377855887522,0.0,1.1072056239015817,0.9490333919156415,0.9490333919156415,0.0
ENG-Premier League,2025-2026,Lutsharel Geertruida,Sunderland,"DF,MF",DF,25.0,1693.0,-0.9052294403177445,-0.4306019914340025,-0.19952452930301487,-0.9052294403177445,-0.4306019914340025,-0.19952452930301487,23,0,8,0,5,0,10,0,0.0,0.5847607796810396,0.15948021264028353,27.27272727272727,0.0,0.0,0.0,0.0,1.36,0.8505611340815121,1.2226816302421737,-0.37212049616066156,-0.42,0.10632014176018902,0.0,0.0,0.7974010632014176,0.37212049616066156,0.05316007088009451,0.47844063792085056,1.0632014176018902,1.1695215593620791,0.0
ENG-Premier League,2025-2026,Nilson Angulo,Sunderland,MF,MF,22.0,404.0,-0.2657338343051711,-0.4851069518109128,1.2428794650314132,-0.2657338343051711,-0.4851069518109128,1.2428794650314132,23,0,8,0,5,0,10,0,0.0,1.5594059405940595,0.6683168316831684,42.857142857142854,0.0,0.0,0.0,0.0,1.38,0.8910891089108911,1.3366336633663367,-0.44554455445544555,-0.32999999999999996,0.22277227722772278,0.0,0.0,2.4504950495049505,0.6683168316831684,0.22277227722772278,1.5594059405940595,1.113861386138614,1.5594059405940595,0.0
ENG-Premier League,2025-2026,Noah Sadiki,Sunderland,MF,MF,20.0,2889.0,-0.9149053751626973,-0.02848485979789512,0.2767601927743509,-0.9149053751626973,-0.02848485979789512,0.2767601927743509,23,0,8,0,5,0,10,0,0.0,0.5919003115264797,0.1557632398753894,26.31578947368421,0.0,0.0,0.0,0.0,1.52,1.1526479750778815,1.308411214953271,-0.1557632398753894,0.01,0.2803738317757009,0.0,0.0,0.9657320872274143,1.2461059190031152,0.06230529595015576,0.6542056074766355,1.02803738317757,0.8099688473520249,0.0
ENG-Premier League,2025-2026,Nordi Mukiele,Sunderland,DF,DF,27.0,2784.0,-0.13822926504900324,-0.1842644014807781,0.49753151418400254,-0.13822926504900324,-0.1842644014807781,0.49753151418400254,23,0,8,0,5,0,10,0,0.09698275862068965,0.8405172413793104,0.12931034482758622,15.384615384615385,0.11538461538461539,0.75,0.0,0.0,1.38,1.0991379310344827,1.293103448275862,-0.1939655172413793,-0.19,0.16163793103448276,0.0,0.0,1.1314655172413792,0.8405172413793104,0.09698275862068965,2.747844827586207,1.1961206896551724,1.4547413793103448,0.032327586206896554
ENG-Premier League,2025-2026,Omar Alderete,Sunderland,DF,DF,28.0,2798.0,-0.48692425229843506,-0.4413290468391218,-0.2414190196046217,-0.48692425229843506,-0.4413290468391218,-0.2414190196046217,23,0,8,0,5,0,10,0,0.032165832737669764,0.7719799857040743,0.2894924946390279,37.5,0.041666666666666664,0.1111111111111111,0.0,0.0,1.39,0.9649749821300929,1.2866333095067906,-0.32165832737669764,-0.9000000000000001,0.19299499642601858,0.0,0.0,1.093638313080772,0.32165832737669764,0.16082916368834882,0.3538241601143674,1.1579699785561115,0.5789849892780558,0.0
ENG-Premier League,2025-2026,Reinildo Mandava,Sunderland,DF,DF,31.0,1966.0,-1.1761715704290252,0.3894013833567999,1.4165735944299522,-1.1761715704290252,0.3894013833567999,1.4165735944299522,22,1,7,1,5,0,10,0,0.0,0.18311291963377416,0.0,0.0,0.0,,0.0,0.0,1.6,1.281790437436419,1.190233977619532,0.09155645981688708,0.5899999999999999,0.32044760935910477,0.04577822990844354,0.0,1.4649033570701933,1.602238046795524,0.04577822990844354,1.0528992878942014,1.3275686673448626,1.0528992878942014,0.0
ENG-Premier League,2025-2026,Robin Roefs,Sunderland,GK,GK,22.0,3150.0,-0.7450639783823682,-0.25534340593136123,-1.8952135291705623,-0.7450639783823682,-0.25534340593136123,-1.8952135291705623,20,3,5,3,5,0,10,0,0.0,0.0,0.0,,,,0.0,0.0,1.37,1.1142857142857143,1.3142857142857143,-0.2,-0.53,0.11428571428571428,0.0,0.0,0.0,0.4,0.0,0.0,0.0,0.0,0.0
ENG-Premier League,2025-2026,Romaine Mundle,Sunderland,MF,MF,22.0,411.0,-0.5371796976604042,-1.7508988148790903,0.30454880999112866,-0.5371796976604042,-1.7508988148790903,0.30454880999112866,23,0,8,0,5,0,10,0,0.0,1.532846715328467,0.43795620437956206,28.57142857142857,0.0,0.0,0.0,0.0,1.14,1.094890510948905,2.408759124087591,-1.313868613138686,-1.3099999999999998,0.21897810218978103,0.0,0.0,1.532846715328467,1.7518248175182483,0.0,2.408759124087591,0.21897810218978103,0.8759124087591241,0.0
ENG-Premier League,2025-2026,Simon Adingra,Sunderland,"MF,FW",MF,23.0,653.0,0.14901229624370058,-0.44176634962421274,0.5674468172350235,0.14901229624370058,-0.44176634962421274,0.5674468172350235,23,0,8,0,5,0,10,0,0.13782542113323124,0.8269525267993875,0.27565084226646247,33.33333333333333,0.16666666666666666,0.5,0.0,0.0,1.07,0.8269525267993875,1.1026033690658499,-0.27565084226646247,-0.15,0.27565084226646247,0.0,0.0,2.4808575803981623,0.41347626339969373,0.5513016845329249,3.7212863705972437,0.27565084226646247,1.1026033690658499,0.0
ENG-Premier League,2025-2026,Trai Hume,Sunderland,"DF,MF",DF,23.0,3036.0,-0.46357276303567785,-0.2984366742824081,0.37196958517723366,-0.46357276303567785,-0.2984366742824081,0.37196958517723366,23,0,8,0,5,0,10,0,0.05928853754940711,1.007905138339921,0.2075098814229249,20.588235294117645,0.058823529411764705,0.2857142857142857,0.0,0.0,1.42,1.007905138339921,1.2450592885375493,-0.23715415019762845,-0.71,0.26679841897233203,0.0,0.0,0.8893280632411067,1.1264822134387351,0.08893280632411067,2.608695652173913,0.741106719367589,1.3636363636363635,0.029644268774703556
ENG-Premier League,2025-2026,Wilson Isidor,Sunderland,FW,FW,24.0,1165.0,1.6614910427899674,0.2425188763201683,-1.0828032160702943,1.6614910427899674,0.2425188763201683,-1.0828032160702943,23,0,8,0,5,0,10,0,0.463519313304721,3.3218884120171674,1.3133047210300428,39.53488372093023,0.13953488372093023,0.35294117647058826,0.0,0.0,1.44,1.390557939914163,1.3133047210300428,0.07725321888412018,0.36,0.07725321888412018,0.0,0.0,1.0815450643776825,0.5407725321888412,0.7725321888412017,0.0,0.15450643776824036,0.6180257510729614,0.0
ENG-Premier League,2025-2026,Antonín Kinský,Tottenham,GK,GK,22.0,630.0,-0.7450639783823682,0.4092175135077764,-1.9231085238490728,-0.7450639783823682,0.4092175135077764,-1.9231085238490728,20,3,5,3,5,0,10,0,0.0,0.0,0.0,,,,0.0,0.0,1.57,1.1428571428571428,1.0,0.14285714285714285,0.47,0.14285714285714285,0.0,0.0,0.0,0.14285714285714285,0.0,0.0,0.0,0.0,0.0
ENG-Premier League,2025-2026,Archie Gray,Tottenham,"MF,DF",MF,19.0,1478.0,0.2008762856714447,-1.035727329534659,-0.34038720489444496,0.2008762856714447,-1.035727329534659,-0.34038720489444496,23,0,8,0,5,0,10,0,0.12178619756427606,0.6698240866035182,0.3044654939106901,45.45454545454545,0.18181818181818182,0.4,0.0,0.0,0.83,1.0960757780784844,1.7050067658998647,-0.6089309878213802,-0.66,0.3044654939106901,0.0,0.0,0.7307171853856563,0.12178619756427606,0.0,0.7307171853856563,1.0351826792963463,0.4871447902571042,0.0
ENG-Premier League,2025-2026,Conor Gallagher,Tottenham,MF,MF,25.0,1184.0,-0.21624098441285303,-1.2376222106976675,1.053515982322375,-0.21624098441285303,-1.2376222106976675,1.053515982322375,23,0,8,0,5,0,10,0,0.07601351351351351,0.8361486486486487,0.30405405405405406,36.36363636363637,0.09090909090909091,0.25,0.0,0.0,0.81,0.9881756756756757,1.7483108108108107,-0.7601351351351351,-0.8,0.15202702702702703,0.0,0.0,1.900337837837838,1.7483108108108107,0.07601351351351351,1.7483108108108107,1.3682432432432432,1.0641891891891893,0.0
ENG-Premier League,2025-2026,Cristian Romero,Tottenham,DF,DF,27.0,1868.0,0.5108095192679031,-0.4215202853271917,3.0045659761562127,0.5108095192679031,-0.4215202853271917,3.0045659761562127,23,0,8,0,5,0,10,0,0.19271948608137046,0.8190578158458244,0.2890792291220557,35.294117647058826,0.23529411764705882,0.6666666666666666,0.0,0.0,1.0,1.2526766595289078,1.493576017130621,-0.24089935760171305,-0.01,0.5299785867237687,0.09635974304068523,0.048179871520342615,1.5417558886509637,0.7708779443254818,0.048179871520342615,0.048179871520342615,1.493576017130621,1.4453961456102784,0.0
ENG-Premier League,2025-2026,Destiny Udogie,Tottenham,"DF,MF",DF,22.0,1338.0,-1.0449097044522508,-0.7391563856227815,0.4727599741610499,-1.0449097044522508,-0.7391563856227815,0.4727599741610499,23,0,8,0,5,0,10,0,0.0,0.26905829596412556,0.06726457399103139,25.0,0.0,0.0,0.0,0.0,1.0,1.210762331838565,1.6816143497757847,-0.47085201793721976,-0.38,0.26905829596412556,0.0,0.0,1.1434977578475336,1.4798206278026906,0.20179372197309417,1.8161434977578474,0.47085201793721976,1.345291479820628,0.0
ENG-Premier League,2025-2026,Djed Spence,Tottenham,"DF,MF",DF,24.0,2056.0,-0.4760144212044245,-0.006142444543890101,0.11431087619317964,-0.4760144212044245,-0.006142444543890101,0.11431087619317964,23,0,8,0,5,0,10,0,0.0,0.5690661478599222,0.35019455252918286,61.53846153846154,0.0,0.0,0.0,0.0,1.2,1.3132295719844358,1.3570038910505837,-0.04377431906614786,0.48,0.17509727626459143,0.0,0.0,1.2256809338521402,0.919260700389105,0.17509727626459143,2.144941634241245,0.6566147859922179,1.0943579766536966,0.0
ENG-Premier League,2025-2026,Dominic Solanke,Tottenham,FW,FW,27.0,1001.0,0.991747381061177,-1.3812884621236452,-0.27737259247490115,0.991747381061177,-1.3812884621236452,-0.27737259247490115,23,0,8,0,5,0,10,0,0.26973026973026976,1.7982017982017982,0.989010989010989,55.00000000000001,0.15,0.2727272727272727,0.0,0.0,0.87,0.989010989010989,1.8881118881118881,-0.8991008991008991,-0.94,0.0899100899100899,0.0,0.0,1.078921078921079,0.8091908091908092,0.26973026973026976,0.1798201798201798,0.26973026973026976,1.4385614385614385,0.0
ENG-Premier League,2025-2026,Guglielmo Vicario,Tottenham,GK,GK,28.0,2790.0,-0.7450639783823682,-0.6083590152264912,-2.135361865639912,-0.7450639783823682,-0.6083590152264912,-2.135361865639912,20,3,5,3,5,0,10,0,0.0,0.0,0.0,,,,0.0,0.0,0.9699999999999999,1.2903225806451613,1.6129032258064515,-0.3225806451612903,-0.47,0.03225806451612903,0.0,0.0,0.0,0.0967741935483871,0.0,0.0,0.0,0.03225806451612903,0.0
ENG-Premier League,2025-2026,João Palhinha,Tottenham,MF,MF,30.0,2198.0,0.3514544825386534,-0.3435565211491302,1.637554724010984,0.3514544825386534,-0.3435565211491302,1.637554724010984,23,0,8,0,5,0,10,0,0.20473157415832574,1.35122838944495,0.3685168334849864,27.27272727272727,0.15151515151515152,0.5555555555555556,0.0,0.0,1.15,1.2693357597816197,1.5150136487716106,-0.2456778889899909,-0.02,0.3275705186533212,0.0,0.0,1.1464968152866242,1.4740673339399455,0.0,0.1637852593266606,1.1464968152866242,2.4977252047315743,0.0
ENG-Premier League,2025-2026,Kevin Danso,Tottenham,DF,DF,26.0,1494.0,-0.9971438820538309,-0.37512969893244663,0.9197917210985346,-0.9971438820538309,-0.37512969893244663,0.9197917210985346,23,0,8,0,5,0,10,0,0.0,0.6626506024096386,0.12048192771084337,18.181818181818183,0.0,0.0,0.0,0.0,1.38,1.2048192771084338,1.5662650602409638,-0.3614457831325301,-0.22,0.4819277108433735,0.0,0.0,1.2650602409638554,0.7831325301204819,0.0,0.42168674698795183,1.5060240963855422,0.7831325301204819,0.0
ENG-Premier League,2025-2026,Lucas Bergvall,Tottenham,MF,MF,19.0,965.0,-0.03509454117139643,-0.5024980702330377,0.44348752821547555,-0.03509454117139643,-0.5024980702330377,0.44348752821547555,23,0,8,0,5,0,10,0,0.09326424870466321,1.1191709844559585,0.46632124352331605,41.66666666666667,0.08333333333333333,0.2,0.0,0.0,1.17,1.305699481865285,1.6787564766839378,-0.37305699481865284,-0.19,0.18652849740932642,0.0,0.0,2.238341968911917,0.6528497409326425,0.27979274611398963,1.7720207253886011,0.27979274611398963,1.305699481865285,0.0
ENG-Premier League,2025-2026,Mathys Tel,Tottenham,"MF,FW",MF,20.0,1349.0,0.5843800168535277,0.1887603820144976,-0.04779164106421889,0.5843800168535277,0.1887603820144976,-0.04779164106421889,23,0,8,0,5,0,10,0,0.2668643439584878,2.335063009636768,0.5337286879169756,22.857142857142858,0.11428571428571428,0.5,0.0,0.0,1.0,1.7346182357301705,1.5344699777613047,0.20014825796886582,0.72,0.06671608598962195,0.0,0.0,1.267605633802817,1.5344699777613047,0.20014825796886582,6.137879911045219,0.3335804299481097,0.8005930318754633,0.0
ENG-Premier League,2025-2026,Micky van de Ven,Tottenham,DF,DF,24.0,3041.0,0.31817061001100605,-0.048940406307928536,-0.1687295386653724,0.31817061001100605,-0.048940406307928536,-0.1687295386653724,23,0,8,0,5,0,10,0,0.1183821111476488,0.4735284445905952,0.1775731667214732,37.5,0.25,0.6666666666666666,0.0,0.0,1.09,1.2726076948372247,1.3909898059848733,-0.1183821111476488,1.07,0.2663597500822098,0.0295955277869122,0.0,0.8286747780335416,0.6511016113120685,0.0591910555738244,0.0887865833607366,0.6215060835251562,0.591910555738244,0.0
ENG-Premier League,2025-2026,Mohammed Kudus,Tottenham,"MF,FW",MF,24.0,1535.0,0.051642805183464605,0.29593917237836276,-0.008911702229443819,0.051642805183464605,0.29593917237836276,-0.008911702229443819,23,0,8,0,5,0,10,0,0.11726384364820847,1.52442996742671,0.5276872964169381,34.61538461538461,0.07692307692307693,0.2222222222222222,0.0,0.0,1.37,1.289902280130293,1.1726384364820848,0.11726384364820847,0.64,0.1758957654723127,0.0,0.0,1.3485342019543973,0.8794788273615635,0.5863192182410424,7.153094462540716,0.1758957654723127,0.996742671009772,0.0
ENG-Premier League,2025-2026,Pape Matar Sarr,Tottenham,MF,MF,22.0,1398.0,0.06343520296832938,-0.1973911932836311,0.6567372186505607,0.06343520296832938,-0.1973911932836311,0.6567372186505607,23,0,8,0,5,0,10,0,0.12875536480686695,1.094420600858369,0.38626609442060084,35.294117647058826,0.11764705882352941,0.3333333333333333,0.0,0.0,1.12,1.351931330472103,1.48068669527897,-0.12875536480686695,0.18,0.19313304721030042,0.0,0.0,1.8669527896995708,0.8369098712446352,0.19313304721030042,0.5150214592274678,0.9012875536480687,1.351931330472103,0.0
ENG-Premier League,2025-2026,Pedro Porro,Tottenham,DF,DF,25.0,2796.0,-0.5856684031895205,0.17248160373911886,1.0732896141824546,-0.5856684031895205,0.17248160373911886,1.0732896141824546,23,0,8,0,5,0,10,0,0.032188841201716736,1.0300429184549356,0.2575107296137339,25.0,0.03125,0.125,0.0,0.0,1.18,1.2875536480686696,1.2875536480686696,0.0,1.3,0.3218884120171674,0.0,0.0,1.0300429184549356,0.8369098712446352,0.032188841201716736,7.467811158798283,0.9978540772532188,1.609442060085837,0.0
ENG-Premier League,2025-2026,Radu Drăgușin,Tottenham,DF,DF,23.0,517.0,-1.0691310226378545,-1.5853942014955122,0.46905712410250805,-1.0691310226378545,-1.5853942014955122,0.46905712410250805,22,1,7,1,5,0,10,0,0.0,0.6963249516441006,0.0,0.0,0.0,,0.0,0.0,1.2,1.0444874274661509,2.263056092843327,-1.2185686653771761,-1.16,0.0,0.0,0.0,1.5667311411992264,0.17408123791102514,0.0,0.5222437137330754,2.7852998065764023,0.5222437137330754,0.0
ENG-Premier League,2025-2026,Randal Kolo Muani,Tottenham,"FW,MF",FW,26.0,1664.0,-0.49747354491098456,-1.2361680297704538,0.09312911706352786,-0.49747354491098456,-1.2361680297704538,0.09312911706352786,23,0,8,0,5,0,10,0,0.054086538461538464,1.0817307692307692,0.21634615384615385,20.0,0.05,0.25,0.0,0.0,0.87,0.9194711538461539,1.6766826923076923,-0.7572115384615384,-1.01,0.1622596153846154,0.0,0.0,2.217548076923077,0.9194711538461539,0.1622596153846154,0.9735576923076923,0.10817307692307693,0.8653846153846154,0.0
ENG-Premier League,2025-2026,Richarlison,Tottenham,"FW,MF",FW,28.0,1964.0,1.707603856059559,0.18774042230436058,-0.20791241224559603,1.707603856059559,0.18774042230436058,-0.20791241224559603,23,0,8,0,5,0,10,0,0.5040733197556008,2.795315682281059,1.1914460285132382,42.62295081967213,0.18032786885245902,0.4230769230769231,0.0,0.0,1.19,1.3289205702647657,1.2372708757637474,0.09164969450101833,0.77,0.22912423625254583,0.0,0.0,1.0539714867617107,1.5122199592668024,0.45824847250509165,0.824847250509165,0.32077393075356414,0.7331975560081466,0.0
ENG-Premier League,2025-2026,Rodrigo Bentancur,Tottenham,MF,MF,28.0,1883.0,-0.5051884722792409,0.3493888584744021,1.0038266524300101,-0.5051884722792409,0.3493888584744021,1.0038266524300101,23,0,8,0,5,0,10,0,0.04779607010090282,0.6213489113117366,0.14338821030270846,23.076923076923077,0.07692307692307693,0.3333333333333333,0.0,0.0,1.35,1.338289962825279,1.1949017525225705,0.14338821030270846,0.85,0.3345724907063197,0.0,0.0,0.9081253319171535,0.38236856080722254,0.04779607010090282,0.3345724907063197,1.7206585236325014,1.7206585236325014,0.0
ENG-Premier League,2025-2026,Wilson Odobert,Tottenham,"MF,FW",MF,20.0,985.0,-0.20029409899720488,0.31751683484753834,-1.3234116015532524,-0.20029409899720488,0.31751683484753834,-1.3234116015532524,23,0,8,0,5,0,10,0,0.0,1.9187817258883249,0.7309644670050761,38.095238095238095,0.0,0.0,0.0,0.0,1.0800000000000003,1.4619289340101522,1.1878172588832487,0.27411167512690354,0.72,0.0,0.0,0.0,0.18274111675126903,0.9137055837563451,0.18274111675126903,2.5583756345177666,0.0,0.7309644670050761,0.0
ENG-Premier League,2025-2026,Xavi Simons,Tottenham,"MF,FW",MF,22.0,1755.0,-0.03055407796290034,-0.6959537999564955,1.115361140536393,-0.03055407796290034,-0.6959537999564955,1.115361140536393,23,0,8,0,5,0,10,0,0.10256410256410256,2.1538461538461537,0.5128205128205128,23.809523809523807,0.047619047619047616,0.2,0.0,0.0,0.82,1.3333333333333333,1.6923076923076923,-0.358974358974359,-0.25,0.2564102564102564,0.05128205128205128,0.0,1.0769230769230769,2.2564102564102564,0.0,2.6153846153846154,0.7692307692307693,1.0256410256410255,0.0
ENG-Premier League,2025-2026,Yves Bissouma,Tottenham,MF,MF,28.0,603.0,-0.6722114146756324,-2.3624756945360557,1.4957861522548972,-0.6722114146756324,-2.3624756945360557,1.4957861522548972,23,0,8,0,5,0,10,0,0.0,0.746268656716418,0.29850746268656714,40.0,0.0,0.0,0.0,0.0,0.82,0.8955223880597015,2.537313432835821,-1.6417910447761195,-1.7099999999999997,0.5970149253731343,0.0,0.0,1.1940298507462686,0.8955223880597015,0.0,0.14925373134328357,1.1940298507462686,1.6417910447761195,0.0
ENG-Premier League,2025-2026,Aaron Wan-Bissaka,West Ham,"DF,MF",DF,27.0,2081.0,-0.7450639783823682,-1.0248668760250965,0.4546539495342347,-0.7450639783823682,-1.0248668760250965,0.4546539495342347,20,3,5,3,5,0,10,0,0.0,0.0,0.0,,,,0.0,0.0,0.96,1.1677078327727055,1.8596828447861604,-0.691975012013455,-0.49,0.17299375300336375,0.0,0.0,0.9947140797693417,0.5189812590100913,0.04324843825084094,1.8596828447861604,1.7731859682844786,1.0379625180201826,0.0
ENG-Premier League,2025-2026,Alphonse Areola,West Ham,GK,GK,32.0,1800.0,-0.7450639783823682,-0.9378348828012926,-2.181469203495275,-0.7450639783823682,-0.9378348828012926,-2.181469203495275,20,3,5,3,5,0,10,0,0.0,0.0,0.0,,,,0.0,0.0,0.85,1.25,1.85,-0.6,-0.21,0.0,0.0,0.0,0.05,0.05,0.0,0.0,0.05,0.0,0.0
ENG-Premier League,2025-2026,Axel Disasi,West Ham,DF,DF,27.0,1254.0,-0.6109557601667422,0.18700599739426843,-1.1179651368951729,-0.6109557601667422,0.18700599739426843,-1.1179651368951729,23,0,8,0,5,0,10,0,0.0,0.3588516746411483,0.215311004784689,60.0,0.0,0.0,0.0,0.0,1.36,1.2200956937799043,1.2200956937799043,0.0,0.79,0.07177033492822966,0.0,0.0,0.3588516746411483,0.28708133971291866,0.07177033492822966,0.0,0.861244019138756,0.7177033492822966,0.07177033492822966
ENG-Premier League,2025-2026,Callum Wilson,West Ham,FW,FW,33.0,1251.0,1.6835062425591447,-0.029261469230257686,-1.265973825349689,1.6835062425591447,-0.029261469230257686,-1.265973825349689,23,0,8,0,5,0,10,0,0.5035971223021583,2.7338129496402876,1.1510791366906474,42.10526315789473,0.18421052631578946,0.4375,0.0,0.0,1.16,1.6546762589928057,1.7266187050359711,-0.07194244604316546,0.67,0.07194244604316546,0.0,0.0,0.8633093525179856,1.0071942446043165,0.6474820143884892,0.3597122302158273,0.2158273381294964,0.14388489208633093,0.0
ENG-Premier League,2025-2026,Crysencio Summerville,West Ham,"MF,FW",MF,23.0,2470.0,0.28803183147834965,-0.25550466996316124,0.8181569210197817,0.28803183147834965,-0.25550466996316124,0.8181569210197817,23,0,8,0,5,0,10,0,0.18218623481781376,1.9676113360323886,0.5465587044534413,27.77777777777778,0.09259259259259259,0.3333333333333333,0.0,0.0,1.16,1.2388663967611335,1.5303643724696356,-0.291497975708502,0.75,0.21862348178137653,0.0,0.0,1.785425101214575,2.4412955465587043,0.21862348178137653,2.1497975708502026,0.5465587044534413,0.9473684210526315,0.0
ENG-Premier League,2025-2026,El Hadji Malick Diouf,West Ham,"DF,MF",DF,20.0,2707.0,-0.9652018614740745,-0.26766675164466674,0.016587793182017762,-0.9652018614740745,-0.26766675164466674,0.016587793182017762,23,0,8,0,5,0,10,0,0.0,0.5984484669375693,0.13298854820834874,22.22222222222222,0.0,0.0,0.0,0.0,1.09,1.2633912079793128,1.5626154414480975,-0.29922423346878463,0.96,0.1994828223125231,0.0,0.0,0.9309198374584411,0.8311784263021795,0.06649427410417437,3.6239379386775026,1.06390838566679,0.6316956039896564,0.0
ENG-Premier League,2025-2026,Freddie Potts,West Ham,MF,MF,21.0,1171.0,-0.9686318236645596,-0.8115859115153149,0.4908646853799229,-0.9686318236645596,-0.8115859115153149,0.4908646853799229,23,0,8,0,5,0,10,0,0.0,0.23057216054654142,0.07685738684884715,33.33333333333333,0.0,0.0,0.0,0.0,1.09,1.3065755764304015,1.9214346712211785,-0.6148590947907772,-0.17,0.07685738684884715,0.0,0.0,1.1528608027327072,1.07600341588386,0.0,2.613151152860803,1.2297181895815543,1.3834329632792486,0.0
ENG-Premier League,2025-2026,Jarrod Bowen,West Ham,"MF,FW",MF,28.0,3403.0,0.8872179355799344,0.16920624287819255,-0.42756016943611275,0.8872179355799344,0.16920624287819255,-0.42756016943611275,23,0,8,0,5,0,10,0,0.23802527181898325,2.089332941522186,0.7405230678812812,35.44303797468354,0.11392405063291139,0.32142857142857145,0.026447252424331474,0.026447252424331474,1.03,1.1901263590949163,1.6661769027328828,-0.4760505436379665,4.820000000000001,0.1057890096973259,0.0,0.0,0.5024977960622979,1.2959153687922422,0.449603291213635,3.914193358801058,0.7140758154569498,0.7405230678812812,0.0
ENG-Premier League,2025-2026,Jean-Clair Todibo,West Ham,DF,DF,25.0,1814.0,-1.1936673871942192,-0.7737977587893698,0.06270988498100157,-1.1936673871942192,-0.7737977587893698,0.06270988498100157,22,1,7,1,5,0,10,0,0.0,0.09922822491730982,0.0,0.0,0.0,,0.0,0.0,1.0,1.2403528114663727,1.7861080485115766,-0.545755237045204,-0.1,0.24807056229327454,0.04961411245865491,0.0,0.44652701212789414,0.14884233737596472,0.04961411245865491,0.09922822491730982,0.7938257993384785,1.1907386990077178,0.0
ENG-Premier League,2025-2026,Konstantinos Mavropanos,West Ham,DF,DF,27.0,2534.0,-0.037282260985189775,-0.4321642320178185,-0.46869905029757847,-0.037282260985189775,-0.4321642320178185,-0.46869905029757847,23,0,8,0,5,0,10,0,0.10655090765588003,0.8168902920284136,0.2841357537490134,34.78260869565217,0.13043478260869565,0.375,0.0,0.0,1.03,1.207576953433307,1.5627466456195738,-0.35516969218626676,0.56,0.07103393843725335,0.0,0.0,0.5682715074980268,0.3196527229676401,0.07103393843725335,0.1420678768745067,1.669297553275454,0.8524072612470402,0.07103393843725335
ENG-Premier League,2025-2026,Kyle Walker-Peters,West Ham,DF,DF,28.0,1383.0,0.1229906856949242,-0.38968335615615957,0.5106542181939978,0.1229906856949242,-0.38968335615615957,0.5106542181939978,23,0,8,0,5,0,10,0,0.0650759219088937,0.32537960954446854,0.19522776572668113,60.0,0.2,0.3333333333333333,0.0,0.0,1.13,1.3015184381778742,1.6268980477223427,-0.32537960954446854,0.29,0.1301518438177874,0.0,0.0,0.7809110629067245,1.6268980477223427,0.0650759219088937,1.3015184381778742,0.5856832971800434,1.9522776572668112,0.0
ENG-Premier League,2025-2026,Lucas Paquetá,West Ham,"MF,FW",MF,27.0,1511.0,1.8956468160796875,-1.3645193888094769,2.407509870873116,1.8956468160796875,-1.3645193888094769,2.407509870873116,23,0,8,0,5,0,10,0,0.23825281270681667,1.369953673064196,0.6551952349437459,47.82608695652174,0.17391304347826086,0.36363636363636365,0.11912640635340833,0.11912640635340833,0.67,1.072137657180675,1.9060225016545334,-0.8338848444738584,-0.6,0.4169424222369292,0.05956320317670417,0.05956320317670417,1.6082064857710126,1.786896095301125,0.29781601588352086,2.14427531436135,0.4169424222369292,1.3103904698874917,0.0
ENG-Premier League,2025-2026,Mads Hermansen,West Ham,GK,GK,25.0,1620.0,-0.7450639783823682,-0.42178722348409,-2.2140526415543893,-0.7450639783823682,-0.42178722348409,-2.2140526415543893,20,3,5,3,5,0,10,0,0.0,0.0,0.0,,,,0.0,0.0,1.22,1.1666666666666667,1.5555555555555556,-0.3888888888888889,0.21,0.0,0.0,0.0,0.0,0.1111111111111111,0.0,0.0,0.0,0.0,0.0
ENG-Premier League,2025-2026,Mateus Fernandes,West Ham,MF,MF,21.0,3016.0,-0.19757808021705933,-0.1426406669167997,1.276620380492396,-0.19757808021705933,-0.1426406669167997,1.276620380492396,23,0,8,0,5,0,10,0,0.08952254641909814,0.8355437665782494,0.23872679045092837,28.57142857142857,0.10714285714285714,0.375,0.0,0.0,1.08,1.193633952254642,1.4920424403183024,-0.2984084880636605,1.71,0.20888594164456234,0.0,0.0,1.4622015915119364,1.4622015915119364,0.0,1.5218832891246685,1.0742705570291777,1.9993368700265253,0.0
ENG-Premier League,2025-2026,Max Kilman,West Ham,DF,DF,28.0,1561.0,-1.123697112527372,-1.5807580626888709,-0.813771712065766,-1.123697112527372,-1.5807580626888709,-0.813771712065766,23,0,8,0,5,0,10,0,0.0,0.40358744394618834,0.057655349135169766,14.285714285714285,0.0,0.0,0.0,0.0,0.9499999999999998,1.0377962844330557,2.133247918001281,-1.0954516335682254,-1.1,0.23062139654067906,0.0,0.0,0.9224855861627163,0.11531069827033953,0.0,0.11531069827033953,0.34593209481101855,0.4612427930813581,0.0
ENG-Premier League,2025-2026,Niclas Füllkrug,West Ham,FW,FW,32.0,409.0,-0.27268240180614506,-2.836440864407009,-0.6803921968653684,-0.27268240180614506,-2.836440864407009,-0.6803921968653684,23,0,8,0,5,0,10,0,0.0,1.980440097799511,0.6601466992665037,33.33333333333333,0.0,0.0,0.0,0.0,0.63,0.4400977995110024,2.4205378973105134,-1.980440097799511,-1.68,0.0,0.0,0.0,2.4205378973105134,0.2200488997555012,0.4400977995110024,0.0,0.4400977995110024,0.2200488997555012,0.0
ENG-Premier League,2025-2026,Oliver Scarles,West Ham,"DF,MF",DF,19.0,659.0,-1.1289099039182375,-1.5707933884193268,1.8623844975480284,-1.1289099039182375,-1.5707933884193268,1.8623844975480284,22,1,7,1,5,0,10,0,0.0,0.40971168437025796,0.0,0.0,0.0,,0.0,0.0,0.85,1.0925644916540211,2.1851289833080423,-1.0925644916540211,-0.73,0.2731411229135053,0.0,0.0,0.9559939301972686,0.9559939301972686,0.13657056145675264,4.7799696509863425,1.7754172989377845,2.5948406676783002,0.0
ENG-Premier League,2025-2026,Pablo,West Ham,"MF,FW",MF,21.0,823.0,-0.6793373015746119,0.2037183369867557,0.5787517920473425,-0.6793373015746119,0.2037183369867557,0.5787517920473425,23,0,8,0,5,0,10,0,0.0,1.3122721749696233,0.32806804374240583,25.0,0.0,0.0,0.0,0.0,1.43,1.3122721749696233,1.3122721749696233,0.0,0.66,0.0,0.0,0.0,2.5151883353584448,0.8748481166464156,0.0,0.5467800729040098,0.5467800729040098,1.5309842041312272,0.0
ENG-Premier League,2025-2026,Soungoutou Magassa,West Ham,MF,MF,21.0,981.0,-0.11158426034045003,-1.6665435084617903,1.968563744445302,-0.11158426034045003,-1.6665435084617903,1.968563744445302,23,0,8,0,5,0,10,0,0.09174311926605505,0.6422018348623854,0.1834862385321101,28.57142857142857,0.14285714285714285,0.5,0.0,0.0,0.73,1.0091743119266054,2.110091743119266,-1.1009174311926606,-0.84,0.3669724770642202,0.0,0.0,1.5596330275229358,1.5596330275229358,0.0,0.8256880733944955,1.5596330275229358,2.110091743119266,0.0
ENG-Premier League,2025-2026,Tomáš Souček,West Ham,MF,MF,30.0,2200.0,0.6393244027512818,-0.4459066677408952,0.288921278478196,0.6393244027512818,-0.4459066677408952,0.288921278478196,23,0,8,0,5,0,10,0,0.20454545454545456,1.0636363636363637,0.5727272727272728,53.84615384615385,0.19230769230769232,0.35714285714285715,0.0,0.0,1.09,1.309090909090909,1.6772727272727272,-0.36818181818181817,0.37,0.12272727272727273,0.04090909090909091,0.0,1.5136363636363637,0.9,0.20454545454545456,0.5727272727272728,0.6545454545454545,0.9409090909090909,0.0
ENG-Premier League,2025-2026,Valentín Castellanos,West Ham,FW,FW,26.0,1384.0,1.553712662075454,0.6658723028175797,0.377770369272933,1.553712662075454,0.6658723028175797,0.377770369272933,23,0,8,0,5,0,10,0,0.3901734104046243,3.2514450867052025,1.430635838150289,44.0,0.12,0.2727272727272727,0.0,0.0,1.39,1.365606936416185,1.0404624277456647,0.32514450867052025,1.39,0.3901734104046243,0.0,0.0,2.0809248554913293,1.0404624277456647,0.5852601156069365,0.5852601156069365,0.3901734104046243,0.5852601156069365,0.0
ENG-Premier League,2025-2026,Adam Armstrong,Wolves,"FW,MF",FW,28.0,1140.0,0.9804964076749593,-1.1340198837959559,-1.0609929848995916,0.9804964076749593,-1.1340198837959559,-1.0609929848995916,23,0,8,0,5,0,10,0,0.15789473684210525,1.4210526315789473,0.47368421052631576,33.33333333333333,0.1111111111111111,0.3333333333333333,0.07894736842105263,0.07894736842105263,0.86,0.7105263157894737,1.5789473684210527,-0.868421052631579,0.32,0.23684210526315788,0.0,0.0,0.9473684210526315,0.23684210526315788,0.39473684210526316,0.39473684210526316,0.07894736842105263,0.3157894736842105,0.0
ENG-Premier League,2025-2026,André,Wolves,MF,MF,24.0,2762.0,-0.41577816711247984,-1.6776174911540374,1.1052587422960594,-0.41577816711247984,-1.6776174911540374,1.1052587422960594,23,0,8,0,5,0,10,0,0.03258508327299059,0.4887762490948588,0.03258508327299059,6.666666666666667,0.06666666666666667,1.0,0.0,0.0,0.51,0.6191165821868212,1.727009413468501,-1.10789283128168,-0.15,0.391020999275887,0.0,0.0,1.5314989138305575,1.4011585807385951,0.0,1.3034033309196236,0.8146270818247646,1.3685734974656045,0.0
ENG-Premier League,2025-2026,Angel Gomes,Wolves,"MF,FW",MF,24.0,461.0,-0.5944633916581972,-1.0002839885003156,0.22183667390894707,-0.5944633916581972,-1.0002839885003156,0.22183667390894707,23,0,8,0,5,0,10,0,0.0,1.1713665943600868,0.39045553145336226,33.33333333333333,0.0,0.0,0.0,0.0,0.92,0.7809110629067245,1.561822125813449,-0.7809110629067245,0.34,0.19522776572668113,0.0,0.0,1.3665943600867678,1.7570498915401302,0.0,2.3427331887201737,0.19522776572668113,0.9761388286334056,0.0
ENG-Premier League,2025-2026,David Møller Wolfe,Wolves,"MF,DF",MF,23.0,1049.0,-1.1606800317096304,-2.1390622224222,-0.8096945407021714,-1.1606800317096304,-2.1390622224222,-0.8096945407021714,22,1,7,1,5,0,10,0,0.0,0.25738798856053385,0.0,0.0,0.0,,0.0,0.0,0.5,0.5147759771210677,1.9733079122974262,-1.4585319351763584,-0.55,0.08579599618684461,0.0,0.0,0.8579599618684461,0.34318398474737843,0.0,2.7454718779790275,0.6005719733079123,0.42897998093422307,0.0
ENG-Premier League,2025-2026,Emmanuel Agbadou,Wolves,DF,DF,28.0,1101.0,-0.7822321036350564,-2.6955115245516095,0.8149679867748284,-0.7822321036350564,-2.6955115245516095,0.8149679867748284,23,0,8,0,5,0,10,0,0.0,0.8174386920980926,0.2452316076294278,30.0,0.0,0.0,0.0,0.0,0.14,0.4904632152588556,2.20708446866485,-1.7166212534059946,-0.9400000000000001,0.08174386920980926,0.08174386920980926,0.0,0.8174386920980926,0.4087193460490463,0.08174386920980926,1.0626702997275204,1.1444141689373297,1.7166212534059946,0.0
ENG-Premier League,2025-2026,Hugo Bueno,Wolves,"MF,DF",MF,22.0,2366.0,-0.4668209812999274,-1.310027559935684,0.39079670018363744,-0.4668209812999274,-1.310027559935684,0.39079670018363744,23,0,8,0,5,0,10,0,0.03803888419273035,0.6086221470836856,0.22823330515638207,37.5,0.0625,0.16666666666666666,0.0,0.0,0.57,0.760777683854607,1.6737109044801353,-0.9129332206255283,0.54,0.11411665257819104,0.0,0.0,0.6466610312764159,0.9129332206255283,0.11411665257819104,6.314454775993237,1.2552831783601015,1.331360946745562,0.0
ENG-Premier League,2025-2026,Hwang Hee-chan,Wolves,"FW,MF",FW,29.0,1446.0,0.6263160914984393,-1.8390518172377324,0.0993090073362617,0.6263160914984393,-1.8390518172377324,0.0993090073362617,23,0,8,0,5,0,10,0,0.12448132780082988,1.1825726141078838,0.37344398340248963,31.57894736842105,0.10526315789473684,0.3333333333333333,0.06224066390041494,0.06224066390041494,0.38,0.6224066390041494,1.8049792531120332,-1.1825726141078838,-0.18,0.3112033195020747,0.0,0.0,1.7427385892116183,1.120331950207469,0.5601659751037344,1.1825726141078838,0.7468879668049793,0.24896265560165975,0.0
ENG-Premier League,2025-2026,Jackson Tchatchoua,Wolves,"MF,DF",MF,23.0,1845.0,-1.0021316688378517,-1.4462362963955746,-0.6046165823480865,-1.0021316688378517,-1.4462362963955746,-0.6046165823480865,23,0,8,0,5,0,10,0,0.0,0.14634146341463414,0.04878048780487805,33.33333333333333,0.0,0.0,0.0,0.0,0.55,0.8292682926829268,1.8048780487804879,-0.975609756097561,0.22,0.14634146341463414,0.0,0.0,0.3902439024390244,0.43902439024390244,0.0975609756097561,4.390243902439025,0.6829268292682927,0.7317073170731707,0.0
ENG-Premier League,2025-2026,Jean-Ricner Bellegarde,Wolves,"MF,FW",MF,27.0,1248.0,-0.15704386886325236,-2.1485319466435446,1.2643130281400097,-0.15704386886325236,-2.1485319466435446,1.2643130281400097,23,0,8,0,5,0,10,0,0.07211538461538461,1.5144230769230769,0.5048076923076923,33.33333333333333,0.047619047619047616,0.14285714285714285,0.0,0.0,0.46,0.7211538461538461,2.1634615384615383,-1.4423076923076923,-0.57,0.3605769230769231,0.0,0.0,1.4423076923076923,2.956730769230769,0.0,1.8028846153846154,0.6490384615384616,1.0817307692307692,0.0
ENG-Premier League,2025-2026,Jhon Arias,Wolves,"FW,MF",FW,27.0,1124.0,-0.3382530854664539,-1.3339631111445462,0.9020246532649051,-0.3382530854664539,-1.3339631111445462,0.9020246532649051,23,0,8,0,5,0,10,0,0.0800711743772242,1.2811387900355873,0.2402135231316726,18.75,0.0625,0.3333333333333333,0.0,0.0,0.35,0.8807829181494662,1.6814946619217082,-0.800711743772242,0.41,0.0800711743772242,0.0,0.0,2.0818505338078293,0.7206405693950177,0.2402135231316726,2.402135231316726,0.5604982206405694,2.1619217081850532,0.0
ENG-Premier League,2025-2026,José Sá,Wolves,GK,GK,32.0,2070.0,-0.7450639783823682,-0.967050421470507,-1.9943427028476974,-0.7450639783823682,-0.967050421470507,-1.9943427028476974,20,3,5,3,5,0,10,0,0.0,0.0,0.0,,,,0.0,0.0,0.74,0.8695652173913043,1.608695652173913,-0.7391304347826086,0.86,0.08695652173913043,0.0,0.0,0.0,0.2608695652173913,0.0,0.0,0.0,0.0,0.0
ENG-Premier League,2025-2026,João Gomes,Wolves,MF,MF,24.0,2829.0,-0.5229499011575447,-1.6927006722494857,1.999642826078767,-0.5229499011575447,-1.6927006722494857,1.999642826078767,23,0,8,0,5,0,10,0,0.031813361611876985,0.6044538706256628,0.22269353128313893,36.84210526315789,0.05263157894736842,0.14285714285714285,0.0,0.0,0.51,0.6680805938494168,1.7815482502651114,-1.1134676564156947,-0.2,0.3181336161187699,0.0,0.0,2.1951219512195124,1.5588547189819724,0.031813361611876985,0.9862142099681867,1.1452810180275717,2.1633085896076354,0.0
ENG-Premier League,2025-2026,Ki-Jana Hoever,Wolves,"MF,DF",MF,23.0,425.0,-0.26511021942246993,-3.2620023958797653,0.48003243769202736,-0.26511021942246993,-3.2620023958797653,0.48003243769202736,23,0,8,0,5,0,10,0,0.0,0.21176470588235294,0.21176470588235294,100.0,0.0,0.0,0.0,0.0,0.0,0.6352941176470588,2.7529411764705882,-2.1176470588235294,-1.19,0.0,0.0,0.0,0.6352941176470588,0.6352941176470588,0.21176470588235294,4.658823529411765,1.0588235294117647,2.3294117647058825,0.0
ENG-Premier League,2025-2026,Ladislav Krejčí,Wolves,"DF,MF",DF,26.0,2356.0,-0.09061182542154936,-1.3806843774732924,0.8242034581991319,-0.09061182542154936,-1.3806843774732924,0.8242034581991319,23,0,8,0,5,0,10,0,0.07640067911714771,0.8022071307300509,0.38200339558573854,47.61904761904761,0.09523809523809523,0.2,0.0,0.0,0.57,0.7640067911714771,1.7190152801358234,-0.9550084889643463,0.4,0.19100169779286927,0.038200339558573854,0.038200339558573854,1.2606112054329373,0.267402376910017,0.0,0.6494057724957555,1.2224108658743633,0.8022071307300509,0.038200339558573854
ENG-Premier League,2025-2026,Marshall Munetsi,Wolves,"MF,FW",MF,29.0,875.0,0.09648755912250134,-2.169565564379098,0.5628232045019902,0.09648755912250134,-2.169565564379098,0.5628232045019902,23,0,8,0,5,0,10,0,0.10285714285714286,1.44,0.6171428571428571,42.857142857142854,0.07142857142857142,0.16666666666666666,0.0,0.0,0.15,0.6171428571428571,1.9542857142857142,-1.3371428571428572,-0.35,0.2057142857142857,0.0,0.0,1.9542857142857142,1.0285714285714285,0.4114285714285714,1.44,0.5142857142857142,1.3371428571428572,0.0
ENG-Premier League,2025-2026,Mateus Mane,Wolves,MF,MF,17.0,1795.0,0.4266447097689342,-0.9773331846645031,-0.07624928530613723,0.4266447097689342,-0.9773331846645031,-0.07624928530613723,23,0,8,0,5,0,10,0,0.15041782729805014,2.0557103064066853,0.8523676880222841,41.46341463414634,0.07317073170731707,0.17647058823529413,0.0,0.0,0.67,0.8022284122562674,1.5041782729805013,-0.7019498607242339,0.7899999999999999,0.0,0.0,0.0,1.3036211699164346,2.3565459610027855,0.10027855153203342,4.713091922005571,0.25069637883008355,0.6518105849582173,0.0
ENG-Premier League,2025-2026,Matt Doherty,Wolves,"DF,MF",DF,33.0,787.0,-1.1428083126720443,-2.1932982498520808,0.8442941167075526,-1.1428083126720443,-2.1932982498520808,0.8442941167075526,22,1,7,1,5,0,10,0,0.0,0.34307496823379924,0.0,0.0,0.0,,0.0,0.0,0.45000000000000007,0.22871664548919948,1.7153748411689962,-1.4866581956797966,-0.53,0.45743329097839897,0.0,0.0,1.8297331639135959,0.6861499364675985,0.0,0.9148665819567979,0.8005082592121983,0.9148665819567979,0.0
ENG-Premier League,2025-2026,Rodrigo Gomes,Wolves,"MF,FW",MF,22.0,960.0,0.6767618805023967,-0.8826745532150106,-0.06489427645259671,0.6767618805023967,-0.8826745532150106,-0.06489427645259671,23,0,8,0,5,0,10,0,0.28125,1.875,0.5625,30.0,0.15,0.5,0.0,0.0,0.59,1.125,1.6875,-0.5625,0.72,0.0,0.0,0.0,0.5625,0.75,0.28125,2.25,1.03125,1.6875,0.0
ENG-Premier League,2025-2026,Sam Johnstone,Wolves,GK,GK,32.0,1080.0,-0.7450639783823682,-2.384017924401372,-2.4117691295493175,-0.7450639783823682,-2.384017924401372,-2.4117691295493175,20,3,5,3,5,0,10,0,0.0,0.0,0.0,,,,0.0,0.0,0.17,0.5,2.0,-1.5,-0.62,0.0,0.0,0.0,0.0,0.0,0.0,0.0,0.0,0.08333333333333333,0.08333333333333333
ENG-Premier League,2025-2026,Santiago Bueno,Wolves,DF,DF,26.0,2553.0,0.6000669539287041,-1.1198606041417496,-0.1601444840799437,0.6000669539287041,-1.1198606041417496,-0.1601444840799437,23,0,8,0,5,0,10,0,0.10575793184488837,0.3525264394829612,0.24676850763807284,70.0,0.3,0.42857142857142855,0.0,0.0,0.66,0.8108108108108109,1.6568742655699178,-0.8460634547591069,0.92,0.1410105757931845,0.0,0.0,1.0223266745005875,0.38777908343125733,0.07050528789659224,0.21151586368977673,0.9518213866039953,1.0575793184488838,0.0
ENG-Premier League,2025-2026,Tolu Arokodare,Wolves,FW,FW,24.0,1419.0,0.9796734258226099,-1.12113565642497,-0.9529547736794002,0.9796734258226099,-1.12113565642497,-0.9529547736794002,23,0,8,0,5,0,10,0,0.19027484143763213,2.9175475687103596,1.014799154334038,34.78260869565217,0.06521739130434782,0.1875,0.0,0.06342494714587738,0.61,1.014799154334038,1.7758985200845665,-0.7610993657505285,0.54,0.06342494714587738,0.0,0.0,1.1416490486257929,1.0782241014799154,0.38054968287526425,0.0,0.3171247357293869,0.2536997885835095,0.0
ENG-Premier League,2025-2026,Toti Gomes,Wolves,DF,DF,26.0,1424.0,-0.8596076722385365,-2.5172518582944297,-0.019148020179902425,-0.8596076722385365,-2.5172518582944297,-0.019148020179902425,23,0,8,0,5,0,10,0,0.0,0.3160112359550562,0.12640449438202248,40.0,0.0,0.0,0.0,0.0,0.32,0.44241573033707865,2.085674157303371,-1.6432584269662922,-0.97,0.12640449438202248,0.06320224719101124,0.0,0.6952247191011236,0.6952247191011236,0.0,0.6952247191011236,0.8216292134831461,0.6952247191011236,0.0
ENG-Premier League,2025-2026,Yerson Mosquera,Wolves,DF,DF,24.0,2136.0,-0.7794177645633492,-1.0784023491826449,1.3996178217592645,-0.7794177645633492,-1.0784023491826449,1.3996178217592645,23,0,8,0,5,0,10,0,0.0,1.2640449438202248,0.25280898876404495,20.0,0.0,0.0,0.0,0.0,0.7,0.8848314606741573,1.6853932584269662,-0.800561797752809,0.74,0.5056179775280899,0.0,0.0,1.4325842696629214,1.853932584269663,0.042134831460674156,0.7584269662921348,1.053370786516854,1.5168539325842696,0.08426966292134831
