player;team;season;league;fbref_standard_nation;fbref_standard_pos;fbref_standard_age;fbref_standard_born;fbref_standard_playing_time_mp;fbref_standard_playing_time_starts;fbref_standard_playing_time_min;fbref_standard_playing_time_90s;fbref_standard_performance_gls;fbref_standard_performance_ast;fbref_standard_performance_g_plus_a;fbref_standard_performance_g_pk;fbref_standard_performance_pk;fbref_standard_performance_pkatt;fbref_standard_performance_crdy;fbref_standard_performance_crdr;fbref_standard_per_90_minutes_gls;fbref_standard_per_90_minutes_ast;fbref_standard_per_90_minutes_g_plus_a;fbref_standard_per_90_minutes_g_pk;fbref_standard_per_90_minutes_g_plus_a_pk;fbref_shooting_nation;fbref_shooting_pos;fbref_shooting_age;fbref_shooting_born;fbref_shooting_90s;fbref_shooting_standard_gls;fbref_shooting_standard_sh;fbref_shooting_standard_sot;fbref_shooting_standard_sotpct;fbref_shooting_standard_sh_per_90;fbref_shooting_standard_sot_per_90;fbref_shooting_standard_g_per_sh;fbref_shooting_standard_g_per_sot;fbref_shooting_standard_pk;fbref_shooting_standard_pkatt;fbref_playing_time_nation;fbref_playing_time_pos;fbref_playing_time_age;fbref_playing_time_born;fbref_playing_time_playing_time_mp;fbref_playing_time_playing_time_min;fbref_playing_time_playing_time_mn_per_mp;fbref_playing_time_playing_time_minpct;fbref_playing_time_playing_time_90s;fbref_playing_time_starts_starts;fbref_playing_time_starts_mn_per_start;fbref_playing_time_starts_compl;fbref_playing_time_subs_subs;fbref_playing_time_subs_mn_per_sub;fbref_playing_time_subs_unsub;fbref_playing_time_team_success_ppm;fbref_playing_time_team_success_ong;fbref_playing_time_team_success_onga;fbref_playing_time_team_success_plus_minus;fbref_playing_time_team_success_plus_minus90;fbref_playing_time_team_success_on_off;fbref_misc_nation;fbref_misc_pos;fbref_misc_age;fbref_misc_born;fbref_misc_90s;fbref_misc_performance_crdy;fbref_misc_performance_crdr;fbref_misc_performance_2crdy;fbref_misc_performance_fls;fbref_misc_performance_fld;fbref_misc_performance_off;fbref_misc_performance_crs;fbref_misc_performance_int;fbref_misc_performance_tklw;fbref_misc_performance_og;fbref_keeper_nation;fbref_keeper_pos;fbref_keeper_age;fbref_keeper_born;fbref_keeper_playing_time_mp;fbref_keeper_playing_time_starts;fbref_keeper_playing_time_min;fbref_keeper_playing_time_90s;fbref_keeper_performance_ga;fbref_keeper_performance_ga90;fbref_keeper_performance_sota;fbref_keeper_performance_saves;fbref_keeper_performance_savepct;fbref_keeper_performance_w;fbref_keeper_performance_d;fbref_keeper_performance_l;fbref_keeper_performance_cs;fbref_keeper_performance_cspct;fbref_keeper_penalty_kicks_pkatt;fbref_keeper_penalty_kicks_pka;fbref_keeper_penalty_kicks_pksv;fbref_keeper_penalty_kicks_pkm;fbref_keeper_penalty_kicks_savepct
Abde Rebbach;Alavés;2526;ESP-La Liga;ALG;MF,DF;26;1998;30;15;1496;16,6;1;4;5;1;0;0;8;0;0,06;0,24;0,3;0,06;0,3;ALG;MF,DF;26;1998;16,6;1;34;12;35,3;2,05;0,72;0,03;0,08;0;0;ALG;MF,DF;26;1998;30;1496;50;43,7;16,6;15;76;7;15;24;7;1,13;21;21;0;0,0;0,56;ALG;MF,DF;26;1998;16,6;8;0;0;40;30;5;109;16;21;0;;;;;;;;;;;;;;;;;;;;;;;
Aitor Mañas;Alavés;2526;ESP-La Liga;ESP;FW;22;2003;9;0;122;1,4;0;0;0;0;0;0;0;0;0,0;0,0;0,0;0,0;0,0;ESP;FW;22;2003;1,4;0;2;1;50,0;1,48;0,74;0,0;0,0;0;0;ESP;FW;22;2003;9;122;14;3,6;1,4;0;;0;9;14;10;1,0;2;3;-1;-0,74;-0,44;ESP;FW;22;2003;1,4;0;0;0;2;1;0;0;1;2;0;;;;;;;;;;;;;;;;;;;;;;;
Ander Guevara;Alavés;2526;ESP-La Liga;ESP;MF;28;1997;25;2;654;7,3;1;1;2;1;0;0;4;1;0,14;0,14;0,28;0,14;0,28;ESP;MF;28;1997;7,3;1;5;1;20,0;0,69;0,14;0,2;1,0;0;0;ESP;MF;28;1997;25;654;26;19,1;7,3;2;83;1;23;21;12;1,0;15;14;1;0,14;0,56;ESP;MF;28;1997;7,3;4;1;1;11;5;0;6;9;8;0;;;;;;;;;;;;;;;;;;;;;;;
Antonio Blanco;Alavés;2526;ESP-La Liga;ESP;MF;25;2000;36;36;3110;34,6;2;3;5;2;0;0;9;0;0,06;0,09;0,14;0,06;0,14;ESP;MF;25;2000;34,6;2;40;13;32,5;1,16;0,38;0,05;0,15;0;0;ESP;MF;25;2000;36;3110;86;90,9;34,6;36;86;28;0;;1;1,08;36;52;-16;-0,46;-1,62;ESP;MF;25;2000;34,6;9;0;0;71;43;2;30;51;49;0;;;;;;;;;;;;;;;;;;;;;;;
Antonio Sivera;Alavés;2526;ESP-La Liga;ESP;GK;28;1996;38;38;3420;38,0;0;0;0;0;0;0;3;0;0,0;0,0;0,0;0,0;0,0;ESP;GK;28;1996;38,0;0;0;0;;0,0;0,0;;;0;0;ESP;GK;28;1996;38;3420;90;100,0;38,0;38;90;38;0;;0;1,13;44;56;-12;-0,32;;ESP;GK;28;1996;38,0;3;0;0;1;1;0;0;0;1;1;ESP;GK;28;1996;38;38;3420;38,0;56;1,47;153;97;63,4;11;10;17;5;13,2;5;5;0;0;0,0
Calebe;Alavés;2526;ESP-La Liga;BRA;MF;25;2000;19;13;752;8,4;0;0;0;0;0;0;2;0;0,0;0,0;0,0;0,0;0,0;BRA;MF;25;2000;8,4;0;5;1;20,0;0,6;0,12;0,0;0,0;0;0;BRA;MF;25;2000;19;752;40;22,0;8,4;13;52;0;6;13;18;1,21;8;8;0;0,0;0,4;BRA;MF;25;2000;8,4;2;0;0;18;19;0;16;9;14;0;;;;;;;;;;;;;;;;;;;;;;;
Carles Aleñá;Alavés;2526;ESP-La Liga;ESP;MF;27;1998;34;23;1989;22,1;0;4;4;0;0;0;5;0;0,0;0,18;0,18;0,0;0,18;ESP;MF;27;1998;22,1;0;29;5;17,2;1,31;0,23;0,0;0,0;0;0;ESP;MF;27;1998;34;1989;59;58,2;22,1;23;73;4;11;27;3;1,06;23;35;-12;-0,54;-0,54;ESP;MF;27;1998;22,1;5;0;0;38;36;1;121;12;24;0;;;;;;;;;;;;;;;;;;;;;;;
Carlos Ballestero;Alavés;2526;ESP-La Liga;ESP;DF;21;2004;1;0;1;0,0;0;0;0;0;0;0;0;0;0,0;0,0;0,0;0,0;0,0;ESP;DF;21;2004;0,0;0;0;0;;0,0;0,0;;;0;0;ESP;DF;21;2004;1;1;1;0,0;0,0;0;;0;1;1;8;1,0;0;1;-1;-90,0;-89,71;ESP;DF;21;2004;0,0;0;0;0;0;0;0;0;0;0;0;;;;;;;;;;;;;;;;;;;;;;;
Carlos Benavídez;Alavés;2526;ESP-La Liga;URU;DF;27;1998;13;3;324;3,6;0;0;0;0;0;0;2;1;0,0;0,0;0,0;0,0;0,0;URU;DF;27;1998;3,6;0;3;2;66,7;0,83;0,56;0,0;0,0;0;0;URU;DF;27;1998;13;324;25;9,5;3,6;3;55;1;10;16;14;1,62;5;6;-1;-0,28;0,04;URU;DF;27;1998;3,6;2;1;1;8;2;0;1;3;6;0;;;;;;;;;;;;;;;;;;;;;;;
Carlos Vicente;Alavés;2526;ESP-La Liga;ESP;MF;26;1999;21;11;1258;14,0;5;0;5;2;3;3;1;0;0,36;0,0;0,36;0,14;0,14;ESP;MF;26;1999;14,0;5;12;6;50,0;0,86;0,43;0,42;0,83;3;3;ESP;MF;26;1999;21;1258;60;36,8;14,0;11;79;6;10;39;0;1,05;12;19;-7;-0,5;-0,29;ESP;MF;26;1999;14,0;1;0;0;12;42;10;128;7;18;0;;;;;;;;;;;;;;;;;;;;;;;
Denis Suárez;Alavés;2526;ESP-La Liga;ESP;MF;31;1994;30;15;1406;15,6;1;2;3;1;0;0;6;0;0,06;0,13;0,19;0,06;0,19;ESP;MF;31;1994;15,6;1;9;4;44,4;0,58;0,26;0,11;0,25;0;0;ESP;MF;31;1994;30;1406;47;41,1;15,6;15;69;0;15;24;2;1,07;21;21;0;0,0;0,54;ESP;MF;31;1994;15,6;6;0;0;20;26;0;41;7;12;0;;;;;;;;;;;;;;;;;;;;;;;
Diego Morcillo;Alavés;2526;ESP-La Liga;ESP;FW;22;2003;1;0;10;0,1;0;0;0;0;0;0;0;0;0,0;0,0;0,0;0,0;0,0;ESP;FW;22;2003;0,1;0;1;0;0,0;9,0;0,0;0,0;;0;0;ESP;FW;22;2003;1;10;10;0,3;0,1;0;;0;1;10;5;0,0;0;0;0;0,0;0,32;ESP;FW;22;2003;0,1;0;0;0;1;1;0;1;0;0;0;;;;;;;;;;;;;;;;;;;;;;;
Egoitz Muñoz;Alavés;2526;ESP-La Liga;;;;;;;;;;;;;;;;;;;;;;;;;;;;;;;;;;;;;ESP;DF;20;2005;0;;;;;0;;0;0;;8;;;;;;;;;;;;;;;;;;;;;;;;;;;;;;;;;;;;;;;;;;;;
Facundo Garcés;Alavés;2526;ESP-La Liga;MAS;DF;25;1999;10;8;793;8,8;0;0;0;0;0;0;3;0;0,0;0,0;0,0;0,0;0,0;MAS;DF;25;1999;8,8;0;8;4;50,0;0,91;0,45;0,0;0,0;0;0;MAS;DF;25;1999;10;793;79;23,2;8,8;8;90;8;2;37;1;1,2;8;11;-3;-0,34;-0,03;MAS;DF;25;1999;8,8;3;0;0;13;3;2;1;7;8;0;;;;;;;;;;;;;;;;;;;;;;;
Grégoire Swiderski;Alavés;2526;ESP-La Liga;;;;;;;;;;;;;;;;;;;;;;;;;;;;;;;;;;;;;CAN;GK;19;2005;0;;;;;0;;0;0;;13;;;;;;;;;;;;;;;;;;;;;;;;;;;;;;;;;;;;;;;;;;;;
Ibrahim Diabaté;Alavés;2526;ESP-La Liga;CIV;FW;25;1999;10;6;578;6,4;2;0;2;2;0;0;1;0;0,31;0,0;0,31;0,31;0,31;CIV;FW;25;1999;6,4;2;15;5;33,3;2,34;0,78;0,13;0,4;0;0;CIV;FW;25;1999;10;578;58;16,9;6,4;6;69;0;4;41;4;1,5;14;8;6;0,93;1,5;CIV;FW;25;1999;6,4;1;0;0;6;5;3;0;2;1;0;;;;;;;;;;;;;;;;;;;;;;;
Izei Hernandez;Alavés;2526;ESP-La Liga;;;;;;;;;;;;;;;;;;;;;;;;;;;;;;;;;;;;;ESP;FW;18;2007;0;;;;;0;;0;0;;2;;;;;;;;;;;;;;;;;;;;;;;;;;;;;;;;;;;;;;;;;;;;
Jon Guridi;Alavés;2526;ESP-La Liga;ESP;MF,FW;30;1995;28;15;1238;13,8;0;0;0;0;0;0;1;0;0,0;0,0;0,0;0,0;0,0;ESP;MF,FW;30;1995;13,8;0;15;4;26,7;1,09;0,29;0,0;0,0;0;0;ESP;MF,FW;30;1995;28;1238;44;36,2;13,8;15;66;1;13;19;9;1,11;15;25;-10;-0,73;-0,64;ESP;MF,FW;30;1995;13,8;1;0;0;15;8;2;12;10;19;0;;;;;;;;;;;;;;;;;;;;;;;
Jon Pacheco;Alavés;2526;ESP-La Liga;ESP;DF;24;2001;22;20;1735;19,3;0;0;0;0;0;0;5;1;0,0;0,0;0,0;0,0;0,0;ESP;DF;24;2001;19,3;0;4;1;25,0;0,21;0,05;0,0;0,0;0;0;ESP;DF;24;2001;22;1735;79;50,7;19,3;20;85;17;2;13;11;1,14;17;29;-12;-0,62;-0,62;ESP;DF;24;2001;19,3;5;1;1;14;7;1;4;11;16;0;;;;;;;;;;;;;;;;;;;;;;;
Jonny Castro;Alavés;2526;ESP-La Liga;ESP;DF;31;1994;34;34;2994;33,3;0;0;0;0;0;0;7;0;0,0;0,0;0,0;0,0;0,0;ESP;DF;31;1994;33,3;0;9;3;33,3;0,27;0,09;0,0;0,0;0;0;ESP;DF;31;1994;34;2994;88;87,5;33,3;34;88;30;0;;3;1,06;39;52;-13;-0,39;-0,6;ESP;DF;31;1994;33,3;7;0;0;37;30;1;23;40;41;0;;;;;;;;;;;;;;;;;;;;;;;
Lander Pinillos;Alavés;2526;ESP-La Liga;ESP;MF;21;2003;1;0;2;0,0;0;0;0;0;0;0;0;0;0,0;0,0;0,0;0,0;0,0;ESP;MF;21;2003;0,0;0;0;0;;0,0;0,0;;;0;0;ESP;MF;21;2003;1;2;2;0,1;0,0;0;;0;1;2;7;0,0;0;0;0;0,0;0,32;ESP;MF;21;2003;0,0;0;0;0;0;0;0;1;0;0;0;;;;;;;;;;;;;;;;;;;;;;;
Lucas Boyé;Alavés;2526;ESP-La Liga;ARG;FW;29;1996;29;22;1958;21,8;11;1;12;8;3;3;4;1;0,51;0,05;0,55;0,37;0,41;ARG;FW;29;1996;21,8;11;63;21;33,3;2,9;0,97;0,17;0,52;3;3;ARG;FW;29;1996;29;1958;68;57,3;21,8;22;80;15;7;27;0;1,21;25;32;-7;-0,32;-0,01;ARG;FW;29;1996;21,8;4;1;1;58;39;10;10;7;25;0;;;;;;;;;;;;;;;;;;;;;;;
Mariano;Alavés;2526;ESP-La Liga;DOM;FW;31;1993;10;3;288;3,2;0;0;0;0;0;0;1;0;0,0;0,0;0,0;0,0;0,0;DOM;FW;31;1993;3,2;0;6;3;50,0;1,87;0,94;0,0;0,0;0;0;DOM;FW;31;1993;10;288;29;8,4;3,2;3;56;0;7;17;17;0,8;2;4;-2;-0,62;-0,34;DOM;FW;31;1993;3,2;1;0;0;13;0;6;3;0;1;0;;;;;;;;;;;;;;;;;;;;;;;
Moussa Diarra;Alavés;2526;ESP-La Liga;MLI;DF;24;2000;3;3;216;2,4;0;0;0;0;0;0;1;0;0,0;0,0;0,0;0,0;0,0;MLI;DF;24;2000;2,4;0;0;0;;0,0;0,0;;;0;0;MLI;DF;24;2000;3;216;72;6,3;2,4;3;72;0;0;;11;1,33;3;3;0;0,0;0,34;MLI;DF;24;2000;2,4;1;0;0;4;1;0;1;1;2;0;;;;;;;;;;;;;;;;;;;;;;;
Nahuel Tenaglia;Alavés;2526;ESP-La Liga;ARG;DF;29;1996;36;36;3239;36,0;2;0;2;2;0;0;3;0;0,06;0,0;0,06;0,06;0,06;ARG;DF;29;1996;36,0;2;24;8;33,3;0,67;0,22;0,08;0,25;0;0;ARG;DF;29;1996;36;3239;90;94,7;36,0;36;90;35;0;;2;1,08;41;53;-12;-0,33;-0,33;ARG;DF;29;1996;36,0;3;0;0;31;42;5;17;47;43;0;;;;;;;;;;;;;;;;;;;;;;;
Nikola Maraš;Alavés;2526;ESP-La Liga;;;;;;;;;;;;;;;;;;;;;;;;;;;;;;;;;;;;;SRB;DF;29;1995;0;;;;;0;;0;0;;1;;;;;;;;;;;;;;;;;;;;;;;;;;;;;;;;;;;;;;;;;;;;
Pablo Ibáñez;Alavés;2526;ESP-La Liga;ESP;MF;26;1998;37;28;2236;24,8;1;1;2;1;0;0;7;0;0,04;0,04;0,08;0,04;0,08;ESP;MF;26;1998;24,8;1;47;13;27,7;1,89;0,52;0,02;0,08;0;0;ESP;MF;26;1998;37;2236;60;65,4;24,8;28;71;6;9;27;0;1,16;22;33;-11;-0,44;-0,37;ESP;MF;26;1998;24,8;7;0;0;38;66;3;38;21;37;0;;;;;;;;;;;;;;;;;;;;;;;
Paco Sanz;Alavés;2526;ESP-La Liga;;;;;;;;;;;;;;;;;;;;;;;;;;;;;;;;;;;;;ESP;DF;20;2004;0;;;;;0;;0;0;;1;;;;;;;;;;;;;;;;;;;;;;;;;;;;;;;;;;;;;;;;;;;;
Raúl Fernández;Alavés;2526;ESP-La Liga;;;;;;;;;;;;;;;;;;;;;;;;;;;;;;;;;;;;;ESP;GK;37;1988;0;;;;;0;;0;0;;38;;;;;;;;;;;;;;;;;;;;;;;;;;;;;;;;;;;;;;;;;;;;
Rubén Montero;Alavés;2526;ESP-La Liga;;;;;;;;;;;;;;;;;;;;;;;;;;;;;;;;;;;;;ESP;GK;19;2005;0;;;;;0;;0;0;;7;;;;;;;;;;;;;;;;;;;;;;;;;;;;;;;;;;;;;;;;;;;;
Toni Martínez;Alavés;2526;ESP-La Liga;ESP;FW;28;1997;37;32;2714;30,2;14;3;17;13;1;1;2;0;0,46;0,1;0,56;0,43;0,53;ESP;FW;28;1997;30,2;14;93;36;38,7;3,08;1,19;0,15;0,39;1;1;ESP;FW;28;1997;37;2714;73;79,4;30,2;32;80;12;5;28;1;1,08;40;41;-1;-0,03;1,37;ESP;FW;28;1997;30,2;2;0;0;46;37;13;14;4;15;0;;;;;;;;;;;;;;;;;;;;;;;
Victor Parada;Alavés;2526;ESP-La Liga;ESP;DF;23;2002;30;25;2146;23,8;0;3;3;0;0;0;9;1;0,0;0,13;0,13;0,0;0,13;ESP;DF;23;2002;23,8;0;12;3;25,0;0,5;0,13;0,0;0,0;0;0;ESP;DF;23;2002;30;2146;72;62,7;23,8;25;82;15;5;18;6;1,23;30;38;-8;-0,34;-0,05;ESP;DF;23;2002;23,8;9;1;1;29;15;4;31;9;14;0;;;;;;;;;;;;;;;;;;;;;;;
Ville Koski;Alavés;2526;ESP-La Liga;FIN;DF;23;2002;5;3;282;3,1;0;0;0;0;0;0;0;0;0,0;0,0;0,0;0,0;0,0;FIN;DF;23;2002;3,1;0;1;1;100,0;0,32;0,32;0,0;0,0;0;0;FIN;DF;23;2002;5;282;56;8,2;3,1;3;90;3;2;6;7;2,0;3;3;0;0,0;0,34;FIN;DF;23;2002;3,1;0;0;0;2;0;0;0;4;3;0;;;;;;;;;;;;;;;;;;;;;;;
Xanet Olaiz;Alavés;2526;ESP-La Liga;;;;;;;;;;;;;;;;;;;;;;;;;;;;;;;;;;;;;ESP;DF;20;2005;0;;;;;0;;0;0;;2;;;;;;;;;;;;;;;;;;;;;;;;;;;;;;;;;;;;;;;;;;;;
Youssef Lekhedim;Alavés;2526;ESP-La Liga;ESP;DF,MF;19;2005;25;13;1335;14,8;0;1;1;0;0;0;7;0;0,0;0,07;0,07;0,0;0,07;ESP;DF,MF;19;2005;14,8;0;11;3;27,3;0,74;0,2;0,0;0,0;0;0;ESP;DF,MF;19;2005;25;1335;53;39,0;14,8;13;83;7;12;21;11;1,15;19;22;-3;-0,2;0,19;ESP;DF,MF;19;2005;14,8;7;0;0;24;13;0;61;12;10;0;;;;;;;;;;;;;;;;;;;;;;;
Ángel Pérez;Alavés;2526;ESP-La Liga;ESP;MF,DF;22;2002;16;14;1288;14,3;1;3;4;1;0;0;4;0;0,07;0,21;0,28;0,07;0,28;ESP;MF,DF;22;2002;14,3;1;14;4;28,6;0,98;0,28;0,07;0,25;0;0;ESP;MF,DF;22;2002;16;1288;81;37,7;14,3;14;88;10;2;30;1;1,13;22;25;-3;-0,21;0,17;ESP;MF,DF;22;2002;14,3;4;0;0;16;17;6;85;9;13;0;;;;;;;;;;;;;;;;;;;;;;;
Adama Boiro;Athletic Club;2526;ESP-La Liga;ESP;DF;23;2002;14;8;815;9,1;0;0;0;0;0;0;1;0;0,0;0,0;0,0;0,0;0,0;ESP;DF;23;2002;9,1;0;2;0;0,0;0,22;0,0;0,0;;0;0;ESP;DF;23;2002;14;815;58;23,8;9,1;8;83;6;6;26;24;0,86;8;20;-12;-1,33;-1,22;ESP;DF;23;2002;9,1;1;0;0;6;11;0;24;18;11;0;;;;;;;;;;;;;;;;;;;;;;;
Aitor Paredes;Athletic Club;2526;ESP-La Liga;ESP;DF;25;2000;19;18;1630;18,1;2;0;2;2;0;0;4;0;0,11;0,0;0,11;0,11;0,11;ESP;DF;25;2000;18,1;2;13;4;30,8;0,72;0,22;0,15;0,5;0;0;ESP;DF;25;2000;19;1630;86;47,7;18,1;18;90;18;1;10;15;1,32;26;28;-2;-0,11;0,54;ESP;DF;25;2000;18,1;4;0;0;19;7;0;1;26;12;0;;;;;;;;;;;;;;;;;;;;;;;
Alejandro Rego;Athletic Club;2526;ESP-La Liga;ESP;MF;22;2003;29;11;1279;14,2;1;1;2;1;0;0;6;0;0,07;0,07;0,14;0,07;0,14;ESP;MF;22;2003;14,2;1;12;3;25,0;0,84;0,21;0,08;0,33;0;0;ESP;MF;22;2003;29;1279;44;37,4;14,2;11;76;5;18;25;7;1,31;20;23;-3;-0,21;0,29;ESP;MF;22;2003;14,2;6;0;0;40;6;0;6;21;20;0;;;;;;;;;;;;;;;;;;;;;;;
Alex Padilla;Athletic Club;2526;ESP-La Liga;ESP;GK;21;2003;1;1;90;1,0;0;0;0;0;0;0;0;1;0,0;0,0;0,0;0,0;0,0;ESP;GK;21;2003;1,0;0;0;0;;0,0;0,0;;;0;0;ESP;GK;21;2003;1;90;90;2,6;1,0;1;90;1;0;;33;1,5;4;4;0;0,0;0,41;ESP;GK;21;2003;1,0;0;1;0;0;0;0;0;0;0;0;ESP;GK;21;2003;1;1;90;1,0;4;4,0;8;4;50,0;0;0;1;0;0,0;0;0;0;0;
Andoni Gorosabel;Athletic Club;2526;ESP-La Liga;ESP;DF;28;1996;24;15;1360;15,1;0;1;1;0;0;0;3;0;0,0;0,07;0,07;0,0;0,07;ESP;DF;28;1996;15,1;0;5;1;20,0;0,33;0,07;0,0;0,0;0;0;ESP;DF;28;1996;24;1360;57;39,8;15,1;15;78;8;9;21;13;1,21;19;26;-7;-0,46;-0,11;ESP;DF;28;1996;15,1;3;0;0;13;12;0;55;18;24;0;;;;;;;;;;;;;;;;;;;;;;;
Asier Hierro;Athletic Club;2526;ESP-La Liga;ESP;FW;20;2005;1;0;34;0,4;0;0;0;0;0;0;0;0;0,0;0,0;0,0;0,0;0,0;ESP;FW;20;2005;0,4;0;1;0;0,0;2,65;0,0;0,0;;0;0;ESP;FW;20;2005;1;34;34;1,0;0,4;0;;0;1;34;2;0,0;0;0;0;0,0;0,4;ESP;FW;20;2005;0,4;0;0;0;0;0;0;0;0;0;0;;;;;;;;;;;;;;;;;;;;;;;
Aymeric Laporte;Athletic Club;2526;ESP-La Liga;ESP;DF;31;1994;25;24;2058;22,9;0;1;1;0;0;0;4;0;0,0;0,04;0,04;0,0;0,04;ESP;DF;31;1994;22,9;0;15;5;33,3;0,66;0,22;0,0;0,0;0;0;ESP;DF;31;1994;25;2058;82;60,2;22,9;24;85;20;1;27;2;1,24;24;35;-11;-0,48;-0,22;ESP;DF;31;1994;22,9;4;0;0;9;13;1;2;27;17;0;;;;;;;;;;;;;;;;;;;;;;;
Beñat Prados;Athletic Club;2526;ESP-La Liga;ESP;MF;24;2001;2;1;85;0,9;0;0;0;0;0;0;1;0;0,0;0,0;0,0;0,0;0,0;ESP;MF;24;2001;0,9;0;1;0;0,0;1,06;0,0;0,0;;0;0;ESP;MF;24;2001;2;85;43;2,5;0,9;1;61;0;1;24;1;3,0;1;0;1;1,06;1,49;ESP;MF;24;2001;0,9;1;0;0;5;0;0;0;2;2;0;;;;;;;;;;;;;;;;;;;;;;;
Daniel Vivian;Athletic Club;2526;ESP-La Liga;ESP;DF;26;1999;31;28;2564;28,5;1;0;1;1;0;0;8;1;0,04;0,0;0,04;0,04;0,04;ESP;DF;26;1999;28,5;1;17;6;35,3;0,6;0,21;0,06;0,17;0;0;ESP;DF;26;1999;31;2564;83;75,0;28,5;28;87;26;3;40;1;1,06;28;44;-16;-0,56;-0,67;ESP;DF;26;1999;28,5;8;1;0;38;17;1;11;34;38;0;;;;;;;;;;;;;;;;;;;;;;;
Eder García;Athletic Club;2526;ESP-La Liga;ESP;FW;21;2004;2;0;38;0,4;0;0;0;0;0;0;1;0;0,0;0,0;0,0;0,0;0,0;ESP;FW;21;2004;0,4;0;1;0;0,0;2,37;0,0;0,0;;0;0;ESP;FW;21;2004;2;38;19;1,1;0,4;0;;0;2;19;3;1,5;1;0;1;2,37;2,79;ESP;FW;21;2004;0,4;1;0;0;2;0;0;0;0;0;0;;;;;;;;;;;;;;;;;;;;;;;
Elijah Gift;Athletic Club;2526;ESP-La Liga;;;;;;;;;;;;;;;;;;;;;;;;;;;;;;;;;;;;;ESP;MF;19;2006;0;;;;;0;;0;0;;1;;;;;;;;;;;;;;;;;;;;;;;;;;;;;;;;;;;;;;;;;;;;
Endika Buján;Athletic Club;2526;ESP-La Liga;;;;;;;;;;;;;;;;;;;;;;;;;;;;;;;;;;;;;ESP;FW;22;2003;0;;;;;0;;0;0;;2;;;;;;;;;;;;;;;;;;;;;;;;;;;;;;;;;;;;;;;;;;;;
Gorka Guruzeta;Athletic Club;2526;ESP-La Liga;ESP;FW;28;1996;35;28;2363;26,3;10;3;13;9;1;1;6;1;0,38;0,11;0,5;0,34;0,46;ESP;FW;28;1996;26,3;10;84;32;38,1;3,2;1,22;0,12;0,31;1;1;ESP;FW;28;1996;35;2363;68;69,1;26,3;28;77;13;7;29;2;1,2;31;37;-6;-0,23;0,54;ESP;FW;28;1996;26,3;6;1;1;49;30;11;7;11;6;0;;;;;;;;;;;;;;;;;;;;;;;
Ibon Sánchez;Athletic Club;2526;ESP-La Liga;;;;;;;;;;;;;;;;;;;;;;;;;;;;;;;;;;;;;ESP;MF;21;2004;0;;;;;0;;0;0;;1;;;;;;;;;;;;;;;;;;;;;;;;;;;;;;;;;;;;;;;;;;;;
Iker Monreal;Athletic Club;2526;ESP-La Liga;;;;;;;;;;;;;;;;;;;;;;;;;;;;;;;;;;;;;ESP;DF;20;2005;0;;;;;0;;0;0;;14;;;;;;;;;;;;;;;;;;;;;;;;;;;;;;;;;;;;;;;;;;;;
Iñaki Williams;Athletic Club;2526;ESP-La Liga;GHA;MF,FW;31;1994;30;25;2157;24,0;3;6;9;2;1;1;2;0;0,13;0,25;0,38;0,08;0,33;GHA;MF,FW;31;1994;24,0;3;57;20;35,1;2,38;0,83;0,05;0,15;1;1;GHA;MF,FW;31;1994;30;2157;72;63,1;24,0;25;78;10;5;39;0;1,2;25;34;-9;-0,38;0,05;GHA;MF,FW;31;1994;24,0;2;0;0;28;23;10;67;8;9;0;;;;;;;;;;;;;;;;;;;;;;;
Iñigo Lekue;Athletic Club;2526;ESP-La Liga;ESP;DF;32;1993;11;8;600;6,7;0;0;0;0;0;0;2;2;0,0;0,0;0,0;0,0;0,0;ESP;DF;32;1993;6,7;0;3;1;33,3;0,45;0,15;0,0;0,0;0;0;ESP;DF;32;1993;11;600;55;17,5;6,7;8;70;4;3;14;17;1,25;10;14;-4;-0,6;-0,25;ESP;DF;32;1993;6,7;2;2;0;12;0;0;19;4;10;0;;;;;;;;;;;;;;;;;;;;;;;
Iñigo Ruiz de Galarreta;Athletic Club;2526;ESP-La Liga;ESP;MF;31;1993;34;30;2206;24,5;1;2;3;1;0;0;10;0;0,04;0,08;0,12;0,04;0,12;ESP;MF;31;1993;24,5;1;20;2;10,0;0,82;0,08;0,05;0,5;0;0;ESP;MF;31;1993;34;2206;65;64,5;24,5;30;68;4;4;45;1;1,15;28;37;-9;-0,37;0,08;ESP;MF;31;1993;24,5;10;0;0;54;41;0;62;24;32;0;;;;;;;;;;;;;;;;;;;;;;;
Jesús Areso;Athletic Club;2526;ESP-La Liga;ESP;DF;26;1999;26;14;1506;16,7;0;1;1;0;0;0;3;0;0,0;0,06;0,06;0,0;0,06;ESP;DF;26;1999;16,7;0;3;0;0,0;0,18;0,0;0,0;;0;0;ESP;DF;26;1999;26;1506;58;44,0;16,7;14;83;7;12;29;11;1,12;18;23;-5;-0,3;0,17;ESP;DF;26;1999;16,7;3;0;0;19;7;1;86;20;16;0;;;;;;;;;;;;;;;;;;;;;;;
Jon de Luis;Athletic Club;2526;ESP-La Liga;;;;;;;;;;;;;;;;;;;;;;;;;;;;;;;;;;;;;ESP;DF;21;2003;0;;;;;0;;0;0;;6;;;;;;;;;;;;;;;;;;;;;;;;;;;;;;;;;;;;;;;;;;;;
Maroan Sannadi;Athletic Club;2526;ESP-La Liga;MAR;FW;24;2001;10;2;288;3,2;1;0;1;1;0;0;2;0;0,31;0,0;0,31;0,31;0,31;MAR;FW;24;2001;3,2;1;8;4;50,0;2,5;1,25;0,13;0,25;0;0;MAR;FW;24;2001;10;288;29;8,4;3,2;2;56;0;8;22;4;1,3;4;8;-4;-1,25;-0,93;MAR;FW;24;2001;3,2;2;0;0;8;5;3;2;1;1;0;;;;;;;;;;;;;;;;;;;;;;;
Mikel Jauregizar;Athletic Club;2526;ESP-La Liga;ESP;MF;21;2003;36;34;2831;31,5;2;0;2;2;0;0;6;1;0,06;0,0;0,06;0,06;0,06;ESP;MF;21;2003;31,5;2;39;11;28,2;1,24;0,35;0,05;0,18;0;0;ESP;MF;21;2003;36;2831;79;82,8;31,5;34;82;19;2;29;0;1,17;30;45;-15;-0,48;-0,48;ESP;MF;21;2003;31,5;6;1;1;49;34;0;72;48;45;0;;;;;;;;;;;;;;;;;;;;;;;
Mikel Santos;Athletic Club;2526;ESP-La Liga;;;;;;;;;;;;;;;;;;;;;;;;;;;;;;;;;;;;;ESP;GK;20;2004;0;;;;;0;;0;0;;3;;;;;;;;;;;;;;;;;;;;;;;;;;;;;;;;;;;;;;;;;;;;
Mikel Vesga;Athletic Club;2526;ESP-La Liga;ESP;MF;32;1993;23;1;465;5,2;0;0;0;0;0;0;0;0;0,0;0,0;0,0;0,0;0,0;ESP;MF;32;1993;5,2;0;3;0;0,0;0,58;0,0;0,0;;0;0;ESP;MF;32;1993;23;465;20;13,6;5,2;1;45;0;22;19;13;1,13;6;13;-7;-1,35;-1,11;ESP;MF;32;1993;5,2;0;0;0;8;7;0;4;9;10;0;;;;;;;;;;;;;;;;;;;;;;;
Nico Williams;Athletic Club;2526;ESP-La Liga;ESP;MF;23;2002;25;20;1674;18,6;6;3;9;5;1;2;2;0;0,32;0,16;0,48;0,27;0,43;ESP;MF;23;2002;18,6;6;46;16;34,8;2,47;0,86;0,13;0,38;1;2;ESP;MF;23;2002;25;1674;67;48,9;18,6;20;74;2;5;40;0;1,32;24;27;-3;-0,16;0,46;ESP;MF;23;2002;18,6;2;0;0;26;29;7;76;7;9;0;;;;;;;;;;;;;;;;;;;;;;;
Nicolás Serrano;Athletic Club;2526;ESP-La Liga;ESP;MF;22;2003;16;4;366;4,1;1;0;1;1;0;0;0;0;0,25;0,0;0,25;0,25;0,25;ESP;MF;22;2003;4,1;1;16;4;25,0;3,93;0,98;0,06;0,25;0;0;ESP;MF;22;2003;16;366;23;10,7;4,1;4;60;0;12;11;20;1,31;5;6;-1;-0,25;0,17;ESP;MF;22;2003;4,1;0;0;0;10;8;0;42;2;5;0;;;;;;;;;;;;;;;;;;;;;;;
Oihan Sancet;Athletic Club;2526;ESP-La Liga;ESP;MF;25;2000;28;22;1788;19,9;4;0;4;2;2;2;4;1;0,2;0,0;0,2;0,1;0,1;ESP;MF;25;2000;19,9;4;48;15;31,3;2,42;0,76;0,08;0,27;2;2;ESP;MF;25;2000;28;1788;64;52,3;19,9;22;71;2;6;37;0;1,0;17;25;-8;-0,4;-0,02;ESP;MF;25;2000;19,9;4;1;0;28;28;0;23;3;14;0;;;;;;;;;;;;;;;;;;;;;;;
Roberto Navarro;Athletic Club;2526;ESP-La Liga;ESP;MF;23;2002;32;10;1307;14,5;6;1;7;6;0;0;1;0;0,41;0,07;0,48;0,41;0,48;ESP;MF;23;2002;14,5;6;21;10;47,6;1,45;0,69;0,29;0,6;0;0;ESP;MF;23;2002;32;1307;41;38,2;14,5;10;70;3;22;28;3;1,19;23;23;0;0,0;0,64;ESP;MF;23;2002;14,5;1;0;0;18;16;4;74;7;10;0;;;;;;;;;;;;;;;;;;;;;;;
Selton Sánchez;Athletic Club;2526;ESP-La Liga;ESP;MF;18;2007;7;2;196;2,2;0;1;1;0;0;0;0;0;0,0;0,46;0,46;0,0;0,46;ESP;MF;18;2007;2,2;0;4;1;25,0;1,84;0,46;0,0;0,0;0;0;ESP;MF;18;2007;7;196;28;5,7;2,2;2;54;0;5;18;13;1,43;3;4;-1;-0,46;-0,07;ESP;MF;18;2007;2,2;0;0;0;5;5;1;0;1;2;0;;;;;;;;;;;;;;;;;;;;;;;
Unai Eguíluz;Athletic Club;2526;ESP-La Liga;;;;;;;;;;;;;;;;;;;;;;;;;;;;;;;;;;;;;ESP;DF;23;2002;0;;;;;0;;0;0;;2;;;;;;;;;;;;;;;;;;;;;;;;;;;;;;;;;;;;;;;;;;;;
Unai Gómez;Athletic Club;2526;ESP-La Liga;ESP;MF;22;2003;26;12;936;10,4;1;1;2;1;0;0;1;0;0,1;0,1;0,19;0,1;0,19;ESP;MF;22;2003;10,4;1;23;7;30,4;2,21;0,67;0,04;0,14;0;0;ESP;MF;22;2003;26;936;36;27,4;10,4;12;53;0;14;21;10;1,31;9;24;-15;-1,44;-1,44;ESP;MF;22;2003;10,4;1;0;0;12;6;4;23;3;8;0;;;;;;;;;;;;;;;;;;;;;;;
Unai Simón;Athletic Club;2526;ESP-La Liga;ESP;GK;28;1997;37;37;3330;37,0;0;0;0;0;0;0;1;0;0,0;0,0;0,0;0,0;0,0;ESP;GK;28;1997;37,0;0;0;0;;0,0;0,0;;;0;0;ESP;GK;28;1997;37;3330;90;97,4;37,0;37;90;37;0;;1;1,22;41;54;-13;-0,35;1,65;ESP;GK;28;1997;37,0;1;0;0;0;8;0;0;0;0;0;ESP;GK;28;1997;37;37;3330;37,0;54;1,46;151;97;64,2;13;6;18;6;16,2;6;3;2;1;40,0
Unai Vencedor Paris;Athletic Club;2526;ESP-La Liga;;;;;;;;;;;;;;;;;;;;;;;;;;;;;;;;;;;;;ESP;MF;24;2000;0;;;;;0;;0;0;;1;;;;;;;;;;;;;;;;;;;;;;;;;;;;;;;;;;;;;;;;;;;;
Urko Izeta;Athletic Club;2526;ESP-La Liga;ESP;FW;25;1999;13;1;193;2,1;1;0;1;1;0;0;2;0;0,47;0,0;0,47;0,47;0,47;ESP;FW;25;1999;2,1;1;11;5;45,5;5,13;2,33;0,09;0,2;0;0;ESP;FW;25;1999;13;193;15;5,6;2,1;1;56;0;12;11;21;1,08;5;4;1;0,47;0,91;ESP;FW;25;1999;2,1;2;0;0;5;1;0;2;0;0;0;;;;;;;;;;;;;;;;;;;;;;;
Yeray Álvarez;Athletic Club;2526;ESP-La Liga;ESP;DF;30;1995;7;6;513;5,7;0;0;0;0;0;0;0;0;0,0;0,0;0,0;0,0;0,0;ESP;DF;30;1995;5,7;0;1;0;0,0;0,18;0,0;0,0;;0;0;ESP;DF;30;1995;7;513;73;15,0;5,7;6;78;4;1;45;2;1,0;7;9;-2;-0,35;0,05;ESP;DF;30;1995;5,7;0;0;0;3;5;0;2;14;1;0;;;;;;;;;;;;;;;;;;;;;;;
Yuri Berchiche;Athletic Club;2526;ESP-La Liga;ESP;DF;35;1990;32;31;2705;30,1;0;6;6;0;0;0;5;0;0,0;0,2;0,2;0,0;0,2;ESP;DF;35;1990;30,1;0;24;5;20,8;0,8;0,17;0,0;0,0;0;0;ESP;DF;35;1990;32;2705;85;79,1;30,1;31;86;27;1;45;2;1,38;36;40;-4;-0,13;1,25;ESP;DF;35;1990;30,1;5;0;0;26;34;3;64;34;29;0;;;;;;;;;;;;;;;;;;;;;;;
Álex Berenguer;Athletic Club;2526;ESP-La Liga;ESP;MF;30;1995;31;25;2154;23,9;2;3;5;2;0;0;4;0;0,08;0,13;0,21;0,08;0,21;ESP;MF;30;1995;23,9;2;44;20;45,5;1,84;0,84;0,05;0,1;0;0;ESP;MF;30;1995;31;2154;69;63,0;23,9;25;78;10;6;32;1;0,97;24;31;-7;-0,29;0,28;ESP;MF;30;1995;23,9;4;0;0;28;38;6;199;13;17;1;;;;;;;;;;;;;;;;;;;;;;;
Ademola Lookman;Atlético Madrid;2526;ESP-La Liga;NGA;FW,MF;27;1997;12;9;617;6,9;4;0;4;3;1;1;1;0;0,58;0,0;0,58;0,44;0,44;NGA;FW,MF;27;1997;6,9;4;21;5;23,8;3,06;0,73;0,19;0,8;1;1;NGA;FW,MF;27;1997;12;617;51;18,0;6,9;9;60;0;3;24;2;1,5;9;11;-2;-0,29;-0,93;NGA;FW,MF;27;1997;6,9;1;0;0;7;10;7;12;1;3;0;;;;;;;;;;;;;;;;;;;;;;;
Aleksa Puric;Atlético Madrid;2526;ESP-La Liga;SRB;DF;22;2003;2;0;46;0,5;0;0;0;0;0;0;0;0;0,0;0,0;0,0;0,0;0,0;SRB;DF;22;2003;0,5;0;0;0;;0,0;0,0;;;0;0;SRB;DF;22;2003;2;46;23;1,3;0,5;0;;0;2;23;6;1,5;0;1;-1;-1,96;-2,46;SRB;DF;22;2003;0,5;0;0;0;1;1;0;0;2;0;0;;;;;;;;;;;;;;;;;;;;;;;
Alexander Sørloth;Atlético Madrid;2526;ESP-La Liga;NOR;FW;29;1995;35;20;1980;22,0;13;0;13;13;0;0;4;1;0,59;0,0;0,59;0,59;0,59;NOR;FW;29;1995;22,0;13;68;35;51,5;3,09;1,59;0,19;0,37;0;0;NOR;FW;29;1995;35;1980;57;57,9;22,0;20;76;9;15;31;0;1,8;35;27;8;0,36;-0,26;NOR;FW;29;1995;22,0;4;1;0;30;16;11;10;0;7;0;;;;;;;;;;;;;;;;;;;;;;;
Alvaro Moreno;Atlético Madrid;2526;ESP-La Liga;;;;;;;;;;;;;;;;;;;;;;;;;;;;;;;;;;;;;ESP;GK;19;2006;0;;;;;0;;0;0;;1;;;;;;;;;;;;;;;;;;;;;;;;;;;;;;;;;;;;;;;;;;;;
Antoine Griezmann;Atlético Madrid;2526;ESP-La Liga;FRA;FW;34;1991;34;13;1481;16,5;7;4;11;7;0;0;1;0;0,43;0,24;0,67;0,43;0,67;FRA;FW;34;1991;16,5;7;47;25;53,2;2,86;1,52;0,15;0,28;0;0;FRA;FW;34;1991;34;1481;44;43,3;16,5;13;70;4;21;27;1;1,86;32;23;9;0,55;0,13;FRA;FW;34;1991;16,5;1;0;0;4;10;15;80;8;9;0;;;;;;;;;;;;;;;;;;;;;;;
Carlos Martín;Atlético Madrid;2526;ESP-La Liga;;;;;;;;;;;;;;;;;;;;;;;;;;;;;;;;;;;;;ESP;FW,MF;23;2002;0;;;;;0;;0;0;;18;;;;;;;;;;;;;;;;;;;;;;;;;;;;;;;;;;;;;;;;;;;;
Clément Lenglet;Atlético Madrid;2526;ESP-La Liga;FRA;DF;30;1995;19;17;1391;15,5;0;1;1;0;0;0;6;1;0,0;0,06;0,06;0,0;0,06;FRA;DF;30;1995;15,5;0;5;0;0,0;0,32;0,0;0,0;;0;0;FRA;DF;30;1995;19;1391;73;40,7;15,5;17;80;12;2;19;15;1,63;24;21;3;0,19;-0,47;FRA;DF;30;1995;15,5;6;1;1;22;7;0;2;20;10;0;;;;;;;;;;;;;;;;;;;;;;;
Conor Gallagher;Atlético Madrid;2526;ESP-La Liga;ENG;MF;25;2000;19;4;679;7,5;2;0;2;2;0;0;2;0;0,27;0,0;0,27;0,27;0,27;ENG;MF;25;2000;7,5;2;13;5;38,5;1,72;0,66;0,15;0,4;0;0;ENG;MF;25;2000;19;679;36;19,9;7,5;4;65;1;15;28;0;2,0;15;7;8;1,06;0,73;ENG;MF;25;2000;7,5;2;0;0;18;9;2;11;11;12;0;;;;;;;;;;;;;;;;;;;;;;;
Daniel Martinez;Atlético Madrid;2526;ESP-La Liga;ESP;DF;21;2004;1;1;90;1,0;0;0;0;0;0;0;0;0;0,0;0,0;0,0;0,0;0,0;ESP;DF;21;2004;1,0;0;0;0;;0,0;0,0;;;0;0;ESP;DF;21;2004;1;90;90;2,6;1,0;1;90;1;0;;3;0,0;1;2;-1;-1,0;-1,51;ESP;DF;21;2004;1,0;0;0;0;1;0;0;1;1;0;0;;;;;;;;;;;;;;;;;;;;;;;
Dávid Hancko;Atlético Madrid;2526;ESP-La Liga;SVK;DF;27;1997;30;27;2432;27,0;0;2;2;0;0;0;2;0;0,0;0,07;0,07;0,0;0,07;SVK;DF;27;1997;27,0;0;21;5;23,8;0,78;0,19;0,0;0,0;0;0;SVK;DF;27;1997;30;2432;81;71,1;27,0;27;87;24;3;25;4;1,9;48;31;17;0,63;0,54;SVK;DF;27;1997;27,0;2;0;0;15;4;2;29;19;27;0;;;;;;;;;;;;;;;;;;;;;;;
Gerónimo Spina;Atlético Madrid;2526;ESP-La Liga;;;;;;;;;;;;;;;;;;;;;;;;;;;;;;;;;;;;;ARG;DF;20;2005;0;;;;;0;;0;0;;1;;;;;;;;;;;;;;;;;;;;;;;;;;;;;;;;;;;;;;;;;;;;
Giacomo Raspadori;Atlético Madrid;2526;ESP-La Liga;ITA;FW;25;2000;12;1;236;2,6;0;1;1;0;0;0;1;0;0,0;0,38;0,38;0,0;0,38;ITA;FW;25;2000;2,6;0;7;3;42,9;2,67;1,14;0,0;0,0;0;0;ITA;FW;25;2000;12;236;20;6,9;2,6;1;61;0;11;16;7;1,83;5;4;1;0,38;-0,1;ITA;FW;25;2000;2,6;1;0;0;3;7;2;9;0;1;0;;;;;;;;;;;;;;;;;;;;;;;
Giuliano Simeone;Atlético Madrid;2526;ESP-La Liga;ARG;MF,FW;22;2002;31;25;2099;23,3;4;6;10;4;0;0;2;0;0,17;0,26;0,43;0,17;0,43;ARG;MF,FW;22;2002;23,3;4;36;14;38,9;1,54;0,6;0,11;0,29;0;0;ARG;MF,FW;22;2002;31;2099;68;61,4;23,3;25;75;7;6;35;2;1,9;42;26;16;0,69;0,55;ARG;MF,FW;22;2002;23,3;2;0;0;21;40;7;48;20;25;0;;;;;;;;;;;;;;;;;;;;;;;
Iker Luque;Atlético Madrid;2526;ESP-La Liga;ESP;DF;20;2005;1;0;28;0,3;1;0;1;1;0;0;0;0;3,21;0,0;3,21;3,21;3,21;ESP;DF;20;2005;0,3;1;3;2;66,7;9,64;6,43;0,33;0,5;0;0;ESP;DF;20;2005;1;28;28;0,8;0,3;0;;0;1;28;6;3,0;2;0;2;6,43;6,0;ESP;DF;20;2005;0,3;0;0;0;2;0;0;0;0;0;0;;;;;;;;;;;;;;;;;;;;;;;
Ilias Kostis;Atlético Madrid;2526;ESP-La Liga;;;;;;;;;;;;;;;;;;;;;;;;;;;;;;;;;;;;;GRE;DF;22;2003;0;;;;;0;;0;0;;1;;;;;;;;;;;;;;;;;;;;;;;;;;;;;;;;;;;;;;;;;;;;
Jan Oblak;Atlético Madrid;2526;ESP-La Liga;SVN;GK;32;1993;30;30;2700;30,0;0;0;0;0;0;0;0;0;0,0;0,0;0,0;0,0;0,0;SVN;GK;32;1993;30,0;0;0;0;;0,0;0,0;;;0;0;SVN;GK;32;1993;30;2700;90;78,9;30,0;30;90;30;0;;3;1,9;51;31;20;0,67;0,92;SVN;GK;32;1993;30,0;0;0;0;0;4;0;0;0;0;0;SVN;GK;32;1993;30;30;2700;30,0;31;1,03;106;75;70,8;17;6;7;11;36,7;3;2;0;1;0,0
Jano Monserrate;Atlético Madrid;2526;ESP-La Liga;ESP;MF;19;2006;2;0;23;0,3;0;0;0;0;0;0;0;0;0,0;0,0;0,0;0,0;0,0;ESP;MF;19;2006;0,3;0;1;1;100,0;3,91;3,91;0,0;0,0;0;0;ESP;MF;19;2006;2;23;12;0,7;0,3;0;;0;2;12;7;0,5;0;0;0;0,0;-0,48;ESP;MF;19;2006;0,3;0;0;0;2;1;0;3;0;2;0;;;;;;;;;;;;;;;;;;;;;;;
Javi Galán;Atlético Madrid;2526;ESP-La Liga;ESP;DF;30;1994;5;1;134;1,5;0;0;0;0;0;0;0;0;0,0;0,0;0,0;0,0;0,0;ESP;DF;30;1994;1,5;0;0;0;;0,0;0,0;;;0;0;ESP;DF;30;1994;5;134;27;3,9;1,5;1;72;0;4;16;13;2,2;2;2;0;0,0;-0,49;ESP;DF;30;1994;1,5;0;0;0;2;3;2;5;1;2;0;;;;;;;;;;;;;;;;;;;;;;;
Javi Morcillo;Atlético Madrid;2526;ESP-La Liga;ESP;MF;19;2006;5;1;172;1,9;0;0;0;0;0;0;2;0;0,0;0,0;0,0;0,0;0,0;ESP;MF;19;2006;1,9;0;2;0;0,0;1,05;0,0;0,0;;0;0;ESP;MF;19;2006;5;172;34;5,0;1,9;1;62;0;4;28;3;1,2;0;1;-1;-0,52;-1,05;ESP;MF;19;2006;1,9;2;0;0;6;2;0;0;3;4;0;;;;;;;;;;;;;;;;;;;;;;;
Javier Boñar;Atlético Madrid;2526;ESP-La Liga;ESP;DF;20;2005;4;3;299;3,3;1;0;1;1;0;0;0;0;0,3;0,0;0,3;0,3;0,3;ESP;DF;20;2005;3,3;1;2;1;50,0;0,6;0,3;0,5;1,0;0;0;ESP;DF;20;2005;4;299;75;8,7;3,3;3;90;2;1;30;6;0,75;5;5;0;0,0;-0,52;ESP;DF;20;2005;3,3;0;0;0;2;2;0;3;0;3;0;;;;;;;;;;;;;;;;;;;;;;;
Javier Serrano;Atlético Madrid;2526;ESP-La Liga;;;;;;;;;;;;;;;;;;;;;;;;;;;;;;;;;;;;;ESP;MF;22;2003;0;;;;;0;;0;0;;1;;;;;;;;;;;;;;;;;;;;;;;;;;;;;;;;;;;;;;;;;;;;
Johnny Cardoso;Atlético Madrid;2526;ESP-La Liga;USA;MF;23;2001;15;12;887;9,9;0;0;0;0;0;0;5;0;0,0;0,0;0,0;0,0;0,0;USA;MF;23;2001;9,9;0;2;0;0,0;0,2;0,0;0,0;;0;0;USA;MF;23;2001;15;887;59;25,9;9,9;12;66;3;3;31;9;1,47;15;13;2;0,2;-0,37;USA;MF;23;2001;9,9;5;0;0;23;14;0;3;16;21;0;;;;;;;;;;;;;;;;;;;;;;;
José María Giménez;Atlético Madrid;2526;ESP-La Liga;URU;DF;30;1995;16;13;1178;13,1;0;1;1;0;0;0;3;0;0,0;0,08;0,08;0,0;0,08;URU;DF;30;1995;13,1;0;13;3;23,1;0,99;0,23;0,0;0,0;0;0;URU;DF;30;1995;16;1178;74;34,4;13,1;13;85;12;3;26;4;1,88;20;14;6;0,46;-0,02;URU;DF;30;1995;13,1;3;0;0;20;10;1;0;15;12;0;;;;;;;;;;;;;;;;;;;;;;;
Juan Musso;Atlético Madrid;2526;ESP-La Liga;ARG;GK;31;1994;8;8;720;8,0;0;0;0;0;0;0;2;0;0,0;0,0;0,0;0,0;0,0;ARG;GK;31;1994;8,0;0;0;0;;0,0;0,0;;;0;0;ARG;GK;31;1994;8;720;90;21,1;8,0;8;90;8;0;;28;1,5;11;13;-2;-0,25;-0,92;ARG;GK;31;1994;8,0;2;0;0;1;3;0;0;0;0;0;ARG;GK;31;1994;8;8;720;8,0;13;1,62;35;22;62,9;4;0;4;3;37,5;3;3;0;0;0,0
Julio Diaz;Atlético Madrid;2526;ESP-La Liga;ESP;DF;20;2005;4;4;310;3,4;0;1;1;0;0;0;2;0;0,0;0,29;0,29;0,0;0,29;ESP;DF;20;2005;3,4;0;1;0;0,0;0,29;0,0;0,0;;0;0;ESP;DF;20;2005;4;310;78;9,1;3,4;4;78;2;0;;11;1,5;6;4;2;0,58;0,12;ESP;DF;20;2005;3,4;2;0;0;4;3;1;6;4;3;0;;;;;;;;;;;;;;;;;;;;;;;
Julián Álvarez;Atlético Madrid;2526;ESP-La Liga;ARG;FW;25;2000;29;22;1895;21,1;8;4;12;6;2;3;2;0;0,38;0,19;0,57;0,28;0,47;ARG;FW;25;2000;21,1;8;54;26;48,1;2,56;1,23;0,15;0,31;2;3;ARG;FW;25;2000;29;1895;65;55,4;21,1;22;74;6;7;38;3;1,97;35;20;15;0,71;0,54;ARG;FW;25;2000;21,1;2;0;0;14;18;2;86;3;13;0;;;;;;;;;;;;;;;;;;;;;;;
Koke;Atlético Madrid;2526;ESP-La Liga;ESP;MF;33;1992;34;24;2219;24,7;2;2;4;2;0;0;6;0;0,08;0,08;0,16;0,08;0,16;ESP;MF;33;1992;24,7;2;14;4;28,6;0,57;0,16;0,14;0,5;0;0;ESP;MF;33;1992;34;2219;65;64,9;24,7;24;79;14;10;32;2;2,0;43;28;15;0,61;0,38;ESP;MF;33;1992;24,7;6;0;0;21;22;0;44;19;30;0;;;;;;;;;;;;;;;;;;;;;;;
Marc Pubill;Atlético Madrid;2526;ESP-La Liga;ESP;DF;22;2003;19;15;1381;15,3;1;1;2;1;0;0;2;0;0,07;0,07;0,13;0,07;0,13;ESP;DF;22;2003;15,3;1;11;4;36,4;0,72;0,26;0,09;0,25;0;0;ESP;DF;22;2003;19;1381;73;40,4;15,3;15;85;13;4;25;16;2,0;26;16;10;0,65;0,3;ESP;DF;22;2003;15,3;2;0;0;16;14;1;8;18;15;0;;;;;;;;;;;;;;;;;;;;;;;
Marcos Llorente;Atlético Madrid;2526;ESP-La Liga;ESP;DF,MF;30;1995;29;25;2181;24,2;0;4;4;0;0;0;7;1;0,0;0,17;0,17;0,0;0,17;ESP;DF,MF;30;1995;24,2;0;18;6;33,3;0,74;0,25;0,0;0,0;0;0;ESP;DF,MF;30;1995;29;2181;75;63,8;24,2;25;83;19;4;28;1;1,97;45;26;19;0,78;0,86;ESP;DF,MF;30;1995;24,2;7;1;1;28;11;4;49;13;41;0;;;;;;;;;;;;;;;;;;;;;;;
Mario de Luis;Atlético Madrid;2526;ESP-La Liga;;;;;;;;;;;;;;;;;;;;;;;;;;;;;;;;;;;;;ESP;GK;23;2002;0;;;;;0;;0;0;;5;;;;;;;;;;;;;;;;;;;;;;;;;;;;;;;;;;;;;;;;;;;;
Matteo Ruggeri;Atlético Madrid;2526;ESP-La Liga;ITA;DF;23;2002;26;20;1774;19,7;0;3;3;0;0;0;4;0;0,0;0,15;0,15;0,0;0,15;ITA;DF;23;2002;19,7;0;5;2;40,0;0,25;0,1;0,0;0,0;0;0;ITA;DF;23;2002;26;1774;68;51,9;19,7;20;81;13;6;27;11;1,69;33;23;10;0,51;0,07;ITA;DF;23;2002;19,7;4;0;0;28;2;1;86;20;23;0;;;;;;;;;;;;;;;;;;;;;;;
Miguel Cubo;Atlético Madrid;2526;ESP-La Liga;ESP;FW;17;2008;2;0;50;0,6;1;0;1;1;0;0;0;0;1,8;0,0;1,8;1,8;1,8;ESP;FW;17;2008;0,6;1;3;2;66,7;5,4;3,6;0,33;0,5;0;0;ESP;FW;17;2008;2;50;25;1,5;0,6;0;;0;2;25;4;1,5;2;0;2;3,6;3,17;ESP;FW;17;2008;0,6;0;0;0;1;3;0;0;0;2;0;;;;;;;;;;;;;;;;;;;;;;;
Nahuel Molina;Atlético Madrid;2526;ESP-La Liga;ARG;DF,MF;27;1998;26;13;1331;14,8;2;2;4;2;0;0;4;0;0,14;0,14;0,27;0,14;0,27;ARG;DF,MF;27;1998;14,8;2;14;4;28,6;0,95;0,27;0,14;0,5;0;0;ARG;DF,MF;27;1998;26;1331;51;38,9;14,8;13;84;11;13;19;9;1,88;20;18;2;0,14;-0,55;ARG;DF,MF;27;1998;14,8;4;0;0;14;5;5;49;14;24;0;;;;;;;;;;;;;;;;;;;;;;;
Nicolás González;Atlético Madrid;2526;ESP-La Liga;ARG;MF,DF;27;1998;24;18;1448;16,1;5;0;5;5;0;0;4;1;0,31;0,0;0,31;0,31;0,31;ARG;MF,DF;27;1998;16,1;5;43;21;48,8;2,67;1,31;0,12;0,24;0;0;ARG;MF,DF;27;1998;24;1448;60;42,3;16,1;18;70;5;6;31;0;2,0;28;15;13;0,81;0,58;ARG;MF,DF;27;1998;16,1;4;1;0;28;25;2;27;11;16;0;;;;;;;;;;;;;;;;;;;;;;;
Obed Vargas;Atlético Madrid;2526;ESP-La Liga;MEX;MF;19;2005;12;8;740;8,2;0;1;1;0;0;0;2;0;0,0;0,12;0,12;0,0;0,12;MEX;MF;19;2005;8,2;0;5;0;0,0;0,61;0,0;0,0;;0;0;MEX;MF;19;2005;12;740;62;21,6;8,2;8;80;5;4;24;4;1,25;12;14;-2;-0,24;-0,91;MEX;MF;19;2005;8,2;2;0;0;4;9;1;6;8;16;0;;;;;;;;;;;;;;;;;;;;;;;
Pablo Barrios;Atlético Madrid;2526;ESP-La Liga;ESP;MF;22;2003;23;20;1661;18,5;1;1;2;1;0;0;0;0;0,05;0,05;0,11;0,05;0,11;ESP;MF;22;2003;18,5;1;23;6;26,1;1,25;0,33;0,04;0,17;0;0;ESP;MF;22;2003;23;1661;72;48,6;18,5;20;78;13;3;34;0;1,96;30;16;14;0,76;0,55;ESP;MF;22;2003;18,5;0;0;0;12;23;0;30;26;16;0;;;;;;;;;;;;;;;;;;;;;;;
Rayane Belaid;Atlético Madrid;2526;ESP-La Liga;ESP;MF,FW;20;2005;2;2;132;1,5;0;0;0;0;0;0;0;0;0,0;0,0;0,0;0,0;0,0;ESP;MF,FW;20;2005;1,5;0;4;0;0,0;2,73;0,0;0,0;;0;0;ESP;MF,FW;20;2005;2;132;66;3,9;1,5;2;66;0;0;;5;1,5;1;2;-1;-0,68;-1,2;ESP;MF,FW;20;2005;1,5;0;0;0;1;1;1;1;0;0;0;;;;;;;;;;;;;;;;;;;;;;;
Robin Le Normand;Atlético Madrid;2526;ESP-La Liga;ESP;DF;28;1996;28;17;1789;19,9;1;1;2;1;0;0;5;0;0,05;0,05;0,1;0,05;0,1;ESP;DF;28;1996;19,9;1;6;1;16,7;0,3;0,05;0,17;1,0;0;0;ESP;DF;28;1996;28;1789;64;52,3;19,9;17;84;14;11;33;4;1,82;33;20;13;0,65;0,38;ESP;DF;28;1996;19,9;5;0;0;22;14;1;3;20;20;0;;;;;;;;;;;;;;;;;;;;;;;
Rodrigo Mendoza;Atlético Madrid;2526;ESP-La Liga;ESP;MF;20;2005;8;8;434;4,8;0;1;1;0;0;0;2;0;0,0;0,21;0,21;0,0;0,21;ESP;MF;20;2005;4,8;0;6;2;33,3;1,24;0,41;0,0;0,0;0;0;ESP;MF;20;2005;8;434;54;12,7;4,8;8;54;0;0;;2;1,5;5;8;-3;-0,62;-1,26;ESP;MF;20;2005;4,8;2;0;0;11;7;0;2;0;3;0;;;;;;;;;;;;;;;;;;;;;;;
Salvi Esquivel;Atlético Madrid;2526;ESP-La Liga;;;;;;;;;;;;;;;;;;;;;;;;;;;;;;;;;;;;;ESP;GK;19;2005;0;;;;;0;;0;0;;27;;;;;;;;;;;;;;;;;;;;;;;;;;;;;;;;;;;;;;;;;;;;
Sergio Esteban;Atlético Madrid;2526;ESP-La Liga;;;;;;;;;;;;;;;;;;;;;;;;;;;;;;;;;;;;;ESP;FW;18;2007;0;;;;;0;;0;0;;1;;;;;;;;;;;;;;;;;;;;;;;;;;;;;;;;;;;;;;;;;;;;
Taufik Seidu;Atlético Madrid;2526;ESP-La Liga;ESP;MF;17;2008;1;0;23;0,3;0;0;0;0;0;0;1;0;0,0;0,0;0,0;0,0;0,0;ESP;MF;17;2008;0,3;0;0;0;;0,0;0,0;;;0;0;ESP;MF;17;2008;1;23;23;0,7;0,3;0;;0;1;23;4;0,0;0;1;-1;-3,91;-4,42;ESP;MF;17;2008;0,3;1;0;0;2;0;0;0;0;0;0;;;;;;;;;;;;;;;;;;;;;;;
Thiago Almada;Atlético Madrid;2526;ESP-La Liga;ARG;MF,FW;24;2001;27;16;1311;14,6;3;1;4;3;0;0;2;1;0,21;0,07;0,27;0,21;0,27;ARG;MF,FW;24;2001;14,6;3;21;10;47,6;1,44;0,69;0,14;0,3;0;0;ARG;MF,FW;24;2001;27;1311;49;38,3;14,6;16;65;3;11;25;4;1,78;18;17;1;0,07;-0,66;ARG;MF,FW;24;2001;14,6;2;1;0;13;16;2;40;9;18;0;;;;;;;;;;;;;;;;;;;;;;;
Álex Baena;Atlético Madrid;2526;ESP-La Liga;ESP;MF,FW;24;2001;27;21;1560;17,3;2;3;5;2;0;0;5;0;0,12;0,17;0,29;0,12;0,29;ESP;MF,FW;24;2001;17,3;2;29;7;24,1;1,67;0,4;0,07;0,29;0;0;ESP;MF,FW;24;2001;27;1560;58;45,6;17,3;21;68;4;6;24;3;1,67;27;20;7;0,4;-0,13;ESP;MF,FW;24;2001;17,3;5;0;0;26;29;9;117;16;11;0;;;;;;;;;;;;;;;;;;;;;;;
Alejandro Balde;Barcelona;2526;ESP-La Liga;ESP;DF;21;2003;28;21;1869;20,8;0;2;2;0;0;0;2;0;0,0;0,1;0,1;0,0;0,1;ESP;DF;21;2003;20,8;0;10;1;10,0;0,48;0,05;0,0;0,0;0;0;ESP;DF;21;2003;28;1869;67;54,6;20,8;21;78;8;7;33;3;2,29;49;24;25;1,2;-0,77;ESP;DF;21;2003;20,8;2;0;0;14;25;4;25;6;21;0;;;;;;;;;;;;;;;;;;;;;;;
Alvaro Cortes;Barcelona;2526;ESP-La Liga;ESP;DF;20;2005;1;1;90;1,0;0;0;0;0;0;0;0;0;0,0;0,0;0,0;0,0;0,0;ESP;DF;20;2005;1,0;0;0;0;;0,0;0,0;;;0;0;ESP;DF;20;2005;1;90;90;2,6;1,0;1;90;1;0;;6;0,0;0;1;-1;-1,0;-2,62;ESP;DF;20;2005;1,0;0;0;0;0;1;0;0;1;1;0;;;;;;;;;;;;;;;;;;;;;;;
Andreas Christensen;Barcelona;2526;ESP-La Liga;DEN;DF;29;1996;13;3;409;4,5;0;0;0;0;0;0;2;0;0,0;0,0;0,0;0,0;0,0;DEN;DF;29;1996;4,5;0;4;2;50,0;0,88;0,44;0,0;0,0;0;0;DEN;DF;29;1996;13;409;31;12,0;4,5;3;90;3;10;14;5;2,38;11;9;2;0,44;-1,26;DEN;DF;29;1996;4,5;2;0;0;6;3;0;0;2;3;0;;;;;;;;;;;;;;;;;;;;;;;
Dani Olmo;Barcelona;2526;ESP-La Liga;ESP;MF;27;1998;33;24;2067;23,0;7;8;15;7;0;0;1;0;0,3;0,35;0,65;0,3;0,65;ESP;MF;27;1998;23,0;7;70;21;30,0;3,05;0,91;0,1;0,33;0;0;ESP;MF;27;1998;33;2067;63;60,4;23,0;24;75;8;9;30;0;2,48;56;17;39;1,7;0,37;ESP;MF;27;1998;23,0;1;0;0;27;42;6;28;14;23;0;;;;;;;;;;;;;;;;;;;;;;;
Diego Kochen;Barcelona;2526;ESP-La Liga;;;;;;;;;;;;;;;;;;;;;;;;;;;;;;;;;;;;;USA;GK;19;2006;0;;;;;0;;0;0;;25;;;;;;;;;;;;;;;;;;;;;;;;;;;;;;;;;;;;;;;;;;;;
Dro Fernández;Barcelona;2526;ESP-La Liga;ESP;MF;17;2008;4;1;92;1,0;0;0;0;0;0;0;0;0;0,0;0,0;0,0;0,0;0,0;ESP;MF;17;2008;1,0;0;0;0;;0,0;0,0;;;0;0;ESP;MF;17;2008;4;92;23;2,7;1,0;1;45;0;3;16;13;3,0;3;1;2;1,96;0,42;ESP;MF;17;2008;1,0;0;0;0;1;1;1;0;0;0;0;;;;;;;;;;;;;;;;;;;;;;;
Eder Aller;Barcelona;2526;ESP-La Liga;;;;;;;;;;;;;;;;;;;;;;;;;;;;;;;;;;;;;ESP;GK;18;2007;0;;;;;0;;0;0;;16;;;;;;;;;;;;;;;;;;;;;;;;;;;;;;;;;;;;;;;;;;;;
Eric García;Barcelona;2526;ESP-La Liga;ESP;DF,MF;24;2001;34;32;2721;30,2;1;1;2;1;0;0;6;0;0,03;0,03;0,07;0,03;0,07;ESP;DF,MF;24;2001;30,2;1;25;7;28,0;0,83;0,23;0,04;0,14;0;0;ESP;DF,MF;24;2001;34;2721;80;79,6;30,2;32;83;21;2;29;3;2,5;78;22;56;1,85;1,47;ESP;DF,MF;24;2001;30,2;6;0;0;33;24;1;14;50;44;0;;;;;;;;;;;;;;;;;;;;;;;
Fermin López;Barcelona;2526;ESP-La Liga;ESP;MF;22;2003;30;19;1797;20,0;6;9;15;6;0;0;3;0;0,3;0,45;0,75;0,3;0,75;ESP;MF;22;2003;20,0;6;68;25;36,8;3,41;1,25;0,09;0,24;0;0;ESP;MF;22;2003;30;1797;60;52,5;20,0;19;75;7;11;33;1;2,63;54;18;36;1,8;0,53;ESP;MF;22;2003;20,0;3;0;0;34;20;5;36;7;22;0;;;;;;;;;;;;;;;;;;;;;;;
Ferran Torres;Barcelona;2526;ESP-La Liga;ESP;FW;25;2000;33;23;1965;21,8;16;2;18;16;0;0;2;0;0,73;0,09;0,82;0,73;0,82;ESP;FW;25;2000;21,8;16;69;37;53,6;3,16;1,69;0,23;0,43;0;0;ESP;FW;25;2000;33;1965;60;57,5;21,8;23;74;5;10;27;2;2,39;50;20;30;1,37;-0,42;ESP;FW;25;2000;21,8;2;0;0;13;20;12;3;4;6;0;;;;;;;;;;;;;;;;;;;;;;;
Frenkie de Jong;Barcelona;2526;ESP-La Liga;NED;MF;28;1997;25;16;1636;18,2;1;5;6;1;0;0;4;1;0,06;0,28;0,33;0,06;0,33;NED;MF;28;1997;18,2;1;7;2;28,6;0,39;0,11;0,14;0,5;0;0;NED;MF;28;1997;25;1636;65;47,8;18,2;16;88;13;9;26;1;2,32;43;21;22;1,21;-0,66;NED;MF;28;1997;18,2;4;1;1;10;26;2;5;17;19;0;;;;;;;;;;;;;;;;;;;;;;;
Gavi;Barcelona;2526;ESP-La Liga;ESP;MF;20;2004;11;7;573;6,4;0;1;1;0;0;0;3;0;0,0;0,16;0,16;0,0;0,16;ESP;MF;20;2004;6,4;0;0;0;;0,0;0,0;;;0;0;ESP;MF;20;2004;11;573;52;16,8;6,4;7;69;2;4;22;2;2,73;15;6;9;1,41;-0,17;ESP;MF;20;2004;6,4;3;0;0;11;14;0;2;3;8;0;;;;;;;;;;;;;;;;;;;;;;;
Gerard Martín;Barcelona;2526;ESP-La Liga;ESP;DF;23;2002;32;26;2119;23,5;0;0;0;0;0;0;6;0;0,0;0,0;0,0;0,0;0,0;ESP;DF;23;2002;23,5;0;7;4;57,1;0,3;0,17;0,0;0,0;0;0;ESP;DF;23;2002;32;2119;66;62,0;23,5;26;79;15;6;9;3;2,47;58;16;42;1,78;0,61;ESP;DF;23;2002;23,5;6;0;0;16;7;0;14;31;29;0;;;;;;;;;;;;;;;;;;;;;;;
Guillermo Fernandez;Barcelona;2526;ESP-La Liga;;;;;;;;;;;;;;;;;;;;;;;;;;;;;;;;;;;;;ESP;MF;17;2008;0;;;;;0;;0;0;;1;;;;;;;;;;;;;;;;;;;;;;;;;;;;;;;;;;;;;;;;;;;;
Iñaki Peña;Barcelona;2526;ESP-La Liga;;;;;;;;;;;;;;;;;;;;;;;;;;;;;;;;;;;;;ESP;GK;26;1999;0;;;;;0;;0;0;;2;;;;;;;;;;;;;;;;;;;;;;;;;;;;;;;;;;;;;;;;;;;;
Joan García;Barcelona;2526;ESP-La Liga;ESP;GK;24;2001;30;30;2700;30,0;0;0;0;0;0;0;1;0;0,0;0,0;0,0;0,0;0,0;ESP;GK;24;2001;30,0;0;0;0;;0,0;0,0;;;0;0;ESP;GK;24;2001;30;2700;90;78,9;30,0;30;90;30;0;;2;2,73;81;21;60;2,0;2,12;ESP;GK;24;2001;30,0;1;0;0;0;4;0;0;1;4;0;ESP;GK;24;2001;30;30;2700;30,0;21;0,7;95;74;77,9;27;1;2;15;50,0;3;3;0;0;0,0
Jofre Torrents;Barcelona;2526;ESP-La Liga;ESP;DF;18;2007;3;0;50;0,6;0;0;0;0;0;0;0;0;0,0;0,0;0,0;0,0;0,0;ESP;DF;18;2007;0,6;0;0;0;;0,0;0,0;;;0;0;ESP;DF;18;2007;3;50;17;1,5;0,6;0;;0;3;17;11;3,0;3;2;1;1,8;0,25;ESP;DF;18;2007;0,6;0;0;0;0;0;0;4;0;2;0;;;;;;;;;;;;;;;;;;;;;;;
João Cancelo;Barcelona;2526;ESP-La Liga;POR;DF;31;1994;16;11;954;10,6;2;2;4;2;0;0;1;0;0,19;0,19;0,38;0,19;0,38;POR;DF;31;1994;10,6;2;13;4;30,8;1,23;0,38;0,15;0,5;0;0;POR;DF;31;1994;16;954;60;27,9;10,6;11;79;7;5;18;3;2,44;27;6;21;1,98;0,59;POR;DF;31;1994;10,6;1;0;0;11;14;4;31;11;19;0;;;;;;;;;;;;;;;;;;;;;;;
Juan Hernández;Barcelona;2526;ESP-La Liga;;;;;;;;;;;;;;;;;;;;;;;;;;;;;;;;;;;;;ESP;FW;18;2007;0;;;;;0;;0;0;;2;;;;;;;;;;;;;;;;;;;;;;;;;;;;;;;;;;;;;;;;;;;;
Jules Koundé;Barcelona;2526;ESP-La Liga;FRA;DF;26;1998;30;24;2261;25,1;1;3;4;1;0;0;6;0;0,04;0,12;0,16;0,04;0,16;FRA;DF;26;1998;25,1;1;14;4;28,6;0,56;0,16;0,07;0,25;0;0;FRA;DF;26;1998;30;2261;75;66,1;25,1;24;88;20;6;26;3;2,43;65;22;43;1,71;0,47;FRA;DF;26;1998;25,1;6;0;0;24;24;2;40;31;24;0;;;;;;;;;;;;;;;;;;;;;;;
Lamine Yamal;Barcelona;2526;ESP-La Liga;ESP;MF,FW;18;2007;28;26;2262;25,1;16;11;27;13;3;4;1;0;0,64;0,44;1,07;0,52;0,95;ESP;MF,FW;18;2007;25,1;16;117;37;31,6;4,66;1,47;0,14;0,43;3;4;ESP;MF,FW;18;2007;28;2262;81;66,1;25,1;26;85;16;2;29;0;2,61;62;23;39;1,55;0,0;ESP;MF,FW;18;2007;25,1;1;0;0;28;52;14;77;8;20;0;;;;;;;;;;;;;;;;;;;;;;;
Marc Bernal;Barcelona;2526;ESP-La Liga;ESP;MF;18;2007;22;9;790;8,8;2;1;3;2;0;0;4;0;0,23;0,11;0,34;0,23;0,34;ESP;MF;18;2007;8,8;2;7;2;28,6;0,8;0,23;0,29;1,0;0;0;ESP;MF;18;2007;22;790;36;23,1;8,8;9;65;0;13;15;10;2,59;21;10;11;1,25;-0,39;ESP;MF;18;2007;8,8;4;0;0;15;11;0;1;12;19;0;;;;;;;;;;;;;;;;;;;;;;;
Marc Casado;Barcelona;2526;ESP-La Liga;ESP;MF;21;2003;24;10;989;11,0;0;1;1;0;0;0;1;0;0,0;0,09;0,09;0,0;0,09;ESP;MF;21;2003;11,0;0;11;0;0,0;1,0;0,0;0,0;;0;0;ESP;MF;21;2003;24;989;41;28,9;11,0;10;76;5;14;16;14;2,63;25;10;15;1,37;-0,26;ESP;MF;21;2003;11,0;1;0;0;25;20;0;1;7;9;0;;;;;;;;;;;;;;;;;;;;;;;
Marc-André ter Stegen;Barcelona;2526;ESP-La Liga;;;;;;;;;;;;;;;;;;;;;;;;;;;;;;;;;;;;;GER;GK;33;1992;0;;;;;0;;0;0;;4;;;;;;;;;;;;;;;;;;;;;;;;;;;;;;;;;;;;;;;;;;;;
Marcus Rashford;Barcelona;2526;ESP-La Liga;ENG;MF,FW;27;1997;32;18;1763;19,6;8;7;15;8;0;0;3;0;0,41;0,36;0,77;0,41;0,77;ENG;MF,FW;27;1997;19,6;8;76;29;38,2;3,88;1,48;0,11;0,28;0;0;ENG;MF,FW;27;1997;32;1763;55;51,5;19,6;18;76;6;14;29;4;2,47;44;25;19;0,97;-1,2;ENG;MF,FW;27;1997;19,6;3;0;0;10;25;10;121;2;8;0;;;;;;;;;;;;;;;;;;;;;;;
Pau Cubarsí;Barcelona;2526;ESP-La Liga;ESP;DF;18;2007;31;31;2703;30,0;1;0;1;1;0;0;3;0;0,03;0,0;0,03;0,03;0,03;ESP;DF;18;2007;30,0;1;10;2;20,0;0,33;0,07;0,1;0,5;0;0;ESP;DF;18;2007;31;2703;87;79,0;30,0;31;87;25;0;;7;2,52;76;29;47;1,56;0,06;ESP;DF;18;2007;30,0;3;0;0;25;9;0;0;30;28;0;;;;;;;;;;;;;;;;;;;;;;;
Pedri;Barcelona;2526;ESP-La Liga;ESP;MF;22;2002;29;23;2104;23,4;2;9;11;2;0;0;2;1;0,09;0,38;0,47;0,09;0,47;ESP;MF;22;2002;23,4;2;21;10;47,6;0,9;0,43;0,1;0,2;0;0;ESP;MF;22;2002;29;2104;73;61,5;23,4;23;83;11;6;32;1;2,52;60;21;39;1,67;0,3;ESP;MF;22;2002;23,4;2;1;1;9;43;1;12;24;33;0;;;;;;;;;;;;;;;;;;;;;;;
Raphinha;Barcelona;2526;ESP-La Liga;BRA;MF,FW;28;1996;22;18;1380;15,3;13;3;16;10;3;3;5;0;0,85;0,2;1,04;0,65;0,85;BRA;MF,FW;28;1996;15,3;13;65;24;36,9;4,24;1,57;0,2;0,54;3;3;BRA;MF,FW;28;1996;22;1380;63;40,4;15,3;18;71;4;4;28;2;2,77;43;9;34;2,22;1,11;BRA;MF,FW;28;1996;15,3;5;0;0;10;10;4;72;6;6;0;;;;;;;;;;;;;;;;;;;;;;;
Robert Lewandowski;Barcelona;2526;ESP-La Liga;POL;FW;36;1988;31;17;1664;18,5;14;2;16;13;1;3;2;0;0,76;0,11;0,87;0,7;0,81;POL;FW;36;1988;18,5;14;63;29;46,0;3,41;1,57;0,22;0,48;1;3;POL;FW;36;1988;31;1664;54;48,7;18,5;17;80;10;14;22;4;2,45;52;19;33;1,78;0,45;POL;FW;36;1988;18,5;2;0;0;13;21;17;0;3;3;0;;;;;;;;;;;;;;;;;;;;;;;
Ronald Araújo;Barcelona;2526;ESP-La Liga;URU;DF;26;1999;24;11;1071;11,9;3;0;3;3;0;0;2;0;0,25;0,0;0,25;0,25;0,25;URU;DF;26;1999;11,9;3;12;5;41,7;1,01;0,42;0,25;0,6;0;0;URU;DF;26;1999;24;1071;45;31,3;11,9;11;76;7;13;18;8;2,5;31;15;16;1,34;-0,3;URU;DF;26;1999;11,9;2;0;0;17;3;0;6;10;15;0;;;;;;;;;;;;;;;;;;;;;;;
Roony Bardghji;Barcelona;2526;ESP-La Liga;SWE;MF,FW;19;2005;21;7;648;7,2;1;1;2;1;0;0;0;0;0,14;0,14;0,28;0,14;0,28;SWE;MF,FW;19;2005;7,2;1;22;12;54,5;3,06;1,67;0,05;0,08;0;0;SWE;MF,FW;19;2005;21;648;31;18,9;7,2;7;59;0;14;17;14;2,29;17;8;9;1,25;-0,37;SWE;MF,FW;19;2005;7,2;0;0;0;7;8;0;54;2;4;0;;;;;;;;;;;;;;;;;;;;;;;
Tomas Marques;Barcelona;2526;ESP-La Liga;ESP;MF;18;2006;2;0;11;0,1;0;0;0;0;0;0;0;0;0,0;0,0;0,0;0,0;0,0;ESP;MF;18;2006;0,1;0;0;0;;0,0;0,0;;;0;0;ESP;MF;18;2006;2;11;6;0,3;0,1;0;;0;2;6;17;1,5;0;0;0;0,0;-1,56;ESP;MF;18;2006;0,1;0;0;0;1;0;0;0;0;0;0;;;;;;;;;;;;;;;;;;;;;;;
Toni Fernández;Barcelona;2526;ESP-La Liga;ESP;FW;17;2008;1;1;45;0,5;0;0;0;0;0;0;0;0;0,0;0,0;0,0;0,0;0,0;ESP;FW;17;2008;0,5;0;0;0;;0,0;0,0;;;0;0;ESP;FW;17;2008;1;45;45;1,3;0,5;1;45;0;0;;10;3,0;1;1;0;0,0;-1,57;ESP;FW;17;2008;0,5;0;0;0;0;0;0;0;0;0;0;;;;;;;;;;;;;;;;;;;;;;;
Wojciech Szczęsny;Barcelona;2526;ESP-La Liga;POL;GK;35;1990;8;8;720;8,0;0;0;0;0;0;0;0;0;0,0;0,0;0,0;0,0;0,0;POL;GK;35;1990;8,0;0;0;0;;0,0;0,0;;;0;0;POL;GK;35;1990;8;720;90;21,1;8,0;8;90;8;0;;27;1,5;14;15;-1;-0,12;-2,12;POL;GK;35;1990;8,0;0;0;0;0;0;0;0;0;0;0;POL;GK;35;1990;8;8;720;8,0;15;1,87;37;22;59,5;4;0;4;0;0,0;2;1;1;0;50,0
Xavi Espart;Barcelona;2526;ESP-La Liga;ESP;DF;18;2007;4;1;165;1,8;0;0;0;0;0;0;0;0;0,0;0,0;0,0;0,0;0,0;ESP;DF;18;2007;1,8;0;1;0;0,0;0,55;0,0;0,0;;0;0;ESP;DF;18;2007;4;165;41;4,8;1,8;1;90;1;3;25;12;1,5;6;5;1;0,55;-1,06;ESP;DF;18;2007;1,8;0;0;0;0;4;0;2;5;1;0;;;;;;;;;;;;;;;;;;;;;;;
Andrés Antañón;Celta Vigo;2526;ESP-La Liga;ESP;FW;18;2007;2;1;63;0,7;0;0;0;0;0;0;0;0;0,0;0,0;0,0;0,0;0,0;ESP;FW;18;2007;0,7;0;2;2;100,0;2,86;2,86;0,0;0,0;0;0;ESP;FW;18;2007;2;63;32;1,8;0,7;1;45;0;1;18;7;1,5;0;2;-2;-2,86;-3,04;ESP;FW;18;2007;0,7;0;0;0;1;0;0;0;0;0;0;;;;;;;;;;;;;;;;;;;;;;;
Borja Iglesias;Celta Vigo;2526;ESP-La Liga;ESP;FW;32;1993;35;21;1900;21,1;14;2;16;10;4;4;7;0;0,66;0,09;0,76;0,47;0,57;ESP;FW;32;1993;21,1;14;46;26;56,5;2,18;1,23;0,3;0,54;4;4;ESP;FW;32;1993;35;1900;54;55,6;21,1;21;75;4;14;24;1;1,34;32;26;6;0,28;0,34;ESP;FW;32;1993;21,1;7;0;0;38;30;22;3;0;5;0;;;;;;;;;;;;;;;;;;;;;;;
Bryan Zaragoza;Celta Vigo;2526;ESP-La Liga;ESP;FW,MF;23;2001;19;13;1131;12,6;1;1;2;0;1;1;1;0;0,08;0,08;0,16;0,0;0,08;ESP;FW,MF;23;2001;12,6;1;26;12;46,2;2,07;0,95;0,04;0,08;1;1;ESP;FW,MF;23;2001;19;1131;60;33,1;12,6;13;76;4;6;24;2;1,47;16;12;4;0,32;0,28;ESP;FW,MF;23;2001;12,6;1;0;0;7;17;6;67;2;5;0;;;;;;;;;;;;;;;;;;;;;;;
Carl Starfelt;Celta Vigo;2526;ESP-La Liga;SWE;DF;30;1995;19;17;1491;16,6;0;0;0;0;0;0;3;1;0,0;0,0;0,0;0,0;0,0;SWE;DF;30;1995;16,6;0;4;1;25,0;0,24;0,06;0,0;0,0;0;0;SWE;DF;30;1995;19;1491;78;43,6;16,6;17;86;14;2;17;1;1,37;22;17;5;0,3;0,3;SWE;DF;30;1995;16,6;3;1;1;19;8;0;0;16;16;1;;;;;;;;;;;;;;;;;;;;;;;
Carlos Dominguez;Celta Vigo;2526;ESP-La Liga;ESP;DF;24;2001;8;6;610;6,8;0;0;0;0;0;0;1;0;0,0;0,0;0,0;0,0;0,0;ESP;DF;24;2001;6,8;0;2;1;50,0;0,3;0,15;0,0;0,0;0;0;ESP;DF;24;2001;8;610;76;17,8;6,8;6;89;5;2;38;20;1,25;10;12;-2;-0,3;-0,52;ESP;DF;24;2001;6,8;1;0;0;6;1;0;1;5;8;0;;;;;;;;;;;;;;;;;;;;;;;
Damián Rodríguez;Celta Vigo;2526;ESP-La Liga;ESP;MF;22;2003;2;2;150;1,7;0;0;0;0;0;0;1;0;0,0;0,0;0,0;0,0;0,0;ESP;MF;22;2003;1,7;0;3;0;0,0;1,8;0,0;0,0;;0;0;ESP;MF;22;2003;2;150;75;4,4;1,7;2;75;1;0;;12;2,0;2;3;-1;-0,6;-0,77;ESP;MF;22;2003;1,7;1;0;0;3;0;0;3;1;0;0;;;;;;;;;;;;;;;;;;;;;;;
Fer López;Celta Vigo;2526;ESP-La Liga;ESP;MF,FW;21;2004;17;13;1170;13,0;1;1;2;1;0;0;3;0;0,08;0,08;0,15;0,08;0,15;ESP;MF,FW;21;2004;13,0;1;13;5;38,5;1,0;0,38;0,08;0,2;0;0;ESP;MF,FW;21;2004;17;1170;69;34,2;13,0;13;81;5;4;30;0;1,29;17;19;-2;-0,15;-0,43;ESP;MF,FW;21;2004;13,0;3;0;0;24;18;1;18;6;11;0;;;;;;;;;;;;;;;;;;;;;;;
Ferran Jutglà;Celta Vigo;2526;ESP-La Liga;ESP;FW;26;1999;30;21;1652;18,4;9;3;12;9;0;0;4;0;0,49;0,16;0,65;0,49;0,65;ESP;FW;26;1999;18,4;9;45;26;57,8;2,45;1,42;0,2;0,35;0;0;ESP;FW;26;1999;30;1652;55;48,3;18,4;21;69;2;9;22;5;1,33;25;24;1;0,05;-0,15;ESP;FW;26;1999;18,4;4;0;0;24;30;10;19;8;3;0;;;;;;;;;;;;;;;;;;;;;;;
Fran Beltrán;Celta Vigo;2526;ESP-La Liga;ESP;MF;26;1999;10;7;528;5,9;0;0;0;0;0;0;0;0;0,0;0,0;0,0;0,0;0,0;ESP;MF;26;1999;5,9;0;6;1;16,7;1,02;0,17;0,0;0,0;0;0;ESP;MF;26;1999;10;528;53;15,4;5,9;7;71;2;3;10;9;1,4;4;6;-2;-0,34;-0,56;ESP;MF;26;1999;5,9;0;0;0;10;3;0;2;8;5;0;;;;;;;;;;;;;;;;;;;;;;;
Franco Cervi;Celta Vigo;2526;ESP-La Liga;;;;;;;;;;;;;;;;;;;;;;;;;;;;;;;;;;;;;ARG;FW,MF;31;1994;0;;;;;0;;0;0;;10;;;;;;;;;;;;;;;;;;;;;;;;;;;;;;;;;;;;;;;;;;;;
Hugo García;Celta Vigo;2526;ESP-La Liga;ESP;MF;18;2006;1;0;8;0,1;0;0;0;0;0;0;0;0;0,0;0,0;0,0;0,0;0,0;ESP;MF;18;2006;0,1;0;0;0;;0,0;0,0;;;0;0;ESP;MF;18;2006;1;8;8;0,2;0,1;0;;0;1;8;1;3,0;0;0;0;0,0;-0,13;ESP;MF;18;2006;0,1;0;0;0;0;0;0;0;0;0;0;;;;;;;;;;;;;;;;;;;;;;;
Hugo González;Celta Vigo;2526;ESP-La Liga;ESP;FW;22;2003;1;0;8;0,1;0;0;0;0;0;0;0;0;0,0;0,0;0,0;0,0;0,0;ESP;FW;22;2003;0,1;0;0;0;;0,0;0,0;;;0;0;ESP;FW;22;2003;1;8;8;0,2;0,1;0;;0;1;8;1;0,0;0;0;0;0,0;-0,13;ESP;FW;22;2003;0,1;0;0;0;0;0;0;1;0;1;0;;;;;;;;;;;;;;;;;;;;;;;
Hugo Sotelo;Celta Vigo;2526;ESP-La Liga;ESP;MF;21;2003;20;16;1338;14,9;0;2;2;0;0;0;3;0;0,0;0,13;0,13;0,0;0,13;ESP;MF;21;2003;14,9;0;2;1;50,0;0,13;0,07;0,0;0,0;0;0;ESP;MF;21;2003;20;1338;67;39,1;14,9;16;78;7;4;24;14;1,1;27;25;2;0,13;0,0;ESP;MF;21;2003;14,9;3;0;0;27;13;0;44;13;16;0;;;;;;;;;;;;;;;;;;;;;;;
Hugo Álvarez;Celta Vigo;2526;ESP-La Liga;ESP;FW,MF;22;2003;28;15;1340;14,9;4;2;6;4;0;0;2;0;0,27;0,13;0,4;0,27;0,4;ESP;FW,MF;22;2003;14,9;4;14;8;57,1;0,94;0,54;0,29;0,5;0;0;ESP;FW,MF;22;2003;28;1340;48;39,2;14,9;15;70;4;13;22;6;1,43;25;23;2;0,13;0,0;ESP;FW,MF;22;2003;14,9;2;0;0;16;17;2;23;10;9;0;;;;;;;;;;;;;;;;;;;;;;;
Iago Aspas;Celta Vigo;2526;ESP-La Liga;ESP;FW,MF;37;1987;32;11;1140;12,7;5;3;8;3;2;2;4;0;0,39;0,24;0,63;0,24;0,47;ESP;FW,MF;37;1987;12,7;5;28;12;42,9;2,21;0,95;0,18;0,42;2;2;ESP;FW,MF;37;1987;32;1140;36;33,3;12,7;11;69;1;21;18;4;1,36;22;12;10;0,79;0,99;ESP;FW,MF;37;1987;12,7;4;0;0;5;17;0;24;12;11;0;;;;;;;;;;;;;;;;;;;;;;;
Ilaix Moriba;Celta Vigo;2526;ESP-La Liga;GUI;MF;22;2003;36;26;2495;27,7;2;3;5;2;0;0;8;0;0,07;0,11;0,18;0,07;0,18;GUI;MF;22;2003;27,7;2;18;5;27,8;0,65;0,18;0,11;0,4;0;0;GUI;MF;22;2003;36;2495;69;73,0;27,7;26;86;22;10;25;0;1,5;40;30;10;0,36;0,85;GUI;MF;22;2003;27,7;8;0;0;40;58;0;2;24;42;0;;;;;;;;;;;;;;;;;;;;;;;
Ionuț Radu;Celta Vigo;2526;ESP-La Liga;ROU;GK;28;1997;38;38;3420;38,0;0;0;0;0;0;0;2;0;0,0;0,0;0,0;0,0;0,0;ROU;GK;28;1997;38,0;0;0;0;;0,0;0,0;;;0;0;ROU;GK;28;1997;38;3420;90;100,0;38,0;38;90;38;0;;0;1,42;53;48;5;0,13;;ROU;GK;28;1997;38,0;2;0;0;0;8;0;0;1;0;0;ROU;GK;28;1997;38;38;3420;38,0;48;1,26;159;111;69,8;14;12;12;10;26,3;11;6;2;3;25,0
Iván Villar;Celta Vigo;2526;ESP-La Liga;;;;;;;;;;;;;;;;;;;;;;;;;;;;;;;;;;;;;ESP;GK;28;1997;0;;;;;0;;0;0;;38;;;;;;;;;;;;;;;;;;;;;;;;;;;;;;;;;;;;;;;;;;;;
Javi Rodríguez;Celta Vigo;2526;ESP-La Liga;ESP;DF;22;2003;33;28;2558;28,4;0;1;1;0;0;0;5;0;0,0;0,04;0,04;0,0;0,04;ESP;DF;22;2003;28,4;0;12;1;8,3;0,42;0,04;0,0;0,0;0;0;ESP;DF;22;2003;33;2558;78;74,8;28,4;28;85;21;5;33;3;1,42;31;33;-2;-0,07;-0,8;ESP;DF;22;2003;28,4;5;0;0;33;33;1;1;28;23;0;;;;;;;;;;;;;;;;;;;;;;;
Javi Rueda;Celta Vigo;2526;ESP-La Liga;ESP;MF;23;2002;26;16;1404;15,6;2;6;8;2;0;0;6;0;0,13;0,38;0,51;0,13;0,51;ESP;MF;23;2002;15,6;2;11;3;27,3;0,71;0,19;0,18;0,67;0;0;ESP;MF;23;2002;26;1404;54;41,1;15,6;16;73;5;10;24;8;1,42;19;15;4;0,26;0,21;ESP;MF;23;2002;15,6;6;0;0;25;21;3;27;20;12;0;;;;;;;;;;;;;;;;;;;;;;;
Jones El-Abdellaoui;Celta Vigo;2526;ESP-La Liga;MAR;MF,FW;19;2006;22;4;681;7,6;2;0;2;2;0;0;0;0;0,26;0,0;0,26;0,26;0,26;MAR;MF,FW;19;2006;7,6;2;17;4;23,5;2,25;0,53;0,12;0,5;0;0;MAR;MF,FW;19;2006;22;681;31;19,9;7,6;4;75;1;18;21;16;1,55;17;12;5;0,66;0,66;MAR;MF,FW;19;2006;7,6;0;0;0;7;3;2;30;3;3;0;;;;;;;;;;;;;;;;;;;;;;;
Joseph Aidoo;Celta Vigo;2526;ESP-La Liga;GHA;DF;29;1995;8;7;639;7,1;0;0;0;0;0;0;0;0;0,0;0,0;0,0;0,0;0,0;GHA;DF;29;1995;7,1;0;2;0;0,0;0,28;0,0;0,0;;0;0;GHA;DF;29;1995;8;639;80;18,7;7,1;7;89;6;1;18;18;2,25;17;13;4;0,56;0,53;GHA;DF;29;1995;7,1;0;0;0;5;1;0;0;10;3;0;;;;;;;;;;;;;;;;;;;;;;;
Manu Fernández;Celta Vigo;2526;ESP-La Liga;ESP;DF;24;2001;14;9;758;8,4;0;0;0;0;0;0;2;0;0,0;0,0;0,0;0,0;0,0;ESP;DF;24;2001;8,4;0;2;0;0,0;0,24;0,0;0,0;;0;0;ESP;DF;24;2001;14;758;54;22,2;8,4;9;74;3;5;18;20;1,64;12;11;1;0,12;-0,02;ESP;DF;24;2001;8,4;2;0;0;8;7;0;0;7;9;0;;;;;;;;;;;;;;;;;;;;;;;
Marcos Alonso;Celta Vigo;2526;ESP-La Liga;ESP;DF;34;1990;32;31;2768;30,8;1;0;1;0;1;1;5;0;0,03;0,0;0,03;0,0;0,0;ESP;DF;34;1990;30,8;1;24;3;12,5;0,78;0,1;0,04;0,33;1;1;ESP;DF;34;1990;32;2768;87;80,9;30,8;31;88;28;1;33;0;1,41;40;37;3;0,1;-0,18;ESP;DF;34;1990;30,8;5;0;0;23;20;0;19;30;24;0;;;;;;;;;;;;;;;;;;;;;;;
Matías Vecino;Celta Vigo;2526;ESP-La Liga;URU;MF;33;1991;6;2;135;1,5;0;0;0;0;0;0;0;0;0,0;0,0;0,0;0,0;0,0;URU;MF;33;1991;1,5;0;2;0;0,0;1,33;0,0;0,0;;0;0;URU;MF;33;1991;6;135;23;3,9;1,5;2;57;0;4;6;4;1,33;1;3;-2;-1,33;-1,53;URU;MF;33;1991;1,5;0;0;0;4;0;0;1;4;6;0;;;;;;;;;;;;;;;;;;;;;;;
Miguel Román;Celta Vigo;2526;ESP-La Liga;ESP;MF;22;2002;19;14;1311;14,6;1;0;1;1;0;0;3;0;0,07;0,0;0,07;0,07;0,07;ESP;MF;22;2002;14,6;1;9;2;22,2;0,62;0,14;0,11;0,5;0;0;ESP;MF;22;2002;19;1311;69;38,3;14,6;14;88;10;5;17;7;1,63;18;13;5;0,34;0,34;ESP;MF;22;2002;14,6;3;0;0;20;11;0;21;12;17;0;;;;;;;;;;;;;;;;;;;;;;;
Mihailo Ristić;Celta Vigo;2526;ESP-La Liga;SRB;MF,DF;29;1995;5;4;253;2,8;0;0;0;0;0;0;0;0;0,0;0,0;0,0;0,0;0,0;SRB;MF,DF;29;1995;2,8;0;1;0;0,0;0,36;0,0;0,0;;0;0;SRB;MF,DF;29;1995;5;253;51;7,4;2,8;4;63;0;1;2;20;1,6;3;5;-2;-0,71;-0,91;SRB;MF,DF;29;1995;2,8;0;0;0;0;2;0;2;2;0;0;;;;;;;;;;;;;;;;;;;;;;;
Pablo Durán;Celta Vigo;2526;ESP-La Liga;ESP;FW,MF;24;2001;30;17;1425;15,8;2;2;4;2;0;0;1;0;0,13;0,13;0,25;0,13;0,25;ESP;FW,MF;24;2001;15,8;2;37;15;40,5;2,34;0,95;0,05;0,13;0;0;ESP;FW,MF;24;2001;30;1425;48;41,7;15,8;17;66;2;13;23;4;1,37;16;23;-7;-0,44;-0,98;ESP;FW,MF;24;2001;15,8;1;0;0;15;12;19;15;7;11;0;;;;;;;;;;;;;;;;;;;;;;;
Sergio Carreira;Celta Vigo;2526;ESP-La Liga;ESP;MF;24;2000;34;29;2694;29,9;2;1;3;2;0;0;2;0;0,07;0,03;0,1;0,07;0,1;ESP;MF;24;2000;29,9;2;16;7;43,8;0,53;0,23;0,13;0,29;0;0;ESP;MF;24;2000;34;2694;79;78,8;29,9;29;89;26;5;23;3;1,47;42;40;2;0,07;-0,31;ESP;MF;24;2000;29,9;2;0;0;20;36;2;32;27;18;0;;;;;;;;;;;;;;;;;;;;;;;
Williot Swedberg;Celta Vigo;2526;ESP-La Liga;SWE;FW,MF;21;2004;29;13;1270;14,1;5;5;10;5;0;0;2;0;0,35;0,35;0,71;0,35;0,71;SWE;FW,MF;21;2004;14,1;5;23;12;52,2;1,63;0,85;0,22;0,42;0;0;SWE;FW,MF;21;2004;29;1270;44;37,1;14,1;13;63;0;16;28;2;1,45;19;16;3;0,21;0,13;SWE;FW,MF;21;2004;14,1;2;0;0;30;34;6;8;4;17;0;;;;;;;;;;;;;;;;;;;;;;;
Yoel Lago;Celta Vigo;2526;ESP-La Liga;ESP;DF;21;2004;12;11;938;10,4;0;0;0;0;0;0;4;0;0,0;0,0;0,0;0,0;0,0;ESP;DF;21;2004;10,4;0;1;0;0,0;0,1;0,0;0,0;;0;0;ESP;DF;21;2004;12;938;78;27,4;10,4;11;85;8;1;3;17;1,25;12;15;-3;-0,29;-0,58;ESP;DF;21;2004;10,4;4;0;0;17;14;1;0;7;10;0;;;;;;;;;;;;;;;;;;;;;;;
Álvaro Núñez;Celta Vigo;2526;ESP-La Liga;ESP;DF,MF;25;2000;6;5;328;3,6;0;0;0;0;0;0;0;0;0,0;0,0;0,0;0,0;0,0;ESP;DF,MF;25;2000;3,6;0;2;1;50,0;0,55;0,27;0,0;0,0;0;0;ESP;DF,MF;25;2000;6;328;55;9,6;3,6;5;63;0;1;15;7;1,17;7;6;1;0,27;0,16;ESP;DF,MF;25;2000;3,6;0;0;0;2;5;0;1;1;1;0;;;;;;;;;;;;;;;;;;;;;;;
Ángel Arcos;Celta Vigo;2526;ESP-La Liga;;;;;;;;;;;;;;;;;;;;;;;;;;;;;;;;;;;;;ESP;FW;19;2006;0;;;;;0;;0;0;;1;;;;;;;;;;;;;;;;;;;;;;;;;;;;;;;;;;;;;;;;;;;;
Óscar Mingueza;Celta Vigo;2526;ESP-La Liga;ESP;MF;26;1999;34;21;1968;21,9;1;4;5;1;0;0;4;0;0,05;0,18;0,23;0,05;0,23;ESP;MF;26;1999;21,9;1;14;5;35,7;0,64;0,23;0,07;0,2;0;0;ESP;MF;26;1999;34;1968;58;57,5;21,9;21;78;9;13;25;4;1,44;37;26;11;0,5;0,87;ESP;MF;26;1999;21,9;4;0;0;15;28;1;68;9;20;0;;;;;;;;;;;;;;;;;;;;;;;
Adam Boayar;Elche;2526;ESP-La Liga;MAR;MF;19;2005;7;0;104;1,2;1;0;1;1;0;0;0;0;0,87;0,0;0,87;0,87;0,87;MAR;MF;19;2005;1,2;1;5;2;40,0;4,33;1,73;0,2;0,5;0;0;MAR;MF;19;2005;7;104;15;3,0;1,2;0;;0;7;15;16;0,57;4;5;-1;-0,87;-0,68;MAR;MF;19;2005;1,2;0;0;0;0;1;1;2;1;2;0;;;;;;;;;;;;;;;;;;;;;;;
Adrià Pedrosa;Elche;2526;ESP-La Liga;ESP;DF,MF;27;1998;26;8;1090;12,1;1;1;2;1;0;0;4;0;0,08;0,08;0,17;0,08;0,17;ESP;DF,MF;27;1998;12,1;1;12;3;25,0;0,99;0,25;0,08;0,33;0;0;ESP;DF,MF;27;1998;26;1090;42;31,9;12,1;8;82;3;18;24;7;1,04;17;27;-10;-0,83;-0,9;ESP;DF,MF;27;1998;12,1;4;0;0;18;8;1;51;16;19;0;;;;;;;;;;;;;;;;;;;;;;;
Albert Niculaesei;Elche;2526;ESP-La Liga;;;;;;;;;;;;;;;;;;;;;;;;;;;;;;;;;;;;;ROU;DF;17;2008;0;;;;;0;;0;0;;1;;;;;;;;;;;;;;;;;;;;;;;;;;;;;;;;;;;;;;;;;;;;
Aleix Febas;Elche;2526;ESP-La Liga;ESP;MF;29;1996;36;36;3160;35,1;2;2;4;2;0;0;10;0;0,06;0,06;0,11;0,06;0,11;ESP;MF;29;1996;35,1;2;23;8;34,8;0,66;0,23;0,09;0,25;0;0;ESP;MF;29;1996;36;3160;88;92,4;35,1;36;88;30;0;;0;1,11;45;52;-7;-0,2;0,15;ESP;MF;29;1996;35,1;10;0;0;34;118;1;22;27;46;0;;;;;;;;;;;;;;;;;;;;;;;
Alejandro Iturbe;Elche;2526;ESP-La Liga;;;;;;;;;;;;;;;;;;;;;;;;;;;;;;;;;;;;;ESP;GK;21;2003;0;;;;;0;;0;0;;27;;;;;;;;;;;;;;;;;;;;;;;;;;;;;;;;;;;;;;;;;;;;
Alex Herráiz;Elche;2526;ESP-La Liga;;;;;;;;;;;;;;;;;;;;;;;;;;;;;;;;;;;;;;MF;;;0;;;;;0;;0;0;;2;;;;;;;;;;;;;;;;;;;;;;;;;;;;;;;;;;;;;;;;;;;;
Ali Houary;Elche;2526;ESP-La Liga;MAR;MF;19;2005;2;2;123;1,4;0;0;0;0;0;0;0;0;0,0;0,0;0,0;0,0;0,0;MAR;MF;19;2005;1,4;0;2;0;0,0;1,46;0,0;0,0;;0;0;MAR;MF;19;2005;2;123;62;3,6;1,4;2;62;0;0;;8;1,0;1;2;-1;-0,73;-0,54;MAR;MF;19;2005;1,4;0;0;0;7;2;0;0;1;2;0;;;;;;;;;;;;;;;;;;;;;;;
André Silva;Elche;2526;ESP-La Liga;POR;FW;29;1995;31;22;1849;20,5;10;0;10;7;3;3;3;0;0,49;0,0;0,49;0,34;0,34;POR;FW;29;1995;20,5;10;57;29;50,9;2,77;1,41;0,18;0,34;3;3;POR;FW;29;1995;31;1849;60;54,1;20,5;22;78;10;9;15;2;1,0;23;35;-12;-0,58;-0,81;POR;FW;29;1995;20,5;3;0;0;24;34;6;3;4;8;0;;;;;;;;;;;;;;;;;;;;;;;
Antonio Martínez;Elche;2526;ESP-La Liga;;;;;;;;;;;;;;;;;;;;;;;;;;;;;;;;;;;;;ESP;MF;19;2006;0;;;;;0;;0;0;;1;;;;;;;;;;;;;;;;;;;;;;;;;;;;;;;;;;;;;;;;;;;;
Bambo Diaby;Elche;2526;ESP-La Liga;SEN;DF;27;1997;4;1;102;1,1;0;0;0;0;0;0;1;0;0,0;0,0;0,0;0,0;0,0;SEN;DF;27;1997;1,1;0;0;0;;0,0;0,0;;;0;0;SEN;DF;27;1997;4;102;26;3,0;1,1;1;45;0;3;19;15;1,25;0;4;-4;-3,53;-3,42;SEN;DF;27;1997;1,1;1;0;0;3;3;0;0;1;0;0;;;;;;;;;;;;;;;;;;;;;;;
Bema Sina;Elche;2526;ESP-La Liga;;;;;;;;;;;;;;;;;;;;;;;;;;;;;;;;;;;;;GHA;DF;22;2003;0;;;;;0;;0;0;;1;;;;;;;;;;;;;;;;;;;;;;;;;;;;;;;;;;;;;;;;;;;;
Buba Sangaré;Elche;2526;ESP-La Liga;ESP;DF,MF;17;2007;12;8;538;6,0;0;0;0;0;0;0;3;0;0,0;0,0;0,0;0,0;0,0;ESP;DF,MF;17;2007;6,0;0;2;0;0,0;0,33;0,0;0,0;;0;0;ESP;DF,MF;17;2007;12;538;45;15,7;6,0;8;62;0;4;10;3;1,42;6;9;-3;-0,5;-0,35;ESP;DF,MF;17;2007;6,0;3;0;0;23;7;0;12;8;12;0;;;;;;;;;;;;;;;;;;;;;;;
Daniel Ballesteros;Elche;2526;ESP-La Liga;;;;;;;;;;;;;;;;;;;;;;;;;;;;;;;;;;;;;ESP;FW;22;2003;0;;;;;0;;0;0;;1;;;;;;;;;;;;;;;;;;;;;;;;;;;;;;;;;;;;;;;;;;;;
David Affengruber;Elche;2526;ESP-La Liga;AUT;DF;24;2001;36;33;2949;32,8;1;1;2;1;0;0;7;1;0,03;0,03;0,06;0,03;0,06;AUT;DF;24;2001;32,8;1;14;4;28,6;0,43;0,12;0,07;0,25;0;0;AUT;DF;24;2001;36;2949;82;86,2;32,8;33;87;27;3;31;0;1,14;45;49;-4;-0,12;0,64;AUT;DF;24;2001;32,8;7;1;0;34;35;2;8;50;50;0;;;;;;;;;;;;;;;;;;;;;;;
David Delgado;Elche;2526;ESP-La Liga;;;;;;;;;;;;;;;;;;;;;;;;;;;;;;;;;;;;;ESP;DF;17;2008;0;;;;;0;;0;0;;8;;;;;;;;;;;;;;;;;;;;;;;;;;;;;;;;;;;;;;;;;;;;
Federico Redondo;Elche;2526;ESP-La Liga;ARG;MF;22;2003;11;1;179;2,0;0;0;0;0;0;0;0;1;0,0;0,0;0,0;0,0;0,0;ARG;MF;22;2003;2,0;0;1;0;0,0;0,5;0,0;0,0;;0;0;ARG;MF;22;2003;11;179;16;5,2;2,0;1;63;0;10;12;23;1,17;3;6;-3;-1,51;-1,37;ARG;MF;22;2003;2,0;0;1;0;8;5;0;0;5;2;0;;;;;;;;;;;;;;;;;;;;;;;
Germán Valera;Elche;2526;ESP-La Liga;ESP;MF,DF;23;2002;36;33;2857;31,7;4;5;9;4;0;0;5;1;0,13;0,16;0,28;0,13;0,28;ESP;MF,DF;23;2002;31,7;4;28;8;28,6;0,88;0,25;0,14;0,5;0;0;ESP;MF,DF;23;2002;36;2857;79;83,5;31,7;33;85;17;3;20;0;1,17;41;48;-7;-0,22;-0,06;ESP;MF,DF;23;2002;31,7;5;1;0;40;70;4;104;23;40;0;;;;;;;;;;;;;;;;;;;;;;;
Gonzalo Villar;Elche;2526;ESP-La Liga;ESP;MF;27;1998;12;8;718;8,0;1;0;1;1;0;0;3;0;0,13;0,0;0,13;0,13;0,13;ESP;MF;27;1998;8,0;1;4;1;25,0;0,5;0,13;0,25;1,0;0;0;ESP;MF;27;1998;12;718;60;21,0;8,0;8;80;4;4;19;4;1,42;11;10;1;0,13;0,43;ESP;MF;27;1998;8,0;3;0;0;11;25;0;11;2;9;0;;;;;;;;;;;;;;;;;;;;;;;
Grady Diangana;Elche;2526;ESP-La Liga;COD;MF,FW;27;1998;20;13;926;10,3;1;0;1;1;0;0;3;0;0,1;0,0;0,1;0,1;0,1;COD;MF,FW;27;1998;10,3;1;16;2;12,5;1,56;0,19;0,06;0,5;0;0;COD;MF,FW;27;1998;20;926;46;27,1;10,3;13;62;0;7;18;6;1,05;14;14;0;0,0;0,29;COD;MF,FW;27;1998;10,3;3;0;0;15;19;5;12;4;6;0;;;;;;;;;;;;;;;;;;;;;;;
Héctor Fort;Elche;2526;ESP-La Liga;ESP;DF,MF;18;2006;14;7;482;5,4;2;2;4;2;0;0;0;0;0,37;0,37;0,75;0,37;0,75;ESP;DF,MF;18;2006;5,4;2;12;5;41,7;2,24;0,93;0,17;0,4;0;0;ESP;DF,MF;18;2006;14;482;34;14,1;5,4;7;56;0;7;13;3;1,29;9;6;3;0,56;0,9;ESP;DF,MF;18;2006;5,4;0;0;0;5;1;2;8;5;3;0;;;;;;;;;;;;;;;;;;;;;;;
Iñaki Peña;Elche;2526;ESP-La Liga;ESP;GK;26;1999;16;16;1440;16,0;0;0;0;0;0;0;0;0;0,0;0,0;0,0;0,0;0,0;ESP;GK;26;1999;16,0;0;0;0;;0,0;0,0;;;0;0;ESP;GK;26;1999;16;1440;90;42,1;16,0;16;90;16;0;;20;0,81;21;28;-7;-0,44;-0,39;ESP;GK;26;1999;16,0;0;0;0;0;1;0;0;0;0;0;ESP;GK;26;1999;16;16;1440;16,0;28;1,75;83;55;66,3;3;4;9;4;25,0;2;2;0;0;0,0
Jairo Izquierdo;Elche;2526;ESP-La Liga;ESP;DF,FW;31;1993;1;0;24;0,3;0;0;0;0;0;0;0;0;0,0;0,0;0,0;0,0;0,0;ESP;DF,FW;31;1993;0,3;0;0;0;;0,0;0,0;;;0;0;ESP;DF,FW;31;1993;1;24;24;0,7;0,3;0;;0;1;24;2;1,0;1;0;1;3,75;3,99;ESP;DF,FW;31;1993;0,3;0;0;0;0;0;0;3;0;0;0;;;;;;;;;;;;;;;;;;;;;;;
John Donald;Elche;2526;ESP-La Liga;ESP;DF,MF;24;2000;21;6;665;7,4;1;0;1;1;0;0;3;0;0,14;0,0;0,14;0,14;0,14;ESP;DF,MF;24;2000;7,4;1;6;2;33,3;0,81;0,27;0,17;0,5;0;0;ESP;DF,MF;24;2000;21;665;32;19,4;7,4;6;77;4;15;14;11;1,24;12;17;-5;-0,68;-0,58;ESP;DF,MF;24;2000;7,4;3;0;0;17;6;0;0;8;12;0;;;;;;;;;;;;;;;;;;;;;;;
Josan;Elche;2526;ESP-La Liga;ESP;MF,DF;35;1989;19;4;565;6,3;0;3;3;0;0;0;2;0;0,0;0,48;0,48;0,0;0,48;ESP;MF,DF;35;1989;6,3;0;3;1;33,3;0,48;0,16;0,0;0,0;0;0;ESP;MF,DF;35;1989;19;565;30;16,5;6,3;4;74;0;15;18;13;1,26;15;8;7;1,12;1,59;ESP;MF,DF;35;1989;6,3;2;0;0;5;6;1;72;6;8;0;;;;;;;;;;;;;;;;;;;;;;;
Juan Piera;Elche;2526;ESP-La Liga;;;;;;;;;;;;;;;;;;;;;;;;;;;;;;;;;;;;;ESP;FW;20;2004;0;;;;;0;;0;0;;3;;;;;;;;;;;;;;;;;;;;;;;;;;;;;;;;;;;;;;;;;;;;
Lucas Cepeda;Elche;2526;ESP-La Liga;CHI;MF;22;2002;10;4;402;4,5;1;0;1;1;0;0;1;0;0,22;0,0;0,22;0,22;0,22;CHI;MF;22;2002;4,5;1;13;5;38,5;2,91;1,12;0,08;0,2;0;0;CHI;MF;22;2002;10;402;40;11,8;4,5;4;76;1;6;16;7;1,1;5;8;-3;-0,67;-0,52;CHI;MF;22;2002;4,5;1;0;0;7;10;1;17;1;6;0;;;;;;;;;;;;;;;;;;;;;;;
Léo Pétrot;Elche;2526;ESP-La Liga;FRA;DF;28;1997;32;18;1572;17,5;0;0;0;0;0;0;2;1;0,0;0,0;0,0;0,0;0,0;FRA;DF;28;1997;17,5;0;8;0;0,0;0,46;0,0;0,0;;0;0;FRA;DF;28;1997;32;1572;49;46,0;17,5;18;79;10;14;10;5;1,22;19;26;-7;-0,4;-0,35;FRA;DF;28;1997;17,5;2;1;0;19;6;2;16;17;22;0;;;;;;;;;;;;;;;;;;;;;;;
Marc Aguado;Elche;2526;ESP-La Liga;ESP;MF;25;2000;35;30;2500;27,8;1;2;3;1;0;0;3;0;0,04;0,07;0,11;0,04;0,11;ESP;MF;25;2000;27,8;1;3;2;66,7;0,11;0,07;0,33;0,5;0;0;ESP;MF;25;2000;35;2500;71;73,1;27,8;30;80;9;5;21;0;1,03;32;38;-6;-0,22;-0,02;ESP;MF;25;2000;27,8;3;0;0;25;23;0;2;42;26;0;;;;;;;;;;;;;;;;;;;;;;;
Martim Neto;Elche;2526;ESP-La Liga;POR;MF;22;2003;25;15;1347;15,0;2;5;7;2;0;0;3;0;0,13;0,33;0,47;0,13;0,47;POR;MF;22;2003;15,0;2;12;4;33,3;0,8;0,27;0,17;0,5;0;0;POR;MF;22;2003;25;1347;54;39,4;15,0;15;68;1;10;32;9;1,0;20;23;-3;-0,2;0,02;POR;MF;22;2003;15,0;3;0;0;19;11;0;33;2;12;0;;;;;;;;;;;;;;;;;;;;;;;
Matías Dituro;Elche;2526;ESP-La Liga;ARG;GK;38;1987;22;22;1980;22,0;0;0;0;0;0;0;1;0;0,0;0,0;0,0;0,0;0,0;ARG;GK;38;1987;22,0;0;0;0;;0,0;0,0;;;0;0;ARG;GK;38;1987;22;1980;90;57,9;22,0;22;90;22;0;;16;1,36;28;29;-1;-0,05;0,39;ARG;GK;38;1987;22,0;1;0;0;0;7;0;0;1;0;0;ARG;GK;38;1987;22;22;1980;22,0;29;1,32;93;64;68,8;7;9;6;4;18,2;5;4;0;1;0,0
Mourad El Ghezouani;Elche;2526;ESP-La Liga;MAR;FW;27;1998;2;0;50;0,6;0;0;0;0;0;0;0;0;0,0;0,0;0,0;0,0;0,0;MAR;FW;27;1998;0,6;0;1;0;0,0;1,8;0,0;0,0;;0;0;MAR;FW;27;1998;2;50;25;1,5;0,6;0;;0;2;25;1;2,0;1;0;1;1,8;2,04;MAR;FW;27;1998;0,6;0;0;0;1;1;0;0;0;3;0;;;;;;;;;;;;;;;;;;;;;;;
Nico Salvador;Elche;2526;ESP-La Liga;;;;;;;;;;;;;;;;;;;;;;;;;;;;;;;;;;;;;ESP;DF;19;2005;0;;;;;0;;0;0;;1;;;;;;;;;;;;;;;;;;;;;;;;;;;;;;;;;;;;;;;;;;;;
Pablo Felipe;Elche;2526;ESP-La Liga;;;;;;;;;;;;;;;;;;;;;;;;;;;;;;;;;;;;;ESP;DF;20;2005;0;;;;;0;;0;0;;1;;;;;;;;;;;;;;;;;;;;;;;;;;;;;;;;;;;;;;;;;;;;
Pedro Bigas;Elche;2526;ESP-La Liga;ESP;DF;34;1990;28;25;2063;22,9;1;3;4;1;0;0;5;1;0,04;0,13;0,17;0,04;0,17;ESP;DF;34;1990;22,9;1;10;3;30,0;0,44;0,13;0,1;0,33;0;0;ESP;DF;34;1990;28;2063;74;60,3;22,9;25;81;15;3;15;6;1,29;30;30;0;0,0;0,53;ESP;DF;34;1990;22,9;5;1;1;24;19;0;26;30;22;0;;;;;;;;;;;;;;;;;;;;;;;
Rafa Mir;Elche;2526;ESP-La Liga;ESP;FW,MF;28;1997;27;21;1803;20,0;8;0;8;7;1;2;4;0;0,4;0,0;0,4;0,35;0,35;ESP;FW,MF;28;1997;20,0;8;69;36;52,2;3,44;1,8;0,12;0,22;1;2;ESP;FW,MF;28;1997;27;1803;67;52,7;20,0;21;80;7;6;21;3;1,22;30;24;6;0,3;1,08;ESP;FW,MF;28;1997;20,0;4;0;0;39;16;7;19;4;7;0;;;;;;;;;;;;;;;;;;;;;;;
Rodrigo Mendoza;Elche;2526;ESP-La Liga;ESP;MF,FW;20;2005;16;6;794;8,8;1;0;1;1;0;0;4;0;0,11;0,0;0,11;0,11;0,11;ESP;MF,FW;20;2005;8,8;1;11;2;18,2;1,25;0,23;0,09;0,5;0;0;ESP;MF,FW;20;2005;16;794;50;23,2;8,8;6;85;2;10;29;3;0,94;11;15;-4;-0,45;-0,32;ESP;MF,FW;20;2005;8,8;4;0;0;19;16;2;17;5;9;0;;;;;;;;;;;;;;;;;;;;;;;
Tete Morente;Elche;2526;ESP-La Liga;ESP;MF;28;1996;13;11;929;10,3;1;1;2;1;0;0;1;0;0,1;0,1;0,19;0,1;0,19;ESP;MF;28;1996;10,3;1;8;1;12,5;0,78;0,1;0,13;1,0;0;0;ESP;MF;28;1996;13;929;71;27,2;10,3;11;79;5;2;28;3;1,46;9;13;-4;-0,39;-0,24;ESP;MF;28;1996;10,3;1;0;0;20;10;2;46;11;11;0;;;;;;;;;;;;;;;;;;;;;;;
Víctor Chust;Elche;2526;ESP-La Liga;ESP;DF;25;2000;31;22;2166;24,1;1;0;1;1;0;0;8;1;0,04;0,0;0,04;0,04;0,04;ESP;DF;25;2000;24,1;1;9;3;33,3;0,37;0,12;0,11;0,33;0;0;ESP;DF;25;2000;31;2166;70;63,3;24,1;22;88;16;9;26;3;1,16;30;35;-5;-0,21;0,01;ESP;DF;25;2000;24,1;8;1;1;38;10;1;36;20;35;0;;;;;;;;;;;;;;;;;;;;;;;
Yago Santiago;Elche;2526;ESP-La Liga;ESP;MF;22;2003;9;3;281;3,1;0;0;0;0;0;0;1;0;0,0;0,0;0,0;0,0;0,0;ESP;MF;22;2003;3,1;0;2;0;0,0;0,64;0,0;0,0;;0;0;ESP;MF;22;2003;9;281;31;8,2;3,1;3;64;0;6;15;10;0,67;3;5;-2;-0,64;-0,47;ESP;MF;22;2003;3,1;1;0;0;3;2;1;6;1;1;0;;;;;;;;;;;;;;;;;;;;;;;
Álex Sánchez;Elche;2526;ESP-La Liga;ESP;FW;19;2006;1;0;6;0,1;0;1;1;0;0;0;0;0;0,0;15,0;15,0;0,0;15,0;ESP;FW;19;2006;0,1;0;0;0;;0,0;0,0;;;0;0;ESP;FW;19;2006;1;6;6;0,2;0,1;0;;0;1;6;2;0,0;1;1;0;0,0;0,21;ESP;FW;19;2006;0,1;0;0;0;0;0;0;0;0;1;0;;;;;;;;;;;;;;;;;;;;;;;
Álvaro Núñez;Elche;2526;ESP-La Liga;ESP;DF,MF;25;2000;19;19;1647;18,3;0;2;2;0;0;0;2;0;0,0;0,11;0,11;0,0;0,11;ESP;DF,MF;25;2000;18,3;0;4;0;0,0;0,22;0,0;0,0;;0;0;ESP;DF,MF;25;2000;19;1647;87;48,2;18,3;19;87;14;0;;0;1,21;23;20;3;0,16;0,72;ESP;DF,MF;25;2000;18,3;2;0;0;12;17;2;60;15;15;0;;;;;;;;;;;;;;;;;;;;;;;
Álvaro Rodríguez;Elche;2526;ESP-La Liga;URU;FW;21;2004;34;24;2201;24,5;7;5;12;7;0;0;2;0;0,29;0,2;0,49;0,29;0,49;URU;FW;21;2004;24,5;7;75;24;32,0;3,07;0,98;0,09;0,29;0;0;URU;FW;21;2004;34;2201;65;64,4;24,5;24;83;12;10;21;3;1,06;30;36;-6;-0,25;-0,1;URU;FW;21;2004;24,5;2;0;0;37;49;18;10;4;14;0;;;;;;;;;;;;;;;;;;;;;;;
Adama Timera;Espanyol;2526;ESP-La Liga;;;;;;;;;;;;;;;;;;;;;;;;;;;;;;;;;;;;;FRA;DF;20;2005;0;;;;;0;;0;0;;4;;;;;;;;;;;;;;;;;;;;;;;;;;;;;;;;;;;;;;;;;;;;
Alex Almansa;Espanyol;2526;ESP-La Liga;;;;;;;;;;;;;;;;;;;;;;;;;;;;;;;;;;;;;ESP;FW;21;2003;0;;;;;0;;0;0;;1;;;;;;;;;;;;;;;;;;;;;;;;;;;;;;;;;;;;;;;;;;;;
Antoniu;Espanyol;2526;ESP-La Liga;ESP;MF;22;2002;13;3;289;3,2;0;0;0;0;0;0;2;0;0,0;0,0;0,0;0,0;0,0;ESP;MF;22;2002;3,2;0;5;1;20,0;1,56;0,31;0,0;0,0;0;0;ESP;MF;22;2002;13;289;22;8,5;3,2;3;51;0;10;14;22;1,23;3;5;-2;-0,62;-0,34;ESP;MF;22;2002;3,2;2;0;0;10;8;0;6;2;4;0;;;;;;;;;;;;;;;;;;;;;;;
Carlos Romero;Espanyol;2526;ESP-La Liga;ESP;DF;23;2001;36;36;3191;35,5;6;3;9;6;0;0;4;0;0,17;0,08;0,25;0,17;0,25;ESP;DF;23;2001;35,5;6;42;12;28,6;1,18;0,34;0,14;0,5;0;0;ESP;DF;23;2001;36;3191;89;93,3;35,5;36;89;32;0;;0;1,28;41;47;-6;-0,17;2,19;ESP;DF;23;2001;35,5;4;0;0;40;19;1;89;38;60;0;;;;;;;;;;;;;;;;;;;;;;;
Charles Pickel;Espanyol;2526;ESP-La Liga;COD;MF;28;1997;24;4;707;7,9;1;0;1;1;0;0;4;2;0,13;0,0;0,13;0,13;0,13;COD;MF;28;1997;7,9;1;10;4;40,0;1,27;0,51;0,1;0,25;0;0;COD;MF;28;1997;24;707;29;20,7;7,9;4;64;1;20;23;7;1,25;7;12;-5;-0,64;-0,4;COD;MF;28;1997;7,9;4;2;1;14;2;0;2;6;6;0;;;;;;;;;;;;;;;;;;;;;;;
Clemens Riedel;Espanyol;2526;ESP-La Liga;GER;DF;22;2003;20;16;1396;15,5;0;1;1;0;0;0;5;0;0,0;0,06;0,06;0,0;0,06;GER;DF;22;2003;15,5;0;3;1;33,3;0,19;0,06;0,0;0,0;0;0;GER;DF;22;2003;20;1396;70;40,8;15,5;16;82;11;4;20;14;1,2;21;22;-1;-0,06;0,42;GER;DF;22;2003;15,5;5;0;0;23;8;2;3;11;14;0;;;;;;;;;;;;;;;;;;;;;;;
Cyril Ngonge;Espanyol;2526;ESP-La Liga;BEL;MF;25;2000;9;6;424;4,7;0;2;2;0;0;0;4;0;0,0;0,42;0,42;0,0;0,42;BEL;MF;25;2000;4,7;0;11;4;36,4;2,33;0,85;0,0;0,0;0;0;BEL;MF;25;2000;9;424;47;12,4;4,7;6;60;0;3;22;2;0,44;4;8;-4;-0,85;-0,61;BEL;MF;25;2000;4,7;4;0;0;9;12;5;26;4;3;0;;;;;;;;;;;;;;;;;;;;;;;
Edu Expósito;Espanyol;2526;ESP-La Liga;ESP;MF;28;1996;36;32;2523;28,0;1;6;7;1;0;0;9;0;0,04;0,21;0,25;0,04;0,25;ESP;MF;28;1996;28,0;1;44;13;29,5;1,57;0,46;0,02;0,08;0;0;ESP;MF;28;1996;36;2523;70;73,8;28,0;32;76;9;4;26;1;1,17;32;36;-4;-0,14;0,66;ESP;MF;28;1996;28,0;9;0;0;28;42;2;254;24;29;0;;;;;;;;;;;;;;;;;;;;;;;
Fernando Calero;Espanyol;2526;ESP-La Liga;ESP;DF;29;1995;28;24;2148;23,9;0;0;0;0;0;0;5;0;0,0;0,0;0,0;0,0;0,0;ESP;DF;29;1995;23,9;0;12;1;8,3;0,5;0,04;0,0;0,0;0;0;ESP;DF;29;1995;28;2148;77;62,8;23,9;24;85;18;4;26;6;1,29;20;33;-13;-0,54;-0,62;ESP;DF;29;1995;23,9;5;0;0;15;9;0;2;31;18;0;;;;;;;;;;;;;;;;;;;;;;;
Ferran Gómez;Espanyol;2526;ESP-La Liga;;;;;;;;;;;;;;;;;;;;;;;;;;;;;;;;;;;;;ESP;MF;19;2006;0;;;;;0;;0;0;;6;;;;;;;;;;;;;;;;;;;;;;;;;;;;;;;;;;;;;;;;;;;;
Fortuño;Espanyol;2526;ESP-La Liga;ESP;GK;23;2001;1;1;90;1,0;0;0;0;0;0;0;0;0;0,0;0,0;0,0;0,0;0,0;ESP;GK;23;2001;1,0;0;0;0;;0,0;0,0;;;0;0;ESP;GK;23;2001;1;90;90;2,6;1,0;1;90;1;0;;37;1,0;1;1;0;0,0;0,32;ESP;GK;23;2001;1,0;0;0;0;0;0;0;0;0;0;0;ESP;GK;23;2001;1;1;90;1,0;1;1,0;3;2;66,7;0;1;0;0;0,0;0;0;0;0;
Javi Puado;Espanyol;2526;ESP-La Liga;ESP;MF,FW;27;1998;10;8;674;7,5;2;0;2;1;1;2;2;0;0,27;0,0;0,27;0,13;0,13;ESP;MF,FW;27;1998;7,5;2;15;9;60,0;2,0;1,2;0,13;0,22;1;2;ESP;MF,FW;27;1998;10;674;67;19,7;7,5;8;83;3;2;7;0;1,3;10;13;-3;-0,4;-0,11;ESP;MF,FW;27;1998;7,5;2;0;0;11;7;0;21;3;2;0;;;;;;;;;;;;;;;;;;;;;;;
Javier Hernández;Espanyol;2526;ESP-La Liga;;;;;;;;;;;;;;;;;;;;;;;;;;;;;;;;;;;;;ESP;MF;21;2004;0;;;;;0;;0;0;;12;;;;;;;;;;;;;;;;;;;;;;;;;;;;;;;;;;;;;;;;;;;;
Jofre;Espanyol;2526;ESP-La Liga;ESP;MF;24;2001;26;9;930;10,3;1;0;1;1;0;0;1;0;0,1;0,0;0,1;0,1;0,1;ESP;MF;24;2001;10,3;1;23;7;30,4;2,23;0,68;0,04;0,14;0;0;ESP;MF;24;2001;26;930;36;27,2;10,3;9;62;0;17;22;12;1,08;12;21;-9;-0,87;-0,76;ESP;MF;24;2001;10,3;1;0;0;13;27;2;35;6;6;0;;;;;;;;;;;;;;;;;;;;;;;
José Salinas;Espanyol;2526;ESP-La Liga;ESP;DF;24;2000;11;2;257;2,9;0;0;0;0;0;0;2;0;0,0;0,0;0,0;0,0;0,0;ESP;DF;24;2000;2,9;0;1;0;0,0;0,35;0,0;0,0;;0;0;ESP;DF;24;2000;11;257;23;7,5;2,9;2;90;2;9;9;27;1,55;2;9;-7;-2,45;-2,31;ESP;DF;24;2000;2,9;2;0;0;8;4;0;7;3;2;1;;;;;;;;;;;;;;;;;;;;;;;
Kiké;Espanyol;2526;ESP-La Liga;ESP;FW;35;1989;37;17;1734;19,3;8;1;9;7;1;2;3;0;0,42;0,05;0,47;0,36;0,42;ESP;FW;35;1989;19,3;8;60;27;45,0;3,11;1,4;0,13;0,3;1;2;ESP;FW;35;1989;37;1734;47;50,7;19,3;17;75;5;20;23;1;1,16;28;26;2;0,1;0,85;ESP;FW;35;1989;19,3;3;0;0;33;44;26;17;4;8;0;;;;;;;;;;;;;;;;;;;;;;;
Leandro Cabrera;Espanyol;2526;ESP-La Liga;URU;DF;34;1991;37;37;3330;37,0;3;0;3;3;0;0;4;0;0,08;0,0;0,08;0,08;0,08;URU;DF;34;1991;37,0;3;40;12;30,0;1,08;0,32;0,08;0,25;0;0;URU;DF;34;1991;37;3330;90;97,4;37,0;37;90;37;0;;0;1,22;43;55;-12;-0,32;-0,32;URU;DF;34;1991;37,0;4;0;0;38;9;1;20;23;23;0;;;;;;;;;;;;;;;;;;;;;;;
Llorenç Serred;Espanyol;2526;ESP-La Liga;;;;;;;;;;;;;;;;;;;;;;;;;;;;;;;;;;;;;ESP;GK;19;2005;0;;;;;0;;0;0;;2;;;;;;;;;;;;;;;;;;;;;;;;;;;;;;;;;;;;;;;;;;;;
Lluc Castell;Espanyol;2526;ESP-La Liga;ESP;FW;18;2006;1;0;19;0,2;0;0;0;0;0;0;0;0;0,0;0,0;0,0;0,0;0,0;ESP;FW;18;2006;0,2;0;0;0;;0,0;0,0;;;0;0;ESP;FW;18;2006;1;19;19;0,6;0,2;0;;0;1;19;6;1,0;0;0;0;0,0;0,32;ESP;FW;18;2006;0,2;0;0;0;1;1;0;0;0;0;0;;;;;;;;;;;;;;;;;;;;;;;
Luca Koleosho;Espanyol;2526;ESP-La Liga;ITA;MF;20;2004;3;0;63;0,7;0;0;0;0;0;0;0;0;0,0;0,0;0,0;0,0;0,0;ITA;MF;20;2004;0,7;0;1;0;0,0;1,43;0,0;0,0;;0;0;ITA;MF;20;2004;3;63;21;1,8;0,7;0;;0;3;21;12;1,0;0;0;0;0,0;0,32;ITA;MF;20;2004;0,7;0;0;0;3;0;0;5;1;1;0;;;;;;;;;;;;;;;;;;;;;;;
Marko Dmitrović;Espanyol;2526;ESP-La Liga;SRB;GK;33;1992;37;37;3330;37,0;0;0;0;0;0;0;0;0;0,0;0,0;0,0;0,0;0,0;SRB;GK;33;1992;37,0;0;0;0;;0,0;0,0;;;0;0;SRB;GK;33;1992;37;3330;90;97,4;37,0;37;90;37;0;;1;1,22;42;54;-12;-0,32;-0,32;SRB;GK;33;1992;37,0;0;0;0;0;5;0;0;0;2;0;SRB;GK;33;1992;37;37;3330;37,0;54;1,46;187;133;71,1;12;9;16;10;27,0;5;5;0;0;0,0
Miguel Londoño;Espanyol;2526;ESP-La Liga;;;;;;;;;;;;;;;;;;;;;;;;;;;;;;;;;;;;;ESP;MF;18;2007;0;;;;;0;;0;0;;2;;;;;;;;;;;;;;;;;;;;;;;;;;;;;;;;;;;;;;;;;;;;
Miguel Ángel Rubio;Espanyol;2526;ESP-La Liga;ESP;DF;27;1998;12;1;206;2,3;1;0;1;1;0;0;0;0;0,44;0,0;0,44;0,44;0,44;ESP;DF;27;1998;2,3;1;2;1;50,0;0,87;0,44;0,5;1,0;0;0;ESP;DF;27;1998;12;206;17;6,0;2,3;1;90;1;11;11;26;1,17;4;5;-1;-0,44;-0,13;ESP;DF;27;1998;2,3;0;0;0;1;1;0;0;1;1;0;;;;;;;;;;;;;;;;;;;;;;;
Omar El Hilali;Espanyol;2526;ESP-La Liga;MAR;DF;21;2003;36;32;2826;31,4;0;2;2;0;0;0;9;0;0,0;0,06;0,06;0,0;0,06;MAR;DF;21;2003;31,4;0;1;0;0,0;0,03;0,0;0,0;;0;0;MAR;DF;21;2003;36;2826;79;82,6;31,4;32;87;26;4;13;1;1,28;34;46;-12;-0,38;-0,38;MAR;DF;21;2003;31,4;9;0;0;44;24;3;57;39;55;0;;;;;;;;;;;;;;;;;;;;;;;
Pablo Ramon;Espanyol;2526;ESP-La Liga;;;;;;;;;;;;;;;;;;;;;;;;;;;;;;;;;;;;;ESP;DF;24;2001;0;;;;;0;;0;0;;2;;;;;;;;;;;;;;;;;;;;;;;;;;;;;;;;;;;;;;;;;;;;
Pere Milla;Espanyol;2526;ESP-La Liga;ESP;MF,FW;32;1992;33;24;1973;21,9;7;1;8;7;0;0;6;1;0,32;0,05;0,36;0,32;0,36;ESP;MF,FW;32;1992;21,9;7;59;21;35,6;2,69;0,96;0,12;0,33;0;0;ESP;MF,FW;32;1992;33;1973;60;57,7;21,9;24;73;1;9;26;2;1,33;27;23;4;0,18;1,18;ESP;MF,FW;32;1992;21,9;6;1;0;24;38;10;36;18;24;0;;;;;;;;;;;;;;;;;;;;;;;
Pol Lozano;Espanyol;2526;ESP-La Liga;ESP;MF;25;1999;33;28;2157;24,0;2;1;3;2;0;0;12;1;0,08;0,04;0,13;0,08;0,13;ESP;MF;25;1999;24,0;2;17;5;29,4;0,71;0,21;0,12;0,4;0;0;ESP;MF;25;1999;33;2157;65;63,1;24,0;28;74;10;5;15;2;1,33;30;36;-6;-0,25;0,18;ESP;MF;25;1999;24,0;12;1;1;64;29;0;29;23;19;0;;;;;;;;;;;;;;;;;;;;;;;
Pol Tristán;Espanyol;2526;ESP-La Liga;;;;;;;;;;;;;;;;;;;;;;;;;;;;;;;;;;;;;ESP;GK;23;2002;0;;;;;0;;0;0;;17;;;;;;;;;;;;;;;;;;;;;;;;;;;;;;;;;;;;;;;;;;;;
Rafael Bauza;Espanyol;2526;ESP-La Liga;;;;;;;;;;;;;;;;;;;;;;;;;;;;;;;;;;;;;ESP;MF;20;2005;0;;;;;0;;0;0;;2;;;;;;;;;;;;;;;;;;;;;;;;;;;;;;;;;;;;;;;;;;;;
Ramón Terrats;Espanyol;2526;ESP-La Liga;ESP;MF;24;2000;29;12;1030;11,4;1;2;3;1;0;0;0;0;0,09;0,17;0,26;0,09;0,26;ESP;MF;24;2000;11,4;1;15;3;20,0;1,31;0,26;0,07;0,33;0;0;ESP;MF;24;2000;29;1030;36;30,1;11,4;12;63;0;17;16;5;1,03;10;21;-11;-0,96;-0,92;ESP;MF;24;2000;11,4;0;0;0;15;22;1;30;11;13;0;;;;;;;;;;;;;;;;;;;;;;;
Roberto Férnandez;Espanyol;2526;ESP-La Liga;ESP;FW;23;2002;38;25;2382;26,5;7;3;10;6;1;1;3;0;0,26;0,11;0,38;0,23;0,34;ESP;FW;23;2002;26,5;7;59;23;39,0;2,23;0,87;0,12;0,3;1;1;ESP;FW;23;2002;38;2382;63;69,6;26,5;25;80;10;13;30;0;1,21;27;35;-8;-0,3;0,04;ESP;FW;23;2002;26,5;3;0;0;40;47;9;9;6;5;0;;;;;;;;;;;;;;;;;;;;;;;
Roger Hinojo;Espanyol;2526;ESP-La Liga;;;;;;;;;;;;;;;;;;;;;;;;;;;;;;;;;;;;;ESP;DF;20;2005;0;;;;;0;;0;0;;2;;;;;;;;;;;;;;;;;;;;;;;;;;;;;;;;;;;;;;;;;;;;
Rubén;Espanyol;2526;ESP-La Liga;ESP;DF,MF;24;2001;21;8;812;9,0;0;1;1;0;0;0;2;0;0,0;0,11;0,11;0,0;0,11;ESP;DF,MF;24;2001;9,0;0;8;1;12,5;0,89;0,11;0,0;0,0;0;0;ESP;DF,MF;24;2001;21;812;39;23,7;9,0;8;74;2;13;17;17;1,29;10;10;0;0,0;0,41;ESP;DF,MF;24;2001;9,0;2;0;0;11;12;2;36;10;10;0;;;;;;;;;;;;;;;;;;;;;;;
Tyrhys Dolan;Espanyol;2526;ESP-La Liga;ENG;MF;23;2001;36;28;2415;26,8;2;5;7;2;0;0;7;1;0,07;0,19;0,26;0,07;0,26;ENG;MF;23;2001;26,8;2;34;12;35,3;1,27;0,45;0,06;0,17;0;0;ENG;MF;23;2001;36;2415;67;70,6;26,8;28;76;3;8;36;0;1,11;32;39;-7;-0,26;0,19;ENG;MF;23;2001;26,8;7;1;1;37;46;5;105;15;35;0;;;;;;;;;;;;;;;;;;;;;;;
Urko González;Espanyol;2526;ESP-La Liga;ESP;MF;24;2001;35;28;2623;29,1;0;1;1;0;0;0;7;0;0,0;0,03;0,03;0,0;0,03;ESP;MF;24;2001;29,1;0;18;1;5,6;0,62;0,03;0,0;0,0;0;0;ESP;MF;24;2001;35;2623;75;76,7;29,1;28;88;23;7;22;0;1,2;32;45;-13;-0,45;-0,56;ESP;MF;24;2001;29,1;7;0;0;42;42;1;12;29;33;0;;;;;;;;;;;;;;;;;;;;;;;
Abdel Abqar;Getafe;2526;ESP-La Liga;MAR;DF;26;1999;23;17;1437;16,0;0;2;2;0;0;0;10;1;0,0;0,13;0,13;0,0;0,13;MAR;DF;26;1999;16,0;0;7;1;14,3;0,44;0,06;0,0;0,0;0;0;MAR;DF;26;1999;23;1437;62;42,0;16,0;17;75;7;6;26;0;1,17;15;14;1;0,06;0,38;MAR;DF;26;1999;16,0;10;1;0;30;36;1;2;20;17;0;;;;;;;;;;;;;;;;;;;;;;;
Abu Kamara;Getafe;2526;ESP-La Liga;ENG;MF;22;2003;12;1;256;2,8;0;0;0;0;0;0;1;0;0,0;0,0;0,0;0,0;0,0;ENG;MF;22;2003;2,8;0;4;1;25,0;1,41;0,35;0,0;0,0;0;0;ENG;MF;22;2003;12;256;21;7,5;2,8;1;45;0;11;19;10;0,83;0;3;-3;-1,05;-0,97;ENG;MF;22;2003;2,8;1;0;0;2;4;2;9;3;2;0;;;;;;;;;;;;;;;;;;;;;;;
Adrian Riquelme;Getafe;2526;ESP-La Liga;;;;;;;;;;;;;;;;;;;;;;;;;;;;;;;;;;;;;ESP;MF;19;2006;0;;;;;0;;0;0;;17;;;;;;;;;;;;;;;;;;;;;;;;;;;;;;;;;;;;;;;;;;;;
Adrián Liso;Getafe;2526;ESP-La Liga;ESP;FW,MF;20;2005;28;21;1702;18,9;3;0;3;3;0;0;5;1;0,16;0,0;0,16;0,16;0,16;ESP;FW,MF;20;2005;18,9;3;26;10;38,5;1,37;0,53;0,12;0,3;0;0;ESP;FW,MF;20;2005;28;1702;61;49,8;18,9;21;75;4;7;18;6;1,36;13;18;-5;-0,26;-0,21;ESP;FW,MF;20;2005;18,9;5;1;1;39;43;16;42;4;22;0;;;;;;;;;;;;;;;;;;;;;;;
Alberto Risco;Getafe;2526;ESP-La Liga;;;;;;;;;;;;;;;;;;;;;;;;;;;;;;;;;;;;;ESP;MF;19;2005;0;;;;;0;;0;0;;3;;;;;;;;;;;;;;;;;;;;;;;;;;;;;;;;;;;;;;;;;;;;
Alejandro Mestanza;Getafe;2526;ESP-La Liga;ESP;MF;20;2004;3;1;71;0,8;0;0;0;0;0;0;0;0;0,0;0,0;0,0;0,0;0,0;ESP;MF;20;2004;0,8;0;1;0;0,0;1,27;0,0;0,0;;0;0;ESP;MF;20;2004;3;71;24;2,1;0,8;1;56;0;2;8;0;0,33;1;1;0;0,0;0,16;ESP;MF;20;2004;0,8;0;0;0;1;2;1;4;0;1;0;;;;;;;;;;;;;;;;;;;;;;;
Alex Sola;Getafe;2526;ESP-La Liga;ESP;DF,FW;26;1999;1;0;13;0,1;0;0;0;0;0;0;0;0;0,0;0,0;0,0;0,0;0,0;ESP;DF,FW;26;1999;0,1;0;0;0;;0,0;0,0;;;0;0;ESP;DF,FW;26;1999;1;13;13;0,4;0,1;0;;0;1;13;2;3,0;0;0;0;0,0;0,16;ESP;DF,FW;26;1999;0,1;0;0;0;0;2;0;0;0;0;0;;;;;;;;;;;;;;;;;;;;;;;
Allan Nyom;Getafe;2526;ESP-La Liga;CMR;DF;37;1988;15;7;523;5,8;0;1;1;0;0;0;6;1;0,0;0,17;0,17;0,0;0,17;CMR;DF;37;1988;5,8;0;3;1;33,3;0,52;0,17;0,0;0,0;0;0;CMR;DF;37;1988;15;523;35;15,3;5,8;7;68;2;8;6;15;1,63;8;8;0;0,0;0,19;CMR;DF;37;1988;5,8;6;1;0;13;8;1;8;1;6;0;;;;;;;;;;;;;;;;;;;;;;;
Borja Mayoral;Getafe;2526;ESP-La Liga;ESP;FW;28;1997;16;12;1058;11,8;4;1;5;4;0;1;0;0;0,34;0,09;0,43;0,34;0,43;ESP;FW;28;1997;11,8;4;15;7;46,7;1,28;0,6;0,27;0,57;0;1;ESP;FW;28;1997;16;1058;66;30,9;11,8;12;81;6;4;21;5;0,94;9;15;-6;-0,51;-0,51;ESP;FW;28;1997;11,8;0;0;0;6;7;11;6;4;5;0;;;;;;;;;;;;;;;;;;;;;;;
Christantus Uche;Getafe;2526;ESP-La Liga;NGA;FW;22;2003;3;3;270;3,0;1;1;2;1;0;0;1;0;0,33;0,33;0,67;0,33;0,67;NGA;FW;22;2003;3,0;1;6;1;16,7;2,0;0,33;0,17;1,0;0;0;NGA;FW;22;2003;3;270;90;7,9;3,0;3;90;3;0;;0;2,0;4;4;0;0,0;0,17;NGA;FW;22;2003;3,0;1;0;0;10;8;1;1;0;2;0;;;;;;;;;;;;;;;;;;;;;;;
Coba da Costa;Getafe;2526;ESP-La Liga;ESP;MF;23;2002;14;2;348;3,9;0;0;0;0;0;0;1;0;0,0;0,0;0,0;0,0;0,0;ESP;MF;23;2002;3,9;0;5;1;20,0;1,29;0,26;0,0;0,0;0;0;ESP;MF;23;2002;14;348;25;10,2;3,9;2;56;0;12;20;7;0,86;2;3;-1;-0,26;-0,11;ESP;MF;23;2002;3,9;1;0;0;7;6;2;23;0;6;0;;;;;;;;;;;;;;;;;;;;;;;
Damián;Getafe;2526;ESP-La Liga;ESP;MF;22;2003;3;2;151;1,7;0;0;0;0;0;0;0;0;0,0;0,0;0,0;0,0;0,0;ESP;MF;22;2003;1,7;0;0;0;;0,0;0,0;;;0;0;ESP;MF;22;2003;3;151;50;4,4;1,7;2;71;1;1;9;2;2,0;3;2;1;0,6;0,79;ESP;MF;22;2003;1,7;0;0;0;4;0;0;0;3;4;0;;;;;;;;;;;;;;;;;;;;;;;
David Soria;Getafe;2526;ESP-La Liga;ESP;GK;32;1993;38;38;3420;38,0;0;0;0;0;0;0;2;0;0,0;0,0;0,0;0,0;0,0;ESP;GK;32;1993;38,0;0;0;0;;0,0;0,0;;;0;0;ESP;GK;32;1993;38;3420;90;100,0;38,0;38;90;38;0;;0;1,34;32;38;-6;-0,16;;ESP;GK;32;1993;38,0;2;0;0;0;3;0;0;0;0;0;ESP;GK;32;1993;38;38;3420;38,0;38;1,0;154;115;75,3;15;6;17;12;31,6;4;1;2;1;66,7
Davinchi;Getafe;2526;ESP-La Liga;ESP;DF;17;2007;14;7;700;7,8;0;0;0;0;0;0;2;0;0,0;0,0;0,0;0,0;0,0;ESP;DF;17;2007;7,8;0;4;2;50,0;0,51;0,26;0,0;0,0;0;0;ESP;DF;17;2007;14;700;50;20,5;7,8;7;73;3;7;27;3;1,29;5;10;-5;-0,64;-0,61;ESP;DF;17;2007;7,8;2;0;0;27;2;0;20;7;17;0;;;;;;;;;;;;;;;;;;;;;;;
Diego Ferrer;Getafe;2526;ESP-La Liga;;;;;;;;;;;;;;;;;;;;;;;;;;;;;;;;;;;;;ESP;GK;18;2007;0;;;;;0;;0;0;;2;;;;;;;;;;;;;;;;;;;;;;;;;;;;;;;;;;;;;;;;;;;;
Diego Rico;Getafe;2526;ESP-La Liga;ESP;DF;32;1993;28;18;1758;19,5;0;0;0;0;0;0;4;0;0,0;0,0;0,0;0,0;0,0;ESP;DF;32;1993;19,5;0;11;1;9,1;0,56;0,05;0,0;0,0;0;0;ESP;DF;32;1993;28;1758;63;51,4;19,5;18;86;15;10;21;9;1,41;17;23;-6;-0,31;-0,31;ESP;DF;32;1993;19,5;4;0;0;22;35;1;66;33;29;0;;;;;;;;;;;;;;;;;;;;;;;
Djené;Getafe;2526;ESP-La Liga;TOG;DF,MF;33;1991;34;32;2578;28,6;0;0;0;0;0;0;10;2;0,0;0,0;0,0;0,0;0,0;TOG;DF,MF;33;1991;28,6;0;4;0;0,0;0,14;0,0;0,0;;0;0;TOG;DF,MF;33;1991;34;2578;76;75,4;28,6;32;79;21;2;30;0;1,32;24;29;-5;-0,17;-0,07;TOG;DF,MF;33;1991;28,6;10;2;0;35;26;0;11;38;24;0;;;;;;;;;;;;;;;;;;;;;;;
Domingos Duarte;Getafe;2526;ESP-La Liga;POR;DF;30;1995;34;34;2923;32,5;1;1;2;1;0;0;11;0;0,03;0,03;0,06;0,03;0,06;POR;DF;30;1995;32,5;1;13;4;30,8;0,4;0,12;0,08;0,25;0;0;POR;DF;30;1995;34;2923;86;85,5;32,5;34;86;27;0;;1;1,29;26;35;-9;-0,28;-0,82;POR;DF;30;1995;32,5;11;0;0;32;24;3;0;33;18;1;;;;;;;;;;;;;;;;;;;;;;;
Hugo Solozabal;Getafe;2526;ESP-La Liga;ESP;MF;22;2003;1;0;11;0,1;0;0;0;0;0;0;0;0;0,0;0,0;0,0;0,0;0,0;ESP;MF;22;2003;0,1;0;0;0;;0,0;0,0;;;0;0;ESP;MF;22;2003;1;11;11;0,3;0,1;0;;0;1;11;7;0,0;0;0;0;0,0;0,16;ESP;MF;22;2003;0,1;0;0;0;0;0;0;0;0;0;0;;;;;;;;;;;;;;;;;;;;;;;
Iglesias;Getafe;2526;ESP-La Liga;ESP;DF;27;1998;37;36;3185;35,4;1;2;3;1;0;0;4;0;0,03;0,06;0,08;0,03;0,08;ESP;DF;27;1998;35,4;1;26;5;19,2;0,73;0,14;0,04;0,2;0;0;ESP;DF;27;1998;37;3185;86;93,1;35,4;36;88;31;1;24;1;1,38;28;34;-6;-0,17;-0,17;ESP;DF;27;1998;35,4;4;0;0;63;70;1;108;28;72;1;;;;;;;;;;;;;;;;;;;;;;;
Ismael Bekhoucha;Getafe;2526;ESP-La Liga;MAR;DF;20;2004;4;1;122;1,4;0;1;1;0;0;0;2;0;0,0;0,74;0,74;0,0;0,74;MAR;DF;20;2004;1,4;0;1;0;0,0;0,74;0,0;0,0;;0;0;MAR;DF;20;2004;4;122;31;3,6;1,4;1;90;1;3;11;8;2,25;3;1;2;1,48;1,69;MAR;DF;20;2004;1,4;2;0;0;7;3;0;4;2;5;0;;;;;;;;;;;;;;;;;;;;;;;
Javier Muñoz;Getafe;2526;ESP-La Liga;ESP;MF,FW;30;1995;17;4;551;6,1;0;0;0;0;0;0;0;0;0,0;0,0;0,0;0,0;0,0;ESP;MF,FW;30;1995;6,1;0;13;6;46,2;2,12;0,98;0,0;0,0;0;0;ESP;MF,FW;30;1995;17;551;32;16,1;6,1;4;80;0;13;18;17;1,0;2;7;-5;-0,82;-0,79;ESP;MF,FW;30;1995;6,1;0;0;0;9;2;0;11;6;5;0;;;;;;;;;;;;;;;;;;;;;;;
Jiří Letáček;Getafe;2526;ESP-La Liga;;;;;;;;;;;;;;;;;;;;;;;;;;;;;;;;;;;;;;GK;26;1999;0;;;;;0;;0;0;;36;;;;;;;;;;;;;;;;;;;;;;;;;;;;;;;;;;;;;;;;;;;;
Jorge Benito;Getafe;2526;ESP-La Liga;;;;;;;;;;;;;;;;;;;;;;;;;;;;;;;;;;;;;ESP;GK;19;2006;0;;;;;0;;0;0;;3;;;;;;;;;;;;;;;;;;;;;;;;;;;;;;;;;;;;;;;;;;;;
Jorge Montes;Getafe;2526;ESP-La Liga;ESP;DF;21;2004;1;0;27;0,3;0;0;0;0;0;0;0;0;0,0;0,0;0,0;0,0;0,0;ESP;DF;21;2004;0,3;0;0;0;;0,0;0,0;;;0;0;ESP;DF;21;2004;1;27;27;0,8;0,3;0;;0;1;27;16;0,0;1;1;0;0,0;0,16;ESP;DF;21;2004;0,3;0;0;0;1;0;0;2;0;2;0;;;;;;;;;;;;;;;;;;;;;;;
Joselu Pérez;Getafe;2526;ESP-La Liga;ESP;DF;21;2004;2;0;22;0,2;0;0;0;0;0;0;0;0;0,0;0,0;0,0;0,0;0,0;ESP;DF;21;2004;0,2;0;1;0;0,0;4,09;0,0;0,0;;0;0;ESP;DF;21;2004;2;22;11;0,6;0,2;0;;0;2;11;11;0,5;2;1;1;4,09;4,28;ESP;DF;21;2004;0,2;0;0;0;1;2;0;0;0;0;0;;;;;;;;;;;;;;;;;;;;;;;
Juanmi;Getafe;2526;ESP-La Liga;ESP;FW,MF;32;1993;8;0;179;2,0;1;0;1;1;0;0;0;0;0,5;0,0;0,5;0,5;0,5;ESP;FW,MF;32;1993;2,0;1;2;1;50,0;1,01;0,5;0,5;1,0;0;0;ESP;FW,MF;32;1993;8;179;22;5,2;2,0;0;;0;8;22;8;0,13;2;4;-2;-1,01;-0,89;ESP;FW,MF;32;1993;2,0;0;0;0;2;1;3;0;0;0;0;;;;;;;;;;;;;;;;;;;;;;;
Kiko Femenía;Getafe;2526;ESP-La Liga;ESP;DF,MF;34;1991;28;25;2008;22,3;1;1;2;1;0;0;6;0;0,04;0,04;0,09;0,04;0,09;ESP;DF,MF;34;1991;22,3;1;8;3;37,5;0,36;0,13;0,13;0,33;0;0;ESP;DF,MF;34;1991;28;2008;72;58,7;22,3;25;76;8;3;35;1;1,25;20;24;-4;-0,18;-0,05;ESP;DF,MF;34;1991;22,3;6;0;0;21;11;5;43;36;24;0;;;;;;;;;;;;;;;;;;;;;;;
Lucas Laso;Getafe;2526;ESP-La Liga;;;;;;;;;;;;;;;;;;;;;;;;;;;;;;;;;;;;;ESP;DF;22;2003;0;;;;;0;;0;0;;10;;;;;;;;;;;;;;;;;;;;;;;;;;;;;;;;;;;;;;;;;;;;
Luis Milla;Getafe;2526;ESP-La Liga;ESP;MF;30;1994;37;37;3271;36,3;1;10;11;1;0;0;5;1;0,03;0,28;0,3;0,03;0,3;ESP;MF;30;1994;36,3;1;27;4;14,8;0,74;0,11;0,04;0,25;0;0;ESP;MF;30;1994;37;3271;88;95,6;36,3;37;88;31;0;;0;1,38;32;35;-3;-0,08;1,73;ESP;MF;30;1994;36,3;5;1;0;32;43;3;225;42;33;0;;;;;;;;;;;;;;;;;;;;;;;
Luis Vázquez;Getafe;2526;ESP-La Liga;ARG;FW;24;2001;17;14;1194;13,3;3;1;4;3;0;0;2;0;0,23;0,08;0,3;0,23;0,3;ARG;FW;24;2001;13,3;3;25;9;36,0;1,88;0,68;0,12;0,33;0;0;ARG;FW;24;2001;17;1194;70;34,9;13,3;14;77;2;3;37;1;1,59;12;7;5;0,38;0,82;ARG;FW;24;2001;13,3;2;0;0;21;32;17;2;4;3;0;;;;;;;;;;;;;;;;;;;;;;;
Marc Vilaplana;Getafe;2526;ESP-La Liga;;;;;;;;;;;;;;;;;;;;;;;;;;;;;;;;;;;;;ESP;DF;22;2003;0;;;;;0;;0;0;;3;;;;;;;;;;;;;;;;;;;;;;;;;;;;;;;;;;;;;;;;;;;;
Mario Martín;Getafe;2526;ESP-La Liga;ESP;MF,FW;21;2004;35;26;2125;23,6;2;1;3;2;0;0;11;0;0,08;0,04;0,13;0,08;0,13;ESP;MF,FW;21;2004;23,6;2;26;6;23,1;1,1;0,25;0,08;0,33;0;0;ESP;MF,FW;21;2004;35;2125;61;62,1;23,6;26;71;6;9;32;0;1,29;19;27;-8;-0,34;-0,48;ESP;MF,FW;21;2004;23,6;11;0;0;71;34;4;13;16;32;0;;;;;;;;;;;;;;;;;;;;;;;
Martin Satriano;Getafe;2526;ESP-La Liga;URU;FW,MF;24;2001;18;18;1603;17,8;6;1;7;6;0;0;5;0;0,34;0,06;0,39;0,34;0,39;URU;FW,MF;24;2001;17,8;6;35;14;40,0;1,97;0,79;0,17;0,43;0;0;URU;FW,MF;24;2001;18;1603;89;46,9;17,8;18;89;14;0;;0;1,5;16;13;3;0,17;0,61;URU;FW,MF;24;2001;17,8;5;0;0;21;31;4;21;9;13;0;;;;;;;;;;;;;;;;;;;;;;;
Mauro Arambarri;Getafe;2526;ESP-La Liga;URU;MF;29;1995;37;37;3249;36,1;6;2;8;4;2;3;6;0;0,17;0,06;0,22;0,11;0,17;URU;MF;29;1995;36,1;6;58;19;32,8;1,61;0,53;0,1;0,32;2;3;URU;MF;29;1995;37;3249;88;95,0;36,1;37;88;31;0;;0;1,38;32;37;-5;-0,14;0,39;URU;MF;29;1995;36,1;6;0;0;60;67;4;19;21;43;0;;;;;;;;;;;;;;;;;;;;;;;
Mykyta Alexandrov;Getafe;2526;ESP-La Liga;;;;;;;;;;;;;;;;;;;;;;;;;;;;;;;;;;;;;UKR;MF;20;2004;0;;;;;0;;0;0;;3;;;;;;;;;;;;;;;;;;;;;;;;;;;;;;;;;;;;;;;;;;;;
Peter González;Getafe;2526;ESP-La Liga;;;;;;;;;;;;;;;;;;;;;;;;;;;;;;;;;;;;;DOM;MF;23;2002;0;;;;;0;;0;0;;3;;;;;;;;;;;;;;;;;;;;;;;;;;;;;;;;;;;;;;;;;;;;
Sebastián Boselli;Getafe;2526;ESP-La Liga;URU;DF;21;2003;11;4;380;4,2;0;0;0;0;0;0;4;0;0,0;0,0;0,0;0,0;0,0;URU;DF;21;2003;4,2;0;4;1;25,0;0,95;0,24;0,0;0,0;0;0;URU;DF;21;2003;11;380;35;11,1;4,2;4;79;3;7;9;6;2,0;4;2;2;0,47;0,71;URU;DF;21;2003;4,2;4;0;0;6;0;0;8;0;13;0;;;;;;;;;;;;;;;;;;;;;;;
Veljko Birmančević;Getafe;2526;ESP-La Liga;SRB;FW;27;1998;6;1;142;1,6;0;0;0;0;0;0;0;0;0,0;0,0;0,0;0,0;0,0;SRB;FW;27;1998;1,6;0;2;1;50,0;1,27;0,63;0,0;0,0;0;0;SRB;FW;27;1998;6;142;24;4,2;1,6;1;45;0;5;19;10;0,5;1;2;-1;-0,63;-0,5;SRB;FW;27;1998;1,6;0;0;0;3;3;3;2;2;0;0;;;;;;;;;;;;;;;;;;;;;;;
Yassin Tallal;Getafe;2526;ESP-La Liga;;;;;;;;;;;;;;;;;;;;;;;;;;;;;;;;;;;;;ESP;MF;20;2005;0;;;;;0;;0;0;;1;;;;;;;;;;;;;;;;;;;;;;;;;;;;;;;;;;;;;;;;;;;;
Yvan Neyou;Getafe;2526;ESP-La Liga;CMR;MF;28;1997;5;0;67;0,7;0;0;0;0;0;0;2;0;0,0;0,0;0,0;0,0;0,0;CMR;MF;28;1997;0,7;0;0;0;;0,0;0,0;;;0;0;CMR;MF;28;1997;5;67;13;2,0;0,7;0;;0;5;13;10;2,0;0;2;-2;-2,69;-2,58;CMR;MF;28;1997;0,7;2;0;0;4;2;0;0;0;0;0;;;;;;;;;;;;;;;;;;;;;;;
Zaid Romero;Getafe;2526;ESP-La Liga;ARG;DF;25;1999;15;15;1349;15,0;1;0;1;1;0;0;5;1;0,07;0,0;0,07;0,07;0,07;ARG;DF;25;1999;15,0;1;10;2;20,0;0,67;0,13;0,1;0,5;0;0;ARG;DF;25;1999;15;1349;90;39,4;15,0;15;90;14;0;;0;1,8;16;8;8;0,53;1,14;ARG;DF;25;1999;15,0;5;1;1;11;12;0;4;28;23;0;;;;;;;;;;;;;;;;;;;;;;;
Álex Sancris;Getafe;2526;ESP-La Liga;ESP;MF,FW;28;1997;18;5;708;7,9;0;1;1;0;0;0;4;1;0,0;0,13;0,13;0,0;0,13;ESP;MF,FW;28;1997;7,9;0;13;5;38,5;1,65;0,64;0,0;0,0;0;0;ESP;MF,FW;28;1997;18;708;39;20,7;7,9;5;73;0;13;26;15;0,61;7;9;-2;-0,25;-0,12;ESP;MF,FW;28;1997;7,9;4;1;1;16;12;8;59;2;5;0;;;;;;;;;;;;;;;;;;;;;;;
Abel Ruiz;Girona;2526;ESP-La Liga;ESP;FW;25;2000;9;0;187;2,1;0;0;0;0;0;0;0;0;0,0;0,0;0,0;0,0;0,0;ESP;FW;25;2000;2,1;0;5;1;20,0;2,41;0,48;0,0;0,0;0;0;ESP;FW;25;2000;9;187;21;5,5;2,1;0;;0;9;21;11;1,44;3;0;3;1,44;1,97;ESP;FW;25;2000;2,1;0;0;0;2;1;1;2;1;1;0;;;;;;;;;;;;;;;;;;;;;;;
Alejandro Francés;Girona;2526;ESP-La Liga;ESP;DF;22;2002;24;11;1116;12,4;0;2;2;0;0;0;2;1;0,0;0,16;0,16;0,0;0,16;ESP;DF;22;2002;12,4;0;16;4;25,0;1,29;0,32;0,0;0,0;0;0;ESP;DF;22;2002;24;1116;47;32,6;12,4;11;78;6;13;20;9;1,33;13;19;-6;-0,48;-0,09;ESP;DF;22;2002;12,4;2;1;0;15;23;1;24;16;15;0;;;;;;;;;;;;;;;;;;;;;;;
Aleksandar Andreev;Girona;2526;ESP-La Liga;;;;;;;;;;;;;;;;;;;;;;;;;;;;;;;;;;;;;BUL;GK;19;2006;0;;;;;0;;0;0;;10;;;;;;;;;;;;;;;;;;;;;;;;;;;;;;;;;;;;;;;;;;;;
Antonio Salguero;Girona;2526;ESP-La Liga;;;;;;;;;;;;;;;;;;;;;;;;;;;;;;;;;;;;;ESP;DF;20;2005;0;;;;;0;;0;0;;3;;;;;;;;;;;;;;;;;;;;;;;;;;;;;;;;;;;;;;;;;;;;
Arnau Martinez;Girona;2526;ESP-La Liga;ESP;DF,MF;22;2003;35;33;2666;29,6;2;3;5;2;0;0;6;0;0,07;0,1;0,17;0,07;0,17;ESP;DF,MF;22;2003;29,6;2;19;4;21,1;0,64;0,14;0,11;0,5;0;0;ESP;DF,MF;22;2003;35;2666;76;78,0;29,6;33;80;18;2;14;2;1,14;34;35;-1;-0,03;1,76;ESP;DF,MF;22;2003;29,6;6;0;0;24;30;3;50;37;39;0;;;;;;;;;;;;;;;;;;;;;;;
Axel Witsel;Girona;2526;ESP-La Liga;BEL;MF;36;1989;32;30;2526;28,1;1;2;3;1;0;0;2;1;0,04;0,07;0,11;0,04;0,11;BEL;MF;36;1989;28,1;1;20;5;25,0;0,71;0,18;0,05;0,2;0;0;BEL;MF;36;1989;32;2526;79;73,9;28,1;30;82;21;2;28;1;1,03;31;41;-10;-0,36;0,25;BEL;MF;36;1989;28,1;2;1;1;34;37;1;1;30;24;0;;;;;;;;;;;;;;;;;;;;;;;
Azzedine Ounahi;Girona;2526;ESP-La Liga;MAR;MF;25;2000;24;20;1760;19,6;5;2;7;4;1;1;6;0;0,26;0,1;0,36;0,2;0,31;MAR;MF;25;2000;19,6;5;51;19;37,3;2,61;0,97;0,1;0,26;1;1;MAR;MF;25;2000;24;1760;73;51,5;19,6;20;83;10;4;28;0;1,0;22;23;-1;-0,05;0,76;MAR;MF;25;2000;19,6;6;0;0;18;63;1;41;16;15;0;;;;;;;;;;;;;;;;;;;;;;;
Bojan Miovski;Girona;2526;ESP-La Liga;MKD;FW;26;1999;1;1;44;0,5;0;0;0;0;0;0;0;0;0,0;0,0;0,0;0,0;0,0;MKD;FW;26;1999;0,5;0;0;0;;0,0;0,0;;;0;0;MKD;FW;26;1999;1;44;44;1,3;0,5;1;44;0;0;;0;0,0;0;3;-3;-6,14;-5,79;MKD;FW;26;1999;0,5;0;0;0;0;0;0;0;0;0;0;;;;;;;;;;;;;;;;;;;;;;;
Bryan Gil;Girona;2526;ESP-La Liga;ESP;MF,FW;24;2001;29;20;1578;17,5;0;3;3;0;0;0;6;0;0,0;0,17;0,17;0,0;0,17;ESP;MF,FW;24;2001;17,5;0;27;7;25,9;1,54;0,4;0,0;0,0;0;0;ESP;MF,FW;24;2001;29;1578;54;46,1;17,5;20;69;1;9;23;2;1,14;19;21;-2;-0,11;0,57;ESP;MF,FW;24;2001;17,5;6;0;0;20;37;6;52;9;18;0;;;;;;;;;;;;;;;;;;;;;;;
Claudio Echeverri;Girona;2526;ESP-La Liga;ARG;FW,MF;19;2006;17;5;624;6,9;1;1;2;1;0;0;4;0;0,14;0,14;0,29;0,14;0,29;ARG;FW,MF;19;2006;6,9;1;21;7;33,3;3,03;1,01;0,05;0,14;0;0;ARG;FW,MF;19;2006;17;624;37;18,2;6,9;5;63;0;12;26;1;0,82;9;12;-3;-0,43;-0,01;ARG;FW,MF;19;2006;6,9;4;0;0;8;14;1;15;1;6;0;;;;;;;;;;;;;;;;;;;;;;;
Cristhian Stuani;Girona;2526;ESP-La Liga;URU;FW;38;1986;21;1;412;4,6;5;0;5;2;3;4;4;0;1,09;0,0;1,09;0,44;0,44;URU;FW;38;1986;4,6;5;19;12;63,2;4,15;2,62;0,26;0,42;3;4;URU;FW;38;1986;21;412;20;12,0;4,6;1;63;0;20;17;5;0,9;6;8;-2;-0,44;-0,02;URU;FW;38;1986;4,6;4;0;0;12;11;6;0;1;4;0;;;;;;;;;;;;;;;;;;;;;;;
Daley Blind;Girona;2526;ESP-La Liga;NED;DF;35;1990;31;30;2606;29,0;0;0;0;0;0;0;1;0;0,0;0,0;0,0;0,0;0,0;NED;DF;35;1990;29,0;0;5;1;20,0;0,17;0,03;0,0;0,0;0;0;NED;DF;35;1990;31;2606;84;76,2;29,0;30;86;25;1;27;3;1,13;30;45;-15;-0,52;-0,41;NED;DF;35;1990;29,0;1;0;0;19;20;0;13;38;34;0;;;;;;;;;;;;;;;;;;;;;;;
David López;Girona;2526;ESP-La Liga;ESP;DF;35;1989;6;3;293;3,3;0;0;0;0;0;0;0;0;0,0;0,0;0,0;0,0;0,0;ESP;DF;35;1989;3,3;0;1;1;100,0;0,31;0,31;0,0;0,0;0;0;ESP;DF;35;1989;6;293;49;8,6;3,3;3;76;1;3;21;18;0,67;2;7;-5;-1,54;-1,22;ESP;DF;35;1989;3,3;0;0;0;2;2;1;0;0;2;0;;;;;;;;;;;;;;;;;;;;;;;
Dawda Camara;Girona;2526;ESP-La Liga;MTN;FW;22;2002;2;1;72;0,8;0;0;0;0;0;0;0;0;0,0;0,0;0,0;0,0;0,0;MTN;FW;22;2002;0,8;0;2;1;50,0;2,5;1,25;0,0;0,0;0;0;MTN;FW;22;2002;2;72;36;2,1;0,8;1;45;0;1;27;0;0,0;0;4;-4;-5,0;-4,68;MTN;FW;22;2002;0,8;0;0;0;2;0;0;0;1;0;0;;;;;;;;;;;;;;;;;;;;;;;
Dominik Livaković;Girona;2526;ESP-La Liga;;;;;;;;;;;;;;;;;;;;;;;;;;;;;;;;;;;;;CRO;GK;30;1995;0;;;;;0;;0;0;;16;;;;;;;;;;;;;;;;;;;;;;;;;;;;;;;;;;;;;;;;;;;;
Donny van de Beek;Girona;2526;ESP-La Liga;NED;MF;28;1997;2;1;41;0,5;0;0;0;0;0;0;0;0;0,0;0,0;0,0;0,0;0,0;NED;MF;28;1997;0,5;0;2;1;50,0;4,39;2,2;0,0;0,0;0;0;NED;MF;28;1997;2;41;21;1,2;0,5;1;32;0;1;9;3;1,0;1;1;0;0,0;0,43;NED;MF;28;1997;0,5;0;0;0;0;0;1;0;0;0;0;;;;;;;;;;;;;;;;;;;;;;;
Fran Beltrán;Girona;2526;ESP-La Liga;ESP;MF;26;1999;17;11;1012;11,2;1;0;1;1;0;0;3;0;0,09;0,0;0,09;0,09;0,09;ESP;MF;26;1999;11,2;1;10;3;30,0;0,89;0,27;0,1;0,33;0;0;ESP;MF;26;1999;17;1012;60;29,6;11,2;11;77;3;6;27;1;1,0;9;10;-1;-0,09;0,47;ESP;MF;26;1999;11,2;3;0;0;10;9;0;8;11;14;0;;;;;;;;;;;;;;;;;;;;;;;
Gibert Cámara;Girona;2526;ESP-La Liga;;;;;;;;;;;;;;;;;;;;;;;;;;;;;;;;;;;;;ESP;DF;18;2007;0;;;;;0;;0;0;;16;;;;;;;;;;;;;;;;;;;;;;;;;;;;;;;;;;;;;;;;;;;;
Hugo Rincón;Girona;2526;ESP-La Liga;ESP;DF;22;2003;33;16;1750;19,4;1;1;2;1;0;0;4;0;0,05;0,05;0,1;0,05;0,1;ESP;DF;22;2003;19,4;1;7;2;28,6;0,36;0,1;0,14;0,5;0;0;ESP;DF;22;2003;33;1750;53;51,2;19,4;16;83;9;17;25;5;1,0;22;28;-6;-0,31;0,23;ESP;DF;22;2003;19,4;4;0;0;32;53;1;35;5;33;0;;;;;;;;;;;;;;;;;;;;;;;
Iván Martín;Girona;2526;ESP-La Liga;ESP;MF;26;1999;35;29;2532;28,1;0;1;1;0;0;0;5;1;0,0;0,04;0,04;0,0;0,04;ESP;MF;26;1999;28,1;0;13;5;38,5;0,46;0,18;0,0;0,0;0;0;ESP;MF;26;1999;35;2532;72;74,0;28,1;29;83;15;6;22;2;1,17;29;36;-7;-0,25;0,66;ESP;MF;26;1999;28,1;5;1;1;30;31;3;15;17;39;0;;;;;;;;;;;;;;;;;;;;;;;
Javier Sarasa;Girona;2526;ESP-La Liga;;;;;;;;;;;;;;;;;;;;;;;;;;;;;;;;;;;;;ESP;FW;20;2005;0;;;;;0;;0;0;;1;;;;;;;;;;;;;;;;;;;;;;;;;;;;;;;;;;;;;;;;;;;;
Jhon Solis;Girona;2526;ESP-La Liga;COL;MF;20;2004;12;3;380;4,2;0;0;0;0;0;0;0;0;0,0;0,0;0,0;0,0;0,0;COL;MF;20;2004;4,2;0;3;2;66,7;0,71;0,47;0,0;0,0;0;0;COL;MF;20;2004;12;380;32;11,1;4,2;3;78;1;9;16;5;0,75;2;14;-12;-2,84;-2,72;COL;MF;20;2004;4,2;0;0;0;2;7;0;0;4;3;0;;;;;;;;;;;;;;;;;;;;;;;
Joel Roca;Girona;2526;ESP-La Liga;ESP;MF,FW;20;2005;32;16;1473;16,4;3;1;4;3;0;0;4;1;0,18;0,06;0,24;0,18;0,24;ESP;MF,FW;20;2005;16,4;3;48;16;33,3;2,93;0,98;0,06;0,19;0;0;ESP;MF,FW;20;2005;32;1473;46;43,1;16,4;16;70;5;16;22;2;1,06;17;26;-9;-0,55;-0,23;ESP;MF,FW;20;2005;16,4;4;1;0;13;45;4;33;2;11;0;;;;;;;;;;;;;;;;;;;;;;;
Juan Arango;Girona;2526;ESP-La Liga;VEN;MF;19;2006;2;0;18;0,2;0;0;0;0;0;0;1;0;0,0;0,0;0,0;0,0;0,0;VEN;MF;19;2006;0,2;0;0;0;;0,0;0,0;;;0;0;VEN;MF;19;2006;2;18;9;0,5;0,2;0;;0;2;9;6;0,5;1;0;1;5,0;5,45;VEN;MF;19;2006;0,2;1;0;0;1;0;0;0;0;0;0;;;;;;;;;;;;;;;;;;;;;;;
Juan Carlos;Girona;2526;ESP-La Liga;;;;;;;;;;;;;;;;;;;;;;;;;;;;;;;;;;;;;ESP;GK;37;1988;0;;;;;0;;0;0;;2;;;;;;;;;;;;;;;;;;;;;;;;;;;;;;;;;;;;;;;;;;;;
Ladislav Krejčí;Girona;2526;ESP-La Liga;CZE;DF;26;1999;2;2;180;2,0;0;0;0;0;0;0;1;0;0,0;0,0;0,0;0,0;0,0;CZE;DF;26;1999;2,0;0;1;0;0,0;0,5;0,0;0,0;;0;0;CZE;DF;26;1999;2;180;90;5,3;2,0;2;90;2;0;;0;0,0;1;8;-7;-3,5;-3,25;CZE;DF;26;1999;2,0;1;0;0;2;0;0;0;1;0;0;;;;;;;;;;;;;;;;;;;;;;;
Lancinet Kourouma;Girona;2526;ESP-La Liga;GUI;FW;21;2004;5;0;43;0,5;0;0;0;0;0;0;0;1;0,0;0,0;0,0;0,0;0,0;GUI;FW;21;2004;0,5;0;0;0;;0,0;0,0;;;0;0;GUI;FW;21;2004;5;43;9;1,3;0,5;0;;0;5;9;16;1,6;0;1;-1;-2,09;-1,69;GUI;FW;21;2004;0,5;0;1;0;2;1;0;0;1;0;0;;;;;;;;;;;;;;;;;;;;;;;
Marc-André ter Stegen;Girona;2526;ESP-La Liga;GER;GK;33;1992;2;2;180;2,0;0;0;0;0;0;0;0;0;0,0;0,0;0,0;0,0;0,0;GER;GK;33;1992;2,0;0;0;0;;0,0;0,0;;;0;0;GER;GK;33;1992;2;180;90;5,3;2,0;2;90;2;0;;0;0,5;1;2;-1;-0,5;-0,08;GER;GK;33;1992;2,0;0;0;0;0;0;0;0;0;0;0;GER;GK;33;1992;2;2;180;2,0;2;1,0;6;4;66,7;0;1;1;0;0,0;0;0;0;0;
Papa Ba;Girona;2526;ESP-La Liga;;;;;;;;;;;;;;;;;;;;;;;;;;;;;;;;;;;;;ESP;FW;20;2004;0;;;;;0;;0;0;;16;;;;;;;;;;;;;;;;;;;;;;;;;;;;;;;;;;;;;;;;;;;;
Paulo Gazzaniga;Girona;2526;ESP-La Liga;ARG;GK;33;1992;35;35;3102;34,5;0;0;0;0;0;0;4;1;0,0;0,0;0,0;0,0;0,0;ARG;GK;33;1992;34,5;0;0;0;;0,0;0,0;;;0;0;ARG;GK;33;1992;35;3102;89;90,7;34,5;35;89;34;0;;2;1,14;37;47;-10;-0,29;1,41;ARG;GK;33;1992;34,5;4;1;0;1;5;0;0;0;1;0;ARG;GK;33;1992;35;35;3102;34,5;47;1,36;162;115;71,0;9;13;13;6;17,1;5;4;0;1;0,0
Pol Arnau;Girona;2526;ESP-La Liga;;;;;;;;;;;;;;;;;;;;;;;;;;;;;;;;;;;;;ESP;DF;20;2004;0;;;;;0;;0;0;;2;;;;;;;;;;;;;;;;;;;;;;;;;;;;;;;;;;;;;;;;;;;;
Portu;Girona;2526;ESP-La Liga;ESP;FW,MF;33;1992;10;4;474;5,3;0;0;0;0;0;0;2;0;0,0;0,0;0,0;0,0;0,0;ESP;FW,MF;33;1992;5,3;0;9;5;55,6;1,71;0,95;0,0;0,0;0;0;ESP;FW,MF;33;1992;10;474;47;13,9;5,3;4;64;0;6;36;2;0,7;6;11;-5;-0,95;-0,61;ESP;FW,MF;33;1992;5,3;2;0;0;6;4;3;18;2;1;0;;;;;;;;;;;;;;;;;;;;;;;
Ricard Artero;Girona;2526;ESP-La Liga;;;;;;;;;;;;;;;;;;;;;;;;;;;;;;;;;;;;;ESP;MF;22;2003;0;;;;;0;;0;0;;7;;;;;;;;;;;;;;;;;;;;;;;;;;;;;;;;;;;;;;;;;;;;
Rubén Blanco;Girona;2526;ESP-La Liga;;;;;;;;;;;;;;;;;;;;;;;;;;;;;;;;;;;;;ESP;GK;30;1995;0;;;;;0;;0;0;;15;;;;;;;;;;;;;;;;;;;;;;;;;;;;;;;;;;;;;;;;;;;;
Thomas Lemar;Girona;2526;ESP-La Liga;FRA;MF;29;1995;27;14;1258;14,0;3;1;4;3;0;0;4;0;0,21;0,07;0,29;0,21;0,29;FRA;MF;29;1995;14,0;3;17;8;47,1;1,22;0,57;0,18;0,38;0;0;FRA;MF;29;1995;27;1258;47;36,8;14,0;14;69;1;13;22;2;1,0;15;16;-1;-0,07;0,55;FRA;MF;29;1995;14,0;4;0;0;19;20;0;56;5;15;0;;;;;;;;;;;;;;;;;;;;;;;
Viktor Tsyhankov;Girona;2526;ESP-La Liga;UKR;MF,FW;27;1997;32;31;2630;29,2;6;5;11;6;0;0;3;0;0,21;0,17;0,38;0,21;0,38;UKR;MF,FW;27;1997;29,2;6;51;21;41,2;1,75;0,72;0,12;0,29;0;0;UKR;MF,FW;27;1997;32;2630;82;76,9;29,2;31;84;18;1;28;0;1,09;29;39;-10;-0,34;0,34;UKR;MF,FW;27;1997;29,2;3;0;0;22;35;5;120;21;22;0;;;;;;;;;;;;;;;;;;;;;;;
Vitor Reis;Girona;2526;ESP-La Liga;BRA;DF;19;2006;36;35;3138;34,9;1;1;2;1;0;0;9;1;0,03;0,03;0,06;0,03;0,06;BRA;DF;19;2006;34,9;1;19;4;21,1;0,54;0,11;0,05;0,25;0;0;BRA;DF;19;2006;36;3138;87;91,8;34,9;35;89;34;1;33;0;1,03;34;48;-14;-0,4;0,24;BRA;DF;19;2006;34,9;9;1;0;40;24;1;0;35;32;1;;;;;;;;;;;;;;;;;;;;;;;
Vladyslav Krapyvtsov;Girona;2526;ESP-La Liga;UKR;GK;20;2005;2;1;136;1,5;0;0;0;0;0;0;0;0;0,0;0,0;0,0;0,0;0,0;UKR;GK;20;2005;1,5;0;0;0;;0,0;0,0;;;0;0;UKR;GK;20;2005;2;136;68;4,0;1,5;1;90;1;1;46;27;0,0;1;5;-4;-2,65;-2,32;UKR;GK;20;2005;1,5;0;0;0;0;1;0;0;0;0;0;UKR;GK;20;2005;2;1;136;1,5;6;3,97;10;4;40,0;0;0;1;0;0,0;1;1;0;0;0,0
Vladyslav Vanat;Girona;2526;ESP-La Liga;UKR;FW;23;2002;27;27;1942;21,6;9;1;10;6;3;3;4;0;0,42;0,05;0,46;0,28;0,32;UKR;FW;23;2002;21,6;9;27;18;66,7;1,25;0,83;0,33;0,5;3;3;UKR;FW;23;2002;27;1942;72;56,8;21,6;27;72;7;0;;0;1,37;21;26;-5;-0,23;0,44;UKR;FW;23;2002;21,6;4;0;0;28;17;20;5;3;3;0;;;;;;;;;;;;;;;;;;;;;;;
Yangel Herrera;Girona;2526;ESP-La Liga;VEN;MF;27;1998;2;2;110;1,2;0;0;0;0;0;0;0;0;0,0;0,0;0,0;0,0;0,0;VEN;MF;27;1998;1,2;0;1;0;0,0;0,82;0,0;0,0;;0;0;VEN;MF;27;1998;2;110;55;3,2;1,2;2;55;0;0;;0;0,0;1;7;-6;-4,91;-4,64;VEN;MF;27;1998;1,2;0;0;0;1;3;0;2;1;1;0;;;;;;;;;;;;;;;;;;;;;;;
Yaser Asprilla;Girona;2526;ESP-La Liga;COL;FW,MF;21;2003;15;6;611;6,8;0;0;0;0;0;0;0;0;0,0;0,0;0,0;0,0;0,0;COL;FW,MF;21;2003;6,8;0;15;5;33,3;2,21;0,74;0,0;0,0;0;0;COL;FW,MF;21;2003;15;611;41;17,9;6,8;6;70;2;9;22;5;0,93;5;14;-9;-1,33;-1,1;COL;FW,MF;21;2003;6,8;0;0;0;11;8;5;36;5;4;0;;;;;;;;;;;;;;;;;;;;;;;
Álex Moreno;Girona;2526;ESP-La Liga;ESP;DF;32;1993;31;28;2559;28,4;0;3;3;0;0;0;5;0;0,0;0,11;0,11;0,0;0,11;ESP;DF;32;1993;28,4;0;17;5;29,4;0,6;0,18;0,0;0,0;0;0;ESP;DF;32;1993;31;2559;83;74,8;28,4;28;89;27;3;23;0;1,13;28;40;-12;-0,42;0,0;ESP;DF;32;1993;28,4;5;0;0;32;20;9;66;29;28;0;;;;;;;;;;;;;;;;;;;;;;;
Adrián de la Fuente;Levante;2526;ESP-La Liga;ESP;DF;26;1999;33;30;2711;30,1;3;1;4;2;1;3;5;0;0,1;0,03;0,13;0,07;0,1;ESP;DF;26;1999;30,1;3;39;9;23,1;1,29;0,3;0,08;0,33;1;3;ESP;DF;26;1999;33;2711;82;79,3;30,1;30;89;28;3;17;1;1,15;34;47;-13;-0,43;-0,3;ESP;DF;26;1999;30,1;5;0;0;34;27;1;40;48;18;1;;;;;;;;;;;;;;;;;;;;;;;
Alan Matturro;Levante;2526;ESP-La Liga;URU;DF;20;2004;19;10;947;10,5;1;1;2;1;0;0;0;1;0,1;0,1;0,19;0,1;0,19;URU;DF;20;2004;10,5;1;8;1;12,5;0,76;0,1;0,13;1,0;0;0;URU;DF;20;2004;19;947;50;27,7;10,5;10;79;8;9;17;11;1,0;13;22;-9;-0,86;-0,67;URU;DF;20;2004;10,5;0;1;0;7;10;0;0;6;13;0;;;;;;;;;;;;;;;;;;;;;;;
Alejandro Primo;Levante;2526;ESP-La Liga;;;;;;;;;;;;;;;;;;;;;;;;;;;;;;;;;;;;;ESP;GK;21;2004;0;;;;;0;;0;0;;19;;;;;;;;;;;;;;;;;;;;;;;;;;;;;;;;;;;;;;;;;;;;
Brugui;Levante;2526;ESP-La Liga;ESP;MF,FW;28;1996;19;10;1005;11,2;1;1;2;1;0;0;1;1;0,09;0,09;0,18;0,09;0,18;ESP;MF,FW;28;1996;11,2;1;28;9;32,1;2,51;0,81;0,04;0,11;0;0;ESP;MF,FW;28;1996;19;1005;53;29,4;11,2;10;74;2;9;29;1;0,95;12;20;-8;-0,72;-0,49;ESP;MF,FW;28;1996;11,2;1;1;0;11;8;6;11;4;6;0;;;;;;;;;;;;;;;;;;;;;;;
Carlos Espí;Levante;2526;ESP-La Liga;ESP;FW;20;2005;25;13;1343;14,9;11;0;11;11;0;0;3;0;0,74;0,0;0,74;0,74;0,74;ESP;FW;20;2005;14,9;11;57;24;42,1;3,82;1,61;0,19;0,46;0;0;ESP;FW;20;2005;25;1343;54;39,3;14,9;13;84;5;12;21;9;1,28;26;22;4;0,27;1,05;ESP;FW;20;2005;14,9;3;0;0;31;25;10;1;9;7;0;;;;;;;;;;;;;;;;;;;;;;;
Carlos Álvarez;Levante;2526;ESP-La Liga;ESP;MF;21;2003;30;23;1890;21,0;3;1;4;3;0;0;3;0;0,14;0,05;0,19;0,14;0,19;ESP;MF;21;2003;21,0;3;30;11;36,7;1,43;0,52;0,1;0,27;0;0;ESP;MF;21;2003;30;1890;63;55,3;21,0;23;76;7;7;21;1;0,93;20;35;-15;-0,71;-0,77;ESP;MF;21;2003;21,0;3;0;0;22;49;2;54;13;13;0;;;;;;;;;;;;;;;;;;;;;;;
Cayetano Romero;Levante;2526;ESP-La Liga;;;;;;;;;;;;;;;;;;;;;;;;;;;;;;;;;;;;;ESP;GK;20;2005;0;;;;;0;;0;0;;2;;;;;;;;;;;;;;;;;;;;;;;;;;;;;;;;;;;;;;;;;;;;
Dani Cervera;Levante;2526;ESP-La Liga;;;;;;;;;;;;;;;;;;;;;;;;;;;;;;;;;;;;;ESP;MF;22;2003;0;;;;;0;;0;0;;1;;;;;;;;;;;;;;;;;;;;;;;;;;;;;;;;;;;;;;;;;;;;
Diego Pampín;Levante;2526;ESP-La Liga;ESP;DF;25;2000;8;6;534;5,9;0;0;0;0;0;0;3;0;0,0;0,0;0,0;0,0;0,0;ESP;DF;25;2000;5,9;0;3;0;0,0;0,51;0,0;0,0;;0;0;ESP;DF;25;2000;8;534;67;15,6;5,9;6;84;4;2;14;24;0,88;7;15;-8;-1,35;-1,16;ESP;DF;25;2000;5,9;3;0;0;8;7;0;14;5;5;0;;;;;;;;;;;;;;;;;;;;;;;
Goduine Koyalipou;Levante;2526;ESP-La Liga;CTA;FW;25;2000;11;2;247;2,7;1;0;1;1;0;0;1;0;0,36;0,0;0,36;0,36;0,36;CTA;FW;25;2000;2,7;1;10;4;40,0;3,64;1,46;0,1;0,25;0;0;CTA;FW;25;2000;11;247;22;7,2;2,7;2;51;0;9;16;3;0,82;2;5;-3;-1,09;-0,78;CTA;FW;25;2000;2,7;1;0;0;2;1;3;1;1;3;0;;;;;;;;;;;;;;;;;;;;;;;
Huseini Nakoha;Levante;2526;ESP-La Liga;;;;;;;;;;;;;;;;;;;;;;;;;;;;;;;;;;;;;;DF;;;0;;;;;0;;0;0;;1;;;;;;;;;;;;;;;;;;;;;;;;;;;;;;;;;;;;;;;;;;;;
Iker Losada;Levante;2526;ESP-La Liga;ESP;MF;23;2001;23;10;902;10,0;3;1;4;3;0;0;1;0;0,3;0,1;0,4;0,3;0,4;ESP;MF;23;2001;10,0;3;14;4;28,6;1,4;0,4;0,21;0,75;0;0;ESP;MF;23;2001;23;902;39;26,4;10,0;10;62;0;13;22;14;1,0;14;16;-2;-0,2;0,23;ESP;MF;23;2001;10,0;1;0;0;6;7;3;22;10;12;0;;;;;;;;;;;;;;;;;;;;;;;
Iván Romero;Levante;2526;ESP-La Liga;ESP;FW,MF;24;2001;32;28;2259;25,1;7;1;8;7;0;1;5;0;0,28;0,04;0,32;0,28;0,32;ESP;FW,MF;24;2001;25,1;7;59;18;30,5;2,35;0,72;0,12;0,39;0;1;ESP;FW,MF;24;2001;32;2259;71;66,1;25,1;28;77;4;4;25;3;1,16;27;31;-4;-0,16;0,62;ESP;FW,MF;24;2001;25,1;5;0;0;41;77;7;21;12;22;0;;;;;;;;;;;;;;;;;;;;;;;
Jeremy Toljan;Levante;2526;ESP-La Liga;GER;DF;30;1994;37;37;3164;35,2;1;4;5;1;0;0;8;0;0,03;0,11;0,14;0,03;0,14;GER;DF;30;1994;35,2;1;9;1;11,1;0,26;0,03;0,11;1,0;0;0;GER;DF;30;1994;37;3164;86;92,5;35,2;37;86;28;0;;0;1,14;44;56;-12;-0,34;0,36;GER;DF;30;1994;35,2;8;0;0;33;19;2;76;31;39;1;;;;;;;;;;;;;;;;;;;;;;;
Jorge Cabello;Levante;2526;ESP-La Liga;ESP;DF;21;2004;5;4;362;4,0;0;0;0;0;0;0;1;0;0,0;0,0;0,0;0,0;0,0;ESP;DF;21;2004;4,0;0;0;0;;0,0;0,0;;;0;0;ESP;DF;21;2004;5;362;72;10,6;4,0;4;79;2;1;45;10;0,0;3;9;-6;-1,49;-1,26;ESP;DF;21;2004;4,0;1;0;0;3;3;0;0;0;3;0;;;;;;;;;;;;;;;;;;;;;;;
José Luis Morales;Levante;2526;ESP-La Liga;ESP;MF;38;1987;20;1;363;4,0;1;1;2;0;1;1;1;0;0,25;0,25;0,5;0,0;0,25;ESP;MF;38;1987;4,0;1;11;4;36,4;2,73;0,99;0,09;0,25;1;1;ESP;MF;38;1987;20;363;18;10,6;4,0;1;58;0;19;16;15;1,0;9;7;2;0,5;0,97;ESP;MF;38;1987;4,0;1;0;0;3;4;4;11;3;5;0;;;;;;;;;;;;;;;;;;;;;;;
Kareem Tunde;Levante;2526;ESP-La Liga;ESP;MF;19;2005;21;17;1133;12,6;0;1;1;0;0;0;3;0;0,0;0,08;0,08;0,0;0,08;ESP;MF;19;2005;12,6;0;21;3;14,3;1,67;0,24;0,0;0,0;0;0;ESP;MF;19;2005;21;1133;54;33,1;12,6;17;64;2;4;11;0;1,38;15;20;-5;-0,4;-0,04;ESP;MF;19;2005;12,6;3;0;0;16;24;1;11;14;11;0;;;;;;;;;;;;;;;;;;;;;;;
Karl Etta Eyong;Levante;2526;ESP-La Liga;CMR;FW;21;2003;30;15;1416;15,7;6;2;8;6;0;1;3;0;0,38;0,13;0,51;0,38;0,51;CMR;FW;21;2003;15,7;6;43;21;48,8;2,73;1,33;0,14;0,29;0;1;CMR;FW;21;2003;30;1416;47;41,4;15,7;15;79;6;15;15;3;1,07;21;32;-11;-0,7;-0,56;CMR;FW;21;2003;15,7;3;0;0;29;30;6;13;6;11;0;;;;;;;;;;;;;;;;;;;;;;;
Kervin Arriaga;Levante;2526;ESP-La Liga;HON;MF;27;1998;27;16;1532;17,0;3;3;6;3;0;0;8;1;0,18;0,18;0,35;0,18;0,35;HON;MF;27;1998;17,0;3;16;6;37,5;0,94;0,35;0,19;0,5;0;0;HON;MF;27;1998;27;1532;57;44,8;17,0;16;80;10;11;22;4;1,19;23;29;-6;-0,35;0,03;HON;MF;27;1998;17,0;8;1;1;22;22;1;5;14;26;0;;;;;;;;;;;;;;;;;;;;;;;
Manu Sánchez;Levante;2526;ESP-La Liga;ESP;DF;24;2000;33;31;2814;31,3;1;2;3;1;0;0;8;0;0,03;0,06;0,1;0,03;0,1;ESP;DF;24;2000;31,3;1;13;4;30,8;0,42;0,13;0,08;0,25;0;0;ESP;DF;24;2000;33;2814;85;82,3;31,3;31;88;25;2;38;4;1,15;37;45;-8;-0,26;0,64;ESP;DF;24;2000;31,3;8;0;0;35;20;2;75;35;54;0;;;;;;;;;;;;;;;;;;;;;;;
Martín Krug;Levante;2526;ESP-La Liga;;;;;;;;;;;;;;;;;;;;;;;;;;;;;;;;;;;;;PAN;DF;19;2006;0;;;;;0;;0;0;;3;;;;;;;;;;;;;;;;;;;;;;;;;;;;;;;;;;;;;;;;;;;;
Mathew Ryan;Levante;2526;ESP-La Liga;AUS;GK;33;1992;36;36;3240;36,0;0;0;0;0;0;0;4;0;0,0;0,0;0,0;0,0;0,0;AUS;GK;33;1992;36,0;0;2;0;0,0;0,06;0,0;0,0;;0;0;AUS;GK;33;1992;36;3240;90;94,7;36,0;36;90;36;0;;0;1,17;44;56;-12;-0,33;0,67;AUS;GK;33;1992;36,0;4;0;0;0;1;0;0;1;1;0;AUS;GK;33;1992;36;36;3240;36,0;56;1,56;180;124;68,9;11;9;16;9;25,0;4;3;1;0;25,0
Matias Moreno;Levante;2526;ESP-La Liga;ARG;DF;21;2003;28;27;2252;25,0;0;0;0;0;0;0;8;0;0,0;0,0;0,0;0,0;0,0;ARG;DF;21;2003;25,0;0;10;0;0,0;0,4;0,0;0,0;;0;0;ARG;DF;21;2003;28;2252;80;65,8;25,0;27;83;21;1;6;5;1,29;33;32;1;0,04;1,2;ARG;DF;21;2003;25,0;8;0;0;23;23;2;3;38;25;0;;;;;;;;;;;;;;;;;;;;;;;
Nacho Pérez;Levante;2526;ESP-La Liga;ESP;DF;16;2008;3;1;148;1,6;0;0;0;0;0;0;1;0;0,0;0,0;0,0;0,0;0,0;ESP;DF;16;2008;1,6;0;0;0;;0,0;0,0;;;0;0;ESP;DF;16;2008;3;148;49;4,3;1,6;1;77;0;2;36;22;1,0;2;1;1;0,61;1,02;ESP;DF;16;2008;1,6;1;0;0;1;1;0;0;2;1;0;;;;;;;;;;;;;;;;;;;;;;;
Olasagasti;Levante;2526;ESP-La Liga;ESP;MF;24;2000;33;18;1734;19,3;1;5;6;1;0;0;2;1;0,05;0,26;0,31;0,05;0,31;ESP;MF;24;2000;19,3;1;28;9;32,1;1,45;0,47;0,04;0,11;0;0;ESP;MF;24;2000;33;1734;53;50,7;19,3;18;81;9;15;18;2;1,12;28;32;-4;-0,21;0,33;ESP;MF;24;2000;19,3;2;1;0;20;33;0;106;14;15;0;;;;;;;;;;;;;;;;;;;;;;;
Oriol Rey;Levante;2526;ESP-La Liga;ESP;MF;27;1998;20;14;1319;14,7;0;1;1;0;0;0;4;0;0,0;0,07;0,07;0,0;0,07;ESP;MF;27;1998;14,7;0;8;1;12,5;0,55;0,07;0,0;0,0;0;0;ESP;MF;27;1998;20;1319;66;38,6;14,7;14;84;9;6;25;12;1,1;23;25;-2;-0,14;0,38;ESP;MF;27;1998;14,7;4;0;0;23;14;0;8;12;12;0;;;;;;;;;;;;;;;;;;;;;;;
Pablo Cuñat;Levante;2526;ESP-La Liga;ESP;GK;23;2002;2;2;180;2,0;0;0;0;0;0;0;0;0;0,0;0,0;0,0;0,0;0,0;ESP;GK;23;2002;2,0;0;0;0;;0,0;0,0;;;0;0;ESP;GK;23;2002;2;180;90;5,3;2,0;2;90;2;0;;36;0,0;3;5;-2;-1,0;-0,67;ESP;GK;23;2002;2,0;0;0;0;0;0;0;0;0;0;0;ESP;GK;23;2002;2;2;180;2,0;5;2,5;16;11;68,8;0;0;2;0;0,0;0;0;0;0;
Pablo Martínez;Levante;2526;ESP-La Liga;ESP;MF;27;1998;27;21;1857;20,6;1;5;6;1;0;0;3;0;0,05;0,24;0,29;0,05;0,29;ESP;MF;27;1998;20,6;1;28;4;14,3;1,36;0,19;0,04;0,25;0;0;ESP;MF;27;1998;27;1857;69;54,3;20,6;21;81;8;6;28;1;1,37;25;28;-3;-0,15;0,49;ESP;MF;27;1998;20,6;3;0;0;30;12;3;87;19;10;0;;;;;;;;;;;;;;;;;;;;;;;
Paco Cortés;Levante;2526;ESP-La Liga;ESP;MF,FW;17;2007;12;4;472;5,2;0;0;0;0;0;0;2;0;0,0;0,0;0,0;0,0;0,0;ESP;MF,FW;17;2007;5,2;0;12;4;33,3;2,29;0,76;0,0;0,0;0;0;ESP;MF,FW;17;2007;12;472;39;13,8;5,2;4;73;0;8;23;10;1,08;5;6;-1;-0,19;0,21;ESP;MF,FW;17;2007;5,2;2;0;0;6;6;1;20;2;1;0;;;;;;;;;;;;;;;;;;;;;;;
Ruiz Agustina;Levante;2526;ESP-La Liga;;;;;;;;;;;;;;;;;;;;;;;;;;;;;;;;;;;;;ESP;MF;22;2003;0;;;;;0;;0;0;;1;;;;;;;;;;;;;;;;;;;;;;;;;;;;;;;;;;;;;;;;;;;;
Sergio Lozano;Levante;2526;ESP-La Liga;ESP;MF;26;1999;1;0;12;0,1;0;0;0;0;0;0;0;0;0,0;0,0;0,0;0,0;0,0;ESP;MF;26;1999;0,1;0;0;0;;0,0;0,0;;;0;0;ESP;MF;26;1999;1;12;12;0,4;0,1;0;;0;1;12;2;0,0;0;1;-1;-7,5;-7,16;ESP;MF;26;1999;0,1;0;0;0;0;0;0;0;0;1;0;;;;;;;;;;;;;;;;;;;;;;;
Tay Abed;Levante;2526;ESP-La Liga;ISR;MF;21;2004;7;0;93;1,0;0;0;0;0;0;0;0;0;0,0;0,0;0,0;0,0;0,0;ISR;MF;21;2004;1,0;0;2;1;50,0;1,94;0,97;0,0;0,0;0;0;ISR;MF;21;2004;7;93;13;2,7;1,0;0;;0;7;13;11;1,14;2;3;-1;-0,97;-0,62;ISR;MF;21;2004;1,0;0;0;0;2;2;0;5;2;1;0;;;;;;;;;;;;;;;;;;;;;;;
Ugo Raghouber;Levante;2526;ESP-La Liga;FRA;MF;22;2003;16;8;706;7,8;0;0;0;0;0;0;1;0;0,0;0,0;0,0;0,0;0,0;FRA;MF;22;2003;7,8;0;3;0;0,0;0,38;0,0;0,0;;0;0;FRA;MF;22;2003;16;706;44;20,6;7,8;8;71;2;8;18;2;1,5;7;9;-2;-0,25;0,14;FRA;MF;22;2003;7,8;1;0;0;10;14;1;2;15;10;0;;;;;;;;;;;;;;;;;;;;;;;
Unai Elgezabal;Levante;2526;ESP-La Liga;ESP;DF,MF;32;1993;12;11;958;10,6;1;0;1;1;0;0;2;0;0,09;0,0;0,09;0,09;0,09;ESP;DF,MF;32;1993;10,6;1;3;1;33,3;0,28;0,09;0,33;1,0;0;0;ESP;DF,MF;32;1993;12;958;80;28,0;10,6;11;85;8;1;26;4;0,42;15;24;-9;-0,85;-0,66;ESP;DF,MF;32;1993;10,6;2;0;0;11;6;0;0;4;4;1;;;;;;;;;;;;;;;;;;;;;;;
Unai Vencedor Paris;Levante;2526;ESP-La Liga;ESP;MF;24;2000;16;11;812;9,0;0;0;0;0;0;0;3;1;0,0;0,0;0,0;0,0;0,0;ESP;MF;24;2000;9,0;0;0;0;;0,0;0,0;;;0;0;ESP;MF;24;2000;16;812;51;23,7;9,0;11;67;0;5;15;9;0,88;7;16;-9;-1,0;-0,82;ESP;MF;24;2000;9,0;3;1;0;25;8;0;23;4;13;0;;;;;;;;;;;;;;;;;;;;;;;
Víctor García;Levante;2526;ESP-La Liga;ESP;MF,FW;27;1997;21;12;1040;11,6;2;1;3;2;0;0;1;0;0,17;0,09;0,26;0,17;0,26;ESP;MF,FW;27;1997;11,6;2;19;8;42,1;1,64;0,69;0,11;0,25;0;0;ESP;MF,FW;27;1997;21;1040;50;30,4;11,6;12;68;1;9;25;8;1,1;13;15;-2;-0,17;0,28;ESP;MF,FW;27;1997;11,6;1;0;0;13;11;3;65;7;15;0;;;;;;;;;;;;;;;;;;;;;;;
Abdón Prats;Mallorca;2526;ESP-La Liga;ESP;FW;32;1992;15;0;143;1,6;0;0;0;0;0;0;0;0;0,0;0,0;0,0;0,0;0,0;ESP;FW;32;1992;1,6;0;5;2;40,0;3,15;1,26;0,0;0,0;0;0;ESP;FW;32;1992;15;143;10;4,2;1,6;0;;0;15;10;21;1,33;4;2;2;1,26;1,59;ESP;FW;32;1992;1,6;0;0;0;2;3;0;1;0;0;0;;;;;;;;;;;;;;;;;;;;;;;
Antonio Raillo;Mallorca;2526;ESP-La Liga;ESP;DF;33;1991;24;23;2070;23,0;0;1;1;0;0;0;4;0;0,0;0,04;0,04;0,0;0,04;ESP;DF;33;1991;23,0;0;12;1;8,3;0,52;0,04;0,0;0,0;0;0;ESP;DF;33;1991;24;2070;86;60,5;23,0;23;88;22;1;38;6;1,04;26;32;-6;-0,26;0,01;ESP;DF;33;1991;23,0;4;0;0;23;15;1;4;12;13;0;;;;;;;;;;;;;;;;;;;;;;;
Antonio Sánchez;Mallorca;2526;ESP-La Liga;ESP;MF,DF;28;1997;30;9;1073;11,9;0;0;0;0;0;0;5;1;0,0;0,0;0,0;0,0;0,0;ESP;MF,DF;28;1997;11,9;0;6;3;50,0;0,5;0,25;0,0;0,0;0;0;ESP;MF,DF;28;1997;30;1073;36;31,4;11,9;9;75;1;21;19;7;1,23;15;21;-6;-0,5;-0,35;ESP;MF,DF;28;1997;11,9;5;1;1;16;10;1;29;16;12;0;;;;;;;;;;;;;;;;;;;;;;;
Cesc Riba;Mallorca;2526;ESP-La Liga;;;;;;;;;;;;;;;;;;;;;;;;;;;;;;;;;;;;;ESP;MF;19;2006;0;;;;;0;;0;0;;5;;;;;;;;;;;;;;;;;;;;;;;;;;;;;;;;;;;;;;;;;;;;
Dani Rodríguez;Mallorca;2526;ESP-La Liga;ESP;FW,MF;37;1988;2;0;68;0,8;0;0;0;0;0;0;0;0;0,0;0,0;0,0;0,0;0,0;ESP;FW,MF;37;1988;0,8;0;1;0;0,0;1,32;0,0;0,0;;0;0;ESP;FW,MF;37;1988;2;68;34;2,0;0,8;0;;0;2;34;1;0,5;1;1;0;0,0;0,27;ESP;FW,MF;37;1988;0,8;0;0;0;0;3;0;2;0;1;0;;;;;;;;;;;;;;;;;;;;;;;
Daniel Luna;Mallorca;2526;ESP-La Liga;;;;;;;;;;;;;;;;;;;;;;;;;;;;;;;;;;;;;COL;MF;22;2003;0;;;;;0;;0;0;;2;;;;;;;;;;;;;;;;;;;;;;;;;;;;;;;;;;;;;;;;;;;;
David López;Mallorca;2526;ESP-La Liga;ESP;DF;22;2003;14;9;837;9,3;0;0;0;0;0;0;2;0;0,0;0,0;0,0;0,0;0,0;ESP;DF;22;2003;9,3;0;4;0;0,0;0,43;0,0;0,0;;0;0;ESP;DF;22;2003;14;837;60;24,5;9,3;9;82;7;5;20;24;1,07;12;19;-7;-0,75;-0,65;ESP;DF;22;2003;9,3;2;0;0;13;4;0;0;9;7;1;;;;;;;;;;;;;;;;;;;;;;;
Iliesse Salhi;Mallorca;2526;ESP-La Liga;;;;;;;;;;;;;;;;;;;;;;;;;;;;;;;;;;;;;FRA;MF;18;2007;0;;;;;0;;0;0;;16;;;;;;;;;;;;;;;;;;;;;;;;;;;;;;;;;;;;;;;;;;;;
Iván Cuéllar;Mallorca;2526;ESP-La Liga;;;;;;;;;;;;;;;;;;;;;;;;;;;;;;;;;;;;;ESP;GK;41;1984;0;;;;;0;;0;0;;31;;;;;;;;;;;;;;;;;;;;;;;;;;;;;;;;;;;;;;;;;;;;
Jan Salas;Mallorca;2526;ESP-La Liga;ESP;MF;19;2005;2;0;17;0,2;0;0;0;0;0;0;0;0;0,0;0,0;0,0;0,0;0,0;ESP;MF;19;2005;0,2;0;0;0;;0,0;0,0;;;0;0;ESP;MF;19;2005;2;17;9;0,5;0,2;0;;0;2;9;0;0,5;1;1;0;0,0;0,26;ESP;MF;19;2005;0,2;0;0;0;0;1;0;0;0;0;0;;;;;;;;;;;;;;;;;;;;;;;
Jan Virgili;Mallorca;2526;ESP-La Liga;ESP;MF,FW;19;2006;31;19;1792;19,9;2;4;6;2;0;0;0;1;0,1;0,2;0,3;0,1;0,3;ESP;MF,FW;19;2006;19,9;2;32;16;50,0;1,61;0,8;0,06;0,13;0;0;ESP;MF,FW;19;2006;31;1792;58;52,4;19,9;19;79;5;12;24;0;1,13;28;31;-3;-0,15;0,24;ESP;MF,FW;19;2006;19,9;0;1;0;22;24;2;47;7;10;0;;;;;;;;;;;;;;;;;;;;;;;
Jandro García;Mallorca;2526;ESP-La Liga;;;;;;;;;;;;;;;;;;;;;;;;;;;;;;;;;;;;;ESP;MF;19;2006;0;;;;;0;;0;0;;5;;;;;;;;;;;;;;;;;;;;;;;;;;;;;;;;;;;;;;;;;;;;
Javier Llabrés;Mallorca;2526;ESP-La Liga;ESP;MF;22;2002;16;1;187;2,1;0;0;0;0;0;0;0;0;0,0;0,0;0,0;0,0;0,0;ESP;MF;22;2002;2,1;0;5;2;40,0;2,41;0,96;0,0;0,0;0;0;ESP;MF;22;2002;16;187;12;5,5;2,1;1;61;0;15;8;18;0,94;3;4;-1;-0,48;-0,23;ESP;MF;22;2002;2,1;0;0;0;4;3;0;10;0;2;0;;;;;;;;;;;;;;;;;;;;;;;
Javier Olaizola;Mallorca;2526;ESP-La Liga;ESP;DF;18;2007;2;0;51;0,6;0;0;0;0;0;0;0;0;0,0;0,0;0,0;0,0;0,0;ESP;DF;18;2007;0,6;0;0;0;;0,0;0,0;;;0;0;ESP;DF;18;2007;2;51;26;1,5;0,6;0;;0;2;26;14;1,5;1;1;0;0,0;0,27;ESP;DF;18;2007;0,6;0;0;0;0;1;0;3;0;1;0;;;;;;;;;;;;;;;;;;;;;;;
Johan Mojica;Mallorca;2526;ESP-La Liga;COL;DF;32;1992;35;30;2724;30,3;0;4;4;0;0;0;6;1;0,0;0,13;0,13;0,0;0,13;COL;DF;32;1992;30,3;0;17;2;11,8;0,56;0,07;0,0;0,0;0;0;COL;DF;32;1992;35;2724;78;79,6;30,3;30;88;23;5;17;1;1,11;37;44;-7;-0,23;0,16;COL;DF;32;1992;30,3;6;1;0;29;30;2;133;24;30;0;;;;;;;;;;;;;;;;;;;;;;;
Justin-Noël Kalumba;Mallorca;2526;ESP-La Liga;FRA;FW;20;2004;3;1;81;0,9;0;0;0;0;0;0;0;0;0,0;0,0;0,0;0,0;0,0;FRA;FW;20;2004;0,9;0;1;0;0,0;1,11;0,0;0,0;;0;0;FRA;FW;20;2004;3;81;27;2,4;0,9;1;45;0;2;18;12;2,0;3;0;3;3,33;3,68;FRA;FW;20;2004;0,9;0;0;0;2;4;0;2;0;1;0;;;;;;;;;;;;;;;;;;;;;;;
Leo Román;Mallorca;2526;ESP-La Liga;ESP;GK;25;2000;33;33;2970;33,0;0;0;0;0;0;0;4;0;0,0;0,0;0,0;0,0;0,0;ESP;GK;25;2000;33,0;0;0;0;;0,0;0,0;;;0;0;ESP;GK;25;2000;33;2970;90;86,8;33,0;33;90;33;0;;0;1,12;43;50;-7;-0,21;0,39;ESP;GK;25;2000;33,0;4;0;0;1;2;0;0;1;1;0;ESP;GK;25;2000;33;33;2970;33,0;50;1,52;149;99;66,4;10;7;16;4;12,1;8;6;1;1;14,3
Leo Sãnchez;Mallorca;2526;ESP-La Liga;;;;;;;;;;;;;;;;;;;;;;;;;;;;;;;;;;;;;ESP;DF;19;2006;0;;;;;0;;0;0;;1;;;;;;;;;;;;;;;;;;;;;;;;;;;;;;;;;;;;;;;;;;;;
Lucas Bergström;Mallorca;2526;ESP-La Liga;FIN;GK;22;2002;5;5;450;5,0;0;0;0;0;0;0;1;0;0,0;0,0;0,0;0,0;0,0;FIN;GK;22;2002;5,0;0;0;0;;0,0;0,0;;;0;0;FIN;GK;22;2002;5;450;90;13,2;5,0;5;90;5;0;;22;1,0;4;7;-3;-0,6;-0,39;FIN;GK;22;2002;5,0;1;0;0;0;0;0;0;0;0;0;FIN;GK;22;2002;5;5;450;5,0;7;1,4;22;15;68,2;1;2;2;2;40,0;0;0;0;0;
Luis Orejuela;Mallorca;2526;ESP-La Liga;;DF;;;1;1;90;1,0;0;0;0;0;0;0;0;0;0,0;0,0;0,0;0,0;0,0;;DF;;;1,0;0;1;0;0,0;1,0;0,0;0,0;;0;0;;DF;;;1;90;90;2,6;1,0;1;90;1;0;;3;0,0;1;3;-2;-2,0;-1,78;;DF;;;1,0;0;0;0;1;4;0;2;1;0;0;;;;;;;;;;;;;;;;;;;;;;;
Manu Morlanes;Mallorca;2526;ESP-La Liga;ESP;MF;26;1999;32;22;1765;19,6;3;0;3;3;0;0;5;1;0,15;0,0;0,15;0,15;0,15;ESP;MF;26;1999;19,6;3;13;4;30,8;0,66;0,2;0,23;0,75;0;0;ESP;MF;26;1999;32;1765;55;51,6;19,6;22;72;2;10;18;2;1,16;26;29;-3;-0,15;0,23;ESP;MF;26;1999;19,6;5;1;1;28;12;0;11;19;30;0;;;;;;;;;;;;;;;;;;;;;;;
Marash Kumbulla;Mallorca;2526;ESP-La Liga;ALB;DF;25;2000;8;5;439;4,9;0;0;0;0;0;0;1;0;0,0;0,0;0,0;0,0;0,0;ALB;DF;25;2000;4,9;0;3;0;0,0;0,62;0,0;0,0;;0;0;ALB;DF;25;2000;8;439;55;12,8;4,9;5;70;3;3;30;7;1,13;7;8;-1;-0,21;0,07;ALB;DF;25;2000;4,9;1;0;0;2;5;1;2;2;2;0;;;;;;;;;;;;;;;;;;;;;;;
Marc Domenech;Mallorca;2526;ESP-La Liga;ESP;MF;19;2006;7;2;214;2,4;0;1;1;0;0;0;0;0;0,0;0,42;0,42;0,0;0,42;ESP;MF;19;2006;2,4;0;3;0;0,0;1,26;0,0;0,0;;0;0;ESP;MF;19;2006;7;214;31;6,3;2,4;2;61;0;5;18;10;0,86;3;2;1;0,42;0,73;ESP;MF;19;2006;2,4;0;0;0;3;3;0;7;0;2;0;;;;;;;;;;;;;;;;;;;;;;;
Martin Valjent;Mallorca;2526;ESP-La Liga;SVK;DF;29;1995;37;37;3308;36,8;0;0;0;0;0;0;6;0;0,0;0,0;0,0;0,0;0,0;SVK;DF;29;1995;36,8;0;17;8;47,1;0,46;0,22;0,0;0,0;0;0;SVK;DF;29;1995;37;3308;89;96,7;36,8;37;89;36;0;;0;1,05;44;56;-12;-0,33;-1,93;SVK;DF;29;1995;36,8;6;0;0;36;12;0;2;24;33;0;;;;;;;;;;;;;;;;;;;;;;;
Mateo Joseph;Mallorca;2526;ESP-La Liga;ESP;MF,FW;21;2003;29;19;1699;18,9;2;3;5;2;0;0;2;0;0,11;0,16;0,26;0,11;0,26;ESP;MF,FW;21;2003;18,9;2;33;14;42,4;1,75;0,74;0,06;0,14;0;0;ESP;MF,FW;21;2003;29;1699;59;49,7;18,9;19;76;4;10;25;1;1,03;24;29;-5;-0,26;0,0;ESP;MF,FW;21;2003;18,9;2;0;0;19;31;4;14;13;19;0;;;;;;;;;;;;;;;;;;;;;;;
Mateu Morey;Mallorca;2526;ESP-La Liga;ESP;DF,MF;25;2000;18;9;704;7,8;1;0;1;1;0;0;2;0;0,13;0,0;0,13;0,13;0,13;ESP;DF,MF;25;2000;7,8;1;4;2;50,0;0,51;0,26;0,25;0,5;0;0;ESP;DF,MF;25;2000;18;704;39;20,6;7,8;9;69;2;9;9;19;0,94;8;18;-10;-1,28;-1,28;ESP;DF,MF;25;2000;7,8;2;0;0;15;10;1;14;6;8;0;;;;;;;;;;;;;;;;;;;;;;;
Miguel Calatayud;Mallorca;2526;ESP-La Liga;ESP;DF;19;2006;2;0;43;0,5;0;0;0;0;0;0;0;0;0,0;0,0;0,0;0,0;0,0;ESP;DF;19;2006;0,5;0;1;0;0,0;2,09;0,0;0,0;;0;0;ESP;DF;19;2006;2;43;22;1,3;0,5;0;;0;2;22;2;0,5;0;1;-1;-2,09;-1,85;ESP;DF;19;2006;0,5;0;0;0;2;0;0;1;0;0;0;;;;;;;;;;;;;;;;;;;;;;;
Nil Torreguitart;Mallorca;2526;ESP-La Liga;;;;;;;;;;;;;;;;;;;;;;;;;;;;;;;;;;;;;ESP;GK;23;2001;0;;;;;0;;0;0;;4;;;;;;;;;;;;;;;;;;;;;;;;;;;;;;;;;;;;;;;;;;;;
Omar Mascarell;Mallorca;2526;ESP-La Liga;EQG;MF,DF;32;1993;30;26;2239;24,9;2;2;4;2;0;0;5;0;0,08;0,08;0,16;0,08;0,16;EQG;MF,DF;32;1993;24,9;2;7;3;42,9;0,28;0,12;0,29;0,67;0;0;EQG;MF,DF;32;1993;30;2239;75;65,5;24,9;26;81;17;4;32;4;1,2;32;35;-3;-0,12;0,41;EQG;MF,DF;32;1993;24,9;5;0;0;38;14;0;6;35;28;0;;;;;;;;;;;;;;;;;;;;;;;
Pablo Maffeo;Mallorca;2526;ESP-La Liga;ESP;DF;28;1997;31;30;2662;29,6;1;2;3;1;0;0;11;0;0,03;0,07;0,1;0,03;0,1;ESP;DF;28;1997;29,6;1;7;1;14,3;0,24;0,03;0,14;1,0;0;0;ESP;DF;28;1997;31;2662;86;77,8;29,6;30;87;20;1;45;1;1,13;37;41;-4;-0,14;0,58;ESP;DF;28;1997;29,6;11;0;0;26;23;0;85;33;34;1;;;;;;;;;;;;;;;;;;;;;;;
Pablo Torre;Mallorca;2526;ESP-La Liga;ESP;MF,FW;22;2003;35;19;1599;17,8;4;4;8;4;0;0;4;0;0,23;0,23;0,45;0,23;0,45;ESP;MF,FW;22;2003;17,8;4;25;12;48,0;1,41;0,68;0,16;0,33;0;0;ESP;MF,FW;22;2003;35;1599;46;46,8;17,8;19;69;1;16;18;3;1,09;23;27;-4;-0,23;0,07;ESP;MF,FW;22;2003;17,8;4;0;0;29;36;1;90;9;17;0;;;;;;;;;;;;;;;;;;;;;;;
Rareș Vlad;Mallorca;2526;ESP-La Liga;;;;;;;;;;;;;;;;;;;;;;;;;;;;;;;;;;;;;ROU;GK;19;2006;0;;;;;0;;0;0;;1;;;;;;;;;;;;;;;;;;;;;;;;;;;;;;;;;;;;;;;;;;;;
Samu Costa;Mallorca;2526;ESP-La Liga;POR;MF;24;2000;34;31;2697;30,0;7;2;9;7;0;0;11;0;0,23;0,07;0,3;0,23;0,3;POR;MF;24;2000;30,0;7;39;16;41,0;1,3;0,53;0,18;0,44;0;0;POR;MF;24;2000;34;2697;79;78,9;30,0;31;84;18;3;31;0;1,12;32;42;-10;-0,33;-0,33;POR;MF;24;2000;30,0;11;0;0;64;68;6;30;26;37;0;;;;;;;;;;;;;;;;;;;;;;;
Sergi Darder;Mallorca;2526;ESP-La Liga;ESP;MF;31;1993;38;30;2680;29,8;1;5;6;1;0;0;3;0;0,03;0,17;0,2;0,03;0,2;ESP;MF;31;1993;29,8;1;36;13;36,1;1,21;0,44;0,03;0,08;0;0;ESP;MF;31;1993;38;2680;71;78,4;29,8;30;82;13;8;27;0;1,11;37;43;-6;-0,2;0,28;ESP;MF;31;1993;29,8;3;0;0;21;29;2;165;23;13;0;;;;;;;;;;;;;;;;;;;;;;;
Takuma Asano;Mallorca;2526;ESP-La Liga;JPN;MF,FW;30;1994;20;8;664;7,4;1;0;1;1;0;0;2;0;0,14;0,0;0,14;0,14;0,14;JPN;MF,FW;30;1994;7,4;1;17;2;11,8;2,3;0,27;0,06;0,5;0;0;JPN;MF,FW;30;1994;20;664;33;19,4;7,4;8;60;0;12;15;9;1,2;7;11;-4;-0,54;-0,35;JPN;MF,FW;30;1994;7,4;2;0;0;9;10;8;14;1;10;0;;;;;;;;;;;;;;;;;;;;;;;
Toni Lato;Mallorca;2526;ESP-La Liga;ESP;DF,MF;27;1997;12;7;583;6,5;0;1;1;0;0;0;3;0;0,0;0,15;0,15;0,0;0,15;ESP;DF,MF;27;1997;6,5;0;0;0;;0,0;0,0;;;0;0;ESP;DF,MF;27;1997;12;583;49;17,0;6,5;7;77;1;5;9;18;0,58;8;10;-2;-0,31;-0,05;ESP;DF,MF;27;1997;6,5;3;0;0;7;3;0;26;6;8;0;;;;;;;;;;;;;;;;;;;;;;;
Vedat Muriqi;Mallorca;2526;ESP-La Liga;KVX;FW;31;1994;37;36;3128;34,8;23;1;24;18;5;7;4;1;0,66;0,03;0,69;0,52;0,55;KVX;FW;31;1994;34,8;23;114;50;43,9;3,28;1,44;0,2;0,46;5;7;KVX;FW;31;1994;37;3128;85;91,5;34,8;36;86;26;1;17;0;1,11;44;51;-7;-0,2;0,72;KVX;FW;31;1994;34,8;4;1;0;42;64;15;6;3;3;0;;;;;;;;;;;;;;;;;;;;;;;
Zito Luvumbo;Mallorca;2526;ESP-La Liga;ANG;FW,MF;23;2002;10;6;508;5,6;0;2;2;0;0;0;2;0;0,0;0,35;0,35;0,0;0,35;ANG;FW,MF;23;2002;5,6;0;9;7;77,8;1,59;1,24;0,0;0,0;0;0;ANG;FW,MF;23;2002;10;508;51;14,9;5,6;6;68;1;4;25;4;1,3;7;5;2;0,35;0,73;ANG;FW,MF;23;2002;5,6;2;0;0;13;20;6;19;0;0;0;;;;;;;;;;;;;;;;;;;;;;;
Abel Bretones;Osasuna;2526;ESP-La Liga;ESP;MF,DF;24;2000;28;17;1624;18,0;1;2;3;1;0;0;5;1;0,06;0,11;0,17;0,06;0,17;ESP;MF,DF;24;2000;18,0;1;11;3;27,3;0,61;0,17;0,09;0,33;0;0;ESP;MF,DF;24;2000;28;1624;58;47,5;18,0;17;88;12;11;12;7;1,18;24;27;-3;-0,17;-0,02;ESP;MF,DF;24;2000;18,0;5;1;0;16;19;1;34;16;12;0;;;;;;;;;;;;;;;;;;;;;;;
Aimar Oroz;Osasuna;2526;ESP-La Liga;ESP;MF,FW;23;2001;31;26;2139;23,8;0;2;2;0;0;0;6;0;0,0;0,08;0,08;0,0;0,08;ESP;MF,FW;23;2001;23,8;0;29;4;13,8;1,22;0,17;0,0;0,0;0;0;ESP;MF,FW;23;2001;31;2139;69;62,5;23,8;26;77;6;5;25;0;1,23;25;29;-4;-0,17;-0,03;ESP;MF,FW;23;2001;23,8;6;0;0;33;67;1;32;8;18;0;;;;;;;;;;;;;;;;;;;;;;;
Aitor Fernández;Osasuna;2526;ESP-La Liga;ESP;GK;34;1991;2;1;136;1,5;0;0;0;0;0;0;3;0;0,0;0,0;0,0;0,0;0,0;ESP;GK;34;1991;1,5;0;0;0;;0,0;0,0;;;0;0;ESP;GK;34;1991;2;136;68;4,0;1,5;1;90;1;1;46;33;0,0;2;8;-6;-3,97;-3,97;ESP;GK;34;1991;1,5;3;0;0;0;0;0;0;0;0;0;ESP;GK;34;1991;2;1;136;1,5;3;1,99;12;9;75,0;0;0;1;0;0,0;1;1;0;0;0,0
Ante Budimir;Osasuna;2526;ESP-La Liga;CRO;FW;34;1991;37;35;2938;32,6;17;0;17;11;6;8;3;0;0,52;0,0;0,52;0,34;0,34;CRO;FW;34;1991;32,6;17;103;41;39,8;3,16;1,26;0,17;0,41;6;8;CRO;FW;34;1991;37;2938;79;85,9;32,6;35;83;18;2;22;0;1,14;34;38;-4;-0,12;0,25;CRO;FW;34;1991;32,6;3;0;0;52;36;22;4;6;16;0;;;;;;;;;;;;;;;;;;;;;;;
Asier Osambela;Osasuna;2526;ESP-La Liga;ESP;DF;21;2004;17;2;343;3,8;1;0;1;1;0;0;1;1;0,26;0,0;0,26;0,26;0,26;ESP;DF;21;2004;3,8;1;6;3;50,0;1,57;0,79;0,17;0,33;0;0;ESP;DF;21;2004;17;343;20;10,0;3,8;2;76;0;15;13;18;1,17;10;9;1;0,26;0,47;ESP;DF;21;2004;3,8;1;1;0;15;1;0;4;4;2;0;;;;;;;;;;;;;;;;;;;;;;;
Catena;Osasuna;2526;ESP-La Liga;ESP;DF;30;1994;35;35;3071;34,1;3;2;5;3;0;0;11;1;0,09;0,06;0,15;0,09;0,15;ESP;DF;30;1994;34,1;3;19;4;21,1;0,56;0,12;0,16;0,75;0;0;ESP;DF;30;1994;35;3071;88;89,8;34,1;35;88;32;0;;0;1,09;37;45;-8;-0,23;-0,75;ESP;DF;30;1994;34,1;11;1;0;46;14;3;1;32;29;0;;;;;;;;;;;;;;;;;;;;;;;
Dimitrios Stamatakis;Osasuna;2526;ESP-La Liga;;;;;;;;;;;;;;;;;;;;;;;;;;;;;;;;;;;;;GRE;GK;22;2003;0;;;;;0;;0;0;;15;;;;;;;;;;;;;;;;;;;;;;;;;;;;;;;;;;;;;;;;;;;;
Enzo Boyomo;Osasuna;2526;ESP-La Liga;CMR;DF;23;2001;30;29;2542;28,2;1;2;3;1;0;0;7;0;0,04;0,07;0,11;0,04;0,11;CMR;DF;23;2001;28,2;1;11;4;36,4;0,39;0,14;0,09;0,25;0;0;CMR;DF;23;2001;30;2542;85;74,3;28,2;29;87;25;1;18;2;1,07;32;39;-7;-0,25;-0,35;CMR;DF;23;2001;28,2;7;0;0;33;5;0;10;17;36;0;;;;;;;;;;;;;;;;;;;;;;;
Iker Benito;Osasuna;2526;ESP-La Liga;ESP;MF;22;2002;6;1;159;1,8;1;0;1;1;0;0;1;0;0,57;0,0;0,57;0,57;0,57;ESP;MF;22;2002;1,8;1;2;1;50,0;1,13;0,57;0,5;1,0;0;0;ESP;MF;22;2002;6;159;27;4,6;1,8;1;71;0;5;18;7;0,67;2;2;0;0,0;0,17;ESP;MF;22;2002;1,8;1;0;0;3;3;0;5;2;0;0;;;;;;;;;;;;;;;;;;;;;;;
Iker Muñoz;Osasuna;2526;ESP-La Liga;ESP;MF;22;2002;19;8;952;10,6;0;0;0;0;0;0;5;0;0,0;0,0;0,0;0,0;0,0;ESP;MF;22;2002;10,6;0;9;4;44,4;0,85;0,38;0,0;0,0;0;0;ESP;MF;22;2002;19;952;50;27,8;10,6;8;77;2;11;31;18;1,32;12;12;0;0,0;0,22;ESP;MF;22;2002;10,6;5;0;0;18;21;1;6;12;7;0;;;;;;;;;;;;;;;;;;;;;;;
Iñigo Arguibide;Osasuna;2526;ESP-La Liga;ESP;DF;20;2005;6;2;187;2,1;0;0;0;0;0;0;0;1;0,0;0,0;0,0;0,0;0,0;ESP;DF;20;2005;2,1;0;0;0;;0,0;0,0;;;0;0;ESP;DF;20;2005;6;187;31;5,5;2,1;2;68;0;4;13;21;1,67;6;1;5;2,41;2,71;ESP;DF;20;2005;2,1;0;1;0;3;0;0;5;1;3;0;;;;;;;;;;;;;;;;;;;;;;;
Javi Galán;Osasuna;2526;ESP-La Liga;ESP;DF;30;1994;20;19;1672;18,6;0;1;1;0;0;0;3;0;0,0;0,05;0,05;0,0;0,05;ESP;DF;30;1994;18,6;0;6;1;16,7;0,32;0,05;0,0;0,0;0;0;ESP;DF;30;1994;20;1672;84;48,9;18,6;19;87;15;1;24;1;1,2;20;24;-4;-0,22;-0,11;ESP;DF;30;1994;18,6;3;0;0;30;37;0;86;27;30;0;;;;;;;;;;;;;;;;;;;;;;;
Jon Moncayola;Osasuna;2526;ESP-La Liga;ESP;MF;27;1998;36;35;3016;33,5;0;4;4;0;0;0;9;0;0,0;0,12;0,12;0,0;0,12;ESP;MF;27;1998;33,5;0;23;5;21,7;0,69;0,15;0,0;0,0;0;0;ESP;MF;27;1998;36;3016;84;88,2;33,5;35;85;21;1;25;0;1,0;34;45;-11;-0,33;-1,44;ESP;MF;27;1998;33,5;9;0;0;41;13;0;142;27;26;0;;;;;;;;;;;;;;;;;;;;;;;
Jorge Herrando;Osasuna;2526;ESP-La Liga;ESP;DF;24;2001;28;17;1600;17,8;0;1;1;0;0;0;3;0;0,0;0,06;0,06;0,0;0,06;ESP;DF;24;2001;17,8;0;3;0;0,0;0,17;0,0;0,0;;0;0;ESP;DF;24;2001;28;1600;57;46,8;17,8;17;79;9;11;23;10;1,18;17;26;-9;-0,51;-0,65;ESP;DF;24;2001;17,8;3;0;0;24;9;0;2;22;15;0;;;;;;;;;;;;;;;;;;;;;;;
Juan Cruz Armada;Osasuna;2526;ESP-La Liga;ESP;DF;33;1992;15;7;649;7,2;0;0;0;0;0;0;2;0;0,0;0,0;0,0;0,0;0,0;ESP;DF;33;1992;7,2;0;1;0;0,0;0,14;0,0;0,0;;0;0;ESP;DF;33;1992;15;649;43;19,0;7,2;7;74;2;8;17;18;1,19;11;9;2;0,28;0,54;ESP;DF;33;1992;7,2;2;0;0;4;2;0;5;4;3;0;;;;;;;;;;;;;;;;;;;;;;;
Kike Barja;Osasuna;2526;ESP-La Liga;ESP;MF;28;1997;27;2;446;5,0;2;2;4;2;0;0;3;0;0,4;0,4;0,81;0,4;0,81;ESP;MF;28;1997;5,0;2;8;4;50,0;1,61;0,81;0,25;0,5;0;0;ESP;MF;28;1997;27;446;17;13,0;5,0;2;56;0;25;13;11;0,81;16;7;9;1,82;2,27;ESP;MF;28;1997;5,0;3;0;0;11;11;1;66;3;2;0;;;;;;;;;;;;;;;;;;;;;;;
Lucas Torró;Osasuna;2526;ESP-La Liga;ESP;MF;31;1994;34;31;2293;25,5;0;1;1;0;0;0;6;0;0,0;0,04;0,04;0,0;0,04;ESP;MF;31;1994;25,5;0;29;9;31,0;1,14;0,35;0,0;0,0;0;0;ESP;MF;31;1994;34;2293;67;67,0;25,5;31;73;12;3;10;2;0,97;24;37;-13;-0,51;-1,07;ESP;MF;31;1994;25,5;6;0;0;40;27;0;2;30;19;0;;;;;;;;;;;;;;;;;;;;;;;
Martín Espinal;Osasuna;2526;ESP-La Liga;;;;;;;;;;;;;;;;;;;;;;;;;;;;;;;;;;;;;ESP;FW;21;2003;0;;;;;0;;0;0;;1;;;;;;;;;;;;;;;;;;;;;;;;;;;;;;;;;;;;;;;;;;;;
Mauro Echegoyen;Osasuna;2526;ESP-La Liga;;;;;;;;;;;;;;;;;;;;;;;;;;;;;;;;;;;;;ESP;MF;20;2005;0;;;;;0;;0;0;;3;;;;;;;;;;;;;;;;;;;;;;;;;;;;;;;;;;;;;;;;;;;;
Mikel Serrano García;Osasuna;2526;ESP-La Liga;;;;;;;;;;;;;;;;;;;;;;;;;;;;;;;;;;;;;ESP;DF;22;2003;0;;;;;0;;0;0;;1;;;;;;;;;;;;;;;;;;;;;;;;;;;;;;;;;;;;;;;;;;;;
Moi Gómez;Osasuna;2526;ESP-La Liga;ESP;MF;31;1994;26;12;1201;13,3;0;2;2;0;0;0;3;0;0,0;0,15;0,15;0,0;0,15;ESP;MF;31;1994;13,3;0;11;2;18,2;0,82;0,15;0,0;0,0;0;0;ESP;MF;31;1994;26;1201;46;35,1;13,3;12;78;3;14;19;10;0,88;15;15;0;0,0;0,24;ESP;MF;31;1994;13,3;3;0;0;20;22;0;36;11;9;0;;;;;;;;;;;;;;;;;;;;;;;
Rafa Fernández;Osasuna;2526;ESP-La Liga;;;;;;;;;;;;;;;;;;;;;;;;;;;;;;;;;;;;;FRA;GK;21;2004;0;;;;;0;;0;0;;1;;;;;;;;;;;;;;;;;;;;;;;;;;;;;;;;;;;;;;;;;;;;
Raúl;Osasuna;2526;ESP-La Liga;ESP;FW;24;2000;36;6;1041;11,6;7;1;8;7;0;0;2;1;0,61;0,09;0,69;0,61;0,69;ESP;FW;24;2000;11,6;7;39;23;59,0;3,37;1,99;0,18;0,3;0;0;ESP;FW;24;2000;36;1041;29;30,4;11,6;6;85;5;30;18;1;1,08;17;20;-3;-0,26;-0,15;ESP;FW;24;2000;11,6;2;1;0;12;15;7;9;7;13;0;;;;;;;;;;;;;;;;;;;;;;;
Raúl Chasco;Osasuna;2526;ESP-La Liga;;;;;;;;;;;;;;;;;;;;;;;;;;;;;;;;;;;;;ESP;DF;21;2003;0;;;;;0;;0;0;;4;;;;;;;;;;;;;;;;;;;;;;;;;;;;;;;;;;;;;;;;;;;;
Raúl Moro;Osasuna;2526;ESP-La Liga;ESP;MF;22;2002;14;7;625;6,9;0;2;2;0;0;0;0;0;0,0;0,29;0,29;0,0;0,29;ESP;MF;22;2002;6,9;0;6;0;0,0;0,86;0,0;0,0;;0;0;ESP;MF;22;2002;14;625;45;18,3;6,9;7;69;1;7;21;3;0,93;12;12;0;0,0;0,19;ESP;MF;22;2002;6,9;0;0;0;2;6;5;28;1;0;0;;;;;;;;;;;;;;;;;;;;;;;
Rubén García;Osasuna;2526;ESP-La Liga;ESP;MF,FW;32;1993;35;28;2229;24,8;2;5;7;2;0;0;6;0;0,08;0,2;0,28;0,08;0,28;ESP;MF,FW;32;1993;24,8;2;31;10;32,3;1,25;0,4;0,06;0,2;0;0;ESP;MF,FW;32;1993;35;2229;64;65,2;24,8;28;73;4;7;27;0;1,17;26;30;-4;-0,16;-0,01;ESP;MF,FW;32;1993;24,8;6;0;0;36;27;1;154;17;31;0;;;;;;;;;;;;;;;;;;;;;;;
Sergio Herrera;Osasuna;2526;ESP-La Liga;ESP;GK;32;1993;37;37;3284;36,5;0;0;0;0;0;0;3;1;0,0;0,0;0,0;0,0;0,0;ESP;GK;32;1993;36,5;0;0;0;;0,0;0,0;;;0;0;ESP;GK;32;1993;37;3284;89;96,0;36,5;37;89;36;0;;0;1,14;43;47;-4;-0,11;1,21;ESP;GK;32;1993;36,5;3;1;0;3;5;0;0;0;0;0;ESP;GK;32;1993;37;37;3284;36,5;47;1,29;160;113;70,6;11;9;17;7;18,9;8;8;0;0;0,0
Sheraldo Becker;Osasuna;2526;ESP-La Liga;SUR;FW,MF;30;1995;9;0;158;1,8;0;0;0;0;0;0;0;0;0,0;0,0;0,0;0,0;0,0;SUR;FW,MF;30;1995;1,8;0;3;0;0,0;1,71;0,0;0,0;;0;0;SUR;FW,MF;30;1995;9;158;18;4,6;1,8;0;;0;9;18;9;0,56;1;4;-3;-1,71;-1,63;SUR;FW,MF;30;1995;1,8;0;0;0;4;1;1;11;3;1;0;;;;;;;;;;;;;;;;;;;;;;;
Valentin Rosier;Osasuna;2526;ESP-La Liga;FRA;DF,MF;28;1996;31;30;2547;28,3;1;1;2;1;0;0;6;1;0,04;0,04;0,07;0,04;0,07;FRA;DF,MF;28;1996;28,3;1;19;3;15,8;0,67;0,11;0,05;0,33;0;0;FRA;DF,MF;28;1996;31;2547;82;74,5;28,3;30;84;22;1;22;1;1,16;29;37;-8;-0,28;-0,49;FRA;DF,MF;28;1996;28,3;6;1;1;33;20;3;46;43;32;0;;;;;;;;;;;;;;;;;;;;;;;
Víctor Muñoz;Osasuna;2526;ESP-La Liga;ESP;MF,FW;22;2003;34;31;2656;29,5;6;2;8;6;0;0;3;0;0,2;0,07;0,27;0,2;0,27;ESP;MF,FW;22;2003;29,5;6;81;31;38,3;2,74;1,05;0,07;0,19;0;0;ESP;MF,FW;22;2003;34;2656;78;77,7;29,5;31;82;15;3;34;0;1,24;32;32;0;0,0;0,71;ESP;MF,FW;22;2003;29,5;3;0;0;32;54;5;99;10;13;0;;;;;;;;;;;;;;;;;;;;;;;
Aarón Escandell;Oviedo;2526;ESP-La Liga;ESP;GK;29;1995;36;36;3240;36,0;0;1;1;0;0;0;3;0;0,0;0,03;0,03;0,0;0,03;ESP;GK;29;1995;36,0;0;0;0;;0,0;0,0;;;0;0;ESP;GK;29;1995;36;3240;90;94,7;36,0;36;90;36;0;;2;0,81;26;56;-30;-0,83;1,17;ESP;GK;29;1995;36,0;3;0;0;1;8;0;0;0;0;0;ESP;GK;29;1995;36;36;3240;36,0;56;1,56;201;145;72,1;6;11;19;10;27,8;7;5;2;0;28,6
Adri Fernández;Oviedo;2526;ESP-La Liga;;;;;;;;;;;;;;;;;;;;;;;;;;;;;;;;;;;;;ESP;DF;19;2005;0;;;;;0;;0;0;;2;;;;;;;;;;;;;;;;;;;;;;;;;;;;;;;;;;;;;;;;;;;;
Alberto Reina;Oviedo;2526;ESP-La Liga;ESP;MF;27;1997;37;31;2462;27,4;4;1;5;4;0;0;6;1;0,15;0,04;0,18;0,15;0,18;ESP;MF;27;1997;27,4;4;24;11;45,8;0,88;0,4;0,17;0,36;0;0;ESP;MF;27;1997;37;2462;67;72,0;27,4;31;75;9;6;22;0;0,78;21;43;-22;-0,8;0,32;ESP;MF;27;1997;27,4;6;1;1;37;46;2;52;19;18;0;;;;;;;;;;;;;;;;;;;;;;;
Borja Sánchez Laborde;Oviedo;2526;ESP-La Liga;ESP;MF;29;1996;1;0;14;0,2;0;0;0;0;0;0;0;0;0,0;0,0;0,0;0,0;0,0;ESP;MF;29;1996;0,2;0;0;0;;0,0;0,0;;;0;0;ESP;MF;29;1996;1;14;14;0,4;0,2;0;;0;1;14;0;0,0;0;0;0;0,0;0,9;ESP;MF;29;1996;0,2;0;0;0;0;0;0;0;0;0;0;;;;;;;;;;;;;;;;;;;;;;;
Brandon Domingues;Oviedo;2526;ESP-La Liga;;;;;;;;;;;;;;;;;;;;;;;;;;;;;;;;;;;;;FRA;MF;25;2000;0;;;;;0;;0;0;;9;;;;;;;;;;;;;;;;;;;;;;;;;;;;;;;;;;;;;;;;;;;;
Cheli;Oviedo;2526;ESP-La Liga;;;;;;;;;;;;;;;;;;;;;;;;;;;;;;;;;;;;;ESP;MF;20;2005;0;;;;;0;;0;0;;2;;;;;;;;;;;;;;;;;;;;;;;;;;;;;;;;;;;;;;;;;;;;
Dani Calvo;Oviedo;2526;ESP-La Liga;ESP;DF;31;1994;20;17;1611;17,9;0;0;0;0;0;0;3;0;0,0;0,0;0,0;0,0;0,0;ESP;DF;31;1994;17,9;0;3;0;0,0;0,17;0,0;0,0;;0;0;ESP;DF;31;1994;20;1611;81;47,1;17,9;17;90;17;3;27;17;0,95;9;24;-15;-0,84;0,11;ESP;DF;31;1994;17,9;3;0;0;11;6;1;1;10;15;0;;;;;;;;;;;;;;;;;;;;;;;
David Carmo;Oviedo;2526;ESP-La Liga;ANG;DF;26;1999;22;20;1786;19,8;1;0;1;1;0;0;8;1;0,05;0,0;0,05;0,05;0,05;ANG;DF;26;1999;19,8;1;10;3;30,0;0,5;0,15;0,1;0,33;0;0;ANG;DF;26;1999;22;1786;81;52,2;19,8;20;87;17;2;25;10;0,59;14;35;-21;-1,06;-0,34;ANG;DF;26;1999;19,8;8;1;1;20;4;0;2;21;18;0;;;;;;;;;;;;;;;;;;;;;;;
David Costas;Oviedo;2526;ESP-La Liga;ESP;DF;30;1995;25;22;2066;23,0;1;0;1;1;0;0;3;0;0,04;0,0;0,04;0,04;0,04;ESP;DF;30;1995;23,0;1;5;1;20,0;0,22;0,04;0,2;1,0;0;0;ESP;DF;30;1995;25;2066;83;60,4;23,0;22;89;21;3;33;5;0,92;13;35;-22;-0,96;-0,16;ESP;DF;30;1995;23,0;3;0;0;16;10;3;1;27;22;0;;;;;;;;;;;;;;;;;;;;;;;
Diego Espinosa;Oviedo;2526;ESP-La Liga;;;;;;;;;;;;;;;;;;;;;;;;;;;;;;;;;;;;;ESP;DF;21;2004;0;;;;;0;;0;0;;2;;;;;;;;;;;;;;;;;;;;;;;;;;;;;;;;;;;;;;;;;;;;
Diego Menéndez;Oviedo;2526;ESP-La Liga;;;;;;;;;;;;;;;;;;;;;;;;;;;;;;;;;;;;;ESP;MF;20;2005;0;;;;;0;;0;0;;1;;;;;;;;;;;;;;;;;;;;;;;;;;;;;;;;;;;;;;;;;;;;
Eric Bailly;Oviedo;2526;ESP-La Liga;CIV;DF;31;1994;15;15;1234;13,7;1;0;1;1;0;0;3;0;0,07;0,0;0,07;0,07;0,07;CIV;DF;31;1994;13,7;1;6;1;16,7;0,44;0,07;0,17;1,0;0;0;CIV;DF;31;1994;15;1234;82;36,1;13,7;15;82;13;0;;16;0,93;13;22;-9;-0,66;0,37;CIV;DF;31;1994;13,7;3;0;0;13;7;0;1;17;10;0;;;;;;;;;;;;;;;;;;;;;;;
Federico Viñas;Oviedo;2526;ESP-La Liga;URU;FW,MF;27;1998;33;28;2439;27,1;9;1;10;7;2;2;7;3;0,33;0,04;0,37;0,26;0,3;URU;FW,MF;27;1998;27,1;9;57;21;36,8;2,1;0,77;0,16;0,43;2;2;URU;FW,MF;27;1998;33;2439;74;71,3;27,1;28;83;12;5;26;0;0,85;20;38;-18;-0,66;0,8;URU;FW,MF;27;1998;27,1;7;3;1;46;69;13;3;13;32;0;;;;;;;;;;;;;;;;;;;;;;;
Haissem Hassan;Oviedo;2526;ESP-La Liga;EGY;MF,FW;23;2002;37;20;1942;21,6;0;3;3;0;0;0;1;0;0,0;0,14;0,14;0,0;0,14;EGY;MF,FW;23;2002;21,6;0;34;8;23,5;1,58;0,37;0,0;0,0;0;0;EGY;MF,FW;23;2002;37;1942;52;56,8;21,6;20;71;3;17;30;1;0,76;11;33;-22;-1,02;-0,29;EGY;MF,FW;23;2002;21,6;1;0;0;12;25;3;113;6;26;0;;;;;;;;;;;;;;;;;;;;;;;
Horaţiu Moldovan;Oviedo;2526;ESP-La Liga;ROU;GK;27;1998;2;2;180;2,0;0;0;0;0;0;0;0;0;0,0;0,0;0,0;0,0;0,0;ROU;GK;27;1998;2,0;0;0;0;;0,0;0,0;;;0;0;ROU;GK;27;1998;2;180;90;5,3;2,0;2;90;2;0;;36;0,0;0;4;-4;-2,0;-1,17;ROU;GK;27;1998;2,0;0;0;0;0;0;0;0;0;0;0;ROU;GK;27;1998;2;2;180;2,0;4;2,0;8;4;50,0;0;0;2;0;0,0;0;0;0;0;
Ilyas Chaira;Oviedo;2526;ESP-La Liga;MAR;MF,FW;24;2001;36;30;2447;27,2;6;2;8;6;0;0;2;1;0,22;0,07;0,29;0,22;0,29;MAR;MF,FW;24;2001;27,2;6;81;35;43,2;2,98;1,29;0,07;0,17;0;0;MAR;MF,FW;24;2001;36;2447;68;71,5;27,2;30;76;10;6;30;0;0,81;22;39;-17;-0,63;0,95;MAR;MF,FW;24;2001;27,2;2;1;0;53;41;18;74;4;34;0;;;;;;;;;;;;;;;;;;;;;;;
Javi López;Oviedo;2526;ESP-La Liga;ESP;DF;23;2002;25;20;1711;19,0;0;1;1;0;0;0;3;1;0,0;0,05;0,05;0,0;0,05;ESP;DF;23;2002;19,0;0;7;1;14,3;0,37;0,05;0,0;0,0;0;0;ESP;DF;23;2002;25;1711;68;50,0;19,0;20;82;12;5;15;7;0,84;17;28;-11;-0,58;0,63;ESP;DF;23;2002;19,0;3;1;0;38;26;2;60;20;23;0;;;;;;;;;;;;;;;;;;;;;;;
Josip Brekalo;Oviedo;2526;ESP-La Liga;CRO;MF,FW;27;1998;14;6;486;5,4;0;0;0;0;0;0;1;0;0,0;0,0;0,0;0,0;0,0;CRO;MF,FW;27;1998;5,4;0;9;3;33,3;1,67;0,56;0,0;0,0;0;0;CRO;MF,FW;27;1998;14;486;35;14,2;5,4;6;58;0;8;18;3;0,71;1;14;-13;-2,41;-1,76;CRO;MF,FW;27;1998;5,4;1;0;0;7;6;0;26;2;7;0;;;;;;;;;;;;;;;;;;;;;;;
Kwasi Sibo;Oviedo;2526;ESP-La Liga;GHA;MF;27;1998;26;21;1681;18,7;0;0;0;0;0;0;3;1;0,0;0,0;0,0;0,0;0,0;GHA;MF;27;1998;18,7;0;9;2;22,2;0,48;0,11;0,0;0,0;0;0;GHA;MF;27;1998;26;1681;65;49,2;18,7;21;75;9;5;21;10;0,88;16;26;-10;-0,54;0,71;GHA;MF;27;1998;18,7;3;1;0;30;4;0;2;14;20;0;;;;;;;;;;;;;;;;;;;;;;;
Lamine Gueye;Oviedo;2526;ESP-La Liga;;;;;;;;;;;;;;;;;;;;;;;;;;;;;;;;;;;;;SEN;FW;20;2004;0;;;;;0;;0;0;;7;;;;;;;;;;;;;;;;;;;;;;;;;;;;;;;;;;;;;;;;;;;;
Leander Dendoncker;Oviedo;2526;ESP-La Liga;BEL;MF;30;1995;19;15;1330;14,8;1;0;1;1;0;0;2;0;0,07;0,0;0,07;0,07;0,07;BEL;MF;30;1995;14,8;1;9;4;44,4;0,61;0,27;0,11;0,25;0;0;BEL;MF;30;1995;19;1330;70;38,9;14,8;15;86;8;4;11;5;0,79;7;25;-18;-1,22;-0,53;BEL;MF;30;1995;14,8;2;0;0;12;3;1;5;11;25;0;;;;;;;;;;;;;;;;;;;;;;;
Lucas Ahijado;Oviedo;2526;ESP-La Liga;ESP;DF;30;1995;20;11;1098;12,2;0;1;1;0;0;0;3;0;0,0;0,08;0,08;0,0;0,08;ESP;DF;30;1995;12,2;0;10;2;20,0;0,82;0,16;0,0;0,0;0;0;ESP;DF;30;1995;20;1098;55;32,1;12,2;11;83;7;9;21;11;0,5;8;24;-16;-1,31;-0,61;ESP;DF;30;1995;12,2;3;0;0;14;3;2;16;17;29;0;;;;;;;;;;;;;;;;;;;;;;;
Luka Ilić;Oviedo;2526;ESP-La Liga;SRB;MF,FW;26;1999;19;8;742;8,2;1;0;1;1;0;0;4;1;0,12;0,0;0,12;0,12;0,12;SRB;MF,FW;26;1999;8,2;1;9;5;55,6;1,09;0,61;0,11;0,2;0;0;SRB;MF,FW;26;1999;19;742;39;21,7;8,2;8;68;1;11;18;11;0,68;6;16;-10;-1,21;-0,41;SRB;MF,FW;26;1999;8,2;4;1;1;16;7;2;7;7;5;0;;;;;;;;;;;;;;;;;;;;;;;
Marco Esteban;Oviedo;2526;ESP-La Liga;ESP;DF;19;2006;1;0;45;0,5;0;0;0;0;0;0;0;0;0,0;0,0;0,0;0,0;0,0;ESP;DF;19;2006;0,5;0;0;0;;0,0;0,0;;;0;0;ESP;DF;19;2006;1;45;45;1,3;0,5;0;;0;1;45;3;0,0;0;0;0;0,0;0,91;ESP;DF;19;2006;0,5;0;0;0;0;0;0;0;0;0;0;;;;;;;;;;;;;;;;;;;;;;;
Miguel Narváez;Oviedo;2526;ESP-La Liga;;;;;;;;;;;;;;;;;;;;;;;;;;;;;;;;;;;;;ESP;GK;23;2002;0;;;;;0;;0;0;;9;;;;;;;;;;;;;;;;;;;;;;;;;;;;;;;;;;;;;;;;;;;;
Nacho Vidal;Oviedo;2526;ESP-La Liga;ESP;DF;30;1995;29;27;2263;25,1;0;0;0;0;0;0;4;0;0,0;0,0;0,0;0,0;0,0;ESP;DF;30;1995;25,1;0;15;3;20,0;0,6;0,12;0,0;0,0;0;0;ESP;DF;30;1995;29;2263;78;66,2;25,1;27;83;16;2;16;2;0,79;18;32;-14;-0,56;1,0;ESP;DF;30;1995;25,1;4;0;0;24;27;1;40;29;30;0;;;;;;;;;;;;;;;;;;;;;;;
Nicolas Fonseca;Oviedo;2526;ESP-La Liga;URU;MF;26;1998;19;12;1018;11,3;0;0;0;0;0;0;6;0;0,0;0,0;0,0;0,0;0,0;URU;MF;26;1998;11,3;0;8;1;12,5;0,71;0,09;0,0;0,0;0;0;URU;MF;26;1998;19;1018;54;29,8;11,3;12;70;2;7;25;1;0,84;13;22;-9;-0,8;0,14;URU;MF;26;1998;11,3;6;0;0;27;12;0;4;17;25;0;;;;;;;;;;;;;;;;;;;;;;;
Oier Luengo;Oviedo;2526;ESP-La Liga;ESP;DF;27;1997;3;3;225;2,5;0;1;1;0;0;0;1;0;0,0;0,4;0,4;0,0;0,4;ESP;DF;27;1997;2,5;0;1;0;0,0;0,4;0,0;0,0;;0;0;ESP;DF;27;1997;3;225;75;6,6;2,5;3;75;2;0;;12;0,25;2;6;-4;-1,6;-0,75;ESP;DF;27;1997;2,5;1;0;0;2;1;0;0;2;5;0;;;;;;;;;;;;;;;;;;;;;;;
Omar Falah;Oviedo;2526;ESP-La Liga;ESP;DF;21;2003;1;0;14;0,2;0;0;0;0;0;0;0;0;0,0;0,0;0,0;0,0;0,0;ESP;DF;21;2003;0,2;0;0;0;;0,0;0,0;;;0;0;ESP;DF;21;2003;1;14;14;0,4;0,2;0;;0;1;14;3;0,0;0;0;0;0,0;0,9;ESP;DF;21;2003;0,2;0;0;0;0;0;0;0;0;0;0;;;;;;;;;;;;;;;;;;;;;;;
Ovie Ejaria;Oviedo;2526;ESP-La Liga;ENG;MF;27;1997;8;2;200;2,2;0;0;0;0;0;0;1;0;0,0;0,0;0,0;0,0;0,0;ENG;MF;27;1997;2,2;0;3;1;33,3;1,35;0,45;0,0;0,0;0;0;ENG;MF;27;1997;8;200;25;5,8;2,2;2;54;0;6;15;5;0,75;2;3;-1;-0,45;0,47;ENG;MF;27;1997;2,2;1;0;0;3;5;1;1;3;2;0;;;;;;;;;;;;;;;;;;;;;;;
Pablo Agudín;Oviedo;2526;ESP-La Liga;ESP;MF;17;2007;7;0;90;1,0;0;0;0;0;0;0;0;0;0,0;0,0;0,0;0,0;0,0;ESP;MF;17;2007;1,0;0;2;0;0,0;2,0;0,0;0,0;;0;0;ESP;MF;17;2007;7;90;13;2,6;1,0;0;;0;7;13;18;0,43;0;3;-3;-3,0;-2,16;ESP;MF;17;2007;1,0;0;0;0;4;1;0;2;0;0;0;;;;;;;;;;;;;;;;;;;;;;;
Rahim Bonkano;Oviedo;2526;ESP-La Liga;NIG;DF;23;2002;27;18;1713;19,0;0;0;0;0;0;0;2;0;0,0;0,0;0,0;0,0;0,0;NIG;DF;23;2002;19,0;0;3;0;0,0;0,16;0,0;0,0;;0;0;NIG;DF;23;2002;27;1713;63;50,1;19,0;18;86;14;9;19;9;0,78;9;32;-23;-1,21;-0,63;NIG;DF;23;2002;19,0;2;0;0;10;8;9;68;29;19;0;;;;;;;;;;;;;;;;;;;;;;;
Salomón Rondón;Oviedo;2526;ESP-La Liga;VEN;FW;35;1989;16;13;1032;11,5;2;0;2;2;0;1;2;0;0,17;0,0;0,17;0,17;0,17;VEN;FW;35;1989;11,5;2;24;5;20,8;2,09;0,44;0,08;0,4;0;1;VEN;FW;35;1989;16;1032;65;30,2;11,5;13;75;4;3;18;1;0,69;6;17;-11;-0,96;-0,09;VEN;FW;35;1989;11,5;2;0;0;11;21;12;2;1;0;0;;;;;;;;;;;;;;;;;;;;;;;
Santi Cazorla;Oviedo;2526;ESP-La Liga;ESP;MF;40;1984;28;6;940;10,4;0;1;1;0;0;0;2;1;0,0;0,1;0,1;0,0;0,1;ESP;MF;40;1984;10,4;0;7;1;14,3;0,67;0,1;0,0;0,0;0;0;ESP;MF;40;1984;28;940;34;27,5;10,4;6;73;1;22;23;4;0,68;4;16;-12;-1,15;-0,35;ESP;MF;40;1984;10,4;2;1;0;6;19;0;71;4;10;0;;;;;;;;;;;;;;;;;;;;;;;
Santiago Colombatto;Oviedo;2526;ESP-La Liga;ARG;MF;28;1997;32;23;2064;22,9;0;1;1;0;0;0;6;0;0,0;0,04;0,04;0,0;0,04;ARG;MF;28;1997;22,9;0;15;2;13,3;0,65;0,09;0,0;0,0;0;0;ARG;MF;28;1997;32;2064;65;60,4;22,9;23;81;8;9;22;4;0,75;12;34;-22;-0,96;-0,16;ARG;MF;28;1997;22,9;6;0;0;44;41;1;67;14;22;0;;;;;;;;;;;;;;;;;;;;;;;
Thiago Borbas;Oviedo;2526;ESP-La Liga;URU;FW;23;2002;12;0;179;2,0;0;0;0;0;0;0;1;0;0,0;0,0;0,0;0,0;0,0;URU;FW;23;2002;2,0;0;5;2;40,0;2,51;1,01;0,0;0,0;0;0;URU;FW;23;2002;12;179;15;5,2;2,0;0;;0;12;15;5;0,75;2;5;-3;-1,51;-0,65;URU;FW;23;2002;2,0;1;0;0;7;3;4;0;0;1;0;;;;;;;;;;;;;;;;;;;;;;;
Thiago Fernández;Oviedo;2526;ESP-La Liga;ARG;MF,FW;21;2004;16;9;817;9,1;0;4;4;0;0;0;4;0;0,0;0,44;0,44;0,0;0,44;ARG;MF,FW;21;2004;9,1;0;13;5;38,5;1,43;0,55;0,0;0,0;0;0;ARG;MF,FW;21;2004;16;817;51;23,9;9,1;9;65;0;7;33;1;1,0;12;16;-4;-0,44;0,6;ARG;MF,FW;21;2004;9,1;4;0;0;7;11;2;27;5;7;0;;;;;;;;;;;;;;;;;;;;;;;
Álex Cardero;Oviedo;2526;ESP-La Liga;;;;;;;;;;;;;;;;;;;;;;;;;;;;;;;;;;;;;ESP;MF;21;2003;0;;;;;0;;0;0;;1;;;;;;;;;;;;;;;;;;;;;;;;;;;;;;;;;;;;;;;;;;;;
Álex Forés;Oviedo;2526;ESP-La Liga;ESP;FW;24;2001;18;3;360;4,0;0;1;1;0;0;0;0;0;0,0;0,25;0,25;0,0;0,25;ESP;FW;24;2001;4,0;0;8;2;25,0;2,0;0,5;0,0;0,0;0;0;ESP;FW;24;2001;18;360;20;10,5;4,0;3;59;0;15;12;15;0,33;1;8;-7;-1,75;-0,96;ESP;FW;24;2001;4,0;0;0;0;3;6;1;2;1;1;0;;;;;;;;;;;;;;;;;;;;;;;
Abdul Mumin;Rayo Vallecano;2526;ESP-La Liga;GHA;DF;27;1998;3;1;79;0,9;0;0;0;0;0;0;0;0;0,0;0,0;0,0;0,0;0,0;GHA;DF;27;1998;0,9;0;0;0;;0,0;0,0;;;0;0;GHA;DF;27;1998;3;79;26;2,3;0,9;1;60;0;2;10;7;3,0;1;1;0;0,0;0,08;GHA;DF;27;1998;0,9;0;0;0;2;1;0;0;2;0;0;;;;;;;;;;;;;;;;;;;;;;;
Adrián Molina;Rayo Vallecano;2526;ESP-La Liga;;;;;;;;;;;;;;;;;;;;;;;;;;;;;;;;;;;;;ESP;GK;20;2005;0;;;;;0;;0;0;;14;;;;;;;;;;;;;;;;;;;;;;;;;;;;;;;;;;;;;;;;;;;;
Alexandre Alemão;Rayo Vallecano;2526;ESP-La Liga;BRA;FW;27;1998;26;11;1136;12,6;4;0;4;4;0;0;3;0;0,32;0,0;0,32;0,32;0,32;BRA;FW;27;1998;12,6;4;26;12;46,2;2,06;0,95;0,15;0,33;0;0;BRA;FW;27;1998;26;1136;44;33,2;12,6;11;73;0;15;22;5;1,42;14;12;2;0,16;0,36;BRA;FW;27;1998;12,6;3;0;0;23;27;4;5;1;2;0;;;;;;;;;;;;;;;;;;;;;;;
Alfonso Espino;Rayo Vallecano;2526;ESP-La Liga;URU;DF,MF;33;1992;30;15;1486;16,5;2;0;2;2;0;0;3;0;0,12;0,0;0,12;0,12;0,12;URU;DF,MF;33;1992;16,5;2;20;9;45,0;1,21;0,55;0,1;0,22;0;0;URU;DF,MF;33;1992;30;1486;50;43,5;16,5;15;79;8;15;20;6;1,5;15;23;-8;-0,48;-0,72;URU;DF,MF;33;1992;16,5;3;0;0;24;30;10;49;15;33;0;;;;;;;;;;;;;;;;;;;;;;;
Andrei Ratiu;Rayo Vallecano;2526;ESP-La Liga;ROU;DF;27;1998;35;31;2807;31,2;0;4;4;0;0;0;9;0;0,0;0,13;0,13;0,0;0,13;ROU;DF;27;1998;31,2;0;31;9;29,0;0,99;0,29;0,0;0,0;0;0;ROU;DF;27;1998;35;2807;80;82,1;31,2;31;88;30;4;18;0;1,43;36;31;5;0,16;1,33;ROU;DF;27;1998;31,2;9;0;0;22;21;4;105;39;44;0;;;;;;;;;;;;;;;;;;;;;;;
Augusto Batalla;Rayo Vallecano;2526;ESP-La Liga;ARG;GK;29;1996;34;34;3060;34,0;0;0;0;0;0;0;6;0;0,0;0,0;0,0;0,0;0,0;ARG;GK;29;1996;34,0;0;0;0;;0,0;0,0;;;0;0;ARG;GK;29;1996;34;3060;90;89,5;34,0;34;90;34;0;;2;1,31;36;37;-1;-0,03;0,47;ARG;GK;29;1996;34,0;6;0;0;1;4;0;0;0;1;0;ARG;GK;29;1996;34;34;3060;34,0;37;1,09;128;91;71,1;10;13;11;11;32,4;6;5;1;0;16,7
Carlos Martín;Rayo Vallecano;2526;ESP-La Liga;ESP;MF,FW;23;2002;11;7;450;5,0;0;0;0;0;0;0;1;0;0,0;0,0;0,0;0,0;0,0;ESP;MF,FW;23;2002;5,0;0;9;4;44,4;1,8;0,8;0,0;0,0;0;0;ESP;MF,FW;23;2002;11;450;41;13,2;5,0;7;57;0;4;12;8;1,36;5;11;-6;-1,2;-1,29;ESP;MF,FW;23;2002;5,0;1;0;0;11;5;0;8;0;7;0;;;;;;;;;;;;;;;;;;;;;;;
Dani Cárdenas;Rayo Vallecano;2526;ESP-La Liga;ESP;GK;28;1997;4;4;360;4,0;0;0;0;0;0;0;0;0;0,0;0,0;0,0;0,0;0,0;ESP;GK;28;1997;4,0;0;0;0;;0,0;0,0;;;0;0;ESP;GK;28;1997;4;360;90;10,5;4,0;4;90;4;0;;31;1,75;6;7;-1;-0,25;-0,19;ESP;GK;28;1997;4,0;0;0;0;0;0;0;0;0;1;0;ESP;GK;28;1997;4;4;360;4,0;7;1,75;26;19;73,1;2;1;1;1;25,0;2;1;1;0;50,0
Florian Lejeune;Rayo Vallecano;2526;ESP-La Liga;FRA;DF;34;1991;36;36;3230;35,9;2;1;3;2;0;0;7;0;0,06;0,03;0,08;0,06;0,08;FRA;DF;34;1991;35,9;2;50;18;36,0;1,39;0,5;0,04;0,11;0;0;FRA;DF;34;1991;36;3230;90;94,4;35,9;36;90;35;0;;1;1,22;38;43;-5;-0,14;-1,09;FRA;DF;34;1991;35,9;7;0;0;47;14;1;8;47;47;0;;;;;;;;;;;;;;;;;;;;;;;
Francisco Perez;Rayo Vallecano;2526;ESP-La Liga;ESP;MF,FW;22;2002;29;12;1237;13,7;2;1;3;2;0;0;4;0;0,15;0,07;0,22;0,15;0,22;ESP;MF,FW;22;2002;13,7;2;17;8;47,1;1,24;0,58;0,12;0,25;0;0;ESP;MF,FW;22;2002;29;1237;43;36,2;13,7;12;65;0;17;27;6;1,17;14;17;-3;-0,22;-0,22;ESP;MF,FW;22;2002;13,7;4;0;0;18;15;6;48;2;10;0;;;;;;;;;;;;;;;;;;;;;;;
Gerard Gumbau;Rayo Vallecano;2526;ESP-La Liga;ESP;MF;30;1994;28;14;1175;13,1;0;3;3;0;0;0;4;0;0,0;0,23;0,23;0,0;0,23;ESP;MF;30;1994;13,1;0;20;5;25,0;1,53;0,38;0,0;0,0;0;0;ESP;MF;30;1994;28;1175;42;34,4;13,1;14;69;3;14;15;10;1,21;17;21;-4;-0,31;-0,35;ESP;MF;30;1994;13,1;4;0;0;38;5;0;52;11;16;0;;;;;;;;;;;;;;;;;;;;;;;
Ilias Akhomach;Rayo Vallecano;2526;ESP-La Liga;MAR;MF,FW;21;2004;11;7;709;7,9;0;1;1;0;0;0;2;0;0,0;0,13;0,13;0,0;0,13;MAR;MF,FW;21;2004;7,9;0;18;6;33,3;2,28;0,76;0,0;0,0;0;0;MAR;MF,FW;21;2004;11;709;64;20,7;7,9;7;79;1;4;39;1;1,27;14;11;3;0,38;0,58;MAR;MF,FW;21;2004;7,9;2;0;0;9;29;1;22;2;10;0;;;;;;;;;;;;;;;;;;;;;;;
Isaac Palazón Camacho;Rayo Vallecano;2526;ESP-La Liga;ESP;MF,FW;30;1994;31;27;2248;25,0;3;3;6;1;2;3;10;1;0,12;0,12;0,24;0,04;0,16;ESP;MF,FW;30;1994;25,0;3;52;15;28,8;2,08;0,6;0,06;0,2;2;3;ESP;MF,FW;30;1994;31;2248;73;65,7;25,0;27;79;8;4;28;1;1,23;24;31;-7;-0,28;-0,59;ESP;MF,FW;30;1994;25,0;10;1;0;36;51;6;105;3;12;0;;;;;;;;;;;;;;;;;;;;;;;
Iván Balliu;Rayo Vallecano;2526;ESP-La Liga;ALB;DF;33;1992;14;6;582;6,5;0;0;0;0;0;0;2;0;0,0;0,0;0,0;0,0;0,0;ALB;DF;33;1992;6,5;0;4;0;0,0;0,62;0,0;0,0;;0;0;ALB;DF;33;1992;14;582;42;17,0;6,5;6;74;2;8;17;21;1,43;8;7;1;0,15;0,28;ALB;DF;33;1992;6,5;2;0;0;9;5;0;9;9;9;0;;;;;;;;;;;;;;;;;;;;;;;
Jorge de Frutos;Rayo Vallecano;2526;ESP-La Liga;ESP;FW,MF;28;1997;36;31;2463;27,4;10;1;11;9;1;1;3;0;0,37;0,04;0,4;0,33;0,37;ESP;FW,MF;28;1997;27,4;10;62;28;45,2;2,27;1,02;0,16;0,36;1;1;ESP;FW,MF;28;1997;36;2463;68;72,0;27,4;31;74;6;5;36;1;1,39;32;23;9;0,33;1,46;ESP;FW,MF;28;1997;27,4;3;0;0;34;39;18;47;11;16;0;;;;;;;;;;;;;;;;;;;;;;;
Jozhua Vertrouwd;Rayo Vallecano;2526;ESP-La Liga;NED;DF;20;2004;9;3;446;5,0;0;0;0;0;0;0;0;0;0,0;0,0;0,0;0,0;0,0;NED;DF;20;2004;5,0;0;1;0;0,0;0,2;0,0;0,0;;0;0;NED;DF;20;2004;9;446;50;13,0;5,0;3;87;2;6;31;22;1,33;6;9;-3;-0,61;-0,61;NED;DF;20;2004;5,0;0;0;0;6;3;0;0;4;3;1;;;;;;;;;;;;;;;;;;;;;;;
Juanpe;Rayo Vallecano;2526;ESP-La Liga;;;;;;;;;;;;;;;;;;;;;;;;;;;;;;;;;;;;;ESP;GK;24;2001;0;;;;;0;;0;0;;11;;;;;;;;;;;;;;;;;;;;;;;;;;;;;;;;;;;;;;;;;;;;
Luiz Felipe;Rayo Vallecano;2526;ESP-La Liga;ITA;DF;28;1997;10;7;470;5,2;0;0;0;0;0;0;1;0;0,0;0,0;0,0;0,0;0,0;ITA;DF;28;1997;5,2;0;3;1;33,3;0,57;0,19;0,0;0,0;0;0;ITA;DF;28;1997;10;470;47;13,7;5,2;7;63;3;3;11;11;1,2;8;4;4;0,77;0,98;ITA;DF;28;1997;5,2;1;0;0;5;1;0;0;7;8;0;;;;;;;;;;;;;;;;;;;;;;;
Marco de las Sías;Rayo Vallecano;2526;ESP-La Liga;;;;;;;;;;;;;;;;;;;;;;;;;;;;;;;;;;;;;ESP;DF;19;2005;0;;;;;0;;0;0;;4;;;;;;;;;;;;;;;;;;;;;;;;;;;;;;;;;;;;;;;;;;;;
Nobel Mendy;Rayo Vallecano;2526;ESP-La Liga;SEN;DF;20;2004;24;22;1797;20,0;2;0;2;2;0;0;9;2;0,1;0,0;0,1;0,1;0,1;SEN;DF;20;2004;20,0;2;11;3;27,3;0,55;0,15;0,18;0,67;0;0;SEN;DF;20;2004;24;1797;75;52,5;20,0;22;79;12;2;27;7;1,25;21;26;-5;-0,25;-0,36;SEN;DF;20;2004;20,0;9;2;1;32;12;1;6;23;15;0;;;;;;;;;;;;;;;;;;;;;;;
Pathé Ciss;Rayo Vallecano;2526;ESP-La Liga;SEN;MF,DF;31;1994;29;20;1999;22,2;2;1;3;2;0;0;9;2;0,09;0,05;0,14;0,09;0,14;SEN;MF,DF;31;1994;22,2;2;20;8;40,0;0,9;0,36;0,1;0,25;0;0;SEN;MF,DF;31;1994;29;1999;69;58,5;22,2;20;88;17;9;26;0;1,31;25;24;1;0,05;0,3;SEN;MF,DF;31;1994;22,2;9;2;0;30;13;2;1;35;35;0;;;;;;;;;;;;;;;;;;;;;;;
Pedro Díaz;Rayo Vallecano;2526;ESP-La Liga;ESP;MF;27;1998;34;21;1870;20,8;0;1;1;0;0;0;2;0;0,0;0,05;0,05;0,0;0,05;ESP;MF;27;1998;20,8;0;44;6;13,6;2,12;0,29;0,0;0,0;0;0;ESP;MF;27;1998;34;1870;55;54,7;20,8;21;76;9;13;21;1;1,32;24;31;-7;-0,34;-0,57;ESP;MF;27;1998;20,8;2;0;0;20;13;0;38;9;25;0;;;;;;;;;;;;;;;;;;;;;;;
Pelayo Fernandez;Rayo Vallecano;2526;ESP-La Liga;ESP;DF;22;2003;1;0;45;0,5;0;0;0;0;0;0;0;0;0,0;0,0;0,0;0,0;0,0;ESP;DF;22;2003;0,5;0;1;0;0,0;2,0;0,0;0,0;;0;0;ESP;DF;22;2003;1;45;45;1,3;0,5;0;;0;1;45;2;3,0;0;1;-1;-2,0;-1,95;ESP;DF;22;2003;0,5;0;0;0;1;0;0;0;0;0;0;;;;;;;;;;;;;;;;;;;;;;;
Pep Chavarría;Rayo Vallecano;2526;ESP-La Liga;ESP;DF;27;1998;33;29;2682;29,8;1;2;3;1;0;0;6;1;0,03;0,07;0,1;0,03;0,1;ESP;DF;27;1998;29,8;1;18;3;16,7;0,6;0,1;0,06;0,33;0;0;ESP;DF;27;1998;33;2682;81;78,4;29,8;29;89;26;4;23;4;1,24;31;34;-3;-0,1;-0,1;ESP;DF;27;1998;29,8;6;1;1;33;35;3;95;32;31;0;;;;;;;;;;;;;;;;;;;;;;;
Randy Nteka;Rayo Vallecano;2526;ESP-La Liga;ANG;FW;27;1997;13;3;374;4,2;3;0;3;3;0;1;3;0;0,72;0,0;0,72;0,72;0,72;ANG;FW;27;1997;4,2;3;13;6;46,2;3,13;1,44;0,23;0,5;0;1;ANG;FW;27;1997;13;374;29;10,9;4,2;3;76;1;10;15;11;1,77;7;6;1;0,24;0,36;ANG;FW;27;1997;4,2;3;0;0;11;7;5;0;0;4;0;;;;;;;;;;;;;;;;;;;;;;;
Samu Becerra;Rayo Vallecano;2526;ESP-La Liga;ESP;MF;19;2006;3;0;12;0,1;0;0;0;0;0;0;0;0;0,0;0,0;0,0;0,0;0,0;ESP;MF;19;2006;0,1;0;0;0;;0,0;0,0;;;0;0;ESP;MF;19;2006;3;12;4;0,4;0,1;0;;0;3;4;15;0,33;0;0;0;0,0;0,08;ESP;MF;19;2006;0,1;0;0;0;1;0;0;2;0;0;0;;;;;;;;;;;;;;;;;;;;;;;
Sergio Camello;Rayo Vallecano;2526;ESP-La Liga;ESP;FW,MF;24;2001;22;8;823;9,1;5;1;6;5;0;0;3;1;0,55;0,11;0,66;0,55;0,66;ESP;FW,MF;24;2001;9,1;5;27;14;51,9;2,95;1,53;0,19;0,36;0;0;ESP;FW,MF;24;2001;22;823;37;24,1;9,1;8;69;1;14;19;10;1,0;10;14;-4;-0,44;-0,47;ESP;FW,MF;24;2001;9,1;3;1;0;8;14;2;3;4;8;0;;;;;;;;;;;;;;;;;;;;;;;
Unai López;Rayo Vallecano;2526;ESP-La Liga;ESP;MF;29;1995;28;19;1612;17,9;0;4;4;0;0;0;8;1;0,0;0,22;0,22;0,0;0,22;ESP;MF;29;1995;17,9;0;22;4;18,2;1,23;0,22;0,0;0,0;0;0;ESP;MF;29;1995;28;1612;58;47,1;17,9;19;75;4;9;20;4;1,46;20;13;7;0,39;0,89;ESP;MF;29;1995;17,9;8;1;1;37;14;1;62;21;16;0;;;;;;;;;;;;;;;;;;;;;;;
Álvaro García;Rayo Vallecano;2526;ESP-La Liga;ESP;MF,FW;32;1992;32;23;2101;23,3;4;5;9;4;0;0;3;0;0,17;0,21;0,39;0,17;0,39;ESP;MF,FW;32;1992;23,3;4;47;19;40,4;2,01;0,81;0,09;0,21;0;0;ESP;MF,FW;32;1992;32;2101;66;61,4;23,3;23;79;7;9;31;1;1,19;21;29;-8;-0,34;-0,68;ESP;MF,FW;32;1992;23,3;3;0;0;19;12;15;91;14;15;0;;;;;;;;;;;;;;;;;;;;;;;
Óscar Trejo;Rayo Vallecano;2526;ESP-La Liga;ARG;MF;37;1988;7;1;144;1,6;0;1;1;0;0;0;2;0;0,0;0,62;0,62;0,0;0,62;ARG;MF;37;1988;1,6;0;1;1;100,0;0,62;0,62;0,0;0,0;0;0;ARG;MF;37;1988;7;144;21;4,2;1,6;1;65;0;6;13;25;0,88;3;3;0;0,0;0,08;ARG;MF;37;1988;1,6;2;0;0;3;5;0;8;0;3;0;;;;;;;;;;;;;;;;;;;;;;;
Óscar Valentín;Rayo Vallecano;2526;ESP-La Liga;ESP;MF;30;1994;33;26;2108;23,4;1;0;1;1;0;0;3;1;0,04;0,0;0,04;0,04;0,04;ESP;MF;30;1994;23,4;1;13;4;30,8;0,56;0,17;0,08;0,25;0;0;ESP;MF;30;1994;33;2108;64;61,6;23,4;26;76;11;7;19;4;1,39;19;19;0;0,0;0,21;ESP;MF;30;1994;23,4;3;1;0;31;22;0;3;29;43;0;;;;;;;;;;;;;;;;;;;;;;;
Abde Ezzalzouli;Real Betis;2526;ESP-La Liga;MAR;MF,FW;23;2001;29;26;2247;25,0;10;8;18;10;0;0;3;0;0,4;0,32;0,72;0,4;0,72;MAR;MF,FW;23;2001;25,0;10;73;26;35,6;2,92;1,04;0,14;0,38;0;0;MAR;MF,FW;23;2001;29;2247;77;65,7;25,0;26;83;16;3;30;0;1,62;45;34;11;0,44;0,44;MAR;MF,FW;23;2001;25,0;3;0;0;28;71;4;55;15;32;0;;;;;;;;;;;;;;;;;;;;;;;
Adrián;Real Betis;2526;ESP-La Liga;ESP;GK;38;1987;1;1;90;1,0;0;0;0;0;0;0;0;0;0,0;0,0;0,0;0,0;0,0;ESP;GK;38;1987;1,0;0;0;0;;0,0;0,0;;;0;0;ESP;GK;38;1987;1;90;90;2,6;1,0;1;90;1;0;;34;3,0;2;1;1;1,0;0,73;ESP;GK;38;1987;1,0;0;0;0;0;0;0;0;0;0;0;ESP;GK;38;1987;1;1;90;1,0;1;1,0;7;6;85,7;1;0;0;0;0,0;0;0;0;0;
Aitor Ruibal;Real Betis;2526;ESP-La Liga;ESP;DF,MF;29;1996;27;20;1808;20,1;4;2;6;4;0;0;6;1;0,2;0,1;0,3;0,2;0,3;ESP;DF,MF;29;1996;20,1;4;31;12;38,7;1,54;0,6;0,13;0,33;0;0;ESP;DF,MF;29;1996;27;1808;67;52,9;20,1;20;80;9;7;29;4;1,67;30;21;9;0,45;0,34;ESP;DF,MF;29;1996;20,1;6;1;1;32;25;1;31;20;32;0;;;;;;;;;;;;;;;;;;;;;;;
Antony;Real Betis;2526;ESP-La Liga;BRA;MF,FW;25;2000;32;30;2447;27,2;8;6;14;8;0;0;6;1;0,29;0,22;0,51;0,29;0,51;BRA;MF,FW;25;2000;27,2;8;90;34;37,8;3,31;1,25;0,09;0,24;0;0;BRA;MF,FW;25;2000;32;2447;76;71,5;27,2;30;80;13;2;27;0;1,53;45;36;9;0,33;0,15;BRA;MF,FW;25;2000;27,2;6;1;0;20;44;2;66;22;23;0;;;;;;;;;;;;;;;;;;;;;;;
Carlos De Roa;Real Betis;2526;ESP-La Liga;;;;;;;;;;;;;;;;;;;;;;;;;;;;;;;;;;;;;ESP;DF;18;2007;0;;;;;0;;0;0;;1;;;;;;;;;;;;;;;;;;;;;;;;;;;;;;;;;;;;;;;;;;;;
Cucho;Real Betis;2526;ESP-La Liga;COL;FW;26;1999;32;30;2580;28,7;11;3;14;10;1;1;5;0;0,38;0,1;0,49;0,35;0,45;COL;FW;26;1999;28,7;11;89;27;30,3;3,1;0,94;0,12;0,41;1;1;COL;FW;26;1999;32;2580;81;75,4;28,7;30;83;14;2;45;0;1,5;45;35;10;0,35;0,24;COL;FW;26;1999;28,7;5;0;0;22;38;17;23;11;16;0;;;;;;;;;;;;;;;;;;;;;;;
Cédric Bakambu;Real Betis;2526;ESP-La Liga;COD;FW;34;1991;18;5;569;6,3;3;1;4;3;0;0;1;0;0,47;0,16;0,63;0,47;0,63;COD;FW;34;1991;6,3;3;21;9;42,9;3,32;1,42;0,14;0,33;0;0;COD;FW;34;1991;18;569;32;16,6;6,3;5;66;0;13;18;13;1,22;9;10;-1;-0,16;-0,54;COD;FW;34;1991;6,3;1;0;0;11;9;10;2;2;2;0;;;;;;;;;;;;;;;;;;;;;;;
Daniel Guerrero;Real Betis;2526;ESP-La Liga;ESP;MF;20;2005;1;0;1;0,0;0;0;0;0;0;0;0;0;0,0;0,0;0,0;0,0;0,0;ESP;MF;20;2005;0,0;0;0;0;;0,0;0,0;;;0;0;ESP;MF;20;2005;1;1;1;0,0;0,0;0;;0;1;1;4;1,0;0;0;0;0,0;-0,29;ESP;MF;20;2005;0,0;0;0;0;0;1;0;0;0;0;0;;;;;;;;;;;;;;;;;;;;;;;
Darling Bladi;Real Betis;2526;ESP-La Liga;;;;;;;;;;;;;;;;;;;;;;;;;;;;;;;;;;;;;FRA;FW;21;2004;0;;;;;0;;0;0;;2;;;;;;;;;;;;;;;;;;;;;;;;;;;;;;;;;;;;;;;;;;;;
Diego Llorente;Real Betis;2526;ESP-La Liga;ESP;DF;31;1993;18;14;1229;13,7;1;0;1;1;0;0;5;0;0,07;0,0;0,07;0,07;0,07;ESP;DF;31;1993;13,7;1;4;3;75,0;0,29;0,22;0,25;0,33;0;0;ESP;DF;31;1993;18;1229;68;35,9;13,7;14;78;10;4;36;11;1,56;24;12;12;0,88;0,92;ESP;DF;31;1993;13,7;5;0;0;13;13;0;1;27;15;0;;;;;;;;;;;;;;;;;;;;;;;
Ezequiel Ávila;Real Betis;2526;ESP-La Liga;ARG;FW;31;1994;16;3;380;4,2;1;0;1;0;1;1;3;0;0,24;0,0;0,24;0,0;0,0;ARG;FW;31;1994;4,2;1;8;2;25,0;1,89;0,47;0,13;0,5;1;1;ARG;FW;31;1994;16;380;24;11,1;4,2;3;76;1;13;12;18;1,53;8;5;3;0,71;0,47;ARG;FW;31;1994;4,2;3;0;0;6;8;2;14;5;3;0;;;;;;;;;;;;;;;;;;;;;;;
Germán García;Real Betis;2526;ESP-La Liga;;;;;;;;;;;;;;;;;;;;;;;;;;;;;;;;;;;;;ESP;GK;21;2004;0;;;;;0;;0;0;;2;;;;;;;;;;;;;;;;;;;;;;;;;;;;;;;;;;;;;;;;;;;;
Giovani Lo Celso;Real Betis;2526;ESP-La Liga;ARG;MF;29;1996;24;15;1393;15,5;2;3;5;2;0;0;4;0;0,13;0,19;0,32;0,13;0,32;ARG;MF;29;1996;15,5;2;30;11;36,7;1,94;0,71;0,07;0,18;0;0;ARG;MF;29;1996;24;1393;58;40,7;15,5;15;73;2;9;34;3;1,67;25;16;9;0,58;0,49;ARG;MF;29;1996;15,5;4;0;0;9;42;4;61;6;13;0;;;;;;;;;;;;;;;;;;;;;;;
Héctor Bellerín;Real Betis;2526;ESP-La Liga;ESP;DF;30;1995;27;20;1822;20,2;2;3;5;2;0;0;2;0;0,1;0,15;0,25;0,1;0,25;ESP;DF;30;1995;20,2;2;7;5;71,4;0,35;0,25;0,29;0,4;0;0;ESP;DF;30;1995;27;1822;67;53,3;20,2;20;83;14;7;24;3;1,56;33;27;6;0,3;0,01;ESP;DF;30;1995;20,2;2;0;0;15;4;2;29;14;16;0;;;;;;;;;;;;;;;;;;;;;;;
Iker Losada;Real Betis;2526;ESP-La Liga;;;;;;;;;;;;;;;;;;;;;;;;;;;;;;;;;;;;;ESP;MF;23;2001;0;;;;;0;;0;0;;1;;;;;;;;;;;;;;;;;;;;;;;;;;;;;;;;;;;;;;;;;;;;
Isco;Real Betis;2526;ESP-La Liga;ESP;MF;33;1992;8;1;233;2,6;1;1;2;0;1;1;0;0;0,39;0,39;0,77;0,0;0,39;ESP;MF;33;1992;2,6;1;7;1;14,3;2,7;0,39;0,14;1,0;1;1;ESP;MF;33;1992;8;233;29;6,8;2,6;1;53;0;7;26;0;1,88;6;5;1;0,39;0,1;ESP;MF;33;1992;2,6;0;0;0;4;9;0;9;2;2;0;;;;;;;;;;;;;;;;;;;;;;;
Iván Corralejo;Real Betis;2526;ESP-La Liga;ESP;MF;18;2007;1;0;15;0,2;0;0;0;0;0;0;0;0;0,0;0,0;0,0;0,0;0,0;ESP;MF;18;2007;0,2;0;0;0;;0,0;0,0;;;0;0;ESP;MF;18;2007;1;15;15;0,4;0,2;0;;0;1;15;2;0,0;1;0;1;6,0;5,74;ESP;MF;18;2007;0,2;0;0;0;1;1;0;0;0;0;0;;;;;;;;;;;;;;;;;;;;;;;
Junior Firpo;Real Betis;2526;ESP-La Liga;DOM;DF;28;1996;12;10;827;9,2;0;1;1;0;0;0;2;0;0,0;0,11;0,11;0,0;0,11;DOM;DF;28;1996;9,2;0;5;0;0,0;0,54;0,0;0,0;;0;0;DOM;DF;28;1996;12;827;69;24,2;9,2;10;78;4;2;26;14;1,08;13;15;-2;-0,22;-0,67;DOM;DF;28;1996;9,2;2;0;0;11;8;1;19;10;14;0;;;;;;;;;;;;;;;;;;;;;;;
Manu González;Real Betis;2526;ESP-La Liga;;;;;;;;;;;;;;;;;;;;;;;;;;;;;;;;;;;;;ESP;GK;18;2007;0;;;;;0;;0;0;;2;;;;;;;;;;;;;;;;;;;;;;;;;;;;;;;;;;;;;;;;;;;;
Marc Bartra;Real Betis;2526;ESP-La Liga;ESP;DF;34;1991;25;21;1978;22,0;1;0;1;1;0;0;3;0;0,05;0,0;0,05;0,05;0,05;ESP;DF;34;1991;22,0;1;16;5;31,3;0,73;0,23;0,06;0,2;0;0;ESP;DF;34;1991;25;1978;79;57,8;22,0;21;86;19;4;45;5;1,56;29;29;0;0,0;-0,69;ESP;DF;34;1991;22,0;3;0;0;15;11;0;2;29;18;1;;;;;;;;;;;;;;;;;;;;;;;
Marc Roca;Real Betis;2526;ESP-La Liga;ESP;MF;28;1996;29;23;2026;22,5;1;1;2;1;0;0;1;0;0,04;0,04;0,09;0,04;0,09;ESP;MF;28;1996;22,5;1;17;7;41,2;0,76;0,31;0,06;0,14;0;0;ESP;MF;28;1996;29;2026;70;59,2;22,5;23;82;17;6;24;6;1,69;36;30;6;0,27;-0,06;ESP;MF;28;1996;22,5;1;0;0;42;23;0;10;23;29;0;;;;;;;;;;;;;;;;;;;;;;;
Mawuli Mensah;Real Betis;2526;ESP-La Liga;;;;;;;;;;;;;;;;;;;;;;;;;;;;;;;;;;;;;GHA;MF;21;2003;0;;;;;0;;0;0;;3;;;;;;;;;;;;;;;;;;;;;;;;;;;;;;;;;;;;;;;;;;;;
Natan;Real Betis;2526;ESP-La Liga;BRA;DF;24;2001;33;32;2807;31,2;0;0;0;0;0;0;8;0;0,0;0,0;0,0;0,0;0,0;BRA;DF;24;2001;31,2;0;10;1;10,0;0,32;0,03;0,0;0,0;0;0;BRA;DF;24;2001;33;2807;85;82,1;31,2;32;87;28;1;25;4;1,64;50;41;9;0,29;-0,01;BRA;DF;24;2001;31,2;8;0;0;28;11;0;1;37;17;0;;;;;;;;;;;;;;;;;;;;;;;
Nelson Deossa;Real Betis;2526;ESP-La Liga;COL;MF;25;2000;20;8;743;8,3;0;0;0;0;0;0;3;0;0,0;0,0;0,0;0,0;0,0;COL;MF;25;2000;8,3;0;18;0;0,0;2,18;0,0;0,0;;0;0;COL;MF;25;2000;20;743;37;21,7;8,3;8;68;3;12;17;11;1,35;13;13;0;0,0;-0,37;COL;MF;25;2000;8,3;3;0;0;17;24;1;7;6;8;0;;;;;;;;;;;;;;;;;;;;;;;
Pablo Busto;Real Betis;2526;ESP-La Liga;;;;;;;;;;;;;;;;;;;;;;;;;;;;;;;;;;;;;ESP;DF;19;2005;0;;;;;0;;0;0;;1;;;;;;;;;;;;;;;;;;;;;;;;;;;;;;;;;;;;;;;;;;;;
Pablo Fornals;Real Betis;2526;ESP-La Liga;ESP;MF;29;1996;37;34;2848;31,6;9;6;15;9;0;0;2;0;0,28;0,19;0,47;0,28;0,47;ESP;MF;29;1996;31,6;9;43;18;41,9;1,36;0,57;0,21;0,5;0;0;ESP;MF;29;1996;37;2848;77;83,3;31,6;34;80;15;3;40;1;1,62;53;38;15;0,47;1,1;ESP;MF;29;1996;31,6;2;0;0;32;26;13;140;34;26;0;;;;;;;;;;;;;;;;;;;;;;;
Pablo Garcia;Real Betis;2526;ESP-La Liga;ESP;MF;19;2006;15;2;388;4,3;0;0;0;0;0;0;1;0;0,0;0,0;0,0;0,0;0,0;ESP;MF;19;2006;4,3;0;13;4;30,8;3,02;0,93;0,0;0,0;0;0;ESP;MF;19;2006;15;388;26;11,3;4,3;2;71;0;13;19;10;1,53;8;3;5;1,16;0,98;ESP;MF;19;2006;4,3;1;0;0;5;9;3;3;3;5;0;;;;;;;;;;;;;;;;;;;;;;;
Pau López;Real Betis;2526;ESP-La Liga;ESP;GK;30;1994;9;9;810;9,0;0;0;0;0;0;0;1;0;0,0;0,0;0,0;0,0;0,0;ESP;GK;30;1994;9,0;0;0;0;;0,0;0,0;;;0;0;ESP;GK;30;1994;9;810;90;23,7;9,0;9;90;9;0;;23;1,56;13;11;2;0,22;-0,09;ESP;GK;30;1994;9,0;1;0;0;0;2;0;0;0;1;0;ESP;GK;30;1994;9;9;810;9,0;11;1,22;40;29;72,5;4;2;3;2;22,2;1;0;1;0;100,0
Ricardo Rodríguez;Real Betis;2526;ESP-La Liga;SUI;DF;32;1992;23;18;1547;17,2;0;1;1;0;0;0;0;0;0,0;0,06;0,06;0,0;0,06;SUI;DF;32;1992;17,2;0;3;0;0,0;0,17;0,0;0,0;;0;0;SUI;DF;32;1992;23;1547;67;45,2;17,2;18;84;14;5;7;11;1,91;32;17;15;0,87;1,06;SUI;DF;32;1992;17,2;0;0;0;11;5;0;15;8;14;0;;;;;;;;;;;;;;;;;;;;;;;
Rodrigo Marina;Real Betis;2526;ESP-La Liga;;;;;;;;;;;;;;;;;;;;;;;;;;;;;;;;;;;;;ESP;FW;19;2006;0;;;;;0;;0;0;;2;;;;;;;;;;;;;;;;;;;;;;;;;;;;;;;;;;;;;;;;;;;;
Rodrigo Riquelme;Real Betis;2526;ESP-La Liga;ESP;MF;25;2000;25;7;821;9,1;1;1;2;1;0;0;2;0;0,11;0,11;0,22;0,11;0,22;ESP;MF;25;2000;9,1;1;24;7;29,2;2,63;0,77;0,04;0,14;0;0;ESP;MF;25;2000;25;821;33;24,0;9,1;7;65;0;18;20;11;1,72;8;11;-3;-0,33;-0,81;ESP;MF;25;2000;9,1;2;0;0;8;11;1;22;5;11;0;;;;;;;;;;;;;;;;;;;;;;;
Sergi Altimira;Real Betis;2526;ESP-La Liga;ESP;MF;23;2001;24;13;1186;13,2;1;2;3;1;0;0;3;0;0,08;0,15;0,23;0,08;0,23;ESP;MF;23;2001;13,2;1;7;3;42,9;0,53;0,23;0,14;0,33;0;0;ESP;MF;23;2001;24;1186;49;34,7;13,2;13;74;5;11;21;11;1,5;14;19;-5;-0,38;-1,02;ESP;MF;23;2001;13,2;3;0;0;14;22;0;3;20;36;0;;;;;;;;;;;;;;;;;;;;;;;
Sofyan Amrabat;Real Betis;2526;ESP-La Liga;MAR;MF;28;1996;17;14;1295;14,4;0;0;0;0;0;0;4;0;0,0;0,0;0,0;0,0;0,0;MAR;MF;28;1996;14,4;0;8;1;12,5;0,56;0,07;0,0;0,0;0;0;MAR;MF;28;1996;17;1295;76;37,9;14,4;14;86;11;3;28;1;1,53;24;18;6;0,42;0,21;MAR;MF;28;1996;14,4;4;0;0;22;19;0;6;11;13;0;;;;;;;;;;;;;;;;;;;;;;;
Valentín Gómez;Real Betis;2526;ESP-La Liga;ARG;DF;22;2003;28;19;1882;20,9;1;0;1;1;0;0;5;0;0,05;0,0;0,05;0,05;0,05;ARG;DF;22;2003;20,9;1;11;5;45,5;0,53;0,24;0,09;0,2;0;0;ARG;DF;22;2003;28;1882;67;55,0;20,9;19;90;19;9;19;9;1,68;29;28;1;0,05;-0,54;ARG;DF;22;2003;20,9;5;0;0;26;11;1;12;23;25;0;;;;;;;;;;;;;;;;;;;;;;;
Álvaro Fidalgo;Real Betis;2526;ESP-La Liga;MEX;MF;28;1997;9;8;542;6,0;1;0;1;1;0;0;0;0;0,17;0,0;0,17;0,17;0,17;MEX;MF;28;1997;6,0;1;4;2;50,0;0,66;0,33;0,25;0,5;0;0;MEX;MF;28;1997;9;542;60;15,8;6,0;8;66;0;1;11;7;1,44;7;8;-1;-0,17;-0,54;MEX;MF;28;1997;6,0;0;0;0;2;6;1;6;4;5;0;;;;;;;;;;;;;;;;;;;;;;;
Álvaro Vallés;Real Betis;2526;ESP-La Liga;ESP;GK;28;1997;28;28;2520;28,0;0;0;0;0;0;0;1;0;0,0;0,0;0,0;0,0;0,0;ESP;GK;28;1997;28,0;0;0;0;;0,0;0,0;;;0;0;ESP;GK;28;1997;28;2520;90;73,7;28,0;28;90;28;0;;10;1,54;44;36;8;0,29;-0,01;ESP;GK;28;1997;28,0;1;0;0;0;4;0;0;1;0;0;ESP;GK;28;1997;28;28;2520;28,0;36;1,29;123;87;70,7;10;13;5;8;28,6;6;4;1;1;20,0
Ángel Ortíz;Real Betis;2526;ESP-La Liga;ESP;DF;21;2004;13;7;584;6,5;0;0;0;0;0;0;1;0;0,0;0,0;0,0;0,0;0,0;ESP;DF;21;2004;6,5;0;1;0;0,0;0,15;0,0;0,0;;0;0;ESP;DF;21;2004;13;584;45;17,1;6,5;7;72;2;6;14;13;1,54;5;9;-4;-0,62;-1,09;ESP;DF;21;2004;6,5;1;0;0;9;9;0;19;1;19;0;;;;;;;;;;;;;;;;;;;;;;;
Alvaro Gonzalez Pozo;Real Madrid;2526;ESP-La Liga;;;;;;;;;;;;;;;;;;;;;;;;;;;;;;;;;;;;;ESP;GK;18;2007;0;;;;;0;;0;0;;1;;;;;;;;;;;;;;;;;;;;;;;;;;;;;;;;;;;;;;;;;;;;
Andriy Lunin;Real Madrid;2526;ESP-La Liga;UKR;GK;26;1999;6;6;540;6,0;0;0;0;0;0;0;0;1;0,0;0,0;0,0;0,0;0,0;UKR;GK;26;1999;6,0;0;0;0;;0,0;0,0;;;0;0;UKR;GK;26;1999;6;540;90;15,8;6,0;6;90;6;0;;27;2,0;12;8;4;0,67;-0,52;UKR;GK;26;1999;6,0;0;1;0;0;0;0;0;0;0;0;UKR;GK;26;1999;6;6;540;6,0;7;1,17;23;16;69,6;3;2;1;1;16,7;0;0;0;0;
Antonio Rüdiger;Real Madrid;2526;ESP-La Liga;GER;DF;32;1993;18;16;1490;16,6;1;0;1;1;0;0;0;0;0,06;0,0;0,06;0,06;0,06;GER;DF;32;1993;16,6;1;13;1;7,7;0,79;0,06;0,08;1,0;0;0;GER;DF;32;1993;18;1490;83;43,6;16,6;16;86;13;2;57;5;2,11;32;16;16;0,97;-0,25;GER;DF;32;1993;16,6;0;0;0;11;2;2;2;4;5;0;;;;;;;;;;;;;;;;;;;;;;;
Arda Güler;Real Madrid;2526;ESP-La Liga;TUR;MF;20;2005;33;25;2014;22,4;4;9;13;4;0;0;1;0;0,18;0,4;0,58;0,18;0,58;TUR;MF;20;2005;22,4;4;49;19;38,8;2,19;0,85;0,08;0,21;0;0;TUR;MF;20;2005;33;2014;61;58,9;22,4;25;72;3;8;27;0;2,3;43;21;22;0,98;-0,3;TUR;MF;20;2005;22,4;1;0;0;21;32;3;129;8;28;0;;;;;;;;;;;;;;;;;;;;;;;
Aurélien Tchouaméni;Real Madrid;2526;ESP-La Liga;FRA;MF;25;2000;33;31;2615;29,1;1;0;1;1;0;0;8;0;0,03;0,0;0,03;0,03;0,03;FRA;MF;25;2000;29,1;1;45;7;15,6;1,55;0,24;0,02;0,14;0;0;FRA;MF;25;2000;33;2615;79;76,5;29,1;31;83;20;2;16;1;2,33;57;26;31;1,07;-0,16;FRA;MF;25;2000;29,1;8;0;0;31;27;0;8;45;41;0;;;;;;;;;;;;;;;;;;;;;;;
Brahim Díaz;Real Madrid;2526;ESP-La Liga;MAR;FW,MF;25;1999;30;13;1257;14,0;1;6;7;1;0;0;2;0;0,07;0,43;0,5;0,07;0,5;MAR;FW,MF;25;1999;14,0;1;15;7;46,7;1,07;0,5;0,07;0,14;0;0;MAR;FW,MF;25;1999;30;1257;42;36,8;14,0;13;70;0;17;20;5;2,33;22;11;11;0,79;-0,5;MAR;FW,MF;25;1999;14,0;2;0;0;19;37;3;20;2;10;0;;;;;;;;;;;;;;;;;;;;;;;
César Palacios;Real Madrid;2526;ESP-La Liga;ESP;MF;20;2004;5;0;86;1,0;0;0;0;0;0;0;0;0;0,0;0,0;0,0;0,0;0,0;ESP;MF;20;2004;1,0;0;2;0;0,0;2,09;0,0;0,0;;0;0;ESP;MF;20;2004;5;86;17;2,5;1,0;0;;0;5;17;4;2,4;4;1;3;3,14;2,09;ESP;MF;20;2004;1,0;0;0;0;4;3;0;1;3;2;0;;;;;;;;;;;;;;;;;;;;;;;
Dani Carvajal;Real Madrid;2526;ESP-La Liga;ESP;DF;33;1992;17;10;977;10,9;0;1;1;0;0;0;0;0;0,0;0,09;0,09;0,0;0,09;ESP;DF;33;1992;10,9;0;5;1;20,0;0,46;0,09;0,0;0,0;0;0;ESP;DF;33;1992;17;977;57;28,6;10,9;10;79;4;7;26;9;2,35;20;10;10;0,92;-0,26;ESP;DF;33;1992;10,9;0;0;0;7;9;0;11;6;12;0;;;;;;;;;;;;;;;;;;;;;;;
Dani Ceballos;Real Madrid;2526;ESP-La Liga;ESP;MF;28;1996;16;4;486;5,4;0;0;0;0;0;0;1;0;0,0;0,0;0,0;0,0;0,0;ESP;MF;28;1996;5,4;0;3;0;0,0;0,56;0,0;0,0;;0;0;ESP;MF;28;1996;16;486;30;14,2;5,4;4;67;0;12;18;11;2,56;14;6;8;1,48;0,44;ESP;MF;28;1996;5,4;1;0;0;6;15;0;3;7;10;0;;;;;;;;;;;;;;;;;;;;;;;
Daniel Mesonero;Real Madrid;2526;ESP-La Liga;;;;;;;;;;;;;;;;;;;;;;;;;;;;;;;;;;;;;ESP;MF;19;2005;0;;;;;0;;0;0;;1;;;;;;;;;;;;;;;;;;;;;;;;;;;;;;;;;;;;;;;;;;;;
Daniel Yáñez;Real Madrid;2526;ESP-La Liga;ESP;MF;18;2007;2;0;47;0,5;0;1;1;0;0;0;0;0;0,0;1,91;1,91;0,0;1,91;ESP;MF;18;2007;0,5;0;0;0;;0,0;0,0;;;0;0;ESP;MF;18;2007;2;47;24;1,4;0,5;0;;0;2;24;1;3,0;3;1;2;3,83;2,76;ESP;MF;18;2007;0,5;0;0;0;0;4;0;1;0;1;0;;;;;;;;;;;;;;;;;;;;;;;
David Alaba;Real Madrid;2526;ESP-La Liga;AUT;DF;33;1992;11;5;424;4,7;0;0;0;0;0;0;1;0;0,0;0,0;0,0;0,0;0,0;AUT;DF;33;1992;4,7;0;4;1;25,0;0,85;0,21;0,0;0,0;0;0;AUT;DF;33;1992;11;424;39;12,4;4,7;5;70;2;6;13;18;2,27;7;5;2;0,42;-0,78;AUT;DF;33;1992;4,7;1;0;0;1;0;0;0;0;4;0;;;;;;;;;;;;;;;;;;;;;;;
David Jiménez;Real Madrid;2526;ESP-La Liga;ESP;DF;21;2004;2;1;76;0,8;0;0;0;0;0;0;0;0;0,0;0,0;0,0;0,0;0,0;ESP;DF;21;2004;0,8;0;1;1;100,0;1,18;1,18;0,0;0,0;0;0;ESP;DF;21;2004;2;76;38;2,2;0,8;1;75;0;1;1;6;3,0;1;0;1;1,18;0,08;ESP;DF;21;2004;0,8;0;0;0;0;0;0;3;0;1;0;;;;;;;;;;;;;;;;;;;;;;;
Dean Huijsen;Real Madrid;2526;ESP-La Liga;ESP;DF;20;2005;28;24;2034;22,6;2;2;4;2;0;0;7;1;0,09;0,09;0,18;0,09;0,18;ESP;DF;20;2005;22,6;2;20;5;25,0;0,88;0,22;0,1;0,4;0;0;ESP;DF;20;2005;28;2034;73;59,5;22,6;24;81;16;4;24;1;2,39;49;18;31;1,37;0,66;ESP;DF;20;2005;22,6;7;1;0;21;13;1;1;18;18;0;;;;;;;;;;;;;;;;;;;;;;;
Diego Aguado;Real Madrid;2526;ESP-La Liga;ESP;DF;18;2007;1;0;30;0,3;0;0;0;0;0;0;0;0;0,0;0,0;0,0;0,0;0,0;ESP;DF;18;2007;0,3;0;0;0;;0,0;0,0;;;0;0;ESP;DF;18;2007;1;30;30;0,9;0,3;0;;0;1;30;4;3,0;2;1;1;3,0;1,91;ESP;DF;18;2007;0,3;0;0;0;0;0;0;0;0;1;0;;;;;;;;;;;;;;;;;;;;;;;
Eduardo Camavinga;Real Madrid;2526;ESP-La Liga;FRA;MF;22;2002;29;16;1528;17,0;1;0;1;1;0;0;2;0;0,06;0,0;0,06;0,06;0,06;FRA;MF;22;2002;17,0;1;13;2;15,4;0,77;0,12;0,08;0,5;0;0;FRA;MF;22;2002;29;1528;53;44,7;17,0;16;77;7;13;23;2;2,24;34;16;18;1,06;-0,08;FRA;MF;22;2002;17,0;2;0;0;34;31;2;2;15;37;0;;;;;;;;;;;;;;;;;;;;;;;
Endrick;Real Madrid;2526;ESP-La Liga;BRA;FW;19;2006;1;0;12;0,1;0;0;0;0;0;0;0;1;0,0;0,0;0,0;0,0;0,0;BRA;FW;19;2006;0,1;0;0;0;;0,0;0,0;;;0;0;BRA;FW;19;2006;1;12;12;0,4;0,1;0;;0;1;12;10;1,5;1;1;0;0,0;-1,11;BRA;FW;19;2006;0,1;0;1;0;0;1;0;0;0;0;0;;;;;;;;;;;;;;;;;;;;;;;
Federico Valverde;Real Madrid;2526;ESP-La Liga;URU;MF,DF;27;1998;33;31;2740;30,4;5;8;13;5;0;0;3;1;0,16;0,26;0,43;0,16;0,43;URU;MF,DF;27;1998;30,4;5;51;22;43,1;1,68;0,72;0,1;0,23;0;0;URU;MF,DF;27;1998;33;2740;83;80,1;30,4;31;86;23;2;40;0;2,33;66;28;38;1,25;0,72;URU;MF,DF;27;1998;30,4;3;1;0;18;14;1;30;25;25;0;;;;;;;;;;;;;;;;;;;;;;;
Ferland Mendy;Real Madrid;2526;ESP-La Liga;FRA;DF;30;1995;5;3;207;2,3;0;0;0;0;0;0;0;0;0,0;0,0;0,0;0,0;0,0;FRA;DF;30;1995;2,3;0;0;0;;0,0;0,0;;;0;0;FRA;DF;30;1995;5;207;41;6,1;2,3;3;64;2;2;7;10;2,2;4;2;2;0,87;-0,25;FRA;DF;30;1995;2,3;0;0;0;2;1;0;0;2;1;0;;;;;;;;;;;;;;;;;;;;;;;
Fran;Real Madrid;2526;ESP-La Liga;;;;;;;;;;;;;;;;;;;;;;;;;;;;;;;;;;;;;ESP;GK;20;2005;0;;;;;0;;0;0;;9;;;;;;;;;;;;;;;;;;;;;;;;;;;;;;;;;;;;;;;;;;;;
Fran Garcia;Real Madrid;2526;ESP-La Liga;ESP;DF,MF;25;1999;13;10;929;10,3;1;1;2;1;0;0;2;1;0,1;0,1;0,19;0,1;0,19;ESP;DF,MF;25;1999;10,3;1;6;2;33,3;0,58;0,19;0,17;0,5;0;0;ESP;DF,MF;25;1999;13;929;71;27,2;10,3;10;83;6;3;34;24;2,08;19;10;9;0,87;-0,32;ESP;DF,MF;25;1999;10,3;2;1;1;7;14;1;28;6;12;0;;;;;;;;;;;;;;;;;;;;;;;
Franco Mastantuono;Real Madrid;2526;ESP-La Liga;ARG;MF,FW;17;2007;23;11;1037;11,5;1;0;1;1;0;0;5;1;0,09;0,0;0,09;0,09;0,09;ARG;MF,FW;17;2007;11,5;1;30;7;23,3;2,6;0,61;0,03;0,14;0;0;ARG;MF,FW;17;2007;23;1037;45;30,3;11,5;11;70;1;12;22;10;2,48;29;9;20;1,74;0,9;ARG;MF,FW;17;2007;11,5;5;1;0;18;30;1;31;3;12;0;;;;;;;;;;;;;;;;;;;;;;;
Gonzalo García;Real Madrid;2526;ESP-La Liga;ESP;FW;21;2004;30;9;964;10,7;6;1;7;6;0;0;2;0;0,56;0,09;0,65;0,56;0,65;ESP;FW;21;2004;10,7;6;21;11;52,4;1,96;1,03;0,29;0,55;0;0;ESP;FW;21;2004;30;964;32;28,2;10,7;9;74;2;21;14;8;2,23;27;12;15;1,4;0,41;ESP;FW;21;2004;10,7;2;0;0;9;6;0;3;2;7;0;;;;;;;;;;;;;;;;;;;;;;;
Javier Navarro;Real Madrid;2526;ESP-La Liga;;;;;;;;;;;;;;;;;;;;;;;;;;;;;;;;;;;;;ESP;GK;18;2007;0;;;;;0;;0;0;;2;;;;;;;;;;;;;;;;;;;;;;;;;;;;;;;;;;;;;;;;;;;;
Jesus Fortea;Real Madrid;2526;ESP-La Liga;;;;;;;;;;;;;;;;;;;;;;;;;;;;;;;;;;;;;ESP;DF;18;2007;0;;;;;0;;0;0;;1;;;;;;;;;;;;;;;;;;;;;;;;;;;;;;;;;;;;;;;;;;;;
Joan Lozano;Real Madrid;2526;ESP-La Liga;;;;;;;;;;;;;;;;;;;;;;;;;;;;;;;;;;;;;ESP;DF;17;2007;0;;;;;0;;0;0;;3;;;;;;;;;;;;;;;;;;;;;;;;;;;;;;;;;;;;;;;;;;;;
Jorge Cestero;Real Madrid;2526;ESP-La Liga;ESP;MF;19;2006;2;0;13;0,1;0;0;0;0;0;0;0;0;0,0;0,0;0,0;0,0;0,0;ESP;MF;19;2006;0,1;0;0;0;;0,0;0,0;;;0;0;ESP;MF;19;2006;2;13;7;0,4;0,1;0;;0;2;7;8;3,0;0;0;0;0,0;-1,11;ESP;MF;19;2006;0,1;0;0;0;0;0;0;0;0;0;0;;;;;;;;;;;;;;;;;;;;;;;
Jude Bellingham;Real Madrid;2526;ESP-La Liga;ENG;MF;22;2003;28;22;1916;21,3;6;4;10;6;0;0;3;0;0,28;0,19;0,47;0,28;0,47;ENG;MF;22;2003;21,3;6;51;26;51,0;2,4;1,22;0,12;0,23;0;0;ENG;MF;22;2003;28;1916;68;56,0;21,3;22;81;14;6;21;0;2,21;42;19;23;1,08;-0,06;ENG;MF;22;2003;21,3;3;0;0;33;55;4;16;14;37;0;;;;;;;;;;;;;;;;;;;;;;;
Kylian Mbappé;Real Madrid;2526;ESP-La Liga;FRA;FW;26;1998;31;29;2599;28,9;25;5;30;17;8;9;4;0;0,87;0,17;1,04;0,59;0,76;FRA;FW;26;1998;28,9;25;146;63;43,2;5,06;2,18;0,17;0,4;8;9;FRA;FW;26;1998;31;2599;84;76,0;28,9;29;88;20;2;25;1;2,29;55;26;29;1,0;-0,42;FRA;FW;26;1998;28,9;4;0;0;13;36;39;26;3;1;0;;;;;;;;;;;;;;;;;;;;;;;
Lamini Fati;Real Madrid;2526;ESP-La Liga;;;;;;;;;;;;;;;;;;;;;;;;;;;;;;;;;;;;;ESP;DF;19;2006;0;;;;;0;;0;0;;1;;;;;;;;;;;;;;;;;;;;;;;;;;;;;;;;;;;;;;;;;;;;
Manuel Serrano;Real Madrid;2526;ESP-La Liga;ESP;DF;21;2004;1;0;7;0,1;0;0;0;0;0;0;0;0;0,0;0,0;0,0;0,0;0,0;ESP;DF;21;2004;0,1;0;0;0;;0,0;0,0;;;0;0;ESP;DF;21;2004;1;7;7;0,2;0,1;0;;0;1;7;0;3,0;1;1;0;0,0;-1,11;ESP;DF;21;2004;0,1;0;0;0;0;0;0;0;0;0;0;;;;;;;;;;;;;;;;;;;;;;;
Manuel Ángel;Real Madrid;2526;ESP-La Liga;ESP;MF;21;2004;4;1;96;1,1;0;0;0;0;0;0;0;0;0,0;0,0;0,0;0,0;0,0;ESP;MF;21;2004;1,1;0;2;1;50,0;1,87;0,94;0,0;0,0;0;0;ESP;MF;21;2004;4;96;24;2,8;1,1;1;58;0;3;13;3;1,75;3;3;0;0,0;-1,14;ESP;MF;21;2004;1,1;0;0;0;2;4;0;0;0;3;1;;;;;;;;;;;;;;;;;;;;;;;
Raúl Asencio;Real Madrid;2526;ESP-La Liga;ESP;DF;22;2003;23;18;1708;19,0;2;0;2;2;0;0;4;0;0,11;0,0;0,11;0,11;0,11;ESP;DF;22;2003;19,0;2;14;4;28,6;0,74;0,21;0,14;0,5;0;0;ESP;DF;22;2003;23;1708;74;49,9;19,0;18;85;14;5;34;10;2,22;37;17;20;1,05;-0,1;ESP;DF;22;2003;19,0;4;0;0;17;23;0;1;10;12;0;;;;;;;;;;;;;;;;;;;;;;;
Rodrygo;Real Madrid;2526;ESP-La Liga;BRA;MF,FW;24;2001;19;6;684;7,6;1;3;4;1;0;0;3;0;0,13;0,39;0,53;0,13;0,53;BRA;MF,FW;24;2001;7,6;1;27;11;40,7;3,55;1,45;0,04;0,09;0;0;BRA;MF,FW;24;2001;19;684;36;20,0;7,6;6;75;1;13;18;3;2,21;11;5;6;0,79;-0,39;BRA;MF,FW;24;2001;7,6;3;0;0;5;23;0;42;3;8;0;;;;;;;;;;;;;;;;;;;;;;;
Sergio Mestre;Real Madrid;2526;ESP-La Liga;;;;;;;;;;;;;;;;;;;;;;;;;;;;;;;;;;;;;ESP;GK;20;2005;0;;;;;0;;0;0;;29;;;;;;;;;;;;;;;;;;;;;;;;;;;;;;;;;;;;;;;;;;;;
Thiago Pinar;Real Madrid;2526;ESP-La Liga;ESP;MF;17;2007;10;8;592;6,6;0;2;2;0;0;0;2;0;0,0;0,3;0,3;0,0;0,3;ESP;MF;17;2007;6,6;0;6;2;33,3;0,91;0,3;0,0;0,0;0;0;ESP;MF;17;2007;10;592;59;17,3;6,6;8;69;1;2;20;11;1,9;12;6;6;0,91;-0,23;ESP;MF;17;2007;6,6;2;0;0;12;7;3;0;7;4;0;;;;;;;;;;;;;;;;;;;;;;;
Thibaut Courtois;Real Madrid;2526;ESP-La Liga;BEL;GK;33;1992;32;32;2880;32,0;0;0;0;0;0;0;1;0;0,0;0,0;0,0;0,0;0,0;BEL;GK;33;1992;32,0;0;0;0;;0,0;0,0;;;0;0;BEL;GK;33;1992;32;2880;90;84,2;32,0;32;90;32;0;;0;2,34;67;28;39;1,22;0,72;BEL;GK;33;1992;32,0;1;0;0;1;2;0;0;0;1;0;BEL;GK;33;1992;32;32;2880;32,0;28;0,87;98;70;71,4;24;3;5;13;40,6;4;4;0;0;0,0
Trent Alexander-Arnold;Real Madrid;2526;ESP-La Liga;ENG;DF;26;1998;21;14;1163;12,9;0;4;4;0;0;0;4;0;0,0;0,31;0,31;0,0;0,31;ENG;DF;26;1998;12,9;0;10;2;20,0;0,77;0,15;0,0;0,0;0;0;ENG;DF;26;1998;21;1163;55;34,0;12,9;14;76;6;7;15;3;2,05;25;14;11;0,85;-0,38;ENG;DF;26;1998;12,9;4;0;0;10;5;0;126;13;10;0;;;;;;;;;;;;;;;;;;;;;;;
Victor Valdepeñas;Real Madrid;2526;ESP-La Liga;ESP;DF;18;2006;1;1;77;0,9;0;0;0;0;0;0;0;0;0,0;0,0;0,0;0,0;0,0;ESP;DF;18;2006;0,9;0;0;0;;0,0;0,0;;;0;0;ESP;DF;18;2006;1;77;77;2,3;0,9;1;77;0;0;;0;3,0;2;1;1;1,17;0,07;ESP;DF;18;2006;0,9;0;0;0;3;1;0;1;0;3;0;;;;;;;;;;;;;;;;;;;;;;;
Vinicius Júnior;Real Madrid;2526;ESP-La Liga;BRA;FW,MF;25;2000;36;32;2815;31,3;16;5;21;12;4;5;8;0;0,51;0,16;0,67;0,38;0,54;BRA;FW,MF;25;2000;31,3;16;100;46;46,0;3,2;1,47;0,16;0,35;4;5;BRA;FW,MF;25;2000;36;2815;78;82,3;31,3;32;84;18;4;33;0;2,22;64;30;34;1,09;-0,1;BRA;FW,MF;25;2000;31,3;8;0;0;38;81;13;63;2;15;0;;;;;;;;;;;;;;;;;;;;;;;
Álvaro Carreras;Real Madrid;2526;ESP-La Liga;ESP;DF;22;2003;28;26;2332;25,9;2;3;5;2;0;0;5;1;0,08;0,12;0,19;0,08;0,19;ESP;DF;22;2003;25,9;2;9;3;33,3;0,35;0,12;0,22;0,67;0;0;ESP;DF;22;2003;28;2332;83;68,2;25,9;26;90;23;2;3;5;2,25;56;23;33;1,27;0,53;ESP;DF;22;2003;25,9;5;1;0;22;33;5;30;38;18;0;;;;;;;;;;;;;;;;;;;;;;;
Álvaro Leiva;Real Madrid;2526;ESP-La Liga;ESP;FW;22;2002;1;0;4;0,0;0;0;0;0;0;0;0;0;0,0;0,0;0,0;0,0;0,0;ESP;FW;22;2002;0,0;0;0;0;;0,0;0,0;;;0;0;ESP;FW;22;2002;1;4;4;0,1;0,0;0;;0;1;4;1;3,0;0;0;0;0,0;-1,11;ESP;FW;22;2002;0,0;0;0;0;0;0;0;0;0;0;0;;;;;;;;;;;;;;;;;;;;;;;
Éder Militão;Real Madrid;2526;ESP-La Liga;BRA;DF;27;1998;16;14;1139;12,7;2;1;3;2;0;0;2;0;0,16;0,08;0,24;0,16;0,24;BRA;DF;27;1998;12,7;2;21;9;42,9;1,66;0,71;0,1;0,22;0;0;BRA;DF;27;1998;16;1139;71;33,3;12,7;14;76;9;2;39;2;2,06;26;9;17;1,34;0,36;BRA;DF;27;1998;12,7;2;0;0;15;13;0;1;10;16;0;;;;;;;;;;;;;;;;;;;;;;;
Aihen Muñoz;Real Sociedad;2526;ESP-La Liga;ESP;DF;27;1997;21;9;848;9,4;1;0;1;1;0;0;1;0;0,11;0,0;0,11;0,11;0,11;ESP;DF;27;1997;9,4;1;6;2;33,3;0,64;0,21;0,17;0,5;0;0;ESP;DF;27;1997;21;848;40;24,8;9,4;9;77;3;12;13;15;1,38;13;19;-6;-0,64;-0,78;ESP;DF;27;1997;9,4;1;0;0;7;3;0;24;5;18;0;;;;;;;;;;;;;;;;;;;;;;;
Aitor Fraga;Real Sociedad;2526;ESP-La Liga;;;;;;;;;;;;;;;;;;;;;;;;;;;;;;;;;;;;;ESP;GK;22;2003;0;;;;;0;;0;0;;9;;;;;;;;;;;;;;;;;;;;;;;;;;;;;;;;;;;;;;;;;;;;
Alex Lebarbier;Real Sociedad;2526;ESP-La Liga;;;;;;;;;;;;;;;;;;;;;;;;;;;;;;;;;;;;;FRA;MF;20;2004;0;;;;;0;;0;0;;2;;;;;;;;;;;;;;;;;;;;;;;;;;;;;;;;;;;;;;;;;;;;
Alex Marchal;Real Sociedad;2526;ESP-La Liga;;;;;;;;;;;;;;;;;;;;;;;;;;;;;;;;;;;;;ESP;MF;17;2007;0;;;;;0;;0;0;;1;;;;;;;;;;;;;;;;;;;;;;;;;;;;;;;;;;;;;;;;;;;;
Ander Barrenetxea;Real Sociedad;2526;ESP-La Liga;ESP;MF;23;2001;30;22;1763;19,6;3;5;8;3;0;0;5;0;0,15;0,26;0,41;0,15;0,41;ESP;MF;23;2001;19,6;3;35;11;31,4;1,79;0,56;0,09;0,27;0;0;ESP;MF;23;2001;30;1763;59;51,5;19,6;22;69;5;8;30;0;1,27;29;27;2;0,1;0,32;ESP;MF;23;2001;19,6;5;0;0;37;30;5;72;17;18;0;;;;;;;;;;;;;;;;;;;;;;;
Aritz Elustondo;Real Sociedad;2526;ESP-La Liga;ESP;DF;31;1994;16;8;720;8,0;0;1;1;0;0;0;0;0;0,0;0,12;0,12;0,0;0,12;ESP;DF;31;1994;8,0;0;4;2;50,0;0,5;0,25;0,0;0,0;0;0;ESP;DF;31;1994;16;720;45;21,1;8,0;8;73;2;8;18;19;0,81;14;15;-1;-0,12;-0,09;ESP;DF;31;1994;8,0;0;0;0;17;11;0;6;10;8;0;;;;;;;;;;;;;;;;;;;;;;;
Arkaitz Mariezkurrena;Real Sociedad;2526;ESP-La Liga;ESP;FW;20;2005;1;0;1;0,0;0;0;0;0;0;0;0;0;0,0;0,0;0,0;0,0;0,0;ESP;FW;20;2005;0,0;0;0;0;;0,0;0,0;;;0;0;ESP;FW;20;2005;1;1;1;0,0;0,0;0;;0;1;1;0;1,0;0;1;-1;-90,0;-89,97;ESP;FW;20;2005;0,0;0;0;0;2;0;0;0;0;0;0;;;;;;;;;;;;;;;;;;;;;;;
Arsen Zakharyan;Real Sociedad;2526;ESP-La Liga;RUS;MF;22;2003;17;3;458;5,1;0;0;0;0;0;0;2;0;0,0;0,0;0,0;0,0;0,0;RUS;MF;22;2003;5,1;0;14;3;21,4;2,75;0,59;0,0;0,0;0;0;RUS;MF;22;2003;17;458;27;13,4;5,1;3;59;0;14;20;15;1,0;11;13;-2;-0,39;-0,39;RUS;MF;22;2003;5,1;2;0;0;9;2;4;26;2;6;0;;;;;;;;;;;;;;;;;;;;;;;
Beñat Turrientes;Real Sociedad;2526;ESP-La Liga;ESP;MF;23;2002;27;16;1348;15,0;0;3;3;0;0;0;7;0;0,0;0,2;0,2;0,0;0,2;ESP;MF;23;2002;15,0;0;20;6;30,0;1,34;0,4;0,0;0,0;0;0;ESP;MF;23;2002;27;1348;50;39,4;15,0;16;70;4;11;21;10;1,33;24;21;3;0,2;0,42;ESP;MF;23;2002;15,0;7;0;0;28;23;0;9;9;23;0;;;;;;;;;;;;;;;;;;;;;;;
Brais Méndez;Real Sociedad;2526;ESP-La Liga;ESP;MF,FW;28;1997;29;21;1660;18,4;6;2;8;5;1;2;4;1;0,33;0,11;0,43;0,27;0,38;ESP;MF,FW;28;1997;18,4;6;36;16;44,4;1,95;0,87;0,17;0,38;1;2;ESP;MF,FW;28;1997;29;1660;57;48,5;18,4;21;71;3;8;22;5;1,24;26;27;-1;-0,05;0,0;ESP;MF,FW;28;1997;18,4;4;1;0;42;35;7;62;8;18;0;;;;;;;;;;;;;;;;;;;;;;;
Carlos Soler;Real Sociedad;2526;ESP-La Liga;ESP;MF;28;1997;33;26;2317;25,7;4;3;7;4;0;0;3;1;0,16;0,12;0,27;0,16;0,27;ESP;MF;28;1997;25,7;4;35;19;54,3;1,36;0,74;0,11;0,21;0;0;ESP;MF;28;1997;33;2317;70;67,7;25,7;26;81;10;7;31;1;1,21;37;39;-2;-0,08;-0,08;ESP;MF;28;1997;25,7;3;1;0;28;20;0;73;16;22;0;;;;;;;;;;;;;;;;;;;;;;;
Daniel Díaz;Real Sociedad;2526;ESP-La Liga;ESP;FW;19;2006;1;0;18;0,2;0;0;0;0;0;0;0;0;0,0;0,0;0,0;0,0;0,0;ESP;FW;19;2006;0,2;0;0;0;;0,0;0,0;;;0;0;ESP;FW;19;2006;1;18;18;0,5;0,2;0;;0;1;18;3;0,0;0;0;0;0,0;0,05;ESP;FW;19;2006;0,2;0;0;0;0;0;0;1;0;0;0;;;;;;;;;;;;;;;;;;;;;;;
Duje Ćaleta-Car;Real Sociedad;2526;ESP-La Liga;CRO;DF;28;1996;27;24;2150;23,9;1;0;1;1;0;0;6;1;0,04;0,0;0,04;0,04;0,04;CRO;DF;28;1996;23,9;1;13;3;23,1;0,54;0,13;0,08;0,33;0;0;CRO;DF;28;1996;27;2150;80;62,9;23,9;24;86;21;3;27;9;1,3;35;33;2;0,08;0,37;CRO;DF;28;1996;23,9;6;1;0;30;8;1;1;29;14;1;;;;;;;;;;;;;;;;;;;;;;;
Gonçalo Guedes;Real Sociedad;2526;ESP-La Liga;POR;MF;28;1996;32;22;1823;20,3;8;4;12;8;0;0;3;0;0,39;0,2;0,59;0,39;0,59;POR;MF;28;1996;20,3;8;46;18;39,1;2,27;0,89;0,17;0,44;0;0;POR;MF;28;1996;32;1823;57;53,3;20,3;22;72;5;10;25;0;1,31;32;26;6;0,3;0,75;POR;MF;28;1996;20,3;3;0;0;18;33;13;70;4;16;0;;;;;;;;;;;;;;;;;;;;;;;
Gorka Carrera;Real Sociedad;2526;ESP-La Liga;ESP;FW;20;2005;3;0;62;0,7;0;0;0;0;0;0;1;0;0,0;0,0;0,0;0,0;0,0;ESP;FW;20;2005;0,7;0;1;1;100,0;1,45;1,45;0,0;0,0;0;0;ESP;FW;20;2005;3;62;21;1,8;0,7;0;;0;3;21;1;0,67;3;2;1;1,45;1,53;ESP;FW;20;2005;0,7;1;0;0;2;2;0;0;1;0;0;;;;;;;;;;;;;;;;;;;;;;;
Hamari Traoré;Real Sociedad;2526;ESP-La Liga;;;;;;;;;;;;;;;;;;;;;;;;;;;;;;;;;;;;;MLI;DF;33;1992;0;;;;;0;;0;0;;2;;;;;;;;;;;;;;;;;;;;;;;;;;;;;;;;;;;;;;;;;;;;
Ibai Aguirre;Real Sociedad;2526;ESP-La Liga;ESP;MF;18;2007;1;0;6;0,1;0;0;0;0;0;0;0;0;0,0;0,0;0,0;0,0;0,0;ESP;MF;18;2007;0,1;0;0;0;;0,0;0,0;;;0;0;ESP;MF;18;2007;1;6;6;0,2;0,1;0;;0;1;6;8;3,0;0;0;0;0,0;0,05;ESP;MF;18;2007;0,1;0;0;0;1;0;0;0;0;0;0;;;;;;;;;;;;;;;;;;;;;;;
Igor Zubeldia;Real Sociedad;2526;ESP-La Liga;ESP;DF;28;1997;25;23;2082;23,1;0;1;1;0;0;0;9;0;0,0;0,04;0,04;0,0;0,04;ESP;DF;28;1997;23,1;0;6;1;16,7;0,26;0,04;0,0;0,0;0;0;ESP;DF;28;1997;25;2082;83;60,9;23,1;23;88;22;2;25;3;1,28;34;37;-3;-0,13;-0,2;ESP;DF;28;1997;23,1;9;0;0;38;5;0;0;23;21;0;;;;;;;;;;;;;;;;;;;;;;;
Iñaki Rupérez;Real Sociedad;2526;ESP-La Liga;ESP;DF;22;2003;1;0;1;0,0;0;0;0;0;0;0;0;0;0,0;0,0;0,0;0,0;0,0;ESP;DF;22;2003;0,0;0;0;0;;0,0;0,0;;;0;0;ESP;DF;22;2003;1;1;1;0,0;0,0;0;;0;1;1;0;1,0;0;0;0;0,0;0,05;ESP;DF;22;2003;0,0;0;0;0;0;0;0;0;0;0;0;;;;;;;;;;;;;;;;;;;;;;;
Job Ochieng';Real Sociedad;2526;ESP-La Liga;KEN;MF;22;2003;2;1;93;1,0;0;0;0;0;0;0;0;0;0,0;0,0;0,0;0,0;0,0;KEN;MF;22;2003;1,0;0;1;0;0,0;0,97;0,0;0,0;;0;0;KEN;MF;22;2003;2;93;47;2,7;1,0;1;67;0;1;26;6;2,0;2;1;1;0,97;1,05;KEN;MF;22;2003;1,0;0;0;0;1;0;1;3;1;1;0;;;;;;;;;;;;;;;;;;;;;;;
Jon Aramburu;Real Sociedad;2526;ESP-La Liga;VEN;DF;23;2002;35;31;2773;30,8;1;0;1;1;0;0;11;0;0,03;0,0;0,03;0,03;0,03;VEN;DF;23;2002;30,8;1;21;5;23,8;0,68;0,16;0,05;0,2;0;0;VEN;DF;23;2002;35;2773;79;81,1;30,8;31;86;22;4;28;0;1,26;45;49;-4;-0,13;-0,41;VEN;DF;23;2002;30,8;11;0;0;69;45;3;48;47;66;0;;;;;;;;;;;;;;;;;;;;;;;
Jon Gorrotxategi;Real Sociedad;2526;ESP-La Liga;ESP;MF;23;2002;30;26;2210;24,6;1;3;4;1;0;0;7;0;0,04;0,12;0,16;0,04;0,16;ESP;MF;23;2002;24,6;1;13;1;7,7;0,53;0,04;0,08;1,0;0;0;ESP;MF;23;2002;30;2210;74;64,6;24,6;26;80;15;4;30;2;1,2;36;39;-3;-0,12;-0,2;ESP;MF;23;2002;24,6;7;0;0;33;27;0;5;31;29;1;;;;;;;;;;;;;;;;;;;;;;;
Jon Karrikaburu;Real Sociedad;2526;ESP-La Liga;ESP;FW;22;2002;7;0;135;1,5;0;0;0;0;0;0;0;0;0,0;0,0;0,0;0,0;0,0;ESP;FW;22;2002;1,5;0;7;2;28,6;4,67;1,33;0,0;0,0;0;0;ESP;FW;22;2002;7;135;19;3,9;1,5;0;;0;7;19;19;0,14;1;3;-2;-1,33;-1,33;ESP;FW;22;2002;1,5;0;0;0;3;4;2;1;0;2;0;;;;;;;;;;;;;;;;;;;;;;;
Jon Martin;Real Sociedad;2526;ESP-La Liga;ESP;DF;19;2006;25;25;2250;25,0;2;0;2;2;0;0;6;0;0,08;0,0;0,08;0,08;0,08;ESP;DF;19;2006;25,0;2;15;5;33,3;0,6;0,2;0,13;0,4;0;0;ESP;DF;19;2006;25;2250;90;65,8;25,0;25;90;25;0;;8;1,2;42;44;-2;-0,08;-0,08;ESP;DF;19;2006;25,0;6;0;0;18;12;1;0;35;16;0;;;;;;;;;;;;;;;;;;;;;;;
Jon Pacheco;Real Sociedad;2526;ESP-La Liga;;;;;;;;;;;;;;;;;;;;;;;;;;;;;;;;;;;;;ESP;DF;24;2001;0;;;;;0;;0;0;;1;;;;;;;;;;;;;;;;;;;;;;;;;;;;;;;;;;;;;;;;;;;;
Kazunari Kita;Real Sociedad;2526;ESP-La Liga;;;;;;;;;;;;;;;;;;;;;;;;;;;;;;;;;;;;;JPN;DF;19;2005;0;;;;;0;;0;0;;1;;;;;;;;;;;;;;;;;;;;;;;;;;;;;;;;;;;;;;;;;;;;
Kevin Folgado;Real Sociedad;2526;ESP-La Liga;;;;;;;;;;;;;;;;;;;;;;;;;;;;;;;;;;;;;FRA;GK;20;2005;0;;;;;0;;0;0;;7;;;;;;;;;;;;;;;;;;;;;;;;;;;;;;;;;;;;;;;;;;;;
Lander Astiazaran;Real Sociedad;2526;ESP-La Liga;ESP;MF;19;2006;1;0;1;0,0;0;0;0;0;0;0;0;0;0,0;0,0;0,0;0,0;0,0;ESP;MF;19;2006;0,0;0;1;0;0,0;90,0;0,0;0,0;;0;0;ESP;MF;19;2006;1;1;1;0,0;0,0;0;;0;1;1;0;1,0;0;1;-1;-90,0;-89,97;ESP;MF;19;2006;0,0;0;0;0;0;0;0;0;1;0;0;;;;;;;;;;;;;;;;;;;;;;;
Luka Sučić;Real Sociedad;2526;ESP-La Liga;CRO;MF,FW;22;2002;22;10;1022;11,4;3;1;4;3;0;0;1;0;0,26;0,09;0,35;0,26;0,35;CRO;MF,FW;22;2002;11,4;3;23;7;30,4;2,03;0,62;0,13;0,43;0;0;CRO;MF,FW;22;2002;22;1022;46;29,9;11,4;10;70;2;12;27;13;1,23;22;17;5;0,44;0,7;CRO;MF,FW;22;2002;11,4;1;0;0;11;6;1;6;5;8;0;;;;;;;;;;;;;;;;;;;;;;;
Luken Beitia;Real Sociedad;2526;ESP-La Liga;ESP;DF;21;2004;2;1;95;1,1;0;0;0;0;0;0;0;0;0,0;0,0;0,0;0,0;0,0;ESP;DF;21;2004;1,1;0;0;0;;0,0;0,0;;;0;0;ESP;DF;21;2004;2;95;48;2,8;1,1;1;90;1;1;5;9;1,0;1;2;-1;-0,95;-0,92;ESP;DF;21;2004;1,1;0;0;0;3;1;0;0;1;0;0;;;;;;;;;;;;;;;;;;;;;;;
Mikel Goti;Real Sociedad;2526;ESP-La Liga;ESP;MF;23;2002;4;1;76;0,8;0;0;0;0;0;0;0;0;0,0;0,0;0,0;0,0;0,0;ESP;MF;23;2002;0,8;0;3;0;0,0;3,55;0,0;0,0;;0;0;ESP;MF;23;2002;4;76;19;2,2;0,8;1;56;0;3;7;13;0,75;3;3;0;0,0;0,05;ESP;MF;23;2002;0,8;0;0;0;6;0;0;3;0;1;0;;;;;;;;;;;;;;;;;;;;;;;
Mikel Oyarzabal;Real Sociedad;2526;ESP-La Liga;ESP;FW;28;1997;34;30;2710;30,1;15;4;19;8;7;7;3;0;0,5;0,13;0,63;0,27;0,4;ESP;FW;28;1997;30,1;15;79;36;45,6;2,62;1,2;0,19;0,42;7;7;ESP;FW;28;1997;34;2710;80;79,2;30,1;30;86;21;4;30;1;1,32;48;45;3;0,1;0,73;ESP;FW;28;1997;30,1;3;0;0;28;42;14;21;5;20;0;;;;;;;;;;;;;;;;;;;;;;;
Orri Steinn Óskarsson;Real Sociedad;2526;ESP-La Liga;ISL;FW;20;2004;20;8;835;9,3;9;0;9;9;0;0;5;0;0,97;0,0;0,97;0,97;0,97;ISL;FW;20;2004;9,3;9;27;19;70,4;2,91;2,05;0,33;0,47;0;0;ISL;FW;20;2004;20;835;42;24,4;9,3;8;73;2;12;21;1;1,05;19;15;4;0,43;0,64;ISL;FW;20;2004;9,3;5;0;0;15;7;13;5;1;5;0;;;;;;;;;;;;;;;;;;;;;;;
Pablo Marín;Real Sociedad;2526;ESP-La Liga;ESP;MF;22;2003;34;15;1502;16,7;0;1;1;0;0;0;2;0;0,0;0,06;0,06;0,0;0,06;ESP;MF;22;2003;16,7;0;13;4;30,8;0,78;0,24;0,0;0,0;0;0;ESP;MF;22;2003;34;1502;44;43,9;16,7;15;71;4;19;23;4;1,26;28;35;-7;-0,42;-0,65;ESP;MF;22;2003;16,7;2;0;0;22;23;5;17;9;18;0;;;;;;;;;;;;;;;;;;;;;;;
Sergio Gómez;Real Sociedad;2526;ESP-La Liga;ESP;DF;24;2000;35;30;2701;30,0;0;6;6;0;0;0;5;1;0,0;0,2;0,2;0,0;0,2;ESP;DF;24;2000;30,0;0;12;0;0,0;0,4;0,0;0,0;;0;0;ESP;DF;24;2000;35;2701;77;79,0;30,0;30;86;20;5;23;1;1,23;47;45;2;0,07;0,57;ESP;DF;24;2000;30,0;5;1;0;45;15;4;153;32;53;0;;;;;;;;;;;;;;;;;;;;;;;
Takefusa Kubo;Real Sociedad;2526;ESP-La Liga;JPN;MF;24;2001;24;17;1503;16,7;2;4;6;2;0;0;2;0;0,12;0,24;0,36;0,12;0,36;JPN;MF;24;2001;16,7;2;28;12;42,9;1,68;0,72;0,07;0,17;0;0;JPN;MF;24;2001;24;1503;63;43,9;16,7;17;76;4;7;31;3;1,0;17;22;-5;-0,3;-0,44;JPN;MF;24;2001;16,7;2;0;0;9;51;11;39;10;18;0;;;;;;;;;;;;;;;;;;;;;;;
Tomás Carbonell;Real Sociedad;2526;ESP-La Liga;;;;;;;;;;;;;;;;;;;;;;;;;;;;;;;;;;;;;ESP;MF;20;2005;0;;;;;0;;0;0;;1;;;;;;;;;;;;;;;;;;;;;;;;;;;;;;;;;;;;;;;;;;;;
Umar Sadiq;Real Sociedad;2526;ESP-La Liga;NGA;FW;28;1997;5;2;153;1,7;0;0;0;0;0;0;1;0;0,0;0,0;0,0;0,0;0,0;NGA;FW;28;1997;1,7;0;4;0;0,0;2,35;0,0;0,0;;0;0;NGA;FW;28;1997;5;153;31;4,5;1,7;2;55;0;3;14;6;0,8;1;2;-1;-0,59;-0,56;NGA;FW;28;1997;1,7;1;0;0;2;2;2;1;0;0;0;;;;;;;;;;;;;;;;;;;;;;;
Unai Marrero;Real Sociedad;2526;ESP-La Liga;ESP;GK;23;2001;1;1;90;1,0;0;0;0;0;0;0;1;0;0,0;0,0;0,0;0,0;0,0;ESP;GK;23;2001;1,0;0;0;0;;0,0;0,0;;;0;0;ESP;GK;23;2001;1;90;90;2,6;1,0;1;90;1;0;;35;1,0;1;1;0;0,0;0,05;ESP;GK;23;2001;1,0;1;0;0;0;0;0;0;0;0;0;ESP;GK;23;2001;1;1;90;1,0;1;1,0;8;7;87,5;0;1;0;0;0,0;0;0;0;0;
Urko González;Real Sociedad;2526;ESP-La Liga;ESP;DF,MF;24;2001;1;0;11;0,1;0;0;0;0;0;0;0;0;0,0;0,0;0,0;0,0;0,0;ESP;DF,MF;24;2001;0,1;0;0;0;;0,0;0,0;;;0;0;ESP;DF,MF;24;2001;1;11;11;0,3;0,1;0;;0;1;11;1;1,0;0;0;0;0,0;0,05;ESP;DF,MF;24;2001;0,1;0;0;0;0;0;0;0;0;0;0;;;;;;;;;;;;;;;;;;;;;;;
Wesley;Real Sociedad;2526;ESP-La Liga;BRA;MF;20;2005;5;1;88;1,0;0;0;0;0;0;0;0;0;0,0;0,0;0,0;0,0;0,0;BRA;MF;20;2005;1,0;0;1;0;0,0;1,02;0,0;0,0;;0;0;BRA;MF;20;2005;5;88;18;2,6;1,0;1;45;0;4;11;11;0,8;1;4;-3;-3,07;-3,1;BRA;MF;20;2005;1,0;0;0;0;3;1;0;3;0;0;0;;;;;;;;;;;;;;;;;;;;;;;
Yangel Herrera;Real Sociedad;2526;ESP-La Liga;VEN;MF;27;1998;12;6;526;5,8;0;0;0;0;0;0;2;0;0,0;0,0;0,0;0,0;0,0;VEN;MF;27;1998;5,8;0;5;1;20,0;0,86;0,17;0,0;0,0;0;0;VEN;MF;27;1998;12;526;44;15,4;5,8;6;69;2;6;19;4;1,42;11;16;-5;-0,86;-0,95;VEN;MF;27;1998;5,8;2;0;0;13;18;2;0;1;6;0;;;;;;;;;;;;;;;;;;;;;;;
Álex Remiro;Real Sociedad;2526;ESP-La Liga;ESP;GK;30;1995;37;37;3330;37,0;0;0;0;0;0;0;1;0;0,0;0,0;0,0;0,0;0,0;ESP;GK;30;1995;37,0;0;0;0;;0,0;0,0;;;0;0;ESP;GK;30;1995;37;3330;90;97,4;37,0;37;90;37;0;;0;1,22;58;60;-2;-0,05;-0,05;ESP;GK;30;1995;37,0;1;0;0;0;7;1;0;1;1;1;ESP;GK;30;1995;37;37;3330;37,0;60;1,62;159;99;62,3;11;12;14;3;8,1;5;5;0;0;0,0
Álvaro Odriozola;Real Sociedad;2526;ESP-La Liga;ESP;DF;29;1995;5;2;201;2,2;1;0;1;1;0;0;0;0;0,45;0,0;0,45;0,45;0,45;ESP;DF;29;1995;2,2;1;1;1;100,0;0,45;0,45;1,0;1,0;0;0;ESP;DF;29;1995;5;201;40;5,9;2,2;2;60;0;3;27;17;2,0;6;4;2;0,9;1,01;ESP;DF;29;1995;2,2;0;0;0;1;3;0;3;1;1;0;;;;;;;;;;;;;;;;;;;;;;;
Adnan Januzaj;Sevilla;2526;ESP-La Liga;BEL;MF,FW;30;1995;12;2;321;3,6;0;0;0;0;0;0;1;0;0,0;0,0;0,0;0,0;0,0;BEL;MF,FW;30;1995;3,6;0;7;0;0,0;1,96;0,0;0,0;;0;0;BEL;MF,FW;30;1995;12;321;27;9,4;3,6;2;46;0;10;23;13;0,92;8;8;0;0,0;0,41;BEL;MF,FW;30;1995;3,6;1;0;0;8;10;1;30;1;4;0;;;;;;;;;;;;;;;;;;;;;;;
Adrià Pedrosa;Sevilla;2526;ESP-La Liga;ESP;DF,MF;27;1998;1;0;6;0,1;0;0;0;0;0;0;0;0;0,0;0,0;0,0;0,0;0,0;ESP;DF,MF;27;1998;0,1;0;0;0;;0,0;0,0;;;0;0;ESP;DF,MF;27;1998;1;6;6;0,2;0,1;0;;0;1;6;1;0,0;0;0;0;0,0;0,37;ESP;DF,MF;27;1998;0,1;0;0;0;0;1;0;3;0;0;0;;;;;;;;;;;;;;;;;;;;;;;
Akor Adams;Sevilla;2526;ESP-La Liga;NGA;FW;25;2000;32;21;2064;22,9;10;3;13;7;3;3;3;0;0,44;0,13;0,57;0,31;0,44;NGA;FW;25;2000;22,9;10;61;30;49,2;2,66;1,31;0,16;0,33;3;3;NGA;FW;25;2000;32;2064;65;60,4;22,9;21;85;14;11;25;1;1,13;32;40;-8;-0,35;0,05;NGA;FW;25;2000;22,9;3;0;0;36;12;41;17;1;4;0;;;;;;;;;;;;;;;;;;;;;;;
Alberto López;Sevilla;2526;ESP-La Liga;;;;;;;;;;;;;;;;;;;;;;;;;;;;;;;;;;;;;ESP;GK;21;2003;0;;;;;0;;0;0;;11;;;;;;;;;;;;;;;;;;;;;;;;;;;;;;;;;;;;;;;;;;;;
Alexis Sánchez;Sevilla;2526;ESP-La Liga;CHI;FW,MF;36;1988;28;11;1308;14,5;4;2;6;3;1;1;3;0;0,28;0,14;0,41;0,21;0,34;CHI;FW,MF;36;1988;14,5;4;25;9;36,0;1,72;0,62;0,16;0,44;1;1;CHI;FW,MF;36;1988;28;1308;47;38,2;14,5;11;74;3;17;29;3;1,14;20;32;-12;-0,83;-0,74;CHI;FW,MF;36;1988;14,5;3;0;0;16;26;13;25;7;13;0;;;;;;;;;;;;;;;;;;;;;;;
Alfon;Sevilla;2526;ESP-La Liga;ESP;MF;26;1999;10;4;312;3,5;1;0;1;1;0;0;0;0;0,29;0,0;0,29;0,29;0,29;ESP;MF;26;1999;3,5;1;11;7;63,6;3,17;2,02;0,09;0,14;0;0;ESP;MF;26;1999;10;312;31;9,1;3,5;4;56;1;6;15;1;1,1;5;6;-1;-0,29;0,09;ESP;MF;26;1999;3,5;0;0;0;3;6;0;4;1;0;0;;;;;;;;;;;;;;;;;;;;;;;
Batista Mendy;Sevilla;2526;ESP-La Liga;FRA;MF;25;2000;27;19;1617;18,0;1;0;1;1;0;0;6;0;0,06;0,0;0,06;0,06;0,06;FRA;MF;25;2000;18,0;1;17;5;29,4;0,95;0,28;0,06;0,2;0;0;FRA;MF;25;2000;27;1617;60;47,3;18,0;19;78;10;8;17;5;1,15;16;26;-10;-0,56;-0,36;FRA;MF;25;2000;18,0;6;0;0;37;27;0;5;18;23;0;;;;;;;;;;;;;;;;;;;;;;;
Carmona;Sevilla;2526;ESP-La Liga;ESP;DF,MF;23;2002;35;29;2565;28,5;1;3;4;1;0;0;13;0;0,04;0,11;0,14;0,04;0,14;ESP;DF,MF;23;2002;28,5;1;20;3;15,0;0,7;0,11;0,05;0,33;0;0;ESP;DF,MF;23;2002;35;2565;73;75,0;28,5;29;82;21;6;33;1;1,11;32;47;-15;-0,53;-0,63;ESP;DF,MF;23;2002;28,5;13;0;0;49;44;3;48;45;40;0;;;;;;;;;;;;;;;;;;;;;;;
Castrin;Sevilla;2526;ESP-La Liga;ESP;DF;22;2003;19;13;1277;14,2;1;0;1;1;0;0;4;0;0,07;0,0;0,07;0,07;0,07;ESP;DF;22;2003;14,2;1;11;3;27,3;0,78;0,21;0,09;0,33;0;0;ESP;DF;22;2003;19;1277;67;37,3;14,2;13;86;11;6;27;13;1,21;20;16;4;0,28;1,04;ESP;DF;22;2003;14,2;4;0;0;13;13;1;1;22;15;0;;;;;;;;;;;;;;;;;;;;;;;
Chidera Ejuke;Sevilla;2526;ESP-La Liga;NGA;MF,FW;27;1998;27;6;932;10,4;1;1;2;1;0;0;0;0;0,1;0,1;0,19;0,1;0,19;NGA;MF,FW;27;1998;10,4;1;23;3;13,0;2,22;0,29;0,04;0,33;0;0;NGA;MF,FW;27;1998;27;932;35;27,3;10,4;6;66;1;21;26;7;1,07;17;15;2;0,19;0,77;NGA;MF,FW;27;1998;10,4;0;0;0;5;16;2;27;7;13;0;;;;;;;;;;;;;;;;;;;;;;;
César Azpilicueta;Sevilla;2526;ESP-La Liga;ESP;DF;35;1989;17;17;1213;13,5;0;1;1;0;0;0;4;0;0,0;0,07;0,07;0,0;0,07;ESP;DF;35;1989;13,5;0;1;0;0,0;0,07;0,0;0,0;;0;0;ESP;DF;35;1989;17;1213;71;35,5;13,5;17;71;10;0;;4;1,24;18;16;2;0,15;0,8;ESP;DF;35;1989;13,5;4;0;0;24;9;1;12;22;19;0;;;;;;;;;;;;;;;;;;;;;;;
Djibril Sow;Sevilla;2526;ESP-La Liga;SUI;MF;28;1997;33;27;2187;24,3;5;4;9;5;0;0;6;0;0,21;0,16;0,37;0,21;0,37;SUI;MF;28;1997;24,3;5;19;8;42,1;0,78;0,33;0,26;0,63;0;0;SUI;MF;28;1997;33;2187;66;63,9;24,3;27;76;10;6;22;2;1,0;27;43;-16;-0,66;-0,8;SUI;MF;28;1997;24,3;6;0;0;42;29;3;22;23;27;0;;;;;;;;;;;;;;;;;;;;;;;
Dodi Lukebakio;Sevilla;2526;ESP-La Liga;BEL;MF;27;1997;2;2;180;2,0;1;0;1;1;0;0;0;0;0,5;0,0;0,5;0,5;0,5;BEL;MF;27;1997;2,0;1;2;1;50,0;1,0;0,5;0,5;1,0;0;0;BEL;MF;27;1997;2;180;90;5,3;2,0;2;90;2;0;;0;0,0;3;5;-2;-1,0;-0,67;BEL;MF;27;1997;2,0;0;0;0;3;3;0;10;1;0;0;;;;;;;;;;;;;;;;;;;;;;;
Edu Altozano;Sevilla;2526;ESP-La Liga;;;;;;;;;;;;;;;;;;;;;;;;;;;;;;;;;;;;;ESP;MF;18;2006;0;;;;;0;;0;0;;3;;;;;;;;;;;;;;;;;;;;;;;;;;;;;;;;;;;;;;;;;;;;
Federico Gattoni;Sevilla;2526;ESP-La Liga;ARG;DF;26;1999;1;0;10;0,1;0;0;0;0;0;0;0;0;0,0;0,0;0,0;0,0;0,0;ARG;DF;26;1999;0,1;0;0;0;;0,0;0,0;;;0;0;ARG;DF;26;1999;1;10;10;0,3;0,1;0;;0;1;10;13;1,0;0;0;0;0,0;0,37;ARG;DF;26;1999;0,1;0;0;0;0;0;0;0;0;0;0;;;;;;;;;;;;;;;;;;;;;;;
Fábio Cardoso;Sevilla;2526;ESP-La Liga;POR;DF;31;1994;4;4;295;3,3;0;0;0;0;0;0;0;0;0,0;0,0;0,0;0,0;0,0;POR;DF;31;1994;3,3;0;0;0;;0,0;0,0;;;0;0;POR;DF;31;1994;4;295;74;8,6;3,3;4;74;1;0;;24;1,5;6;5;1;0,31;0,74;POR;DF;31;1994;3,3;0;0;0;9;1;0;0;4;3;0;;;;;;;;;;;;;;;;;;;;;;;
Gabriel Suazo;Sevilla;2526;ESP-La Liga;CHI;DF,MF;27;1997;29;25;2096;23,3;0;2;2;0;0;0;7;0;0,0;0,09;0,09;0,0;0,09;CHI;DF,MF;27;1997;23,3;0;5;2;40,0;0,21;0,09;0,0;0,0;0;0;CHI;DF,MF;27;1997;29;2096;72;61,3;23,3;25;81;19;4;18;1;1,31;28;37;-9;-0,39;-0,05;CHI;DF,MF;27;1997;23,3;7;0;0;33;15;2;95;29;62;0;;;;;;;;;;;;;;;;;;;;;;;
Iker Ortín;Sevilla;2526;ESP-La Liga;;;;;;;;;;;;;;;;;;;;;;;;;;;;;;;;;;;;;ESP;DF;21;2004;0;;;;;0;;0;0;;1;;;;;;;;;;;;;;;;;;;;;;;;;;;;;;;;;;;;;;;;;;;;
Isaac Romero;Sevilla;2526;ESP-La Liga;ESP;FW,MF;25;2000;29;18;1484;16,5;4;0;4;4;0;1;6;1;0,24;0,0;0,24;0,24;0,24;ESP;FW,MF;25;2000;16,5;4;41;14;34,1;2,49;0,85;0,1;0,29;0;1;ESP;FW,MF;25;2000;29;1484;51;43,4;16,5;18;69;1;11;22;4;1,0;16;21;-5;-0,3;0,12;ESP;FW,MF;25;2000;16,5;6;1;0;29;24;5;10;5;10;0;;;;;;;;;;;;;;;;;;;;;;;
Joan Jordán;Sevilla;2526;ESP-La Liga;ESP;MF;31;1994;3;0;25;0,3;0;0;0;0;0;0;1;1;0,0;0,0;0,0;0,0;0,0;ESP;MF;31;1994;0,3;0;0;0;;0,0;0,0;;;0;0;ESP;MF;31;1994;3;25;8;0,7;0,3;0;;0;3;8;19;2,0;2;2;0;0,0;0,37;ESP;MF;31;1994;0,3;1;1;0;4;0;0;0;0;0;0;;;;;;;;;;;;;;;;;;;;;;;
Joaquín Martínez Gauna;Sevilla;2526;ESP-La Liga;ESP;MF,DF;22;2003;21;14;1408;15,6;2;3;5;2;0;0;1;0;0,13;0,19;0,32;0,13;0,32;ESP;MF,DF;22;2003;15,6;2;17;8;47,1;1,09;0,51;0,12;0,25;0;0;ESP;MF,DF;22;2003;21;1408;67;41,2;15,6;14;86;9;7;29;11;1,05;22;24;-2;-0,13;0,41;ESP;MF,DF;22;2003;15,6;1;0;0;12;16;4;88;8;20;0;;;;;;;;;;;;;;;;;;;;;;;
Juanlu Sánchez;Sevilla;2526;ESP-La Liga;ESP;MF,DF;21;2003;32;23;1990;22,1;0;3;3;0;0;0;6;1;0,0;0,14;0,14;0,0;0,14;ESP;MF,DF;21;2003;22,1;0;14;1;7,1;0,63;0,05;0,0;0,0;0;0;ESP;MF,DF;21;2003;32;1990;62;58,2;22,1;23;75;9;9;29;3;0,94;24;36;-12;-0,54;-0,42;ESP;MF,DF;21;2003;22,1;6;1;1;23;42;4;59;11;42;0;;;;;;;;;;;;;;;;;;;;;;;
Kike Salas;Sevilla;2526;ESP-La Liga;ESP;DF;23;2002;26;24;2203;24,5;2;0;2;2;0;0;1;0;0,08;0,0;0,08;0,08;0,08;ESP;DF;23;2002;24,5;2;19;8;42,1;0,78;0,33;0,11;0,25;0;0;ESP;DF;23;2002;26;2203;85;64,4;24,5;24;90;23;2;26;8;1,0;26;38;-12;-0,49;-0,34;ESP;DF;23;2002;24,5;1;0;0;31;20;2;10;37;35;0;;;;;;;;;;;;;;;;;;;;;;;
Lorenzo Luchino;Sevilla;2526;ESP-La Liga;;;;;;;;;;;;;;;;;;;;;;;;;;;;;;;;;;;;;ARG;GK;19;2006;0;;;;;0;;0;0;;1;;;;;;;;;;;;;;;;;;;;;;;;;;;;;;;;;;;;;;;;;;;;
Lucien Agoume;Sevilla;2526;ESP-La Liga;FRA;MF;23;2002;34;31;2686;29,8;1;3;4;1;0;0;12;0;0,03;0,1;0,13;0,03;0,13;FRA;MF;23;2002;29,8;1;15;2;13,3;0,5;0,07;0,07;0,5;0;0;FRA;MF;23;2002;34;2686;79;78,5;29,8;31;84;20;3;26;1;1,18;39;48;-9;-0,3;0,31;FRA;MF;23;2002;29,8;12;0;0;58;16;8;18;49;40;0;;;;;;;;;;;;;;;;;;;;;;;
Manu Bueno;Sevilla;2526;ESP-La Liga;ESP;MF;21;2004;8;2;272;3,0;0;0;0;0;0;0;2;0;0,0;0,0;0,0;0,0;0,0;ESP;MF;21;2004;3,0;0;2;0;0,0;0,66;0,0;0,0;;0;0;ESP;MF;21;2004;8;272;34;8,0;3,0;2;67;0;6;23;22;1,88;5;2;3;0,99;1,48;ESP;MF;21;2004;3,0;2;0;0;4;3;0;2;0;1;0;;;;;;;;;;;;;;;;;;;;;;;
Marcão;Sevilla;2526;ESP-La Liga;BRA;DF;29;1996;13;11;938;10,4;1;0;1;1;0;0;5;1;0,1;0,0;0,1;0,1;0,1;BRA;DF;29;1996;10,4;1;10;2;20,0;0,96;0,19;0,1;0,5;0;0;BRA;DF;29;1996;13;938;72;27,4;10,4;11;84;9;2;8;2;1,23;13;15;-2;-0,19;0,24;BRA;DF;29;1996;10,4;5;1;1;22;21;1;1;4;4;0;;;;;;;;;;;;;;;;;;;;;;;
Miguel Ángel Sierra;Sevilla;2526;ESP-La Liga;ESP;FW;21;2004;4;0;62;0,7;0;0;0;0;0;0;0;0;0,0;0,0;0,0;0,0;0,0;ESP;FW;21;2004;0,7;0;4;1;25,0;5,81;1,45;0,0;0,0;0;0;ESP;FW;21;2004;4;62;16;1,8;0,7;0;;0;4;16;11;1,0;3;1;2;2,9;3,33;ESP;FW;21;2004;0,7;0;0;0;1;3;0;4;0;1;0;;;;;;;;;;;;;;;;;;;;;;;
Neal Maupay;Sevilla;2526;ESP-La Liga;FRA;FW;28;1996;12;10;865;9,6;2;1;3;2;0;0;2;0;0,21;0,1;0,31;0,21;0,31;FRA;FW;28;1996;9,6;2;17;7;41,2;1,77;0,73;0,12;0,29;0;0;FRA;FW;28;1996;12;865;72;25,3;9,6;10;79;3;2;36;2;1,17;11;14;-3;-0,31;0,08;FRA;FW;28;1996;9,6;2;0;0;15;16;3;4;1;1;0;;;;;;;;;;;;;;;;;;;;;;;
Nemanja Gudelj;Sevilla;2526;ESP-La Liga;SRB;DF,MF;33;1991;34;26;2348;26,1;2;0;2;2;0;0;9;0;0,08;0,0;0,08;0,08;0,08;SRB;DF,MF;33;1991;26,1;2;31;9;29,0;1,19;0,34;0,06;0,22;0;0;SRB;DF,MF;33;1991;34;2348;69;68,7;26,1;26;85;19;8;19;3;1,18;33;41;-8;-0,31;0,2;SRB;DF,MF;33;1991;26,1;9;0;0;40;11;0;7;23;23;0;;;;;;;;;;;;;;;;;;;;;;;
Nicolás Guilén Peguero;Sevilla;2526;ESP-La Liga;;;;;;;;;;;;;;;;;;;;;;;;;;;;;;;;;;;;;ESP;MF;17;2008;0;;;;;0;;0;0;;2;;;;;;;;;;;;;;;;;;;;;;;;;;;;;;;;;;;;;;;;;;;;
Odysseas Vlachodimos;Sevilla;2526;ESP-La Liga;GRE;GK;31;1994;33;33;2970;33,0;0;0;0;0;0;0;1;0;0,0;0,0;0,0;0,0;0,0;GRE;GK;31;1994;33,0;0;0;0;;0,0;0,0;;;0;0;GRE;GK;31;1994;33;2970;90;86,8;33,0;33;90;33;0;;3;1,18;39;52;-13;-0,39;-0,19;GRE;GK;31;1994;33,0;1;0;0;0;2;0;0;1;0;0;GRE;GK;31;1994;33;33;2970;33,0;52;1,58;140;88;62,9;11;6;16;5;15,2;10;8;1;1;11,1
Peque;Sevilla;2526;ESP-La Liga;ESP;MF,FW;22;2002;26;12;982;10,9;2;1;3;2;0;0;7;0;0,18;0,09;0,27;0,18;0,27;ESP;MF,FW;22;2002;10,9;2;15;6;40,0;1,37;0,55;0,13;0,33;0;0;ESP;MF,FW;22;2002;26;982;38;28,7;10,9;12;66;1;14;14;8;1,23;8;15;-7;-0,64;-0,38;ESP;MF,FW;22;2002;10,9;7;0;0;15;47;1;28;1;8;0;;;;;;;;;;;;;;;;;;;;;;;
Rafa;Sevilla;2526;ESP-La Liga;;;;;;;;;;;;;;;;;;;;;;;;;;;;;;;;;;;;;ESP;GK;21;2003;0;;;;;0;;0;0;;3;;;;;;;;;;;;;;;;;;;;;;;;;;;;;;;;;;;;;;;;;;;;
Ramón Martínez;Sevilla;2526;ESP-La Liga;ESP;DF;22;2002;2;0;102;1,1;0;0;0;0;0;0;0;0;0,0;0,0;0,0;0,0;0,0;ESP;DF;22;2002;1,1;0;0;0;;0,0;0,0;;;0;0;ESP;DF;22;2002;2;102;51;3,0;1,1;0;;0;2;51;9;1,5;2;3;-1;-0,88;-0,53;ESP;DF;22;2002;1,1;0;0;0;1;1;0;0;1;0;0;;;;;;;;;;;;;;;;;;;;;;;
Ruben Vargas;Sevilla;2526;ESP-La Liga;SUI;MF,FW;26;1998;24;20;1594;17,7;3;6;9;2;1;1;2;0;0,17;0,34;0,51;0,11;0,45;SUI;MF,FW;26;1998;17,7;3;41;8;19,5;2,31;0,45;0,07;0,38;1;1;SUI;MF,FW;26;1998;24;1594;66;46,6;17,7;20;74;2;4;28;0;1,17;18;27;-9;-0,51;-0,26;SUI;MF,FW;26;1998;17,7;2;0;0;13;17;7;90;7;15;0;;;;;;;;;;;;;;;;;;;;;;;
Stanis Idumbo;Sevilla;2526;ESP-La Liga;BEL;MF;20;2005;1;1;45;0,5;0;0;0;0;0;0;0;0;0,0;0,0;0,0;0,0;0,0;BEL;MF;20;2005;0,5;0;1;0;0,0;2,0;0,0;0,0;;0;0;BEL;MF;20;2005;1;45;45;1,3;0,5;1;45;0;0;;0;0,0;0;2;-2;-4,0;-3,68;BEL;MF;20;2005;0,5;0;0;0;0;0;0;0;0;0;0;;;;;;;;;;;;;;;;;;;;;;;
Tanguy Nianzou;Sevilla;2526;ESP-La Liga;FRA;DF;23;2002;12;8;655;7,3;0;0;0;0;0;0;5;1;0,0;0,0;0,0;0,0;0,0;FRA;DF;23;2002;7,3;0;9;0;0,0;1,24;0,0;0,0;;0;0;FRA;DF;23;2002;12;655;55;19,2;7,3;8;68;2;4;28;9;1,08;7;16;-9;-1,24;-1,07;FRA;DF;23;2002;7,3;5;1;0;15;6;0;0;4;10;0;;;;;;;;;;;;;;;;;;;;;;;
Álex Costa;Sevilla;2526;ESP-La Liga;;;;;;;;;;;;;;;;;;;;;;;;;;;;;;;;;;;;;ESP;FW;22;2003;0;;;;;0;;0;0;;3;;;;;;;;;;;;;;;;;;;;;;;;;;;;;;;;;;;;;;;;;;;;
Álvaro Fernández;Sevilla;2526;ESP-La Liga;;;;;;;;;;;;;;;;;;;;;;;;;;;;;;;;;;;;;ESP;GK;27;1998;0;;;;;0;;0;0;;1;;;;;;;;;;;;;;;;;;;;;;;;;;;;;;;;;;;;;;;;;;;;
Ørjan Nyland;Sevilla;2526;ESP-La Liga;NOR;GK;34;1990;5;5;450;5,0;0;0;0;0;0;0;1;0;0,0;0,0;0,0;0,0;0,0;NOR;GK;34;1990;5,0;0;0;0;;0,0;0,0;;;0;0;NOR;GK;34;1990;5;450;90;13,2;5,0;5;90;5;0;;32;0,8;7;8;-1;-0,2;0,19;NOR;GK;34;1990;5,0;1;0;0;0;0;0;0;0;0;0;NOR;GK;34;1990;5;5;450;5,0;8;1,6;19;11;57,9;1;1;3;1;20,0;1;1;0;0;0,0
Aaron Mayol;Valencia;2526;ESP-La Liga;;;;;;;;;;;;;;;;;;;;;;;;;;;;;;;;;;;;;;MF;;;0;;;;;0;;0;0;;1;;;;;;;;;;;;;;;;;;;;;;;;;;;;;;;;;;;;;;;;;;;;
Aimar Blazquez;Valencia;2526;ESP-La Liga;;;;;;;;;;;;;;;;;;;;;;;;;;;;;;;;;;;;;ESP;FW;19;2006;0;;;;;0;;0;0;;3;;;;;;;;;;;;;;;;;;;;;;;;;;;;;;;;;;;;;;;;;;;;
Alejandro Panach;Valencia;2526;ESP-La Liga;;;;;;;;;;;;;;;;;;;;;;;;;;;;;;;;;;;;;ESP;DF;19;2006;0;;;;;0;;0;0;;8;;;;;;;;;;;;;;;;;;;;;;;;;;;;;;;;;;;;;;;;;;;;
André Almeida;Valencia;2526;ESP-La Liga;POR;MF;25;2000;22;11;1017;11,3;0;2;2;0;0;0;0;0;0,0;0,18;0,18;0,0;0,18;POR;MF;25;2000;11,3;0;9;3;33,3;0,8;0,27;0,0;0,0;0;0;POR;MF;25;2000;22;1017;46;29,7;11,3;11;75;3;11;17;15;1,23;14;14;0;0,0;0,34;POR;MF;25;2000;11,3;0;0;0;12;22;0;65;8;11;0;;;;;;;;;;;;;;;;;;;;;;;
Arnaut Danjuma;Valencia;2526;ESP-La Liga;NED;MF,FW;28;1997;30;18;1628;18,1;3;2;5;3;0;1;0;0;0,17;0,11;0,28;0,17;0,28;NED;MF,FW;28;1997;18,1;3;36;14;38,9;1,99;0,77;0,08;0,21;0;1;NED;MF,FW;28;1997;30;1628;54;47,6;18,1;18;75;7;12;23;6;1,0;19;28;-9;-0,5;-0,5;NED;MF,FW;28;1997;18,1;0;0;0;21;22;5;49;2;10;0;;;;;;;;;;;;;;;;;;;;;;;
Baptiste Santamaria;Valencia;2526;ESP-La Liga;FRA;MF;30;1995;19;7;754;8,4;1;1;2;1;0;0;2;0;0,12;0,12;0,24;0,12;0,24;FRA;MF;30;1995;8,4;1;6;2;33,3;0,72;0,24;0,17;0,5;0;0;FRA;MF;30;1995;19;754;40;22,0;8,4;7;84;6;12;14;18;1,21;11;17;-6;-0,72;-0,61;FRA;MF;30;1995;8,4;2;0;0;13;10;1;3;8;5;0;;;;;;;;;;;;;;;;;;;;;;;
Copete;Valencia;2526;ESP-La Liga;ESP;DF;25;1999;21;19;1759;19,5;0;0;0;0;0;0;5;0;0,0;0,0;0,0;0,0;0,0;ESP;DF;25;1999;19,5;0;13;0;0,0;0,67;0,0;0,0;;0;0;ESP;DF;25;1999;21;1759;84;51,4;19,5;19;88;15;2;47;3;0,9;17;32;-15;-0,77;-1,09;ESP;DF;25;1999;19,5;5;0;0;20;11;2;4;25;15;1;;;;;;;;;;;;;;;;;;;;;;;
Cristian;Valencia;2526;ESP-La Liga;;;;;;;;;;;;;;;;;;;;;;;;;;;;;;;;;;;;;ESP;GK;27;1998;0;;;0,0;0,0;0;;0;0;;26;3,0;1;0;1;;;;;;;;;;;;;;;;;;;;;;;;;;;;;;;;;;;;;;;;
César Tárrega;Valencia;2526;ESP-La Liga;ESP;DF;23;2002;32;29;2598;28,9;0;0;0;0;0;0;7;0;0,0;0,0;0,0;0,0;0,0;ESP;DF;23;2002;28,9;0;11;1;9,1;0,38;0,03;0,0;0,0;0;0;ESP;DF;23;2002;32;2598;81;76,0;28,9;29;88;28;3;16;4;1,34;35;41;-6;-0,21;0,12;ESP;DF;23;2002;28,9;7;0;0;40;13;0;1;24;24;2;;;;;;;;;;;;;;;;;;;;;;;
Dani Raba;Valencia;2526;ESP-La Liga;ESP;FW;29;1995;13;3;270;3,0;0;1;1;0;0;0;0;0;0,0;0,33;0,33;0,0;0,33;ESP;FW;29;1995;3,0;0;9;1;11,1;3,0;0,33;0,0;0,0;0;0;ESP;FW;29;1995;13;270;21;7,9;3,0;3;51;0;10;12;23;1,23;5;4;1;0,33;0,62;ESP;FW;29;1995;3,0;0;0;0;6;2;0;14;4;4;0;;;;;;;;;;;;;;;;;;;;;;;
David Otorbi;Valencia;2526;ESP-La Liga;;;;;;;;;;;;;;;;;;;;;;;;;;;;;;;;;;;;;ESP;FW;17;2007;0;;;;;0;;0;0;;18;;;;;;;;;;;;;;;;;;;;;;;;;;;;;;;;;;;;;;;;;;;;
Diego López;Valencia;2526;ESP-La Liga;ESP;MF,FW;23;2002;34;20;1762;19,6;4;1;5;4;0;0;2;0;0,2;0,05;0,26;0,2;0,26;ESP;MF,FW;23;2002;19,6;4;28;8;28,6;1,43;0,41;0,14;0,5;0;0;ESP;MF,FW;23;2002;34;1762;52;51,5;19,6;20;74;6;14;20;2;1,35;15;30;-15;-0,77;-1,09;ESP;MF,FW;23;2002;19,6;2;0;0;20;33;3;41;14;16;0;;;;;;;;;;;;;;;;;;;;;;;
Dimitri Foulquier;Valencia;2526;ESP-La Liga;FRA;DF;32;1993;15;12;1150;12,8;0;0;0;0;0;0;1;0;0,0;0,0;0,0;0,0;0,0;FRA;DF;32;1993;12,8;0;6;1;16,7;0,47;0,08;0,0;0,0;0;0;FRA;DF;32;1993;15;1150;77;33,6;12,8;12;88;11;3;32;3;1,27;16;21;-5;-0,39;-0,23;FRA;DF;32;1993;12,8;1;0;0;16;7;0;11;8;9;0;;;;;;;;;;;;;;;;;;;;;;;
Eray Cömert;Valencia;2526;ESP-La Liga;SUI;DF;27;1998;17;15;1337;14,9;2;1;3;2;0;0;3;1;0,13;0,07;0,2;0,13;0,2;SUI;DF;27;1998;14,9;2;11;3;27,3;0,74;0,2;0,18;0,67;0;0;SUI;DF;27;1998;17;1337;79;39,1;14,9;15;86;11;2;24;15;1,35;20;21;-1;-0,07;0,28;SUI;DF;27;1998;14,9;3;1;0;9;13;1;1;21;14;0;;;;;;;;;;;;;;;;;;;;;;;
Filip Ugrinic;Valencia;2526;ESP-La Liga;SUI;MF;26;1999;27;17;1504;16,7;0;3;3;0;0;0;3;0;0,0;0,18;0,18;0,0;0,18;SUI;MF;26;1999;16,7;0;20;3;15,0;1,2;0,18;0,0;0,0;0;0;SUI;MF;26;1999;27;1504;56;44,0;16,7;17;74;3;10;24;4;1,3;18;24;-6;-0,36;-0,22;SUI;MF;26;1999;16,7;3;0;0;17;13;6;56;11;16;0;;;;;;;;;;;;;;;;;;;;;;;
Guido Rodríguez;Valencia;2526;ESP-La Liga;ARG;MF;31;1994;16;14;1309;14,5;4;0;4;4;0;0;4;0;0,28;0,0;0,28;0,28;0,28;ARG;MF;31;1994;14,5;4;15;5;33,3;1,03;0,34;0,27;0,8;0;0;ARG;MF;31;1994;16;1309;82;38,3;14,5;14;90;13;2;26;0;1,63;23;19;4;0,28;0,83;ARG;MF;31;1994;14,5;4;0;0;21;28;0;3;10;27;0;;;;;;;;;;;;;;;;;;;;;;;
Hugo Duro;Valencia;2526;ESP-La Liga;ESP;FW;25;1999;36;22;1979;22,0;10;0;10;9;1;2;4;0;0,45;0,0;0,45;0,41;0,41;ESP;FW;25;1999;22,0;10;36;14;38,9;1,64;0,64;0,28;0,71;1;2;ESP;FW;25;1999;36;1979;55;57,9;22,0;22;74;7;14;24;1;1,31;29;34;-5;-0,23;0,02;ESP;FW;25;1999;22,0;4;0;0;22;38;6;1;3;9;0;;;;;;;;;;;;;;;;;;;;;;;
Javi Navarro;Valencia;2526;ESP-La Liga;;;;;;;;;;;;;;;;;;;;;;;;;;;;;;;;;;;;;ESP;MF;21;2004;0;;;;;0;;0;0;;1;;;;;;;;;;;;;;;;;;;;;;;;;;;;;;;;;;;;;;;;;;;;
Javier Guerra;Valencia;2526;ESP-La Liga;ESP;MF,FW;22;2003;36;25;2061;22,9;4;6;10;4;0;0;3;0;0,17;0,26;0,44;0,17;0,44;ESP;MF,FW;22;2003;22,9;4;31;12;38,7;1,35;0,52;0,13;0,33;0;0;ESP;MF,FW;22;2003;36;2061;57;60,3;22,9;25;75;6;11;18;2;1,36;30;31;-1;-0,04;0,49;ESP;MF,FW;22;2003;22,9;3;0;0;27;20;2;46;23;15;0;;;;;;;;;;;;;;;;;;;;;;;
Jesus Vazquez;Valencia;2526;ESP-La Liga;ESP;DF,MF;22;2003;24;7;974;10,8;0;0;0;0;0;0;2;0;0,0;0,0;0,0;0,0;0,0;ESP;DF,MF;22;2003;10,8;0;8;2;25,0;0,74;0,18;0,0;0,0;0;0;ESP;DF,MF;22;2003;24;974;41;28,5;10,8;7;87;5;17;21;14;1,38;21;18;3;0,28;0,72;ESP;DF,MF;22;2003;10,8;2;0;0;16;8;2;26;4;10;0;;;;;;;;;;;;;;;;;;;;;;;
Joel Fontanet;Valencia;2526;ESP-La Liga;;;;;;;;;;;;;;;;;;;;;;;;;;;;;;;;;;;;;ESP;;19;2006;0;;;;;0;;0;0;;4;;;;;;;;;;;;;;;;;;;;;;;;;;;;;;;;;;;;;;;;;;;;
José Luis García Vayá;Valencia;2526;ESP-La Liga;ESP;MF,DF;26;1998;31;26;2225;24,7;2;0;2;1;1;3;4;0;0,08;0,0;0,08;0,04;0,04;ESP;MF,DF;26;1998;24,7;2;24;3;12,5;0,97;0,12;0,08;0,67;1;3;ESP;MF,DF;26;1998;31;2225;72;65,1;24,7;26;82;12;5;20;7;1,29;24;34;-10;-0,4;-0,48;ESP;MF,DF;26;1998;24,7;4;0;0;30;14;1;46;19;33;0;;;;;;;;;;;;;;;;;;;;;;;
José Luis Gayà;Valencia;2526;ESP-La Liga;ESP;DF;30;1995;32;31;2448;27,2;1;2;3;1;0;0;6;1;0,04;0,07;0,11;0,04;0,11;ESP;DF;30;1995;27,2;1;13;3;23,1;0,48;0,11;0,08;0,33;0;0;ESP;DF;30;1995;32;2448;77;71,6;27,2;31;79;16;1;9;2;1,16;23;37;-14;-0,51;-0,98;ESP;DF;30;1995;27,2;6;1;0;31;20;3;88;23;44;0;;;;;;;;;;;;;;;;;;;;;;;
Julen Agirrezabala;Valencia;2526;ESP-La Liga;ESP;GK;24;2000;18;18;1620;18,0;0;0;0;0;0;0;1;0;0,0;0,0;0,0;0,0;0,0;ESP;GK;24;2000;18,0;0;0;0;;0,0;0,0;;;0;0;ESP;GK;24;2000;18;1620;90;47,4;18,0;18;90;18;0;;4;0,89;17;30;-13;-0,72;-0,92;ESP;GK;24;2000;18,0;1;0;0;0;1;0;0;0;1;0;ESP;GK;24;2000;18;18;1620;18,0;30;1,67;83;52;63,9;3;7;8;4;22,2;4;3;1;0;25,0
Largie Ramazani;Valencia;2526;ESP-La Liga;BEL;MF,FW;24;2001;27;11;1234;13,7;6;1;7;3;3;3;4;0;0,44;0,07;0,51;0,22;0,29;BEL;MF,FW;24;2001;13,7;6;51;19;37,3;3,72;1,39;0,12;0,32;3;3;BEL;MF,FW;24;2001;27;1234;46;36,1;13,7;11;84;4;16;19;3;1,41;25;20;5;0,36;0,94;BEL;MF,FW;24;2001;13,7;4;0;0;17;20;2;27;14;12;0;;;;;;;;;;;;;;;;;;;;;;;
Lucas Beltrán;Valencia;2526;ESP-La Liga;ARG;FW;24;2001;27;16;1365;15,2;1;2;3;1;0;0;1;0;0,07;0,13;0,2;0,07;0,2;ARG;FW;24;2001;15,2;1;34;9;26,5;2,24;0,59;0,03;0,11;0;0;ARG;FW;24;2001;27;1365;51;39,9;15,2;16;69;2;11;23;0;1,07;17;21;-4;-0,26;-0,04;ARG;FW;24;2001;15,2;1;0;0;26;39;4;10;4;10;0;;;;;;;;;;;;;;;;;;;;;;;
Lucas Núñez;Valencia;2526;ESP-La Liga;;;;;;;;;;;;;;;;;;;;;;;;;;;;;;;;;;;;;ESP;MF;19;2006;0;;;;;0;;0;0;;10;;;;;;;;;;;;;;;;;;;;;;;;;;;;;;;;;;;;;;;;;;;;
Luis Rioja;Valencia;2526;ESP-La Liga;ESP;MF;31;1993;37;31;2624;29,2;3;6;9;3;0;0;1;0;0,1;0,21;0,31;0,1;0,31;ESP;MF;31;1993;29,2;3;44;5;11,4;1,51;0,17;0,07;0,6;0;0;ESP;MF;31;1993;37;2624;71;76,7;29,2;31;79;13;6;29;0;1,32;35;38;-3;-0,1;0,58;ESP;MF;31;1993;29,2;1;0;0;13;29;9;152;17;25;0;;;;;;;;;;;;;;;;;;;;;;;
Marcos Navarro;Valencia;2526;ESP-La Liga;;;;;;;;;;;;;;;;;;;;;;;;;;;;;;;;;;;;;ESP;DF;21;2004;0;;;;;0;;0;0;;2;;;;;;;;;;;;;;;;;;;;;;;;;;;;;;;;;;;;;;;;;;;;
Mouctar Diakhaby;Valencia;2526;ESP-La Liga;GUI;DF;28;1996;8;7;543;6,0;1;0;1;1;0;0;3;0;0,17;0,0;0,17;0,17;0,17;GUI;DF;28;1996;6,0;1;4;3;75,0;0,66;0,5;0,25;0,33;0;0;GUI;DF;28;1996;8;543;68;15,9;6,0;7;74;5;1;24;2;0,88;9;11;-2;-0,33;-0,11;GUI;DF;28;1996;6,0;3;0;0;7;3;1;0;9;6;0;;;;;;;;;;;;;;;;;;;;;;;
Pablo López;Valencia;2526;ESP-La Liga;;;;;;;;;;;;;;;;;;;;;;;;;;;;;;;;;;;;;ESP;FW;19;2006;0;;;;;0;;0;0;;3;;;;;;;;;;;;;;;;;;;;;;;;;;;;;;;;;;;;;;;;;;;;
Pere García;Valencia;2526;ESP-La Liga;;;;;;;;;;;;;;;;;;;;;;;;;;;;;;;;;;;;;ESP;GK;23;2002;0;;;;;0;;0;0;;1;;;;;;;;;;;;;;;;;;;;;;;;;;;;;;;;;;;;;;;;;;;;
Renzo Saravia;Valencia;2526;ESP-La Liga;ARG;DF;32;1993;5;4;351;3,9;0;0;0;0;0;0;2;0;0,0;0,0;0,0;0,0;0,0;ARG;DF;32;1993;3,9;0;1;0;0,0;0,26;0,0;0,0;;0;0;ARG;DF;32;1993;5;351;70;10,3;3,9;4;68;0;1;80;5;1,6;4;5;-1;-0,26;-0,02;ARG;DF;32;1993;3,9;2;0;0;4;10;0;1;7;5;0;;;;;;;;;;;;;;;;;;;;;;;
Ruben Lendinez;Valencia;2526;ESP-La Liga;ESP;DF;22;2003;1;0;4;0,0;0;0;0;0;0;0;0;0;0,0;0,0;0,0;0,0;0,0;ESP;DF;22;2003;0,0;0;0;0;;0,0;0,0;;;0;0;ESP;DF;22;2003;1;4;4;0,1;0,0;0;;0;1;4;24;3,0;0;0;0;0,0;0,24;ESP;DF;22;2003;0,0;0;0;0;1;0;0;0;0;1;0;;;;;;;;;;;;;;;;;;;;;;;
Rubén Muñoz;Valencia;2526;ESP-La Liga;;;;;;;;;;;;;;;;;;;;;;;;;;;;;;;;;;;;;ESP;DF;18;2007;0;;;;;0;;0;0;;1;;;;;;;;;;;;;;;;;;;;;;;;;;;;;;;;;;;;;;;;;;;;
Stole Dimitrievski;Valencia;2526;ESP-La Liga;MKD;GK;31;1993;20;20;1800;20,0;0;0;0;0;0;0;1;0;0,0;0,0;0,0;0,0;0,0;MKD;GK;31;1993;20,0;0;0;0;;0,0;0,0;;;0;0;MKD;GK;31;1993;20;1800;90;52,6;20,0;20;90;20;0;;15;1,65;29;25;4;0,2;0,92;MKD;GK;31;1993;20,0;1;0;0;0;4;0;0;1;0;0;MKD;GK;31;1993;20;20;1800;20,0;25;1,25;77;52;67,5;10;3;7;5;25,0;4;3;0;1;0,0
Thierry Correia;Valencia;2526;ESP-La Liga;POR;DF,MF;26;1999;24;17;1392;15,5;0;2;2;0;0;0;5;0;0,0;0,13;0,13;0,0;0,13;POR;DF,MF;26;1999;15,5;0;5;1;20,0;0,32;0,06;0,0;0,0;0;0;POR;DF,MF;26;1999;24;1392;58;40,7;15,5;17;73;8;7;20;3;0,96;13;24;-11;-0,71;-0,8;POR;DF,MF;26;1999;15,5;5;0;0;28;25;4;42;18;22;0;;;;;;;;;;;;;;;;;;;;;;;
Umar Sadiq;Valencia;2526;ESP-La Liga;NGA;FW;28;1997;20;8;911;10,1;4;2;6;4;0;0;3;0;0,4;0,2;0,59;0,4;0,59;NGA;FW;28;1997;10,1;4;25;10;40,0;2,47;0,99;0,16;0,4;0;0;NGA;FW;28;1997;20;911;46;26,6;10,1;8;79;4;12;23;0;1,65;18;14;4;0,4;0,86;NGA;FW;28;1997;10,1;3;0;0;30;19;13;5;1;5;0;;;;;;;;;;;;;;;;;;;;;;;
Unai Núñez;Valencia;2526;ESP-La Liga;ESP;DF;28;1997;13;10;911;10,1;0;0;0;0;0;0;3;0;0,0;0,0;0,0;0,0;0,0;ESP;DF;28;1997;10,1;0;9;1;11,1;0,89;0,1;0,0;0,0;0;0;ESP;DF;28;1997;13;911;70;26,6;10,1;10;82;6;3;29;2;1,92;16;12;4;0,4;0,86;ESP;DF;28;1997;10,1;3;0;0;12;7;0;4;11;11;0;;;;;;;;;;;;;;;;;;;;;;;
Vicent Abril;Valencia;2526;ESP-La Liga;;;;;;;;;;;;;;;;;;;;;;;;;;;;;;;;;;;;;ESP;GK;20;2005;0;;;;;0;;0;0;;10;;;;;;;;;;;;;;;;;;;;;;;;;;;;;;;;;;;;;;;;;;;;
Adrià Altimira;Villarreal;2526;ESP-La Liga;ESP;DF,MF;24;2001;1;0;9;0,1;0;0;0;0;0;0;0;0;0,0;0,0;0,0;0,0;0,0;ESP;DF,MF;24;2001;0,1;0;0;0;;0,0;0,0;;;0;0;ESP;DF,MF;24;2001;1;9;9;0,3;0,1;0;;0;1;9;15;0,0;0;0;0;0,0;-0,69;ESP;DF,MF;24;2001;0,1;0;0;0;0;0;0;0;0;1;0;;;;;;;;;;;;;;;;;;;;;;;
Alassane Diatta;Villarreal;2526;ESP-La Liga;SEN;MF;20;2005;1;0;25;0,3;0;0;0;0;0;0;0;0;0,0;0,0;0,0;0,0;0,0;SEN;MF;20;2005;0,3;0;0;0;;0,0;0,0;;;0;0;SEN;MF;20;2005;1;25;25;0,7;0,3;0;;0;1;25;8;3,0;0;0;0;0,0;-0,69;SEN;MF;20;2005;0,3;0;0;0;0;0;0;0;0;0;0;;;;;;;;;;;;;;;;;;;;;;;
Alberto Moleiro;Villarreal;2526;ESP-La Liga;ESP;MF;21;2003;37;30;2478;27,5;10;5;15;10;0;0;4;0;0,36;0,18;0,54;0,36;0,54;ESP;MF;21;2003;27,5;10;46;20;43,5;1,67;0,73;0,22;0,5;0;0;ESP;MF;21;2003;37;2478;67;72,5;27,5;30;77;9;7;23;1;1,95;54;31;23;0,84;0,55;ESP;MF;21;2003;27,5;4;0;0;33;27;3;31;14;21;0;;;;;;;;;;;;;;;;;;;;;;;
Alex Freeman;Villarreal;2526;ESP-La Liga;USA;DF;20;2004;9;3;346;3,8;0;0;0;0;0;0;0;0;0,0;0,0;0,0;0,0;0,0;USA;DF;20;2004;3,8;0;1;0;0,0;0,26;0,0;0,0;;0;0;USA;DF;20;2004;9;346;38;10,1;3,8;3;90;3;6;13;9;1,56;10;6;4;1,04;0,4;USA;DF;20;2004;3,8;0;0;0;2;3;0;1;5;8;0;;;;;;;;;;;;;;;;;;;;;;;
Alfon;Villarreal;2526;ESP-La Liga;ESP;MF;26;1999;10;3;333;3,7;1;0;1;1;0;0;0;0;0,27;0,0;0,27;0,27;0,27;ESP;MF;26;1999;3,7;1;6;3;50,0;1,62;0,81;0,17;0,33;0;0;ESP;MF;26;1999;10;333;33;9,7;3,7;3;64;0;7;20;4;1,7;4;4;0;0,0;-0,76;ESP;MF;26;1999;3,7;0;0;0;7;2;1;9;2;1;0;;;;;;;;;;;;;;;;;;;;;;;
Alfonso Pedraza;Villarreal;2526;ESP-La Liga;ESP;DF;29;1996;27;19;1689;18,8;1;3;4;1;0;0;8;0;0,05;0,16;0,21;0,05;0,21;ESP;DF;29;1996;18,8;1;11;3;27,3;0,59;0,16;0,09;0,33;0;0;ESP;DF;29;1996;27;1689;63;49,4;18,8;19;80;10;8;21;9;1,89;39;24;15;0,8;0,23;ESP;DF;29;1996;18,8;8;0;0;27;23;4;84;29;31;0;;;;;;;;;;;;;;;;;;;;;;;
Arnau Tenas;Villarreal;2526;ESP-La Liga;ESP;GK;24;2001;10;10;900;10,0;0;0;0;0;0;0;0;0;0,0;0,0;0,0;0,0;0,0;ESP;GK;24;2001;10,0;0;0;0;;0,0;0,0;;;0;0;ESP;GK;24;2001;10;900;90;26,3;10,0;10;90;10;0;;26;1,5;21;16;5;0,5;-0,25;ESP;GK;24;2001;10,0;0;0;0;0;1;0;0;0;1;0;ESP;GK;24;2001;10;10;900;10,0;16;1,6;46;30;65,2;4;3;3;0;0,0;2;2;0;0;0,0
Ayoze Pérez;Villarreal;2526;ESP-La Liga;ESP;FW;32;1993;25;12;1124;12,5;5;4;9;4;1;1;4;0;0,4;0,32;0,72;0,32;0,64;ESP;FW;32;1993;12,5;5;24;11;45,8;1,92;0,88;0,21;0,45;1;1;ESP;FW;32;1993;25;1124;45;32,9;12,5;12;69;1;13;23;2;1,8;22;20;2;0,16;-0,78;ESP;FW;32;1993;12,5;4;0;0;17;23;5;9;3;11;0;;;;;;;;;;;;;;;;;;;;;;;
Carlos Macià;Villarreal;2526;ESP-La Liga;ESP;MF;16;2008;5;0;83;0,9;0;0;0;0;0;0;1;0;0,0;0,0;0,0;0,0;0,0;ESP;MF;16;2008;0,9;0;1;0;0,0;1,08;0,0;0,0;;0;0;ESP;MF;16;2008;5;83;17;2,4;0,9;0;;0;5;17;3;1,8;2;1;1;1,08;0,41;ESP;MF;16;2008;0,9;1;0;0;1;0;0;0;2;0;0;;;;;;;;;;;;;;;;;;;;;;;
Daniel Parejo;Villarreal;2526;ESP-La Liga;ESP;MF;36;1989;32;16;1392;15,5;1;0;1;0;1;1;3;0;0,06;0,0;0,06;0,0;0,0;ESP;MF;36;1989;15,5;1;3;1;33,3;0,19;0,06;0,33;1,0;1;1;ESP;MF;36;1989;32;1392;44;40,7;15,5;16;73;2;16;14;5;1,84;27;24;3;0,19;-0,83;ESP;MF;36;1989;15,5;3;0;0;16;27;0;39;14;29;0;;;;;;;;;;;;;;;;;;;;;;;
Denis Suárez;Villarreal;2526;ESP-La Liga;;;;;;;;;;;;;;;;;;;;;;;;;;;;;;;;;;;;;ESP;MF;31;1994;0;;;;;0;;0;0;;2;;;;;;;;;;;;;;;;;;;;;;;;;;;;;;;;;;;;;;;;;;;;
Diego Conde;Villarreal;2526;ESP-La Liga;;;;;;;;;;;;;;;;;;;;;;;;;;;;;;;;;;;;;ESP;GK;26;1998;0;;;;;0;;0;0;;11;;;;;;;;;;;;;;;;;;;;;;;;;;;;;;;;;;;;;;;;;;;;
Georges Mikautadze;Villarreal;2526;ESP-La Liga;GEO;FW;24;2000;32;23;2109;23,4;13;6;19;13;0;0;1;0;0,55;0,26;0,81;0,55;0,81;GEO;FW;24;2000;23,4;13;65;32;49,2;2,77;1,37;0,2;0,41;0;0;GEO;FW;24;2000;32;2109;66;61,7;23,4;23;80;7;9;29;2;1,91;44;30;14;0,6;-0,23;GEO;FW;24;2000;23,4;1;0;0;13;45;3;21;5;4;0;;;;;;;;;;;;;;;;;;;;;;;
Gerard Moreno;Villarreal;2526;ESP-La Liga;ESP;FW;33;1992;22;16;1343;14,9;10;0;10;7;3;3;0;0;0,67;0,0;0,67;0,47;0,47;ESP;FW;33;1992;14,9;10;39;16;41,0;2,61;1,07;0,26;0,63;3;3;ESP;FW;33;1992;22;1343;61;39,3;14,9;16;73;4;6;29;2;1,95;32;16;16;1,07;0,64;ESP;FW;33;1992;14,9;0;0;0;14;16;6;11;3;8;0;;;;;;;;;;;;;;;;;;;;;;;
Hugo López;Villarreal;2526;ESP-La Liga;ESP;MF;18;2007;2;1;56;0,6;0;0;0;0;0;0;0;0;0,0;0,0;0,0;0,0;0,0;ESP;MF;18;2007;0,6;0;0;0;;0,0;0,0;;;0;0;ESP;MF;18;2007;2;56;28;1,6;0,6;1;45;0;1;11;9;1,5;0;2;-2;-3,21;-3,96;ESP;MF;18;2007;0,6;0;0;0;2;0;0;2;1;1;0;;;;;;;;;;;;;;;;;;;;;;;
Ilias Akhomach;Villarreal;2526;ESP-La Liga;MAR;MF;21;2004;9;2;188;2,1;0;0;0;0;0;0;0;0;0,0;0,0;0,0;0,0;0,0;MAR;MF;21;2004;2,1;0;6;2;33,3;2,87;0,96;0,0;0,0;0;0;MAR;MF;21;2004;9;188;21;5,5;2,1;2;45;0;7;14;5;2,78;2;3;-1;-0,48;-1,23;MAR;MF;21;2004;2,1;0;0;0;9;7;0;9;0;4;0;;;;;;;;;;;;;;;;;;;;;;;
Ismael Sierra;Villarreal;2526;ESP-La Liga;;;;;;;;;;;;;;;;;;;;;;;;;;;;;;;;;;;;;ESP;DF;22;2003;0;;;;;0;;0;0;;1;;;;;;;;;;;;;;;;;;;;;;;;;;;;;;;;;;;;;;;;;;;;
Jean Valou;Villarreal;2526;ESP-La Liga;;;;;;;;;;;;;;;;;;;;;;;;;;;;;;;;;;;;;CIV;DF;18;2006;0;;;;;0;;0;0;;5;;;;;;;;;;;;;;;;;;;;;;;;;;;;;;;;;;;;;;;;;;;;
José Ángel Gaitán Diaz;Villarreal;2526;ESP-La Liga;;;;;;;;;;;;;;;;;;;;;;;;;;;;;;;;;;;;;ESP;FW;18;2007;0;;;;;0;;0;0;;1;;;;;;;;;;;;;;;;;;;;;;;;;;;;;;;;;;;;;;;;;;;;
Juan Foyth;Villarreal;2526;ESP-La Liga;ARG;DF;27;1998;13;12;934;10,4;0;0;0;0;0;0;2;0;0,0;0,0;0,0;0,0;0,0;ARG;DF;27;1998;10,4;0;2;0;0,0;0,19;0,0;0,0;;0;0;ARG;DF;27;1998;13;934;72;27,3;10,4;12;77;8;1;11;2;2,15;22;9;13;1,25;0,78;ARG;DF;27;1998;10,4;2;0;0;8;1;0;0;15;13;0;;;;;;;;;;;;;;;;;;;;;;;
Karl Etta Eyong;Villarreal;2526;ESP-La Liga;CMR;FW;21;2003;3;3;256;2,8;1;2;3;1;0;0;0;0;0,35;0,7;1,05;0,35;1,05;CMR;FW;21;2003;2,8;1;7;3;42,9;2,46;1,05;0,14;0,33;0;0;CMR;FW;21;2003;3;256;85;7,5;2,8;3;85;2;0;;0;2,33;8;0;8;2,81;2,3;CMR;FW;21;2003;2,8;0;0;0;3;4;1;0;0;2;0;;;;;;;;;;;;;;;;;;;;;;;
Logan Costa;Villarreal;2526;ESP-La Liga;CPV;DF;24;2001;2;0;30;0,3;0;0;0;0;0;0;0;0;0,0;0,0;0,0;0,0;0,0;CPV;DF;24;2001;0,3;0;0;0;;0,0;0,0;;;0;0;CPV;DF;24;2001;2;30;15;0,9;0,3;0;;0;2;15;4;1,5;0;0;0;0,0;-0,69;CPV;DF;24;2001;0,3;0;0;0;1;0;0;0;0;0;0;;;;;;;;;;;;;;;;;;;;;;;
Luiz Lúcio Reis Júnior;Villarreal;2526;ESP-La Liga;BRA;GK;24;2001;28;28;2520;28,0;0;0;0;0;0;0;3;0;0,0;0,0;0,0;0,0;0,0;BRA;GK;24;2001;28,0;0;0;0;;0,0;0,0;;;0;0;BRA;GK;24;2001;28;2520;90;73,7;28,0;28;90;28;0;;10;2,04;51;30;21;0,75;0,25;BRA;GK;24;2001;28,0;3;0;0;2;4;0;0;1;0;0;BRA;GK;24;2001;28;28;2520;28,0;30;1,07;102;72;70,6;18;3;7;8;28,6;6;5;1;0;16,7
Mahamoud Barry;Villarreal;2526;ESP-La Liga;;;;;;;;;;;;;;;;;;;;;;;;;;;;;;;;;;;;;MLI;FW;19;2006;0;;;;;0;;0;0;;1;;;;;;;;;;;;;;;;;;;;;;;;;;;;;;;;;;;;;;;;;;;;
Manor Solomon;Villarreal;2526;ESP-La Liga;ISR;MF;26;1999;6;1;150;1,7;1;1;2;1;0;0;0;0;0,6;0,6;1,2;0,6;1,2;ISR;MF;26;1999;1,7;1;2;1;50,0;1,2;0,6;0,5;1,0;0;0;ISR;MF;26;1999;6;150;25;4,4;1,7;1;71;0;5;16;6;2,67;4;1;3;1,8;1,17;ISR;MF;26;1999;1,7;0;0;0;0;2;1;10;0;1;0;;;;;;;;;;;;;;;;;;;;;;;
Nicolas Pépé;Villarreal;2526;ESP-La Liga;CIV;MF,FW;30;1995;36;26;2393;26,6;8;8;16;7;1;1;4;0;0,3;0,3;0,6;0,26;0,56;CIV;MF,FW;30;1995;26,6;8;63;25;39,7;2,37;0,94;0,13;0,32;1;1;CIV;MF,FW;30;1995;36;2393;66;70,0;26,6;26;82;13;10;26;2;1,92;56;35;21;0,79;0,35;CIV;MF,FW;30;1995;26,6;4;0;0;23;43;14;71;15;21;0;;;;;;;;;;;;;;;;;;;;;;;
Pape Gueye;Villarreal;2526;ESP-La Liga;SEN;MF;26;1999;30;26;2131;23,7;5;2;7;4;1;1;8;0;0,21;0,08;0,3;0,17;0,25;SEN;MF;26;1999;23,7;5;47;13;27,7;1,98;0,55;0,11;0,38;1;1;SEN;MF;26;1999;30;2131;71;62,3;23,7;26;79;10;4;23;3;1,87;47;28;19;0,8;0,31;SEN;MF;26;1999;23,7;8;0;0;35;54;2;14;35;22;0;;;;;;;;;;;;;;;;;;;;;;;
Pau Cabanes;Villarreal;2526;ESP-La Liga;ESP;FW;20;2005;1;0;16;0,2;0;0;0;0;0;0;0;0;0,0;0,0;0,0;0,0;0,0;ESP;FW;20;2005;0,2;0;0;0;;0,0;0,0;;;0;0;ESP;FW;20;2005;1;16;16;0,5;0,2;0;;0;1;16;2;3,0;0;0;0;0,0;-0,69;ESP;FW;20;2005;0,2;0;0;0;0;0;0;0;0;0;0;;;;;;;;;;;;;;;;;;;;;;;
Pau Navarro;Villarreal;2526;ESP-La Liga;ESP;DF;20;2005;23;23;1921;21,3;0;0;0;0;0;0;4;0;0,0;0,0;0,0;0,0;0,0;ESP;DF;20;2005;21,3;0;2;2;100,0;0,09;0,09;0,0;0,0;0;0;ESP;DF;20;2005;23;1921;84;56,2;21,3;23;84;18;0;;12;1,83;39;26;13;0,61;-0,17;ESP;DF;20;2005;21,3;4;0;0;34;11;1;2;18;35;1;;;;;;;;;;;;;;;;;;;;;;;
Rafa Marín;Villarreal;2526;ESP-La Liga;ESP;DF;23;2002;23;21;1979;22,0;1;0;1;1;0;0;1;0;0,05;0,0;0,05;0,05;0,05;ESP;DF;23;2002;22,0;1;5;1;20,0;0,23;0,05;0,2;1,0;0;0;ESP;DF;23;2002;23;1979;86;57,9;22,0;21;89;19;2;56;13;2,04;39;26;13;0,59;-0,22;ESP;DF;23;2002;22,0;1;0;0;16;8;3;0;20;22;1;;;;;;;;;;;;;;;;;;;;;;;
Renato Veiga;Villarreal;2526;ESP-La Liga;POR;DF;22;2003;32;27;2481;27,6;0;0;0;0;0;0;5;1;0,0;0,0;0,0;0,0;0,0;POR;DF;22;2003;27,6;0;9;3;33,3;0,33;0,11;0,0;0,0;0;0;POR;DF;22;2003;32;2481;78;72,5;27,6;27;88;26;5;21;3;1,84;50;37;13;0,47;-0,77;POR;DF;22;2003;27,6;5;1;0;24;6;3;2;26;9;0;;;;;;;;;;;;;;;;;;;;;;;
Rubén Gómez;Villarreal;2526;ESP-La Liga;;;;;;;;;;;;;;;;;;;;;;;;;;;;;;;;;;;;;ESP;GK;23;2002;0;;;;;0;;0;0;;2;;;;;;;;;;;;;;;;;;;;;;;;;;;;;;;;;;;;;;;;;;;;
Santi Comesaña;Villarreal;2526;ESP-La Liga;ESP;MF;28;1996;34;28;2407;26,7;3;6;9;3;0;0;5;1;0,11;0,22;0,34;0,11;0,34;ESP;MF;28;1996;26,7;3;27;7;25,9;1,01;0,26;0,11;0,43;0;0;ESP;MF;28;1996;34;2407;71;70,4;26,7;28;81;14;6;25;1;1,91;55;29;26;0,97;0,97;ESP;MF;28;1996;26,7;5;1;0;43;28;1;12;31;25;0;;;;;;;;;;;;;;;;;;;;;;;
Santiago Mouriño;Villarreal;2526;ESP-La Liga;URU;DF;23;2002;28;27;2377;26,4;1;2;3;1;0;0;11;1;0,04;0,08;0,11;0,04;0,11;URU;DF;23;2002;26,4;1;15;3;20,0;0,57;0,11;0,07;0,33;0;0;URU;DF;23;2002;28;2377;85;69,5;26,4;27;86;20;1;45;4;1,89;51;31;20;0,76;0,24;URU;DF;23;2002;26,4;11;1;1;54;36;1;6;29;64;0;;;;;;;;;;;;;;;;;;;;;;;
Sergi Cardona;Villarreal;2526;ESP-La Liga;ESP;DF;26;1999;31;20;1970;21,9;1;4;5;1;0;0;4;0;0,05;0,18;0,23;0,05;0,23;ESP;DF;26;1999;21,9;1;18;5;27,8;0,82;0,23;0,06;0,2;0;0;ESP;DF;26;1999;31;1970;64;57,6;21,9;20;87;16;11;21;7;1,94;34;26;8;0,37;-0,75;ESP;DF;26;1999;21,9;4;0;0;28;23;1;75;37;31;0;;;;;;;;;;;;;;;;;;;;;;;
Tajon Buchanan;Villarreal;2526;ESP-La Liga;CAN;MF;26;1999;34;21;1819;20,2;7;1;8;7;0;0;8;0;0,35;0,05;0,4;0,35;0,4;CAN;MF;26;1999;20,2;7;27;11;40,7;1,34;0,54;0,26;0,64;0;0;CAN;MF;26;1999;34;1819;54;53,2;20,2;21;72;5;13;24;2;1,76;35;18;17;0,84;0,34;CAN;MF;26;1999;20,2;8;0;0;18;36;8;33;22;19;0;;;;;;;;;;;;;;;;;;;;;;;
Tani Oluwaseyi;Villarreal;2526;ESP-La Liga;CAN;FW;25;2000;27;9;901;10,0;2;2;4;2;0;0;1;0;0,2;0,2;0,4;0,2;0,4;CAN;FW;25;2000;10,0;2;16;7;43,8;1,6;0,7;0,13;0,29;0;0;CAN;FW;25;2000;27;901;33;26,3;10,0;9;70;1;18;15;9;1,78;20;15;5;0,5;-0,25;CAN;FW;25;2000;10,0;1;0;0;11;8;10;3;1;5;0;;;;;;;;;;;;;;;;;;;;;;;
Thomas Partey;Villarreal;2526;ESP-La Liga;GHA;MF;32;1993;25;8;934;10,4;0;0;0;0;0;0;1;0;0,0;0,0;0,0;0,0;0,0;GHA;MF;32;1993;10,4;0;11;2;18,2;1,06;0,19;0,0;0,0;0;0;GHA;MF;32;1993;25;934;37;27,3;10,4;8;77;4;17;19;4;2,08;15;13;2;0,19;-0,68;GHA;MF;32;1993;10,4;1;0;0;11;6;0;3;13;6;0;;;;;;;;;;;;;;;;;;;;;;;
Willy Kambwala;Villarreal;2526;ESP-La Liga;FRA;DF;20;2004;2;1;86;1,0;0;0;0;0;0;0;0;0;0,0;0,0;0,0;0,0;0,0;FRA;DF;20;2004;1,0;0;0;0;;0,0;0,0;;;0;0;FRA;DF;20;2004;2;86;43;2,5;1,0;1;76;0;1;10;9;1,5;2;2;0;0,0;-0,7;FRA;DF;20;2004;1,0;0;0;0;0;0;0;0;0;0;0;;;;;;;;;;;;;;;;;;;;;;;
Yéremy Pino;Villarreal;2526;ESP-La Liga;ESP;MF;22;2002;2;2;159;1,8;0;1;1;0;0;0;0;0;0,0;0,57;0,57;0,0;0,57;ESP;MF;22;2002;1,8;0;2;1;50,0;1,13;0,57;0,0;0,0;0;0;ESP;MF;22;2002;2;159;80;4,6;1,8;2;80;1;0;;0;3,0;7;0;7;3,96;3,44;ESP;MF;22;2002;1,8;0;0;0;2;0;0;12;3;1;0;;;;;;;;;;;;;;;;;;;;;;;
