player;team;season;league;fbref_standard_nation;fbref_standard_pos;fbref_standard_age;fbref_standard_born;fbref_standard_playing_time_mp;fbref_standard_playing_time_starts;fbref_standard_playing_time_min;fbref_standard_playing_time_90s;fbref_standard_performance_gls;fbref_standard_performance_ast;fbref_standard_performance_g_plus_a;fbref_standard_performance_g_pk;fbref_standard_performance_pk;fbref_standard_performance_pkatt;fbref_standard_performance_crdy;fbref_standard_performance_crdr;fbref_standard_per_90_minutes_gls;fbref_standard_per_90_minutes_ast;fbref_standard_per_90_minutes_g_plus_a;fbref_standard_per_90_minutes_g_pk;fbref_standard_per_90_minutes_g_plus_a_pk;fbref_shooting_nation;fbref_shooting_pos;fbref_shooting_age;fbref_shooting_born;fbref_shooting_90s;fbref_shooting_standard_gls;fbref_shooting_standard_sh;fbref_shooting_standard_sot;fbref_shooting_standard_sotpct;fbref_shooting_standard_sh_per_90;fbref_shooting_standard_sot_per_90;fbref_shooting_standard_g_per_sh;fbref_shooting_standard_g_per_sot;fbref_shooting_standard_pk;fbref_shooting_standard_pkatt;fbref_playing_time_nation;fbref_playing_time_pos;fbref_playing_time_age;fbref_playing_time_born;fbref_playing_time_playing_time_mp;fbref_playing_time_playing_time_min;fbref_playing_time_playing_time_mn_per_mp;fbref_playing_time_playing_time_minpct;fbref_playing_time_playing_time_90s;fbref_playing_time_starts_starts;fbref_playing_time_starts_mn_per_start;fbref_playing_time_starts_compl;fbref_playing_time_subs_subs;fbref_playing_time_subs_mn_per_sub;fbref_playing_time_subs_unsub;fbref_playing_time_team_success_ppm;fbref_playing_time_team_success_ong;fbref_playing_time_team_success_onga;fbref_playing_time_team_success_plus_minus;fbref_playing_time_team_success_plus_minus90;fbref_playing_time_team_success_on_off;fbref_misc_nation;fbref_misc_pos;fbref_misc_age;fbref_misc_born;fbref_misc_90s;fbref_misc_performance_crdy;fbref_misc_performance_crdr;fbref_misc_performance_2crdy;fbref_misc_performance_fls;fbref_misc_performance_fld;fbref_misc_performance_off;fbref_misc_performance_crs;fbref_misc_performance_int;fbref_misc_performance_tklw;fbref_misc_performance_og;fbref_keeper_nation;fbref_keeper_pos;fbref_keeper_age;fbref_keeper_born;fbref_keeper_playing_time_mp;fbref_keeper_playing_time_starts;fbref_keeper_playing_time_min;fbref_keeper_playing_time_90s;fbref_keeper_performance_ga;fbref_keeper_performance_ga90;fbref_keeper_performance_sota;fbref_keeper_performance_saves;fbref_keeper_performance_savepct;fbref_keeper_performance_w;fbref_keeper_performance_d;fbref_keeper_performance_l;fbref_keeper_performance_cs;fbref_keeper_performance_cspct;fbref_keeper_penalty_kicks_pkatt;fbref_keeper_penalty_kicks_pka;fbref_keeper_penalty_kicks_pksv;fbref_keeper_penalty_kicks_pkm;fbref_keeper_penalty_kicks_savepct
Alexandre Penetra;AZ Alkmaar;2526;NED-Eredivisie;POR;DF;23;2001;33;33;2844;31,6;2;1;3;2;0;0;5;0;0,06;0,03;0,09;0,06;0,09;POR;DF;23;2001;31,6;2;16;2;12,5;0,51;0,06;0,13;1,0;0;0;POR;DF;23;2001;33;2844;86;92,9;31,6;33;86;28;0;;0;1,48;52;48;4;0,13;-1,12;POR;DF;23;2001;31,6;5;0;0;20;23;2;7;29;29;0;;;;;;;;;;;;;;;;;;;;;;;
Andrea Natali;AZ Alkmaar;2526;NED-Eredivisie;;;;;;;;;;;;;;;;;;;;;;;;;;;;;;;;;;;;;ITA;DF;17;2008;0;;;;;0;;0;0;;6;;;;;;;;;;;;;;;;;;;;;;;;;;;;;;;;;;;;;;;;;;;;
Ayoub Oufkir;AZ Alkmaar;2526;NED-Eredivisie;NED;MF;19;2006;8;1;220;2,4;0;0;0;0;0;0;1;0;0,0;0,0;0,0;0,0;0,0;NED;MF;19;2006;2,4;0;5;3;60,0;2,05;1,23;0,0;0,0;0;0;NED;MF;19;2006;8;220;28;7,2;2,4;1;53;0;7;24;8;1,63;4;6;-2;-0,82;-1,1;NED;MF;19;2006;2,4;1;0;0;5;5;0;5;3;4;0;;;;;;;;;;;;;;;;;;;;;;;
Bendegúz Kovács;AZ Alkmaar;2526;NED-Eredivisie;HUN;FW;18;2007;3;0;29;0,3;0;0;0;0;0;0;0;0;0,0;0,0;0,0;0,0;0,0;HUN;FW;18;2007;0,3;0;2;0;0,0;6,21;0,0;0,0;;0;0;HUN;FW;18;2007;3;29;10;0,9;0,3;0;;0;3;10;2;1,0;1;0;1;3,1;2,93;HUN;FW;18;2007;0,3;0;0;0;2;0;0;0;0;0;0;;;;;;;;;;;;;;;;;;;;;;;
Billy van Duijl;AZ Alkmaar;2526;NED-Eredivisie;NED;DF;19;2005;7;6;585;6,5;1;0;1;1;0;0;0;0;0,15;0,0;0,15;0,15;0,15;NED;DF;19;2005;6,5;1;3;1;33,3;0,46;0,15;0,33;1,0;0;0;NED;DF;19;2005;7;585;84;19,1;6,5;6;90;6;1;45;16;1,43;10;7;3;0,46;0,32;NED;DF;19;2005;6,5;0;0;0;3;3;0;4;8;10;0;;;;;;;;;;;;;;;;;;;;;;;
Daniel Deen;AZ Alkmaar;2526;NED-Eredivisie;;;;;;;;;;;;;;;;;;;;;;;;;;;;;;;;;;;;;NED;GK;22;2003;0;;;;;0;;0;0;;9;;;;;;;;;;;;;;;;;;;;;;;;;;;;;;;;;;;;;;;;;;;;
Dave Kwakman;AZ Alkmaar;2526;NED-Eredivisie;NED;MF;20;2004;6;0;108;1,2;0;0;0;0;0;0;0;0;0,0;0,0;0,0;0,0;0,0;NED;MF;20;2004;1,2;0;0;0;;0,0;0,0;;;0;0;NED;MF;20;2004;6;108;18;3,5;1,2;0;;0;6;18;10;1,17;3;2;1;0,83;0,65;NED;MF;20;2004;1,2;0;0;0;1;6;0;2;1;3;0;;;;;;;;;;;;;;;;;;;;;;;
Denso Kasius;AZ Alkmaar;2526;NED-Eredivisie;NED;DF;22;2002;17;13;1219;13,5;2;2;4;2;0;0;3;0;0,15;0,15;0,3;0,15;0,3;NED;DF;22;2002;13,5;2;25;8;32,0;1,85;0,59;0,08;0,25;0;0;NED;DF;22;2002;17;1219;72;39,8;13,5;13;84;8;4;30;0;1,88;27;18;9;0,66;0,76;NED;DF;22;2002;13,5;3;0;0;9;9;0;54;7;12;0;;;;;;;;;;;;;;;;;;;;;;;
Elijah Dijkstra;AZ Alkmaar;2526;NED-Eredivisie;NED;DF,MF;18;2006;20;13;1268;14,1;0;0;0;0;0;0;1;0;0,0;0,0;0,0;0,0;0,0;NED;DF,MF;18;2006;14,1;0;7;1;14,3;0,5;0,07;0,0;0,0;0;0;NED;DF,MF;18;2006;20;1268;63;41,4;14,1;13;79;6;7;34;14;1,3;24;22;2;0,14;-0,11;NED;DF,MF;18;2006;14,1;1;0;0;8;16;0;12;22;17;0;;;;;;;;;;;;;;;;;;;;;;;
Ernest Poku;AZ Alkmaar;2526;NED-Eredivisie;NED;FW;21;2004;1;1;76;0,8;0;1;1;0;0;0;0;0;0,0;1,18;1,18;0,0;1,18;NED;FW;21;2004;0,8;0;0;0;;0,0;0,0;;;0;0;NED;FW;21;2004;1;76;76;2,5;0,8;1;76;0;0;;0;3,0;3;1;2;2,37;2,22;NED;FW;21;2004;0,8;0;0;0;0;0;1;1;2;0;0;;;;;;;;;;;;;;;;;;;;;;;
Hobie Verhulst;AZ Alkmaar;2526;NED-Eredivisie;NED;GK;32;1993;1;1;90;1,0;0;0;0;0;0;0;0;0;0,0;0,0;0,0;0,0;0,0;NED;GK;32;1993;1,0;0;0;0;;0,0;0,0;;;0;0;NED;GK;32;1993;1;90;90;2,9;1,0;1;90;1;0;;31;3,0;4;0;4;4,0;3,91;NED;GK;32;1993;1,0;0;0;0;0;0;0;0;0;0;0;NED;GK;32;1993;1;1;90;1,0;0;0,0;2;2;100,0;1;0;0;1;100,0;0;0;0;0;
Ibrahim Sadiq;AZ Alkmaar;2526;NED-Eredivisie;GHA;MF,FW;25;2000;20;5;636;7,1;2;0;2;2;0;0;3;0;0,28;0,0;0,28;0,28;0,28;GHA;MF,FW;25;2000;7,1;2;21;10;47,6;2,97;1,42;0,1;0,2;0;0;GHA;MF,FW;25;2000;20;636;32;20,8;7,1;5;59;1;15;23;13;1,6;13;11;2;0,28;0,1;GHA;MF,FW;25;2000;7,1;3;0;0;8;10;3;12;3;5;0;;;;;;;;;;;;;;;;;;;;;;;
Isak Jensen;AZ Alkmaar;2526;NED-Eredivisie;DEN;MF,FW;21;2003;33;23;2035;22,6;2;4;6;2;0;0;0;0;0,09;0,18;0,27;0,09;0,27;DEN;MF,FW;21;2003;22,6;2;34;9;26,5;1,5;0,4;0,06;0,22;0;0;DEN;MF,FW;21;2003;33;2035;62;66,5;22,6;23;74;5;10;33;0;1,58;41;28;13;0,57;1,1;DEN;MF,FW;21;2003;22,6;0;0;0;14;27;4;77;8;16;0;;;;;;;;;;;;;;;;;;;;;;;
Jasper Hartog;AZ Alkmaar;2526;NED-Eredivisie;;;;;;;;;;;;;;;;;;;;;;;;;;;;;;;;;;;;;NED;FW;19;2006;0;;;;;0;;0;0;;1;;;;;;;;;;;;;;;;;;;;;;;;;;;;;;;;;;;;;;;;;;;;
Jeroen Zoet;AZ Alkmaar;2526;NED-Eredivisie;NED;GK;34;1991;11;10;919;10,2;0;1;1;0;0;0;0;0;0,0;0,1;0,1;0,0;0,1;NED;GK;34;1991;10,2;0;0;0;;0,0;0,0;;;0;0;NED;GK;34;1991;11;919;84;30,0;10,2;10;90;10;1;19;20;1,55;16;15;1;0,1;-0,15;NED;GK;34;1991;10,2;0;0;0;0;2;0;0;0;0;0;NED;GK;34;1991;11;10;919;10,2;15;1,47;46;31;67,4;5;2;3;2;20,0;1;1;0;0;0,0
Jesper Zwart;AZ Alkmaar;2526;NED-Eredivisie;;;;;;;;;;;;;;;;;;;;;;;;;;;;;;;;;;;;;NED;DF;18;2006;0;;;;;0;;0;0;;1;;;;;;;;;;;;;;;;;;;;;;;;;;;;;;;;;;;;;;;;;;;;
Jizz Hornkamp;AZ Alkmaar;2526;NED-Eredivisie;NED;FW;27;1998;8;2;232;2,6;0;0;0;0;0;0;0;0;0,0;0,0;0,0;0,0;0,0;NED;FW;27;1998;2,6;0;3;1;33,3;1,16;0,39;0,0;0,0;0;0;NED;FW;27;1998;8;232;29;7,6;2,6;2;58;0;6;20;3;1,38;2;3;-1;-0,39;-0,64;NED;FW;27;1998;2,6;0;0;0;4;2;1;0;0;0;0;;;;;;;;;;;;;;;;;;;;;;;
Jordy Clasie;AZ Alkmaar;2526;NED-Eredivisie;NED;MF;34;1991;12;10;812;9,0;1;1;2;1;0;0;4;1;0,11;0,11;0,22;0,11;0,22;NED;MF;34;1991;9,0;1;8;3;37,5;0,89;0,33;0,13;0,33;0;0;NED;MF;34;1991;12;812;68;26,5;9,0;10;77;4;2;22;0;1,75;18;13;5;0,55;0,47;NED;MF;34;1991;9,0;4;1;1;8;4;0;1;9;12;0;;;;;;;;;;;;;;;;;;;;;;;
Jur Schipper;AZ Alkmaar;2526;NED-Eredivisie;;;;;;;;;;;;;;;;;;;;;;;;;;;;;;;;;;;;;NED;GK;19;2006;0;;;;;0;;0;0;;2;;;;;;;;;;;;;;;;;;;;;;;;;;;;;;;;;;;;;;;;;;;;
Kasper Boogaard;AZ Alkmaar;2526;NED-Eredivisie;NED;MF;19;2006;11;8;710;7,9;0;2;2;0;0;0;1;0;0,0;0,25;0,25;0,0;0,25;NED;MF;19;2006;7,9;0;6;1;16,7;0,76;0,13;0,0;0,0;0;0;NED;MF;19;2006;11;710;65;23,2;7,9;8;79;4;3;27;7;1,64;10;13;-3;-0,38;-0,76;NED;MF;19;2006;7,9;1;0;0;11;7;1;8;11;6;0;;;;;;;;;;;;;;;;;;;;;;;
Kees Smit;AZ Alkmaar;2526;NED-Eredivisie;NED;MF;19;2006;26;23;2132;23,7;3;3;6;3;0;0;5;0;0,13;0,13;0,25;0,13;0,25;NED;MF;19;2006;23,7;3;38;10;26,3;1,6;0,42;0,08;0,3;0;0;NED;MF;19;2006;26;2132;82;69,7;23,7;23;88;16;3;39;0;1,65;44;36;8;0,34;0,43;NED;MF;19;2006;23,7;5;0;0;34;32;0;23;17;23;0;;;;;;;;;;;;;;;;;;;;;;;
Lequincio Zeefuik;AZ Alkmaar;2526;NED-Eredivisie;NED;FW;20;2004;10;0;116;1,3;0;0;0;0;0;0;1;0;0,0;0,0;0,0;0,0;0,0;NED;FW;20;2004;1,3;0;4;1;25,0;3,1;0,78;0,0;0,0;0;0;NED;FW;20;2004;10;116;12;3,8;1,3;0;;0;10;12;2;1,4;3;3;0;0,0;-0,21;NED;FW;20;2004;1,3;1;0;0;7;3;1;0;0;0;0;;;;;;;;;;;;;;;;;;;;;;;
Matej Sin;AZ Alkmaar;2526;NED-Eredivisie;CZE;MF,FW;21;2004;18;6;550;6,1;1;1;2;1;0;0;1;0;0,16;0,16;0,33;0,16;0,33;CZE;MF,FW;21;2004;6,1;1;9;3;33,3;1,47;0,49;0,11;0,33;0;0;CZE;MF,FW;21;2004;18;550;31;18,0;6,1;6;55;0;12;18;13;1,56;8;8;0;0,0;-0,25;CZE;MF,FW;21;2004;6,1;1;0;0;7;4;1;5;6;6;0;;;;;;;;;;;;;;;;;;;;;;;
Mateo Chávez;AZ Alkmaar;2526;NED-Eredivisie;MEX;DF,MF;21;2004;20;9;829;9,2;1;2;3;1;0;0;5;0;0,11;0,22;0,33;0,11;0,33;MEX;DF,MF;21;2004;9,2;1;15;5;33,3;1,63;0,54;0,07;0,2;0;0;MEX;DF,MF;21;2004;20;829;41;27,1;9,2;9;70;1;11;18;9;1,5;13;13;0;0,0;-0,28;MEX;DF,MF;21;2004;9,2;5;0;0;13;15;1;24;16;33;0;;;;;;;;;;;;;;;;;;;;;;;
Maxim Dekker;AZ Alkmaar;2526;NED-Eredivisie;NED;DF;21;2004;6;2;192;2,1;0;0;0;0;0;0;0;0;0,0;0,0;0,0;0,0;0,0;NED;DF;21;2004;2,1;0;1;0;0,0;0,47;0,0;0,0;;0;0;NED;DF;21;2004;6;192;32;6,3;2,1;2;67;0;4;15;20;1,5;3;6;-3;-1,41;-1,72;NED;DF;21;2004;2,1;0;0;0;0;1;0;1;0;2;0;;;;;;;;;;;;;;;;;;;;;;;
Mees de Wit;AZ Alkmaar;2526;NED-Eredivisie;NED;DF;27;1998;31;29;2480;27,6;3;6;9;3;0;0;9;0;0,11;0,22;0,33;0,11;0,33;NED;DF;27;1998;27,6;3;20;11;55,0;0,73;0,4;0,15;0,27;0;0;NED;DF;27;1998;31;2480;80;81,0;27,6;29;85;20;2;14;1;1,52;47;45;2;0,07;-0,7;NED;DF;27;1998;27,6;9;0;0;31;12;1;39;25;36;0;;;;;;;;;;;;;;;;;;;;;;;
Mexx Meerdink;AZ Alkmaar;2526;NED-Eredivisie;NED;FW;22;2003;19;9;885;9,8;5;1;6;3;2;2;2;0;0,51;0,1;0,61;0,31;0,41;NED;FW;22;2003;9,8;5;36;13;36,1;3,66;1,32;0,14;0,38;2;2;NED;FW;22;2003;19;885;47;28,9;9,8;9;76;3;10;20;1;1,63;20;15;5;0,51;0,43;NED;FW;22;2003;9,8;2;0;0;15;13;5;1;0;4;0;;;;;;;;;;;;;;;;;;;;;;;
Nick Twisk;AZ Alkmaar;2526;NED-Eredivisie;;;;;;;;;;;;;;;;;;;;;;;;;;;;;;;;;;;;;NED;MF;22;2003;0;;;;;0;;0;0;;1;;;;;;;;;;;;;;;;;;;;;;;;;;;;;;;;;;;;;;;;;;;;
Peer Koopmeiners;AZ Alkmaar;2526;NED-Eredivisie;NED;MF;25;2000;29;24;2134;23,7;2;0;2;2;0;0;5;0;0,08;0,0;0,08;0,08;0,08;NED;MF;25;2000;23,7;2;30;9;30,0;1,27;0,38;0,07;0,22;0;0;NED;MF;25;2000;29;2134;74;69,7;23,7;24;85;18;5;18;0;1,45;37;36;1;0,04;-0,54;NED;MF;25;2000;23,7;5;0;0;38;6;0;62;23;47;0;;;;;;;;;;;;;;;;;;;;;;;
Rio Robbemond;AZ Alkmaar;2526;NED-Eredivisie;NED;MF;20;2005;1;1;69;0,8;0;0;0;0;0;0;1;0;0,0;0,0;0,0;0,0;0,0;NED;MF;20;2005;0,8;0;0;0;;0,0;0,0;;;0;0;NED;MF;20;2005;1;69;69;2,3;0,8;1;69;0;0;;4;3,0;0;1;-1;-1,3;-1,55;NED;MF;20;2005;0,8;1;0;0;2;0;0;0;1;0;0;;;;;;;;;;;;;;;;;;;;;;;
Rion Ichihara;AZ Alkmaar;2526;NED-Eredivisie;JPN;DF;20;2005;2;1;94;1,0;0;0;0;0;0;0;0;0;0,0;0,0;0,0;0,0;0,0;JPN;DF;20;2005;1,0;0;2;1;50,0;1,91;0,96;0,0;0,0;0;0;JPN;DF;20;2005;2;94;47;3,1;1,0;1;85;0;1;9;10;0,5;0;0;0;0,0;-0,21;JPN;DF;20;2005;1,0;0;0;0;1;2;0;0;2;0;0;;;;;;;;;;;;;;;;;;;;;;;
Ro-Zangelo Daal;AZ Alkmaar;2526;NED-Eredivisie;NED;MF,FW;21;2004;24;18;1348;15,0;1;0;1;1;0;0;1;0;0,07;0,0;0,07;0,07;0,07;NED;MF,FW;21;2004;15,0;1;25;9;36,0;1,67;0,6;0,04;0,11;0;0;NED;MF,FW;21;2004;24;1348;56;44,1;15,0;18;68;1;6;20;6;1,42;24;24;0;0,0;-0,37;NED;MF,FW;21;2004;15,0;1;0;0;9;32;1;24;8;19;0;;;;;;;;;;;;;;;;;;;;;;;
Rome-Jayden Owusu-Oduro;AZ Alkmaar;2526;NED-Eredivisie;NED;GK;21;2004;23;23;2051;22,8;0;1;1;0;0;0;1;0;0,0;0,04;0,04;0,0;0,04;NED;GK;21;2004;22,8;0;0;0;;0,0;0,0;;;0;0;NED;GK;21;2004;23;2051;89;67,0;22,8;23;89;22;0;;2;1,39;38;36;2;0,09;-0,36;NED;GK;21;2004;22,8;1;0;0;1;3;0;0;0;0;1;NED;GK;21;2004;23;23;2051;22,8;36;1,58;107;71;66,4;8;8;7;6;26,1;3;2;0;1;0,0
Seiya Maikuma;AZ Alkmaar;2526;NED-Eredivisie;JPN;DF;27;1997;7;1;148;1,6;0;0;0;0;0;0;0;0;0,0;0,0;0,0;0,0;0,0;JPN;DF;27;1997;1,6;0;0;0;;0,0;0,0;;;0;0;JPN;DF;27;1997;7;148;21;4,8;1,6;1;42;0;6;18;4;1,71;1;0;1;0,61;0,42;JPN;DF;27;1997;1,6;0;0;0;6;3;0;0;2;2;0;;;;;;;;;;;;;;;;;;;;;;;
Sem van Duijn;AZ Alkmaar;2526;NED-Eredivisie;;;;;;;;;;;;;;;;;;;;;;;;;;;;;;;;;;;;;NED;FW;21;2004;0;;;;;0;;0;0;;1;;;;;;;;;;;;;;;;;;;;;;;;;;;;;;;;;;;;;;;;;;;;
Sven Mijnans;AZ Alkmaar;2526;NED-Eredivisie;NED;MF;25;2000;30;27;2348;26,1;11;6;17;11;0;1;1;0;0,42;0,23;0,65;0,42;0,65;NED;MF;25;2000;26,1;11;84;36;42,9;3,22;1,38;0,13;0,31;0;1;NED;MF;25;2000;30;2348;78;76,7;26,1;27;83;20;3;32;0;1,57;50;42;8;0,31;0,43;NED;MF;25;2000;26,1;1;0;0;15;25;6;85;18;22;0;;;;;;;;;;;;;;;;;;;;;;;
Troy Parrott;AZ Alkmaar;2526;NED-Eredivisie;IRL;FW;23;2002;28;25;2200;24,4;16;4;20;14;2;5;3;0;0,65;0,16;0,82;0,57;0,74;IRL;FW;23;2002;24,4;16;88;43;48,9;3,6;1,76;0,18;0,37;2;5;IRL;FW;23;2002;28;2200;79;71,9;24,4;25;85;17;3;29;0;1,54;42;37;5;0,2;0,0;IRL;FW;23;2002;24,4;3;0;0;18;30;8;7;5;11;1;;;;;;;;;;;;;;;;;;;;;;;
Wassim Bouziane;AZ Alkmaar;2526;NED-Eredivisie;NED;FW;18;2006;4;0;74;0,8;0;1;1;0;0;0;0;0;0,0;1,22;1,22;0,0;1,22;NED;FW;18;2006;0,8;0;1;1;100,0;1,22;1,22;0,0;0,0;0;0;NED;FW;18;2006;4;74;19;2,4;0,8;0;;0;4;19;0;0,0;1;3;-2;-2,43;-2,7;NED;FW;18;2006;0,8;0;0;0;1;4;1;2;0;0;0;;;;;;;;;;;;;;;;;;;;;;;
Weslley Patati;AZ Alkmaar;2526;NED-Eredivisie;BRA;FW,MF;21;2003;27;18;1443;16,0;2;3;5;2;0;0;0;0;0,12;0,19;0,31;0,12;0,31;BRA;FW,MF;21;2003;16,0;2;46;16;34,8;2,87;1,0;0,04;0,13;0;0;BRA;FW,MF;21;2003;27;1443;53;47,2;16,0;18;67;1;9;27;4;1,67;26;24;2;0,12;-0,15;BRA;FW,MF;21;2003;16,0;0;0;0;28;36;2;24;2;31;0;;;;;;;;;;;;;;;;;;;;;;;
Wouter Goes;AZ Alkmaar;2526;NED-Eredivisie;NED;DF;21;2004;33;32;2745;30,5;1;0;1;1;0;0;9;0;0,03;0,0;0,03;0,03;0,03;NED;DF;21;2004;30,5;1;6;4;66,7;0,2;0,13;0,17;0,25;0;0;NED;DF;21;2004;33;2745;83;89,7;30,5;32;86;25;1;5;0;1,58;53;44;9;0,3;0,87;NED;DF;21;2004;30,5;9;0;0;25;38;0;4;30;22;0;;;;;;;;;;;;;;;;;;;;;;;
Zico Buurmeester;AZ Alkmaar;2526;NED-Eredivisie;NED;MF;23;2002;1;0;33;0,4;0;0;0;0;0;0;1;0;0,0;0,0;0,0;0,0;0,0;NED;MF;23;2002;0,4;0;0;0;;0,0;0,0;;;0;0;NED;MF;23;2002;1;33;33;1,1;0,4;0;;0;1;33;2;1,0;0;1;-1;-2,73;-2,97;NED;MF;23;2002;0,4;1;0;0;3;0;0;2;0;0;0;;;;;;;;;;;;;;;;;;;;;;;
Aaron Bouwman;Ajax;2526;NED-Eredivisie;NED;DF;17;2007;8;6;555;6,2;1;0;1;1;0;0;2;0;0,16;0,0;0,16;0,16;0,16;NED;DF;17;2007;6,2;1;2;2;100,0;0,32;0,32;0,5;0,5;0;0;NED;DF;17;2007;8;555;69;18,1;6,2;6;90;6;2;8;19;2,6;14;3;11;1,78;1,42;NED;DF;17;2007;6,2;2;0;0;7;0;0;0;7;5;0;;;;;;;;;;;;;;;;;;;;;;;
Abdellah Ouazane;Ajax;2526;NED-Eredivisie;;;;;;;;;;;;;;;;;;;;;;;;;;;;;;;;;;;;;MAR;MF;16;2009;0;;;;;0;;0;0;;3;;;;;;;;;;;;;;;;;;;;;;;;;;;;;;;;;;;;;;;;;;;;
Ahmetcan Kaplan;Ajax;2526;NED-Eredivisie;;;;;;;;;;;;;;;;;;;;;;;;;;;;;;;;;;;;;TUR;DF;22;2003;0;;;;;0;;0;0;;2;;;;;;;;;;;;;;;;;;;;;;;;;;;;;;;;;;;;;;;;;;;;
Anton Gaaei;Ajax;2526;NED-Eredivisie;DEN;DF;22;2002;26;19;1793;19,9;1;4;5;1;0;0;3;0;0,05;0,2;0,25;0,05;0,25;DEN;DF;22;2002;19,9;1;27;9;33,3;1,36;0,45;0,04;0,11;0;0;DEN;DF;22;2002;26;1793;69;58,6;19,9;19;85;13;7;25;8;1,64;36;28;8;0,4;-0,52;DEN;DF;22;2002;19,9;3;0;0;21;5;0;90;21;23;0;;;;;;;;;;;;;;;;;;;;;;;
Aymean El Hani;Ajax;2526;NED-Eredivisie;;;;;;;;;;;;;;;;;;;;;;;;;;;;;;;;;;;;;NED;GK;18;2007;0;;;;;0;;0;0;;3;;;;;;;;;;;;;;;;;;;;;;;;;;;;;;;;;;;;;;;;;;;;
Bertrand Traoré;Ajax;2526;NED-Eredivisie;BFA;FW;29;1995;1;1;62;0,7;0;0;0;0;0;0;0;0;0,0;0,0;0,0;0,0;0,0;BFA;FW;29;1995;0,7;0;1;1;100,0;1,45;1,45;0,0;0,0;0;0;BFA;FW;29;1995;1;62;62;2,0;0,7;1;62;0;0;;1;3,0;1;0;1;1,45;0,85;BFA;FW;29;1995;0,7;0;0;0;0;3;0;1;1;2;0;;;;;;;;;;;;;;;;;;;;;;;
Branco van den Boomen;Ajax;2526;NED-Eredivisie;;;;;;;;;;;;;;;;;;;;;;;;;;;;;;;;;;;;;NED;MF;30;1995;0;;;;;0;;0;0;;5;;;;;;;;;;;;;;;;;;;;;;;;;;;;;;;;;;;;;;;;;;;;
Brian Brobbey;Ajax;2526;NED-Eredivisie;;;;;;;;;;;;;;;;;;;;;;;;;;;;;;;;;;;;;NED;FW;23;2002;0;;;;;0;;0;0;;1;;;;;;;;;;;;;;;;;;;;;;;;;;;;;;;;;;;;;;;;;;;;
Davy Klaassen;Ajax;2526;NED-Eredivisie;NED;MF;32;1993;29;21;1780;19,8;6;2;8;6;0;0;1;0;0,3;0,1;0,4;0,3;0,4;NED;MF;32;1993;19,8;6;26;11;42,3;1,31;0,56;0,23;0,55;0;0;NED;MF;32;1993;29;1780;61;58,2;19,8;21;77;7;8;21;0;1,68;40;25;15;0,76;0,34;NED;MF;32;1993;19,8;1;0;0;24;15;2;6;13;31;0;;;;;;;;;;;;;;;;;;;;;;;
Dies Janse;Ajax;2526;NED-Eredivisie;;;;;;;;;;;;;;;;;;;;;;;;;;;;;;;;;;;;;NED;DF;19;2006;0;;;;;0;;0;0;;2;;;;;;;;;;;;;;;;;;;;;;;;;;;;;;;;;;;;;;;;;;;;
Don-Angelo Konadu;Ajax;2526;NED-Eredivisie;NED;FW;19;2006;9;2;182;2,0;0;0;0;0;0;0;0;0;0,0;0,0;0,0;0,0;0,0;NED;FW;19;2006;2,0;0;7;2;28,6;3,46;0,99;0,0;0,0;0;0;NED;FW;19;2006;9;182;20;5,9;2,0;2;57;0;7;10;11;1,67;7;4;3;1,48;0,92;NED;FW;19;2006;2,0;0;0;0;4;4;1;0;1;2;0;;;;;;;;;;;;;;;;;;;;;;;
Emre Unuvar;Ajax;2526;NED-Eredivisie;;;;;;;;;;;;;;;;;;;;;;;;;;;;;;;;;;;;;NED;FW;17;2008;0;;;;;0;;0;0;;1;;;;;;;;;;;;;;;;;;;;;;;;;;;;;;;;;;;;;;;;;;;;
Gerald Alders;Ajax;2526;NED-Eredivisie;NED;DF;20;2005;3;2;178;2,0;0;0;0;0;0;0;0;0;0,0;0,0;0,0;0,0;0,0;NED;DF;20;2005;2,0;0;1;0;0,0;0,51;0,0;0,0;;0;0;NED;DF;20;2005;3;178;59;5,8;2,0;2;83;1;1;13;8;0,0;2;4;-2;-1,01;-1,73;NED;DF;20;2005;2,0;0;0;0;2;5;1;0;0;4;0;;;;;;;;;;;;;;;;;;;;;;;
James McConnell;Ajax;2526;NED-Eredivisie;ENG;MF;20;2004;4;1;104;1,2;0;0;0;0;0;0;0;0;0,0;0,0;0,0;0,0;0,0;ENG;MF;20;2004;1,2;0;0;0;;0,0;0,0;;;0;0;ENG;MF;20;2004;4;104;26;3,4;1,2;1;45;0;3;20;4;1,75;2;2;0;0,0;-0,64;ENG;MF;20;2004;1,2;0;0;0;2;1;0;0;1;2;0;;;;;;;;;;;;;;;;;;;;;;;
Jesse Heerkens;Ajax;2526;NED-Eredivisie;;;;;;;;;;;;;;;;;;;;;;;;;;;;;;;;;;;;;NED;GK;19;2006;0;;;;;0;;0;0;;21;;;;;;;;;;;;;;;;;;;;;;;;;;;;;;;;;;;;;;;;;;;;
Jinairo Johnson;Ajax;2526;NED-Eredivisie;NED;DF;18;2007;1;0;11;0,1;0;0;0;0;0;0;0;0;0,0;0,0;0,0;0,0;0,0;NED;DF;18;2007;0,1;0;0;0;;0,0;0,0;;;0;0;NED;DF;18;2007;1;11;11;0,4;0,1;0;;0;1;11;1;1,0;0;0;0;0,0;-0,62;NED;DF;18;2007;0,1;0;0;0;0;0;0;0;0;0;0;;;;;;;;;;;;;;;;;;;;;;;
Jorthy Mokio;Ajax;2526;NED-Eredivisie;BEL;MF,DF;17;2008;26;13;1328;14,8;2;2;4;2;0;0;1;0;0,14;0,14;0,27;0,14;0,27;BEL;MF,DF;17;2008;14,8;2;17;6;35,3;1,15;0,41;0,12;0,33;0;0;BEL;MF,DF;17;2008;26;1328;51;43,4;14,8;13;81;6;13;21;7;1,79;24;21;3;0,2;-0,73;BEL;MF,DF;17;2008;14,8;1;0;0;15;12;1;7;20;34;0;;;;;;;;;;;;;;;;;;;;;;;
Josip Šutalo;Ajax;2526;NED-Eredivisie;CRO;DF;25;2000;24;19;1800;20,0;0;0;0;0;0;0;1;0;0,0;0,0;0,0;0,0;0,0;CRO;DF;25;2000;20,0;0;3;0;0,0;0,15;0,0;0,0;;0;0;CRO;DF;25;2000;24;1800;75;58,8;20,0;19;89;17;5;21;3;1,42;36;29;7;0,35;-0,65;CRO;DF;25;2000;20,0;1;0;0;8;8;0;2;40;8;1;;;;;;;;;;;;;;;;;;;;;;;
Kasper Dolberg;Ajax;2526;NED-Eredivisie;DEN;FW;27;1997;22;12;1095;12,2;3;3;6;3;0;0;1;0;0,25;0,25;0,49;0,25;0,49;DEN;FW;27;1997;12,2;3;27;12;44,4;2,22;0,99;0,11;0,25;0;0;DEN;FW;27;1997;22;1095;50;35,8;12,2;12;74;2;10;21;3;1,46;25;12;13;1,07;0,7;DEN;FW;27;1997;12,2;1;0;0;22;28;6;1;3;7;0;;;;;;;;;;;;;;;;;;;;;;;
Kenneth Taylor;Ajax;2526;NED-Eredivisie;NED;MF;23;2002;15;14;1277;14,2;2;4;6;1;1;1;3;0;0,14;0,28;0,42;0,07;0,35;NED;MF;23;2002;14,2;2;26;11;42,3;1,83;0,78;0,08;0,18;1;1;NED;MF;23;2002;15;1277;85;41,7;14,2;14;88;11;1;45;0;1,6;24;18;6;0,42;-0,33;NED;MF;23;2002;14,2;3;0;0;22;17;2;25;14;9;0;;;;;;;;;;;;;;;;;;;;;;;
Kian Fitz-Jim;Ajax;2526;NED-Eredivisie;NED;MF;22;2003;17;4;524;5,8;1;0;1;1;0;0;2;0;0,17;0,0;0,17;0,17;0,17;NED;MF;22;2003;5,8;1;13;4;30,8;2,23;0,69;0,08;0,25;0;0;NED;MF;22;2003;17;524;31;17,1;5,8;4;69;0;13;19;9;1,88;10;9;1;0,17;-0,54;NED;MF;22;2003;5,8;2;0;0;10;7;0;4;17;11;0;;;;;;;;;;;;;;;;;;;;;;;
Ko Itakura;Ajax;2526;NED-Eredivisie;JPN;DF,MF;28;1997;18;16;1341;14,9;1;0;1;1;0;0;2;0;0,07;0,0;0,07;0,07;0,07;JPN;DF,MF;28;1997;14,9;1;7;3;42,9;0,47;0,2;0,14;0,33;0;0;JPN;DF,MF;28;1997;18;1341;75;43,8;14,9;16;81;10;2;24;6;2,05;28;17;11;0,74;0,21;JPN;DF,MF;28;1997;14,9;2;0;0;13;9;0;4;17;9;0;;;;;;;;;;;;;;;;;;;;;;;
Lucas Jetten;Ajax;2526;NED-Eredivisie;;;;;;;;;;;;;;;;;;;;;;;;;;;;;;;;;;;;;NED;DF;18;2007;0;;;;;0;;0;0;;2;;;;;;;;;;;;;;;;;;;;;;;;;;;;;;;;;;;;;;;;;;;;
Lucas Oliveira Rosa;Ajax;2526;NED-Eredivisie;BRA;DF;25;2000;27;24;2145;23,8;0;0;0;0;0;0;4;0;0,0;0,0;0,0;0,0;0,0;BRA;DF;25;2000;23,8;0;16;5;31,3;0,67;0,21;0,0;0,0;0;0;BRA;DF;25;2000;27;2145;79;70,1;23,8;24;87;20;3;20;5;1,69;40;26;14;0,59;-0,1;BRA;DF;25;2000;23,8;4;0;0;31;28;0;25;40;43;0;;;;;;;;;;;;;;;;;;;;;;;
Maarten Paes;Ajax;2526;NED-Eredivisie;IDN;GK;27;1998;11;11;990;11,0;0;0;0;0;0;0;0;0;0,0;0,0;0,0;0,0;0,0;IDN;GK;27;1998;11,0;0;0;0;;0,0;0,0;;;0;0;IDN;GK;27;1998;11;990;90;32,4;11,0;11;90;11;0;;1;1,38;16;11;5;0,45;-0,24;IDN;GK;27;1998;11,0;0;0;0;0;1;0;0;0;0;0;IDN;GK;27;1998;11;11;990;11,0;11;1,0;44;33;75,0;3;5;3;5;45,5;1;1;0;0;0,0
Maher Carrizo;Ajax;2526;NED-Eredivisie;ARG;MF;19;2006;4;0;36;0,4;0;0;0;0;0;0;0;0;0,0;0,0;0,0;0,0;0,0;ARG;MF;19;2006;0,4;0;4;2;50,0;10,0;5,0;0,0;0,0;0;0;ARG;MF;19;2006;4;36;9;1,2;0,4;0;;0;4;9;7;1,0;0;1;-1;-2,5;-3,15;ARG;MF;19;2006;0,4;0;0;0;0;0;0;5;0;0;0;;;;;;;;;;;;;;;;;;;;;;;
Mark Verkuijl;Ajax;2526;NED-Eredivisie;;;;;;;;;;;;;;;;;;;;;;;;;;;;;;;;;;;;;NED;MF;19;2006;0;;;;;0;;0;0;;1;;;;;;;;;;;;;;;;;;;;;;;;;;;;;;;;;;;;;;;;;;;;
Marvyn Muzungu;Ajax;2526;NED-Eredivisie;;;;;;;;;;;;;;;;;;;;;;;;;;;;;;;;;;;;;FRA;DF;17;2007;0;;;;;0;;0;0;;1;;;;;;;;;;;;;;;;;;;;;;;;;;;;;;;;;;;;;;;;;;;;
Mika Godts;Ajax;2526;NED-Eredivisie;BEL;FW,MF;20;2005;32;30;2676;29,7;17;12;29;17;0;0;2;0;0,57;0,4;0,98;0,57;0,98;BEL;FW,MF;20;2005;29,7;17;80;39;48,8;2,69;1,31;0,21;0,44;0;0;BEL;FW,MF;20;2005;32;2676;84;87,5;29,7;30;87;18;2;29;0;1,65;55;38;17;0,57;-0,37;BEL;FW,MF;20;2005;29,7;2;0;0;19;44;7;88;12;21;0;;;;;;;;;;;;;;;;;;;;;;;
Mohamed Abdalla;Ajax;2526;NED-Eredivisie;;;;;;;;;;;;;;;;;;;;;;;;;;;;;;;;;;;;;NED;MF;15;2009;0;;;;;0;;0;0;;2;;;;;;;;;;;;;;;;;;;;;;;;;;;;;;;;;;;;;;;;;;;;
Mylo Van De Lans;Ajax;2526;NED-Eredivisie;;;;;;;;;;;;;;;;;;;;;;;;;;;;;;;;;;;;;NED;DF;18;2007;0;;;;;0;;0;0;;6;;;;;;;;;;;;;;;;;;;;;;;;;;;;;;;;;;;;;;;;;;;;
Nick Verschuren;Ajax;2526;NED-Eredivisie;;;;;;;;;;;;;;;;;;;;;;;;;;;;;;;;;;;;;NED;DF;20;2005;0;;;;;0;;0;0;;1;;;;;;;;;;;;;;;;;;;;;;;;;;;;;;;;;;;;;;;;;;;;
Oleksandr Zinchenko;Ajax;2526;NED-Eredivisie;UKR;DF;28;1996;2;1;20;0,2;0;0;0;0;0;0;0;0;0,0;0,0;0,0;0,0;0,0;UKR;DF;28;1996;0,2;0;0;0;;0,0;0,0;;;0;0;UKR;DF;28;1996;2;20;10;0,7;0,2;1;5;0;1;15;0;2,0;1;0;1;4,5;3,91;UKR;DF;28;1996;0,2;0;0;0;1;1;0;1;0;0;0;;;;;;;;;;;;;;;;;;;;;;;
Oliver Edvardsen;Ajax;2526;NED-Eredivisie;NOR;MF,FW;26;1999;18;6;640;7,1;0;1;1;0;0;0;3;0;0,0;0,14;0,14;0,0;0,14;NOR;MF,FW;26;1999;7,1;0;4;1;25,0;0,56;0,14;0,0;0,0;0;0;NOR;MF,FW;26;1999;18;640;36;20,9;7,1;6;67;0;12;20;11;1,5;11;13;-2;-0,28;-1,14;NOR;MF,FW;26;1999;7,1;3;0;0;12;18;0;20;3;7;0;;;;;;;;;;;;;;;;;;;;;;;
Oscar Gloukh;Ajax;2526;NED-Eredivisie;ISR;MF,FW;21;2004;29;16;1559;17,3;6;6;12;6;0;0;3;0;0,35;0,35;0,69;0,35;0,69;ISR;MF,FW;21;2004;17,3;6;49;22;44,9;2,83;1,27;0,12;0,27;0;0;ISR;MF,FW;21;2004;29;1559;54;50,9;17,3;16;74;4;13;29;4;1,72;32;18;14;0,81;0,39;ISR;MF,FW;21;2004;17,3;3;0;0;4;17;0;40;2;11;0;;;;;;;;;;;;;;;;;;;;;;;
Owen Wijndal;Ajax;2526;NED-Eredivisie;NED;DF;25;1999;19;15;1350;15,0;1;0;1;1;0;0;3;0;0,07;0,0;0,07;0,07;0,07;NED;DF;25;1999;15,0;1;10;5;50,0;0,67;0,33;0,1;0,2;0;0;NED;DF;25;1999;19;1350;71;44,1;15,0;15;79;6;4;41;5;1,84;29;16;13;0,87;0,45;NED;DF;25;1999;15,0;3;0;0;18;25;0;33;17;15;0;;;;;;;;;;;;;;;;;;;;;;;
Paul Reverson;Ajax;2526;NED-Eredivisie;;;;;;;;;;;;;;;;;;;;;;;;;;;;;;;;;;;;;GHA;GK;20;2005;0;;;;;0;;0;0;;21;;;;;;;;;;;;;;;;;;;;;;;;;;;;;;;;;;;;;;;;;;;;
Pharrel Nash;Ajax;2526;NED-Eredivisie;NED;FW;17;2008;1;0;5;0,1;0;0;0;0;0;0;0;0;0,0;0,0;0,0;0,0;0,0;NED;FW;17;2008;0,1;0;0;0;;0,0;0,0;;;0;0;NED;FW;17;2008;1;5;5;0,2;0,1;0;;0;1;5;2;3,0;0;0;0;0,0;-0,62;NED;FW;17;2008;0,1;0;0;0;0;0;0;1;0;0;0;;;;;;;;;;;;;;;;;;;;;;;
Rayane Bounida;Ajax;2526;NED-Eredivisie;BEL;FW;19;2006;22;9;832;9,2;1;5;6;1;0;0;4;0;0,11;0,54;0,65;0,11;0,65;BEL;FW;19;2006;9,2;1;37;10;27,0;4,0;1,08;0,03;0,1;0;0;BEL;FW;19;2006;22;832;38;27,2;9,2;9;68;1;13;17;8;1,55;18;12;6;0,65;0,04;BEL;FW;19;2006;9,2;4;0;0;12;22;0;57;5;6;0;;;;;;;;;;;;;;;;;;;;;;;
Raúl Moro;Ajax;2526;NED-Eredivisie;ESP;MF,FW;22;2002;14;7;562;6,2;0;1;1;0;0;0;1;0;0,0;0,16;0,16;0,0;0,16;ESP;MF,FW;22;2002;6,2;0;9;5;55,6;1,44;0,8;0,0;0,0;0;0;ESP;MF,FW;22;2002;14;562;40;18,4;6,2;7;65;0;7;15;5;1,5;11;9;2;0,32;-0,36;ESP;MF,FW;22;2002;6,2;1;0;0;3;2;3;39;3;2;0;;;;;;;;;;;;;;;;;;;;;;;
Remko Pasveer;Ajax;2526;NED-Eredivisie;NED;GK;41;1983;4;4;360;4,0;0;0;0;0;0;0;0;0;0,0;0,0;0,0;0,0;0,0;NED;GK;41;1983;4,0;0;0;0;;0,0;0,0;;;0;0;NED;GK;41;1983;4;360;90;11,8;4,0;4;90;4;0;;16;1,0;6;7;-1;-0,25;-0,98;NED;GK;41;1983;4,0;0;0;0;0;0;0;0;0;0;0;NED;GK;41;1983;4;4;360;4,0;7;1,75;22;15;68,2;1;1;2;0;0,0;1;1;0;0;0,0
Ryan van de Pavert;Ajax;2526;NED-Eredivisie;;;;;;;;;;;;;;;;;;;;;;;;;;;;;;;;;;;;;NED;DF;19;2006;0;;;;;0;;0;0;;4;;;;;;;;;;;;;;;;;;;;;;;;;;;;;;;;;;;;;;;;;;;;
Sean Steur;Ajax;2526;NED-Eredivisie;NED;MF;17;2008;19;14;1129;12,5;1;1;2;1;0;0;2;0;0,08;0,08;0,16;0,08;0,16;NED;MF;17;2008;12,5;1;15;8;53,3;1,2;0,64;0,07;0,13;0;0;NED;MF;17;2008;19;1129;59;36,9;12,5;14;74;2;5;18;6;1,71;25;17;8;0,64;0,03;NED;MF;17;2008;12,5;2;0;0;6;12;0;2;7;11;0;;;;;;;;;;;;;;;;;;;;;;;
Steven Berghuis;Ajax;2526;NED-Eredivisie;NED;FW,MF;33;1991;19;14;1134;12,6;4;2;6;4;0;0;3;0;0,32;0,16;0,48;0,32;0,48;NED;FW,MF;33;1991;12,6;4;41;16;39,0;3,25;1,27;0,1;0,25;0;0;NED;FW,MF;33;1991;19;1134;60;37,1;12,6;14;74;3;5;20;2;1,62;24;8;16;1,27;1,04;NED;FW,MF;33;1991;12,6;3;0;0;8;11;2;67;8;9;0;;;;;;;;;;;;;;;;;;;;;;;
Takehiro Tomiyasu;Ajax;2526;NED-Eredivisie;JPN;DF;26;1998;7;2;207;2,3;0;0;0;0;0;0;0;1;0,0;0,0;0,0;0,0;0,0;JPN;DF;26;1998;2,3;0;1;0;0,0;0,43;0,0;0,0;;0;0;JPN;DF;26;1998;7;207;30;6,8;2,3;2;70;0;5;13;6;1,56;3;0;3;1,3;0,74;JPN;DF;26;1998;2,3;0;1;0;2;2;0;0;6;2;0;;;;;;;;;;;;;;;;;;;;;;;
Tijn Peters;Ajax;2526;NED-Eredivisie;;;;;;;;;;;;;;;;;;;;;;;;;;;;;;;;;;;;;NED;MF;23;2002;0;;;;;0;;0;0;;1;;;;;;;;;;;;;;;;;;;;;;;;;;;;;;;;;;;;;;;;;;;;
Valentijn Velde;Ajax;2526;NED-Eredivisie;;;;;;;;;;;;;;;;;;;;;;;;;;;;;;;;;;;;;NED;GK;18;2007;0;;;;;0;;0;0;;1;;;;;;;;;;;;;;;;;;;;;;;;;;;;;;;;;;;;;;;;;;;;
Vitezslav Jaros;Ajax;2526;NED-Eredivisie;CZE;GK;24;2001;19;19;1710;19,0;0;0;0;0;0;0;1;0;0,0;0,0;0,0;0,0;0,0;CZE;GK;24;2001;19,0;0;0;0;;0,0;0,0;;;0;0;CZE;GK;24;2001;19;1710;90;55,9;19,0;19;90;19;0;;4;2,0;40;23;17;0,89;0,63;CZE;GK;24;2001;19,0;1;0;0;0;3;0;0;1;0;0;CZE;GK;24;2001;19;19;1710;19,0;23;1,21;85;62;72,9;10;8;1;5;26,3;3;3;0;0;0,0
Wout Weghorst;Ajax;2526;NED-Eredivisie;NED;FW;32;1992;27;20;1784;19,8;8;4;12;8;0;0;6;0;0,4;0,2;0,61;0,4;0,61;NED;FW;32;1992;19,8;8;51;17;33,3;2,57;0,86;0,16;0,47;0;0;NED;FW;32;1992;27;1784;66;58,3;19,8;20;83;15;7;17;0;1,62;32;25;7;0,35;-0,63;NED;FW;32;1992;19,8;6;0;0;29;31;17;4;3;6;0;;;;;;;;;;;;;;;;;;;;;;;
Youri Baas;Ajax;2526;NED-Eredivisie;NED;DF;22;2003;31;31;2759;30,7;4;1;5;4;0;0;4;1;0,13;0,03;0,16;0,13;0,16;NED;DF;22;2003;30,7;4;16;7;43,8;0,52;0,23;0,25;0,57;0;0;NED;DF;22;2003;31;2759;89;90,2;30,7;31;89;30;0;;0;1,61;56;38;18;0,59;-0,31;NED;DF;22;2003;30,7;4;1;1;27;37;1;3;33;32;1;;;;;;;;;;;;;;;;;;;;;;;
Youri Regeer;Ajax;2526;NED-Eredivisie;NED;MF,DF;21;2003;25;21;1689;18,8;0;2;2;0;0;0;6;0;0,0;0,11;0,11;0,0;0,11;NED;MF,DF;21;2003;18,8;0;10;2;20,0;0,53;0,11;0,0;0,0;0;0;NED;MF,DF;21;2003;25;1689;68;55,2;18,8;21;76;9;4;24;3;1,78;34;17;17;0,91;0,64;NED;MF,DF;21;2003;18,8;6;0;0;18;18;0;16;23;32;0;;;;;;;;;;;;;;;;;;;;;;;
Adam Carlén;Excelsior;2526;NED-Eredivisie;SWE;MF;25;2000;25;12;1229;13,7;0;1;1;0;0;0;5;0;0,0;0,07;0,07;0,0;0,07;SWE;MF;25;2000;13,7;0;8;1;12,5;0,59;0,07;0,0;0,0;0;0;SWE;MF;25;2000;25;1229;49;40,2;13,7;12;85;7;13;16;9;1,28;11;26;-15;-1,1;-1,2;SWE;MF;25;2000;13,7;5;0;0;22;9;1;2;10;20;0;;;;;;;;;;;;;;;;;;;;;;;
Arthur Zagre;Excelsior;2526;NED-Eredivisie;BFA;DF;23;2001;30;27;2384;26,5;4;2;6;3;1;2;7;1;0,15;0,08;0,23;0,11;0,19;BFA;DF;23;2001;26,5;4;26;9;34,6;0,98;0,34;0,15;0,44;1;2;BFA;DF;23;2001;30;2384;79;77,9;26,5;27;86;21;3;20;0;1,07;33;44;-11;-0,42;-0,15;BFA;DF;23;2001;26,5;7;1;1;32;17;2;41;29;32;0;;;;;;;;;;;;;;;;;;;;;;;
Calvin Raatsie;Excelsior;2526;NED-Eredivisie;NED;GK;23;2002;2;2;180;2,0;0;0;0;0;0;0;0;0;0,0;0,0;0,0;0,0;0,0;NED;GK;23;2002;2,0;0;0;0;;0,0;0,0;;;0;0;NED;GK;23;2002;2;180;90;5,9;2,0;2;90;2;0;;25;0,0;2;6;-4;-2,0;-1,72;NED;GK;23;2002;2,0;0;0;0;1;0;0;0;0;0;0;NED;GK;23;2002;2;2;180;2,0;6;3,0;16;10;62,5;0;0;2;0;0,0;0;0;0;0;
Casper Widell;Excelsior;2526;NED-Eredivisie;SWE;DF;22;2003;34;34;3053;33,9;1;1;2;1;0;0;2;0;0,03;0,03;0,06;0,03;0,06;SWE;DF;22;2003;33,9;1;19;4;21,1;0,56;0,12;0,05;0,25;0;0;SWE;DF;22;2003;34;3053;90;99,8;33,9;34;90;33;0;;0;1,12;43;56;-13;-0,38;-0,38;SWE;DF;22;2003;33,9;2;0;0;24;9;0;3;35;21;0;;;;;;;;;;;;;;;;;;;;;;;
Chris Nadje;Excelsior;2526;NED-Eredivisie;FRA;MF;23;2001;7;2;237;2,6;0;0;0;0;0;0;2;0;0,0;0,0;0,0;0,0;0,0;FRA;MF;23;2001;2,6;0;4;0;0,0;1,52;0,0;0,0;;0;0;FRA;MF;23;2001;7;237;34;7,7;2,6;2;63;0;5;22;4;1,14;4;4;0;0,0;0,41;FRA;MF;23;2001;2,6;2;0;0;4;6;0;3;2;2;0;;;;;;;;;;;;;;;;;;;;;;;
Derensili Fernandes;Excelsior;2526;NED-Eredivisie;NED;MF,FW;24;2001;33;30;2484;27,6;6;3;9;6;0;0;0;0;0,22;0,11;0,33;0,22;0,33;NED;MF,FW;24;2001;27,6;6;60;20;33,3;2,17;0,72;0,1;0,3;0;0;NED;MF,FW;24;2001;33;2484;75;81,2;27,6;30;79;8;3;36;1;1,06;32;45;-13;-0,47;-0,47;NED;MF,FW;24;2001;27,6;0;0;0;42;30;4;71;11;13;0;;;;;;;;;;;;;;;;;;;;;;;
Emil Hansson;Excelsior;2526;NED-Eredivisie;SWE;MF,FW;27;1998;12;8;576;6,4;1;1;2;1;0;0;1;0;0,16;0,16;0,31;0,16;0,31;SWE;MF,FW;27;1998;6,4;1;8;5;62,5;1,25;0,78;0,13;0,2;0;0;SWE;MF,FW;27;1998;12;576;48;18,8;6,4;8;60;0;4;23;2;1,25;8;9;-1;-0,16;0,28;SWE;MF,FW;27;1998;6,4;1;0;0;3;1;0;40;1;1;0;;;;;;;;;;;;;;;;;;;;;;;
Gijs van den Berg;Excelsior;2526;NED-Eredivisie;;;;;;;;;;;;;;;;;;;;;;;;;;;;;;;;;;;;;;MF;;;0;;;;;0;;0;0;;1;;;;;;;;;;;;;;;;;;;;;;;;;;;;;;;;;;;;;;;;;;;;
Guilliano Cairo;Excelsior;2526;NED-Eredivisie;;;;;1;0;6;0,1;0;0;0;0;0;0;0;0;0,0;0,0;0,0;0,0;0,0;;;;;0,1;0;0;0;;0,0;0,0;;;0;0;;;;;1;6;6;0,2;0,1;0;;0;1;6;15;3,0;1;0;1;15,0;15,41;;;;;0,1;0;0;0;1;0;0;0;0;0;0;;;;;;;;;;;;;;;;;;;;;;;
Gyan de Regt;Excelsior;2526;NED-Eredivisie;NED;MF,FW;21;2003;34;31;2656;29,5;3;7;10;3;0;0;3;0;0,1;0,24;0,34;0,1;0,34;NED;MF,FW;21;2003;29,5;3;42;17;40,5;1,42;0,58;0,07;0,18;0;0;NED;MF,FW;21;2003;34;2656;78;86,8;29,5;31;83;21;3;24;0;1,12;40;50;-10;-0,34;0,33;NED;MF,FW;21;2003;29,5;3;0;0;33;23;9;190;9;14;0;;;;;;;;;;;;;;;;;;;;;;;
Ilias Bronkhorst;Excelsior;2526;NED-Eredivisie;NED;DF;28;1997;33;26;2349;26,1;2;0;2;2;0;0;6;0;0,08;0,0;0,08;0,08;0,08;NED;DF;28;1997;26,1;2;13;4;30,8;0,5;0,15;0,15;0,5;0;0;NED;DF;28;1997;33;2349;71;76,8;26,1;26;85;20;7;22;0;1,15;29;41;-12;-0,46;-0,33;NED;DF;28;1997;26,1;6;0;0;30;22;0;79;29;25;0;;;;;;;;;;;;;;;;;;;;;;;
Irakli Yegoian;Excelsior;2526;NED-Eredivisie;GEO;MF;21;2004;31;30;2672;29,7;5;2;7;5;0;0;2;0;0,17;0,07;0,24;0,17;0,24;GEO;MF;21;2004;29,7;5;54;14;25,9;1,82;0,47;0,09;0,36;0;0;GEO;MF;21;2004;31;2672;86;87,3;29,7;30;88;24;1;31;0;1,23;39;46;-7;-0,24;1,16;GEO;MF;21;2004;29,7;2;0;0;22;36;3;36;35;34;0;;;;;;;;;;;;;;;;;;;;;;;
Jerolldino Bergraaf;Excelsior;2526;NED-Eredivisie;NED;FW;19;2006;24;10;1050;11,7;0;0;0;0;0;0;1;0;0,0;0,0;0,0;0,0;0,0;NED;FW;19;2006;11,7;0;19;3;15,8;1,63;0,26;0,0;0,0;0;0;NED;FW;19;2006;24;1050;44;34,3;11,7;10;71;1;14;24;4;1,25;15;22;-7;-0,6;-0,33;NED;FW;19;2006;11,7;1;0;0;23;13;4;1;3;4;0;;;;;;;;;;;;;;;;;;;;;;;
Lennard Hartjes;Excelsior;2526;NED-Eredivisie;NED;MF;22;2003;21;21;1552;17,2;1;0;1;1;0;0;1;0;0,06;0,0;0,06;0,06;0,06;NED;MF;22;2003;17,2;1;11;2;18,2;0,64;0,12;0,09;0,5;0;0;NED;MF;22;2003;21;1552;74;50,7;17,2;21;74;5;0;;1;1,29;26;26;0;0,0;0,78;NED;MF;22;2003;17,2;1;0;0;15;12;0;7;20;24;0;;;;;;;;;;;;;;;;;;;;;;;
Lewis Schouten;Excelsior;2526;NED-Eredivisie;NED;DF,MF;21;2004;24;14;1357;15,1;1;0;1;1;0;0;1;0;0,07;0,0;0,07;0,07;0,07;NED;DF,MF;21;2004;15,1;1;12;5;41,7;0,8;0,33;0,08;0,2;0;0;NED;DF,MF;21;2004;24;1357;57;44,3;15,1;14;82;8;10;22;5;1,25;25;21;4;0,27;1,16;NED;DF,MF;21;2004;15,1;1;0;0;20;10;1;4;17;16;0;;;;;;;;;;;;;;;;;;;;;;;
Mathijs Tielemans;Excelsior;2526;NED-Eredivisie;NED;MF;23;2002;2;2;131;1,5;0;0;0;0;0;0;0;0;0,0;0,0;0,0;0,0;0,0;NED;MF;23;2002;1,5;0;1;1;100,0;0,69;0,69;0,0;0,0;0;0;NED;MF;23;2002;2;131;66;4,3;1,5;2;66;0;0;;11;0,5;1;4;-3;-2,06;-1,75;NED;MF;23;2002;1,5;0;0;0;2;1;0;3;3;0;0;;;;;;;;;;;;;;;;;;;;;;;
Mike van Duinen;Excelsior;2526;NED-Eredivisie;NED;FW;33;1991;28;5;720;8,0;1;2;3;1;0;0;1;0;0,12;0,25;0,37;0,12;0,37;NED;FW;33;1991;8,0;1;18;4;22,2;2,25;0,5;0,06;0,25;0;0;NED;FW;33;1991;28;720;26;23,5;8,0;5;72;0;23;16;6;1,0;9;13;-4;-0,5;-0,15;NED;FW;33;1991;8,0;1;0;0;28;4;2;0;2;9;0;;;;;;;;;;;;;;;;;;;;;;;
Miliano Jonathans;Excelsior;2526;NED-Eredivisie;IDN;MF;21;2004;9;1;227;2,5;2;0;2;2;0;0;1;0;0,79;0,0;0,79;0,79;0,79;IDN;MF;21;2004;2,5;2;8;4;50,0;3,17;1,59;0,25;0,5;0;0;IDN;MF;21;2004;9;227;25;7,4;2,5;1;64;0;8;20;0;0,78;7;2;5;1,98;2,55;IDN;MF;21;2004;2,5;1;0;0;5;9;0;9;0;2;0;;;;;;;;;;;;;;;;;;;;;;;
Nesto Groen;Excelsior;2526;NED-Eredivisie;NED;FW;21;2004;1;0;19;0,2;0;0;0;0;0;0;0;0;0,0;0,0;0,0;0,0;0,0;NED;FW;21;2004;0,2;0;0;0;;0,0;0,0;;;0;0;NED;FW;21;2004;1;19;19;0,6;0,2;0;;0;1;19;1;0,0;0;0;0;0,0;0,38;NED;FW;21;2004;0,2;0;0;0;1;0;0;1;0;0;0;;;;;;;;;;;;;;;;;;;;;;;
Noa El Hamdaoui;Excelsior;2526;NED-Eredivisie;;MF;;;1;0;18;0,2;0;0;0;0;0;0;0;0;0,0;0,0;0,0;0,0;0,0;;MF;;;0,2;0;0;0;;0,0;0,0;;;0;0;;MF;;;1;18;18;0,6;0,2;0;;0;1;18;7;0,0;0;0;0;0,0;0,38;;MF;;;0,2;0;0;0;1;0;0;0;0;0;0;;;;;;;;;;;;;;;;;;;;;;;
Noah Naujoks;Excelsior;2526;NED-Eredivisie;NED;MF,FW;23;2002;31;29;2320;25,8;10;1;11;8;2;2;3;0;0,39;0,04;0,43;0,31;0,35;NED;MF,FW;23;2002;25,8;10;63;24;38,1;2,44;0,93;0,16;0,42;2;2;NED;MF,FW;23;2002;31;2320;75;75,8;25,8;29;78;13;2;23;0;1,03;34;43;-9;-0,35;0,14;NED;MF,FW;23;2002;25,8;3;0;0;47;30;3;12;19;27;0;;;;;;;;;;;;;;;;;;;;;;;
Nolan Martens;Excelsior;2526;NED-Eredivisie;BEL;DF;21;2004;9;6;478;5,3;0;1;1;0;0;0;0;0;0,0;0,19;0,19;0,0;0,19;BEL;DF;21;2004;5,3;0;1;0;0,0;0,19;0,0;0,0;;0;0;BEL;DF;21;2004;9;478;53;15,6;5,3;6;72;0;3;15;11;1,22;7;8;-1;-0,19;0,23;BEL;DF;21;2004;5,3;0;0;0;3;0;1;11;6;9;0;;;;;;;;;;;;;;;;;;;;;;;
Rick Meissen;Excelsior;2526;NED-Eredivisie;NED;DF;23;2002;33;28;2511;27,9;0;3;3;0;0;0;4;0;0,0;0,11;0,11;0,0;0,11;NED;DF;23;2002;27,9;0;13;6;46,2;0,47;0,22;0,0;0,0;0;0;NED;DF;23;2002;33;2511;76;82,1;27,9;28;84;20;5;30;1;1,12;38;40;-2;-0,07;1,73;NED;DF;23;2002;27,9;4;0;0;25;15;0;6;49;22;0;;;;;;;;;;;;;;;;;;;;;;;
Simon Janssen;Excelsior;2526;NED-Eredivisie;NED;DF;24;2000;13;5;510;5,7;0;1;1;0;0;0;0;0;0,0;0,18;0,18;0,0;0,18;NED;DF;24;2000;5,7;0;6;5;83,3;1,06;0,88;0,0;0,0;0;0;NED;DF;24;2000;13;510;39;16,7;5,7;5;76;1;8;16;13;1,08;7;13;-6;-1,06;-0,81;NED;DF;24;2000;5,7;0;0;0;4;6;2;22;6;6;0;;;;;;;;;;;;;;;;;;;;;;;
Stan Henderikx;Excelsior;2526;NED-Eredivisie;NED;DF;22;2003;10;5;531;5,9;0;0;0;0;0;0;0;1;0,0;0,0;0,0;0,0;0,0;NED;DF;22;2003;5,9;0;4;3;75,0;0,68;0,51;0,0;0,0;0;0;NED;DF;22;2003;10;531;53;17,4;5,9;5;76;4;5;30;17;0,7;2;17;-15;-2,54;-2,61;NED;DF;22;2003;5,9;0;1;0;7;4;0;2;12;7;0;;;;;;;;;;;;;;;;;;;;;;;
Stefan Mitrović;Excelsior;2526;NED-Eredivisie;SRB;MF,FW;22;2002;9;2;261;2,9;0;0;0;0;0;0;0;0;0,0;0,0;0,0;0,0;0,0;SRB;MF,FW;22;2002;2,9;0;7;2;28,6;2,41;0,69;0,0;0,0;0;0;SRB;MF,FW;22;2002;9;261;29;8,5;2,9;2;50;0;7;23;2;1,44;2;4;-2;-0,69;-0,34;SRB;MF,FW;22;2002;2,9;0;0;0;5;6;0;17;2;1;0;;;;;;;;;;;;;;;;;;;;;;;
Stijn Middendorp;Excelsior;2526;NED-Eredivisie;;MF;;;6;2;199;2,2;0;0;0;0;0;0;0;1;0,0;0,0;0,0;0,0;0,0;;MF;;;2,2;0;1;0;0,0;0,45;0,0;0,0;;0;0;;MF;;;6;199;33;6,5;2,2;2;70;0;4;15;8;1,0;0;6;-6;-2,71;-2,49;;MF;;;2,2;0;1;0;0;2;0;1;5;3;0;;;;;;;;;;;;;;;;;;;;;;;
Stijn van Gassel;Excelsior;2526;NED-Eredivisie;NED;GK;28;1996;32;32;2819;31,3;0;1;1;0;0;0;0;0;0,0;0,03;0,03;0,0;0,03;NED;GK;28;1996;31,3;0;0;0;;0,0;0,0;;;0;0;NED;GK;28;1996;32;2819;88;92,1;31,3;32;88;31;0;;0;1,19;41;46;-5;-0,16;2,83;NED;GK;28;1996;31,3;0;0;0;0;4;0;0;0;0;0;NED;GK;28;1996;32;32;2819;31,3;46;1,47;163;117;71,8;10;8;14;6;18,8;4;3;0;1;0,0
Szymon Włodarczyk;Excelsior;2526;NED-Eredivisie;POL;FW;22;2003;23;9;757;8,4;3;1;4;3;0;1;1;0;0,36;0,12;0,48;0,36;0,48;POL;FW;22;2003;8,4;3;21;10;47,6;2,5;1,19;0,14;0,3;0;1;POL;FW;22;2003;23;757;33;24,7;8,4;9;61;0;14;15;5;1,09;13;10;3;0,36;0,98;POL;FW;22;2003;8,4;1;0;0;10;4;2;4;0;4;0;;;;;;;;;;;;;;;;;;;;;;;
Tijmen Holla;Excelsior;2526;NED-Eredivisie;;GK;;;1;0;61;0,7;0;0;0;0;0;0;0;0;0,0;0,0;0,0;0,0;0,0;;GK;;;0,7;0;0;0;;0,0;0,0;;;0;0;;GK;;;1;61;61;2,0;0,7;0;;0;1;61;8;0,0;0;4;-4;-5,9;-5,63;;GK;;;0,7;0;0;0;1;0;0;0;0;0;0;;GK;;;1;0;61;0,7;4;5,9;7;3;42,9;0;0;0;0;;1;1;0;0;0,0
Yoon Doyong;Excelsior;2526;NED-Eredivisie;KOR;MF;18;2006;6;0;103;1,1;1;0;1;1;0;0;1;0;0,87;0,0;0,87;0,87;0,87;KOR;MF;18;2006;1,1;1;5;2;40,0;4,37;1,75;0,2;0,5;0;0;KOR;MF;18;2006;6;103;17;3,4;1,1;0;;0;6;17;9;0,0;1;5;-4;-3,5;-3,22;KOR;MF;18;2006;1,1;1;0;0;3;3;0;1;2;2;0;;;;;;;;;;;;;;;;;;;;;;;
Zach Booth;Excelsior;2526;NED-Eredivisie;USA;MF;21;2004;3;1;106;1,2;0;0;0;0;0;0;0;0;0,0;0,0;0,0;0,0;0,0;USA;MF;21;2004;1,2;0;1;1;100,0;0,85;0,85;0,0;0,0;0;0;USA;MF;21;2004;3;106;35;3,5;1,2;1;66;0;2;20;1;0,0;2;3;-1;-0,85;-0,48;USA;MF;21;2004;1,2;0;0;0;4;0;1;1;0;0;0;;;;;;;;;;;;;;;;;;;;;;;
Anel Ahmedhodžić;Feyenoord;2526;NED-Eredivisie;BIH;DF;26;1999;26;26;2206;24,5;0;1;1;0;0;0;7;1;0,0;0,04;0,04;0,0;0,04;BIH;DF;26;1999;24,5;0;15;1;6,7;0,61;0,04;0,0;0,0;0;0;BIH;DF;26;1999;26;2206;85;72,1;24,5;26;85;20;0;;0;1,81;54;35;19;0,78;0,04;BIH;DF;26;1999;24,5;7;1;1;30;17;0;1;35;17;0;;;;;;;;;;;;;;;;;;;;;;;
Anis Hadj Moussa;Feyenoord;2526;NED-Eredivisie;ALG;MF,FW;23;2002;30;30;2545;28,3;11;6;17;11;0;0;4;1;0,39;0,21;0,6;0,39;0,6;ALG;MF,FW;23;2002;28,3;11;77;32;41,6;2,72;1,13;0,14;0,34;0;0;ALG;MF,FW;23;2002;30;2545;85;83,2;28,3;30;85;20;0;;0;1,97;62;37;25;0,88;0,71;ALG;MF,FW;23;2002;28,3;4;1;0;15;35;3;217;8;15;0;;;;;;;;;;;;;;;;;;;;;;;
Arman Nahany;Feyenoord;2526;NED-Eredivisie;;;;;;;;;;;;;;;;;;;;;;;;;;;;;;;;;;;;;NED;MF;17;2008;0;;;;;0;;0;0;;2;;;;;;;;;;;;;;;;;;;;;;;;;;;;;;;;;;;;;;;;;;;;
Ayase Ueda;Feyenoord;2526;NED-Eredivisie;JPN;FW;26;1998;31;31;2518;28,0;25;1;26;24;1;1;2;0;0,89;0,04;0,93;0,86;0,89;JPN;FW;26;1998;28,0;25;102;46;45,1;3,65;1,64;0,25;0,54;1;1;JPN;FW;26;1998;31;2518;81;82,3;28,0;31;81;14;0;;0;1,9;56;35;21;0,75;-0,08;JPN;FW;26;1998;28,0;2;0;0;24;60;8;6;3;6;0;;;;;;;;;;;;;;;;;;;;;;;
Aymen Sliti;Feyenoord;2526;NED-Eredivisie;NED;MF;19;2006;19;3;484;5,4;1;0;1;1;0;0;0;0;0,19;0,0;0,19;0,19;0,19;NED;MF;19;2006;5,4;1;11;3;27,3;2,05;0,56;0,09;0,33;0;0;NED;MF;19;2006;19;484;25;15,8;5,4;3;60;0;16;19;13;1,53;8;9;-1;-0,19;-1,13;NED;MF;19;2006;5,4;0;0;0;6;7;1;49;2;1;0;;;;;;;;;;;;;;;;;;;;;;;
Ayoub Ouarghi;Feyenoord;2526;NED-Eredivisie;NED;MF;17;2008;1;0;8;0,1;0;0;0;0;0;0;0;0;0,0;0,0;0,0;0,0;0,0;NED;MF;17;2008;0,1;0;0;0;;0,0;0,0;;;0;0;NED;MF;17;2008;1;8;8;0,3;0,1;0;;0;1;8;2;3,0;1;1;0;0,0;-0,77;NED;MF;17;2008;0,1;0;0;0;1;0;0;0;0;0;0;;;;;;;;;;;;;;;;;;;;;;;
Bart Nieuwkoop;Feyenoord;2526;NED-Eredivisie;NED;DF;29;1996;17;5;545;6,1;1;0;1;1;0;0;3;0;0,17;0,0;0,17;0,17;0,17;NED;DF;29;1996;6,1;1;5;2;40,0;0,83;0,33;0,2;0,5;0;0;NED;DF;29;1996;17;545;32;17,8;6,1;5;57;0;12;22;5;2,18;13;4;9;1,49;0,88;NED;DF;29;1996;6,1;3;0;0;13;4;0;10;8;17;0;;;;;;;;;;;;;;;;;;;;;;;
Calvin Stengs;Feyenoord;2526;NED-Eredivisie;;;;;;;;;;;;;;;;;;;;;;;;;;;;;;;;;;;;;NED;FW,MF;26;1998;0;;;;;0;;0;0;;2;;;;;;;;;;;;;;;;;;;;;;;;;;;;;;;;;;;;;;;;;;;;
Casper Tengstedt;Feyenoord;2526;NED-Eredivisie;DEN;FW;25;2000;18;2;405;4,5;3;0;3;2;1;1;0;0;0,67;0,0;0,67;0,44;0,44;DEN;FW;25;2000;4,5;3;22;9;40,9;4,89;2,0;0,14;0,33;1;1;DEN;FW;25;2000;18;405;23;13,2;4,5;2;75;0;16;16;16;1,72;9;8;1;0,22;-0,63;DEN;FW;25;2000;4,5;0;0;0;5;6;1;3;2;1;0;;;;;;;;;;;;;;;;;;;;;;;
Cyle Larin;Feyenoord;2526;NED-Eredivisie;CAN;MF;30;1995;8;1;158;1,8;0;1;1;0;0;0;1;0;0,0;0,57;0,57;0,0;0,57;CAN;MF;30;1995;1,8;0;9;3;33,3;5,13;1,71;0,0;0,0;0;0;CAN;MF;30;1995;8;158;20;5,2;1,8;1;45;0;7;16;4;1,38;6;3;3;1,71;1,0;CAN;MF;30;1995;1,8;1;0;0;4;3;2;0;0;3;0;;;;;;;;;;;;;;;;;;;;;;;
Gaoussou Diarra;Feyenoord;2526;NED-Eredivisie;MLI;MF,FW;22;2002;6;2;207;2,3;0;0;0;0;0;0;0;0;0,0;0,0;0,0;0,0;0,0;MLI;MF,FW;22;2002;2,3;0;7;3;42,9;3,04;1,3;0,0;0,0;0;0;MLI;MF,FW;22;2002;6;207;35;6,8;2,3;2;71;0;4;16;18;2,67;8;0;8;3,48;2,91;MLI;MF,FW;22;2002;2,3;0;0;0;2;2;0;2;1;3;0;;;;;;;;;;;;;;;;;;;;;;;
Gernot Trauner;Feyenoord;2526;NED-Eredivisie;AUT;DF;33;1992;5;4;279;3,1;0;0;0;0;0;0;0;0;0,0;0,0;0,0;0,0;0,0;AUT;DF;33;1992;3,1;0;2;1;50,0;0,65;0,32;0,0;0,0;0;0;AUT;DF;33;1992;5;279;56;9,1;3,1;4;70;1;1;1;0;2,2;3;3;0;0,0;-0,84;AUT;DF;33;1992;3,1;0;0;0;6;3;0;0;5;3;0;;;;;;;;;;;;;;;;;;;;;;;
Gijs Smal;Feyenoord;2526;NED-Eredivisie;NED;DF;27;1997;17;10;874;9,7;0;2;2;0;0;0;0;0;0,0;0,21;0,21;0,0;0,21;NED;DF;27;1997;9,7;0;11;2;18,2;1,13;0,21;0,0;0,0;0;0;NED;DF;27;1997;17;874;51;28,6;9,7;10;69;4;7;27;4;1,88;26;9;17;1,75;1,38;NED;DF;27;1997;9,7;0;0;0;3;11;0;31;13;15;0;;;;;;;;;;;;;;;;;;;;;;;
Givairo Read;Feyenoord;2526;NED-Eredivisie;NED;DF;19;2006;16;11;936;10,4;1;3;4;1;0;0;2;0;0,1;0,29;0,38;0,1;0,38;NED;DF;19;2006;10,4;1;15;3;20,0;1,44;0,29;0,07;0,33;0;0;NED;DF;19;2006;16;936;59;30,6;10,4;11;71;2;5;32;0;2,25;25;12;13;1,25;0,7;NED;DF;19;2006;10,4;2;0;0;7;14;0;30;12;10;0;;;;;;;;;;;;;;;;;;;;;;;
Gonçalo Borges;Feyenoord;2526;NED-Eredivisie;POR;MF,FW;24;2001;11;4;455;5,1;2;1;3;2;0;0;0;1;0,4;0,2;0,59;0,4;0,59;POR;MF,FW;24;2001;5,1;2;14;4;28,6;2,77;0,79;0,14;0,5;0;0;POR;MF,FW;24;2001;11;455;41;14,9;5,1;4;85;2;7;17;19;2,0;13;5;8;1,58;0,96;POR;MF,FW;24;2001;5,1;0;1;0;5;5;4;25;2;5;0;;;;;;;;;;;;;;;;;;;;;;;
Hakeem Agboluaje;Feyenoord;2526;NED-Eredivisie;;;;;;;;;;;;;;;;;;;;;;;;;;;;;;;;;;;;;NED;DF;17;2007;0;;;;;0;;0;0;;7;;;;;;;;;;;;;;;;;;;;;;;;;;;;;;;;;;;;;;;;;;;;
Hwang In-beom;Feyenoord;2526;NED-Eredivisie;KOR;MF;28;1996;17;12;981;10,9;1;3;4;1;0;0;2;0;0,09;0,28;0,37;0,09;0,37;KOR;MF;28;1996;10,9;1;16;5;31,3;1,47;0,46;0,06;0,2;0;0;KOR;MF;28;1996;17;981;58;32,1;10,9;12;72;3;5;23;2;1,76;19;22;-3;-0,28;-1,53;KOR;MF;28;1996;10,9;2;0;0;11;11;1;41;10;10;0;;;;;;;;;;;;;;;;;;;;;;;
Illai Grootfaam;Feyenoord;2526;NED-Eredivisie;NED;MF;15;2010;1;0;8;0,1;0;0;0;0;0;0;0;0;0,0;0,0;0,0;0,0;0,0;NED;MF;15;2010;0,1;0;0;0;;0,0;0,0;;;0;0;NED;MF;15;2010;1;8;8;0,3;0,1;0;;0;1;8;5;3,0;0;1;-1;-11,25;-12,05;NED;MF;15;2010;0,1;0;0;0;0;0;0;0;0;1;0;;;;;;;;;;;;;;;;;;;;;;;
Ismail Ka;Feyenoord;2526;NED-Eredivisie;;;;;;;;;;;;;;;;;;;;;;;;;;;;;;;;;;;;;NED;GK;19;2006;0;;;;;0;;0;0;;1;;;;;;;;;;;;;;;;;;;;;;;;;;;;;;;;;;;;;;;;;;;;
Jaden Slory;Feyenoord;2526;NED-Eredivisie;NED;FW;20;2005;6;1;183;2,0;0;0;0;0;0;0;1;0;0,0;0,0;0,0;0,0;0,0;NED;FW;20;2005;2,0;0;3;0;0,0;1,48;0,0;0,0;;0;0;NED;FW;20;2005;6;183;31;6,0;2,0;1;61;0;5;24;2;2,33;5;1;4;1,97;1,28;NED;FW;20;2005;2,0;1;0;0;4;2;0;9;3;3;0;;;;;;;;;;;;;;;;;;;;;;;
Jakub Moder;Feyenoord;2526;NED-Eredivisie;POL;MF,FW;26;1999;10;9;803;8,9;1;1;2;0;1;1;3;0;0,11;0,11;0,22;0,0;0,11;POL;MF,FW;26;1999;8,9;1;21;7;33,3;2,35;0,78;0,05;0,14;1;1;POL;MF,FW;26;1999;10;803;80;26,2;8,9;9;86;8;1;27;0;1,6;11;9;2;0,22;-0,73;POL;MF,FW;26;1999;8,9;3;0;0;12;10;0;10;9;9;0;;;;;;;;;;;;;;;;;;;;;;;
Jan Plug;Feyenoord;2526;NED-Eredivisie;NED;DF;20;2005;5;1;120;1,3;0;0;0;0;0;0;0;0;0,0;0,0;0,0;0,0;0,0;NED;DF;20;2005;1,3;0;0;0;;0,0;0,0;;;0;0;NED;DF;20;2005;5;120;24;3,9;1,3;1;67;0;4;13;13;2,2;3;3;0;0,0;-0,8;NED;DF;20;2005;1,3;0;0;0;3;0;0;2;4;3;0;;;;;;;;;;;;;;;;;;;;;;;
Jerayno Schaken;Feyenoord;2526;NED-Eredivisie;;;;;;;;;;;;;;;;;;;;;;;;;;;;;;;;;;;;;NED;FW;16;2009;0;;;;;0;;0;0;;2;;;;;;;;;;;;;;;;;;;;;;;;;;;;;;;;;;;;;;;;;;;;
Jerry St. Juste;Feyenoord;2526;NED-Eredivisie;NED;DF;28;1996;6;1;152;1,7;0;0;0;0;0;0;0;0;0,0;0,0;0,0;0,0;0,0;NED;DF;28;1996;1,7;0;0;0;;0,0;0,0;;;0;0;NED;DF;28;1996;6;152;25;5,0;1,7;1;45;0;5;21;2;2,17;3;5;-2;-1,18;-2,05;NED;DF;28;1996;1,7;0;0;0;1;1;0;0;4;1;0;;;;;;;;;;;;;;;;;;;;;;;
Jivayno Zinhagel;Feyenoord;2526;NED-Eredivisie;NED;FW;16;2009;1;0;14;0,2;0;0;0;0;0;0;0;0;0,0;0,0;0,0;0,0;0,0;NED;FW;16;2009;0,2;0;0;0;;0,0;0,0;;;0;0;NED;FW;16;2009;1;14;14;0,5;0,2;0;;0;1;14;1;1,0;0;0;0;0,0;-0,77;NED;FW;16;2009;0,2;0;0;0;0;0;0;1;0;0;0;;;;;;;;;;;;;;;;;;;;;;;
Jordan Lotomba;Feyenoord;2526;NED-Eredivisie;SUI;DF;26;1998;20;8;927;10,3;0;1;1;0;0;0;0;0;0,0;0,1;0,1;0,0;0,1;SUI;DF;26;1998;10,3;0;4;2;50,0;0,39;0,19;0,0;0,0;0;0;SUI;DF;26;1998;20;927;46;30,3;10,3;8;75;3;12;27;10;1,9;21;19;2;0,19;-0,82;SUI;DF;26;1998;10,3;0;0;0;8;7;0;10;10;9;0;;;;;;;;;;;;;;;;;;;;;;;
Jordy Bos;Feyenoord;2526;NED-Eredivisie;AUS;DF,MF;22;2002;28;24;2056;22,8;4;7;11;4;0;0;0;0;0,18;0,31;0,48;0,18;0,48;AUS;DF,MF;22;2002;22,8;4;37;14;37,8;1,62;0,61;0,11;0,29;0;0;AUS;DF,MF;22;2002;28;2056;73;67,2;22,8;24;81;16;4;30;1;2,04;48;32;16;0,7;-0,2;AUS;DF,MF;22;2002;22,8;0;0;0;21;16;2;78;24;47;0;;;;;;;;;;;;;;;;;;;;;;;
Justin Bijlow;Feyenoord;2526;NED-Eredivisie;;;;;;;;;;;;;;;;;;;;;;;;;;;;;;;;;;;;;NED;GK;27;1998;0;;;;;0;;0;0;;17;;;;;;;;;;;;;;;;;;;;;;;;;;;;;;;;;;;;;;;;;;;;
Leo Sauer;Feyenoord;2526;NED-Eredivisie;SVK;MF,FW;19;2005;20;17;1413;15,7;3;2;5;3;0;0;1;0;0,19;0,13;0,32;0,19;0,32;SVK;MF,FW;19;2005;15,7;3;33;14;42,4;2,1;0,89;0,09;0,21;0;0;SVK;MF,FW;19;2005;20;1413;71;46,2;15,7;17;78;6;3;29;1;1,8;33;24;9;0,57;-0,36;SVK;MF,FW;19;2005;15,7;1;0;0;15;20;9;29;5;8;0;;;;;;;;;;;;;;;;;;;;;;;
Liam Bossin;Feyenoord;2526;NED-Eredivisie;;;;;;;;;;;;;;;;;;;;;;;;;;;;;;;;;;;;;IRL;GK;29;1996;0;;;;;0;;0;0;;33;;;;;;;;;;;;;;;;;;;;;;;;;;;;;;;;;;;;;;;;;;;;
Lucas Gardenier;Feyenoord;2526;NED-Eredivisie;;;;;;;;;;;;;;;;;;;;;;;;;;;;;;;;;;;;;NED;DF;18;2007;0;;;;;0;;0;0;;1;;;;;;;;;;;;;;;;;;;;;;;;;;;;;;;;;;;;;;;;;;;;
Luciano Valente;Feyenoord;2526;NED-Eredivisie;NED;MF;21;2003;32;30;2543;28,3;2;7;9;2;0;0;10;1;0,07;0,25;0,32;0,07;0,32;NED;MF;21;2003;28,3;2;41;14;34,1;1,45;0,5;0,05;0,14;0;0;NED;MF;21;2003;32;2543;79;83,1;28,3;30;84;18;2;16;0;1,91;59;35;24;0,85;0,5;NED;MF;21;2003;28,3;10;1;1;25;26;3;53;32;21;0;;;;;;;;;;;;;;;;;;;;;;;
Malcolm Jeng;Feyenoord;2526;NED-Eredivisie;SWE;DF;20;2005;1;1;45;0,5;0;0;0;0;0;0;0;0;0,0;0,0;0,0;0,0;0,0;SWE;DF;20;2005;0,5;0;0;0;;0,0;0,0;;;0;0;SWE;DF;20;2005;1;45;45;1,5;0,5;1;45;0;0;;2;3,0;0;0;0;0,0;-0,78;SWE;DF;20;2005;0,5;0;0;0;0;0;0;0;2;0;0;;;;;;;;;;;;;;;;;;;;;;;
Mannou Berger;Feyenoord;2526;NED-Eredivisie;;;;;;;;;;;;;;;;;;;;;;;;;;;;;;;;;;;;;NED;GK;20;2004;0;;;;;0;;0;0;;5;;;;;;;;;;;;;;;;;;;;;;;;;;;;;;;;;;;;;;;;;;;;
Mats Deijl;Feyenoord;2526;NED-Eredivisie;NED;DF;28;1997;14;13;1146;12,7;0;2;2;0;0;0;2;0;0,0;0,16;0,16;0,0;0,16;NED;DF;28;1997;12,7;0;4;4;100,0;0,31;0,31;0,0;0,0;0;0;NED;DF;28;1997;14;1146;82;37,5;12,7;13;86;11;1;30;0;2,0;19;16;3;0,24;-0,85;NED;DF;28;1997;12,7;2;0;0;17;24;1;8;7;13;0;;;;;;;;;;;;;;;;;;;;;;;
Oussama Targhalline;Feyenoord;2526;NED-Eredivisie;MAR;MF;23;2002;25;21;1905;21,2;2;4;6;2;0;0;4;0;0,09;0,19;0,28;0,09;0,28;MAR;MF;23;2002;21,2;2;9;3;33,3;0,43;0,14;0,22;0,67;0;0;MAR;MF;23;2002;25;1905;76;62,3;21,2;21;85;13;4;30;3;2,04;42;23;19;0,9;0,35;MAR;MF;23;2002;21,2;4;0;0;26;28;0;3;42;41;0;;;;;;;;;;;;;;;;;;;;;;;
Quinten Timber;Feyenoord;2526;NED-Eredivisie;NED;MF;24;2001;17;14;1317;14,6;2;4;6;1;1;1;1;0;0,14;0,27;0,41;0,07;0,34;NED;MF;24;2001;14,6;2;23;8;34,8;1,57;0,55;0,09;0,25;1;1;NED;MF;24;2001;17;1317;77;43,0;14,6;14;88;12;3;31;0;1,76;33;19;14;0,96;0,34;NED;MF;24;2001;14,6;1;0;0;15;15;2;2;18;16;0;;;;;;;;;;;;;;;;;;;;;;;
Raheem Sterling;Feyenoord;2526;NED-Eredivisie;ENG;FW,MF;30;1994;8;5;419;4,7;0;1;1;0;0;0;1;0;0,0;0,21;0,21;0,0;0,21;ENG;FW,MF;30;1994;4,7;0;8;3;37,5;1,72;0,64;0,0;0,0;0;0;ENG;FW,MF;30;1994;8;419;52;13,7;4,7;5;69;0;3;25;3;1,88;5;7;-2;-0,43;-1,38;ENG;FW,MF;30;1994;4,7;1;0;0;10;15;2;7;1;2;0;;;;;;;;;;;;;;;;;;;;;;;
Sem Steijn;Feyenoord;2526;NED-Eredivisie;NED;MF;23;2001;21;12;1106;12,3;7;2;9;6;1;1;0;0;0,57;0,16;0,73;0,49;0,65;NED;MF;23;2001;12,3;7;38;17;44,7;3,09;1,38;0,18;0,41;1;1;NED;MF;23;2001;21;1106;53;36,1;12,3;12;78;4;9;20;0;2,14;34;13;21;1,71;1,48;NED;MF;23;2001;12,3;0;0;0;8;5;1;42;1;6;0;;;;;;;;;;;;;;;;;;;;;;;
Shaqueel Van Persie;Feyenoord;2526;NED-Eredivisie;NED;FW;18;2006;3;0;39;0,4;2;0;2;2;0;0;1;0;4,62;0,0;4,62;4,62;4,62;NED;FW;18;2006;0,4;2;2;2;100,0;4,62;4,62;1,0;1,0;0;0;NED;FW;18;2006;3;39;13;1,3;0,4;0;;0;3;13;4;2,0;3;3;0;0,0;-0,77;NED;FW;18;2006;0,4;1;0;0;0;0;0;0;0;1;0;;;;;;;;;;;;;;;;;;;;;;;
Steven Benda;Feyenoord;2526;NED-Eredivisie;GER;GK;26;1998;1;1;90;1,0;0;0;0;0;0;0;0;0;0,0;0,0;0,0;0,0;0,0;GER;GK;26;1998;1,0;0;0;0;;0,0;0,0;;;0;0;GER;GK;26;1998;1;90;90;2,9;1,0;1;90;1;0;;12;3,0;1;0;1;1,0;0,24;GER;GK;26;1998;1,0;0;0;0;0;0;0;0;0;0;0;GER;GK;26;1998;1;1;90;1,0;0;0,0;0;0;;1;0;0;1;100,0;0;0;0;0;
Thijs Kraaijeveld;Feyenoord;2526;NED-Eredivisie;NED;MF,DF;18;2007;15;8;745;8,3;0;0;0;0;0;0;2;0;0,0;0,0;0,0;0,0;0,0;NED;MF,DF;18;2007;8,3;0;6;0;0,0;0,72;0,0;0,0;;0;0;NED;MF,DF;18;2007;15;745;50;24,3;8,3;8;75;2;7;21;8;1,93;13;6;7;0,85;0,11;NED;MF,DF;18;2007;8,3;2;0;0;7;4;0;1;10;11;0;;;;;;;;;;;;;;;;;;;;;;;
Timon Wellenreuther;Feyenoord;2526;NED-Eredivisie;GER;GK;29;1995;33;33;2970;33,0;0;0;0;0;0;0;6;0;0,0;0,0;0,0;0,0;0,0;GER;GK;29;1995;33,0;0;0;0;;0,0;0,0;;;0;0;GER;GK;29;1995;33;2970;90;97,1;33,0;33;90;33;0;;0;1,88;69;44;25;0,76;-0,24;GER;GK;29;1995;33,0;6;0;0;1;14;0;0;1;0;0;GER;GK;29;1995;33;33;2970;33,0;44;1,33;133;89;66,9;18;8;7;9;27,3;3;3;0;0;0,0
Tobias Elshout Van Den;Feyenoord;2526;NED-Eredivisie;NED;MF,FW;18;2007;11;4;366;4,1;0;1;1;0;0;0;0;0;0,0;0,25;0,25;0,0;0,25;NED;MF,FW;18;2007;4,1;0;10;2;20,0;2,46;0,49;0,0;0,0;0;0;NED;MF,FW;18;2007;11;366;33;12,0;4,1;4;72;0;7;11;7;2,0;7;2;5;1,23;0,53;NED;MF,FW;18;2007;4,1;0;0;0;5;7;0;5;2;5;0;;;;;;;;;;;;;;;;;;;;;;;
Tsuyoshi Watanabe;Feyenoord;2526;NED-Eredivisie;JPN;DF;28;1997;30;30;2634;29,3;2;0;2;2;0;0;1;0;0,07;0,0;0,07;0,07;0,07;JPN;DF;28;1997;29,3;2;23;10;43,5;0,79;0,34;0,09;0,2;0;0;JPN;DF;28;1997;30;2634;88;86,1;29,3;30;88;27;0;;0;1,87;57;38;19;0,65;-0,83;JPN;DF;28;1997;29,3;1;0;0;22;15;0;4;29;22;0;;;;;;;;;;;;;;;;;;;;;;;
Alen Halilović;Fortuna Sittard;2526;NED-Eredivisie;CRO;MF;29;1996;5;0;35;0,4;0;1;1;0;0;0;0;0;0,0;2,57;2,57;0,0;2,57;CRO;MF;29;1996;0,4;0;1;0;0,0;2,57;0,0;0,0;;0;0;CRO;MF;29;1996;5;35;7;1,1;0,4;0;;0;5;7;7;0,8;1;1;0;0,0;0,42;CRO;MF;29;1996;0,4;0;0;0;1;4;0;5;1;1;0;;;;;;;;;;;;;;;;;;;;;;;
Alhaji Bah;Fortuna Sittard;2526;NED-Eredivisie;;;;;;;;;;;;;;;;;;;;;;;;;;;;;;;;;;;;;;MF;;;0;;;;;0;;0;0;;3;;;;;;;;;;;;;;;;;;;;;;;;;;;;;;;;;;;;;;;;;;;;
Amin Laoukili;Fortuna Sittard;2526;NED-Eredivisie;NED;MF;20;2005;1;0;3;0,0;0;0;0;0;0;0;0;0;0,0;0,0;0,0;0,0;0,0;NED;MF;20;2005;0,0;0;1;1;100,0;30,0;30,0;0,0;0,0;0;0;NED;MF;20;2005;1;3;3;0,1;0,0;0;;0;1;3;3;1,0;1;0;1;30,0;30,44;NED;MF;20;2005;0,0;0;0;0;0;0;0;0;0;0;0;;;;;;;;;;;;;;;;;;;;;;;
Daan Bisschops;Fortuna Sittard;2526;NED-Eredivisie;NED;DF;20;2005;1;1;89;1,0;0;0;0;0;0;0;0;0;0,0;0,0;0,0;0,0;0,0;NED;DF;20;2005;1,0;0;0;0;;0,0;0,0;;;0;0;NED;DF;20;2005;1;89;89;2,9;1,0;1;89;0;0;;1;3,0;3;1;2;2,02;2,51;NED;DF;20;2005;1,0;0;0;0;1;1;0;1;2;0;0;;;;;;;;;;;;;;;;;;;;;;;
Dimitris Limnios;Fortuna Sittard;2526;NED-Eredivisie;GRE;MF,FW;27;1998;34;28;2166;24,1;2;6;8;2;0;0;1;0;0,08;0,25;0,33;0,08;0,33;GRE;MF,FW;27;1998;24,1;2;25;11;44,0;1,04;0,46;0,08;0,18;0;0;GRE;MF,FW;27;1998;34;2166;64;70,8;24,1;28;74;9;6;15;0;1,15;34;39;-5;-0,21;0,7;GRE;MF,FW;27;1998;24,1;1;0;0;16;34;9;80;9;18;0;;;;;;;;;;;;;;;;;;;;;;;
Edouard Michut;Fortuna Sittard;2526;NED-Eredivisie;FRA;MF;22;2003;20;17;1591;17,7;0;0;0;0;0;0;4;0;0,0;0,0;0,0;0,0;0,0;FRA;MF;22;2003;17,7;0;17;2;11,8;0,96;0,11;0,0;0,0;0;0;FRA;MF;22;2003;20;1591;80;52,0;17,7;17;89;11;3;26;0;1,1;24;33;-9;-0,51;-0,2;FRA;MF;22;2003;17,7;4;0;0;35;47;0;12;34;29;0;;;;;;;;;;;;;;;;;;;;;;;
Gani Büyükhan;Fortuna Sittard;2526;NED-Eredivisie;NED;MF;15;2009;1;0;1;0,0;0;0;0;0;0;0;0;0;0,0;0,0;0,0;0,0;0,0;NED;MF;15;2009;0,0;0;0;0;;0,0;0,0;;;0;0;NED;MF;15;2009;1;1;1;0,0;0,0;0;;0;1;1;1;3,0;0;0;0;0,0;0,41;NED;MF;15;2009;0,0;0;0;0;0;0;0;0;1;1;0;;;;;;;;;;;;;;;;;;;;;;;
Hasip Korkmazyürek;Fortuna Sittard;2526;NED-Eredivisie;GER;MF;22;2003;1;0;1;0,0;0;0;0;0;0;0;0;0;0,0;0,0;0,0;0,0;0,0;GER;MF;22;2003;0,0;0;0;0;;0,0;0,0;;;0;0;GER;MF;22;2003;1;1;1;0,0;0,0;0;;0;1;1;3;3,0;0;0;0;0,0;0,41;GER;MF;22;2003;0,0;0;0;0;0;0;0;0;0;0;0;;;;;;;;;;;;;;;;;;;;;;;
Houboulang Mendes;Fortuna Sittard;2526;NED-Eredivisie;GNB;DF;27;1998;6;0;91;1,0;0;0;0;0;0;0;0;0;0,0;0,0;0,0;0,0;0,0;GNB;DF;27;1998;1,0;0;1;0;0,0;0,99;0,0;0,0;;0;0;GNB;DF;27;1998;6;91;15;3,0;1,0;0;;0;6;15;6;1,5;3;1;2;1,98;2,46;GNB;DF;27;1998;1,0;0;0;0;2;1;1;6;0;2;0;;;;;;;;;;;;;;;;;;;;;;;
Ivo Pinto;Fortuna Sittard;2526;NED-Eredivisie;POR;DF;35;1990;28;24;2037;22,6;0;5;5;0;0;0;3;1;0,0;0,22;0,22;0,0;0,22;POR;DF;35;1990;22,6;0;4;0;0,0;0,18;0,0;0,0;;0;0;POR;DF;35;1990;28;2037;73;66,6;22,6;24;80;10;4;31;1;1,14;35;44;-9;-0,4;0,04;POR;DF;35;1990;22,6;3;1;0;18;16;1;63;15;34;0;;;;;;;;;;;;;;;;;;;;;;;
Iván Márquez;Fortuna Sittard;2526;NED-Eredivisie;ESP;DF;31;1994;32;28;2501;27,8;1;0;1;1;0;0;4;0;0,04;0,0;0,04;0,04;0,04;ESP;DF;31;1994;27,8;1;13;3;23,1;0,47;0,11;0,08;0,33;0;0;ESP;DF;31;1994;32;2501;78;81,7;27,8;28;87;22;4;19;0;1,13;42;54;-12;-0,43;-0,11;ESP;DF;31;1994;27,8;4;0;0;32;12;1;0;28;25;0;;;;;;;;;;;;;;;;;;;;;;;
Jasper Dahlhaus;Fortuna Sittard;2526;NED-Eredivisie;NED;DF;23;2001;26;25;2115;23,5;0;1;1;0;0;0;5;0;0,0;0,04;0,04;0,0;0,04;NED;DF;23;2001;23,5;0;13;3;23,1;0,55;0,13;0,0;0,0;0;0;NED;DF;23;2001;26;2115;81;69,1;23,5;25;84;19;1;6;0;1,08;32;41;-9;-0,38;0,09;NED;DF;23;2001;23,5;5;0;0;27;14;0;45;47;21;0;;;;;;;;;;;;;;;;;;;;;;;
Justin Hubner;Fortuna Sittard;2526;NED-Eredivisie;IDN;DF,MF;21;2003;25;15;1495;16,6;2;1;3;2;0;0;7;1;0,12;0,06;0,18;0,12;0,18;IDN;DF,MF;21;2003;16,6;2;12;4;33,3;0,72;0,24;0,17;0,5;0;0;IDN;DF,MF;21;2003;25;1495;60;48,9;16,6;15;84;13;10;23;5;1,28;27;34;-7;-0,42;-0,02;IDN;DF,MF;21;2003;16,6;7;1;0;24;10;1;8;27;18;0;;;;;;;;;;;;;;;;;;;;;;;
Justin Lonwijk;Fortuna Sittard;2526;NED-Eredivisie;SUR;MF;25;1999;15;12;900;10,0;4;0;4;4;0;0;1;0;0,4;0,0;0,4;0,4;0,4;SUR;MF;25;1999;10,0;4;15;5;33,3;1,5;0,5;0,27;0,8;0;0;SUR;MF;25;1999;15;900;60;29,4;10,0;12;70;2;3;22;1;1,27;12;17;-5;-0,5;-0,13;SUR;MF;25;1999;10,0;1;0;0;16;14;4;7;11;17;0;;;;;;;;;;;;;;;;;;;;;;;
Kaj Sierhuis;Fortuna Sittard;2526;NED-Eredivisie;NED;FW;27;1998;30;25;1986;22,1;12;1;13;12;0;0;3;0;0,54;0,05;0,59;0,54;0,59;NED;FW;27;1998;22,1;12;79;31;39,2;3,58;1,4;0,15;0,39;0;0;NED;FW;27;1998;30;1986;66;64,9;22,1;25;74;5;5;25;0;1,07;33;38;-5;-0,23;0,53;NED;FW;27;1998;22,1;3;0;0;28;26;14;8;5;8;0;;;;;;;;;;;;;;;;;;;;;;;
Kristoffer Peterson;Fortuna Sittard;2526;NED-Eredivisie;SWE;MF,FW;30;1994;34;20;1689;18,8;3;2;5;3;0;0;2;0;0,16;0,11;0,27;0,16;0,27;SWE;MF,FW;30;1994;18,8;3;49;15;30,6;2,61;0,8;0,06;0,2;0;0;SWE;MF,FW;30;1994;34;1689;50;55,2;18,8;20;68;3;14;24;0;1,15;21;35;-14;-0,75;-0,75;SWE;MF,FW;30;1994;18,8;2;0;0;16;32;3;107;6;7;0;;;;;;;;;;;;;;;;;;;;;;;
Lance Duijvestijn;Fortuna Sittard;2526;NED-Eredivisie;NED;MF;26;1999;15;15;1249;13,9;3;2;5;3;0;0;1;0;0,22;0,14;0,36;0,22;0,36;NED;MF;26;1999;13,9;3;26;10;38,5;1,87;0,72;0,12;0,3;0;0;NED;MF;26;1999;15;1249;83;40,8;13,9;15;83;5;0;;0;1,13;20;26;-6;-0,43;-0,03;NED;MF;26;1999;13,9;1;0;0;13;10;2;18;12;17;0;;;;;;;;;;;;;;;;;;;;;;;
Lars Van Parys;Fortuna Sittard;2526;NED-Eredivisie;;;;;;;;;;;;;;;;;;;;;;;;;;;;;;;;;;;;;BEL;GK;18;2006;0;;;;;0;;0;0;;7;;;;;;;;;;;;;;;;;;;;;;;;;;;;;;;;;;;;;;;;;;;;
Luka Tunjić;Fortuna Sittard;2526;NED-Eredivisie;CRO;MF;19;2005;16;3;391;4,3;2;0;2;2;0;0;1;0;0,46;0,0;0,46;0,46;0,46;CRO;MF;19;2005;4,3;2;9;2;22,2;2,07;0,46;0,22;1,0;0;0;CRO;MF;19;2005;16;391;24;12,8;4,3;3;73;1;13;13;4;1,13;9;7;2;0,46;1,0;CRO;MF;19;2005;4,3;1;0;0;2;11;0;20;1;9;0;;;;;;;;;;;;;;;;;;;;;;;
Luuk Koopmans;Fortuna Sittard;2526;NED-Eredivisie;NED;GK;31;1993;10;10;900;10,0;0;0;0;0;0;0;0;0;0,0;0,0;0,0;0,0;0,0;NED;GK;31;1993;10,0;0;0;0;;0,0;0,0;;;0;0;NED;GK;31;1993;10;900;90;29,4;10,0;10;90;10;0;;23;1,1;14;21;-7;-0,7;-0,41;NED;GK;31;1993;10,0;0;0;0;0;2;0;0;0;0;0;NED;GK;31;1993;10;10;900;10,0;21;2,1;54;33;61,1;3;2;5;0;0,0;0;0;0;0;
Makan Aiko;Fortuna Sittard;2526;NED-Eredivisie;FRA;FW;24;2001;13;3;460;5,1;2;2;4;2;0;0;2;0;0,39;0,39;0,78;0,39;0,78;FRA;FW;24;2001;5,1;2;12;3;25,0;2,35;0,59;0,17;0,67;0;0;FRA;FW;24;2001;13;460;35;15,0;5,1;3;67;0;10;26;1;1,08;8;6;2;0,39;0,95;FRA;FW;24;2001;5,1;2;0;0;7;10;2;23;3;4;0;;;;;;;;;;;;;;;;;;;;;;;
Marko Kerkez;Fortuna Sittard;2526;NED-Eredivisie;SRB;DF;25;2000;3;0;6;0,1;0;0;0;0;0;0;0;0;0,0;0,0;0,0;0,0;0,0;SRB;DF;25;2000;0,1;0;0;0;;0,0;0,0;;;0;0;SRB;DF;25;2000;3;6;2;0,2;0,1;0;;0;3;2;12;3,0;1;0;1;15,0;15,44;SRB;DF;25;2000;0,1;0;0;0;0;0;0;0;0;0;0;;;;;;;;;;;;;;;;;;;;;;;
Mattijs Branderhorst;Fortuna Sittard;2526;NED-Eredivisie;NED;GK;31;1993;24;24;2160;24,0;0;0;0;0;0;0;3;0;0,0;0,0;0,0;0,0;0,0;NED;GK;31;1993;24,0;0;0;0;;0,0;0,0;;;0;0;NED;GK;31;1993;24;2160;90;70,6;24,0;24;90;24;0;;0;1,17;35;42;-7;-0,29;0,41;NED;GK;31;1993;24,0;3;0;0;1;0;0;0;0;0;0;NED;GK;31;1993;24;24;2160;24,0;42;1,75;136;94;69,1;8;4;12;3;12,5;2;1;1;0;50,0
Mohammed Ihattaren;Fortuna Sittard;2526;NED-Eredivisie;NED;MF,FW;23;2002;28;23;1930;21,4;6;10;16;3;3;3;4;0;0,28;0,47;0,75;0,14;0,61;NED;MF,FW;23;2002;21,4;6;69;34;49,3;3,22;1,59;0,09;0,18;3;3;NED;MF,FW;23;2002;28;1930;69;63,1;21,4;23;75;5;5;41;0;1,14;36;41;-5;-0,23;0,48;NED;MF,FW;23;2002;21,4;4;0;0;10;21;4;124;11;8;0;;;;;;;;;;;;;;;;;;;;;;;
Moussa Gbemou;Fortuna Sittard;2526;NED-Eredivisie;BEL;MF;17;2007;3;0;34;0,4;0;0;0;0;0;0;0;0;0,0;0,0;0,0;0,0;0,0;BEL;MF;17;2007;0,4;0;0;0;;0,0;0,0;;;0;0;BEL;MF;17;2007;3;34;11;1,1;0,4;0;;0;3;11;16;2,0;2;1;1;2,65;3,09;BEL;MF;17;2007;0,4;0;0;0;0;0;0;0;0;3;0;;;;;;;;;;;;;;;;;;;;;;;
Neraysho Kasanwirjo;Fortuna Sittard;2526;NED-Eredivisie;NED;DF,MF;23;2002;16;14;1320;14,7;0;2;2;0;0;0;1;0;0,0;0,14;0,14;0,0;0,14;NED;DF,MF;23;2002;14,7;0;7;1;14,3;0,48;0,07;0,0;0,0;0;0;NED;DF,MF;23;2002;16;1320;83;43,1;14,7;14;90;13;2;32;0;1,13;19;29;-10;-0,68;-0,47;NED;DF,MF;23;2002;14,7;1;0;0;10;17;0;10;22;12;0;;;;;;;;;;;;;;;;;;;;;;;
Nick Marsman;Fortuna Sittard;2526;NED-Eredivisie;;;;;;;;;;;;;;;;;;;;;;;;;;;;;;;;;;;;;NED;GK;34;1990;0;;;;;0;;0;0;;4;;;;;;;;;;;;;;;;;;;;;;;;;;;;;;;;;;;;;;;;;;;;
Niels Martens;Fortuna Sittard;2526;NED-Eredivisie;;;;;;;;;;;;;;;;;;;;;;;;;;;;;;;;;;;;;NED;GK;21;2004;0;;;;;0;;0;0;;34;;;;;;;;;;;;;;;;;;;;;;;;;;;;;;;;;;;;;;;;;;;;
Owen Johnson;Fortuna Sittard;2526;NED-Eredivisie;NED;FW;19;2005;4;0;17;0,2;0;0;0;0;0;0;0;0;0,0;0,0;0,0;0,0;0,0;NED;FW;19;2005;0,2;0;0;0;;0,0;0,0;;;0;0;NED;FW;19;2005;4;17;4;0,6;0,2;0;;0;4;4;2;0,25;0;1;-1;-5,29;-4,91;NED;FW;19;2005;0,2;0;0;0;1;1;0;0;0;0;0;;;;;;;;;;;;;;;;;;;;;;;
Paul Gladon;Fortuna Sittard;2526;NED-Eredivisie;NED;FW;33;1992;31;5;988;11,0;5;1;6;5;0;0;2;1;0,46;0,09;0,55;0,46;0,55;NED;FW;33;1992;11,0;5;31;11;35,5;2,82;1,0;0,16;0,45;0;0;NED;FW;33;1992;31;988;32;32,3;11,0;5;84;4;26;22;0;1,16;16;21;-5;-0,46;-0,06;NED;FW;33;1992;11,0;2;1;0;35;14;8;5;0;6;0;;;;;;;;;;;;;;;;;;;;;;;
Philip Brittijn;Fortuna Sittard;2526;NED-Eredivisie;NED;MF;21;2004;32;28;2401;26,7;4;1;5;4;0;0;10;0;0,15;0,04;0,19;0,15;0,19;NED;MF;21;2004;26,7;4;16;6;37,5;0,6;0,22;0,25;0,67;0;0;NED;MF;21;2004;32;2401;75;78,5;26,7;28;82;16;4;24;0;1,09;38;46;-8;-0,3;0,52;NED;MF;21;2004;26,7;10;0;0;43;17;2;6;43;46;0;;;;;;;;;;;;;;;;;;;;;;;
Ryan Fosso;Fortuna Sittard;2526;NED-Eredivisie;SUI;MF,DF;23;2002;17;17;1511;16,8;0;1;1;0;0;0;4;0;0,0;0,06;0,06;0,0;0,06;SUI;MF,DF;23;2002;16,8;0;11;1;9,1;0,66;0,06;0,0;0,0;0;0;SUI;MF,DF;23;2002;17;1511;89;49,4;16,8;17;89;15;0;;0;1,24;25;29;-4;-0,24;0,34;SUI;MF,DF;23;2002;16,8;4;0;0;22;23;0;1;26;22;1;;;;;;;;;;;;;;;;;;;;;;;
Samuel Bastien;Fortuna Sittard;2526;NED-Eredivisie;COD;MF;28;1996;6;0;45;0,5;0;0;0;0;0;0;0;0;0,0;0,0;0,0;0,0;0,0;COD;MF;28;1996;0,5;0;0;0;;0,0;0,0;;;0;0;COD;MF;28;1996;6;45;8;1,5;0,5;0;;0;6;8;10;0,67;1;1;0;0,0;0,42;COD;MF;28;1996;0,5;0;0;0;0;0;0;0;0;2;0;;;;;;;;;;;;;;;;;;;;;;;
Shawn Adewoye;Fortuna Sittard;2526;NED-Eredivisie;BEL;DF;25;2000;28;24;2018;22,4;0;0;0;0;0;0;6;0;0,0;0,0;0,0;0,0;0,0;BEL;DF;25;2000;22,4;0;5;2;40,0;0,22;0,09;0,0;0,0;0;0;BEL;DF;25;2000;28;2018;72;65,9;22,4;24;81;16;4;20;1;1,14;26;42;-16;-0,71;-0,89;BEL;DF;25;2000;22,4;6;0;0;36;20;0;1;35;33;1;;;;;;;;;;;;;;;;;;;;;;;
Syb Van Ottele;Fortuna Sittard;2526;NED-Eredivisie;NED;DF,MF;23;2002;15;9;900;10,0;0;0;0;0;0;0;2;0;0,0;0,0;0,0;0,0;0,0;NED;DF,MF;23;2002;10,0;0;6;2;33,3;0,6;0,2;0,0;0,0;0;0;NED;DF,MF;23;2002;15;900;60;29,4;10,0;9;86;6;6;22;7;0,87;14;19;-5;-0,5;-0,13;NED;DF,MF;23;2002;10,0;2;0;0;11;11;0;2;10;22;1;;;;;;;;;;;;;;;;;;;;;;;
Tristan Schenkhuizen;Fortuna Sittard;2526;NED-Eredivisie;NED;MF;21;2004;4;1;104;1,2;0;0;0;0;0;0;0;0;0,0;0,0;0,0;0,0;0,0;NED;MF;21;2004;1,2;0;1;0;0,0;0,87;0,0;0,0;;0;0;NED;MF;21;2004;4;104;26;3,4;1,2;1;81;0;3;8;15;1,0;3;2;1;0,87;1,32;NED;MF;21;2004;1,2;0;0;0;1;4;0;1;2;1;0;;;;;;;;;;;;;;;;;;;;;;;
Wassim Elasri;Fortuna Sittard;2526;NED-Eredivisie;;;;;;;;;;;;;;;;;;;;;;;;;;;;;;;;;;;;;NED;MF;21;2004;0;;;;;0;;0;0;;2;;;;;;;;;;;;;;;;;;;;;;;;;;;;;;;;;;;;;;;;;;;;
Yassin Oukili;Fortuna Sittard;2526;NED-Eredivisie;NED;MF;24;2001;13;3;476;5,3;2;0;2;2;0;0;3;0;0,38;0,0;0,38;0,38;0,38;NED;MF;24;2001;5,3;2;9;4;44,4;1,7;0,76;0,22;0,5;0;0;NED;MF;24;2001;13;476;37;15,6;5,3;3;86;2;10;22;0;1,08;4;17;-13;-2,46;-2,42;NED;MF;24;2001;5,3;3;0;0;10;3;0;1;6;9;0;;;;;;;;;;;;;;;;;;;;;;;
Alfons Sampsted;Go Ahead Eagles;2526;NED-Eredivisie;ISL;DF;27;1998;12;12;871;9,7;0;2;2;0;0;0;2;1;0,0;0,21;0,21;0,0;0,21;ISL;DF;27;1998;9,7;0;2;1;50,0;0,21;0,1;0,0;0,0;0;0;ISL;DF;27;1998;12;871;73;28,5;9,7;12;73;4;0;;2;1,08;15;11;4;0,41;0,54;ISL;DF;27;1998;9,7;2;1;1;5;5;0;16;8;15;0;;;;;;;;;;;;;;;;;;;;;;;
Aske Adelgaard;Go Ahead Eagles;2526;NED-Eredivisie;DEN;DF;21;2003;27;16;1564;17,4;1;1;2;1;0;0;4;0;0,06;0,06;0,12;0,06;0,12;DEN;DF;21;2003;17,4;1;9;3;33,3;0,52;0,17;0,11;0,33;0;0;DEN;DF;21;2003;27;1564;58;51,1;17,4;16;83;9;11;21;4;1,11;29;25;4;0,23;0,41;DEN;DF;21;2003;17,4;4;0;0;24;15;2;72;19;21;0;;;;;;;;;;;;;;;;;;;;;;;
Calvin Twigt;Go Ahead Eagles;2526;NED-Eredivisie;NED;MF;22;2003;12;6;528;5,9;0;0;0;0;0;0;1;1;0,0;0,0;0,0;0,0;0,0;NED;MF;22;2003;5,9;0;2;1;50,0;0,34;0,17;0,0;0,0;0;0;NED;MF;22;2003;12;528;44;17,3;5,9;6;65;1;6;24;6;1,42;11;9;2;0,34;0,38;NED;MF;22;2003;5,9;1;1;0;9;5;1;9;8;6;0;;;;;;;;;;;;;;;;;;;;;;;
Dani Tijman;Go Ahead Eagles;2526;NED-Eredivisie;;;;;;;;;;;;;;;;;;;;;;;;;;;;;;;;;;;;;;FW;;;0;;;;;0;;0;0;;6;;;;;;;;;;;;;;;;;;;;;;;;;;;;;;;;;;;;;;;;;;;;
Dean James;Go Ahead Eagles;2526;NED-Eredivisie;IDN;DF;25;2000;26;18;1617;18,0;1;1;2;1;0;0;5;1;0,06;0,06;0,11;0,06;0,11;IDN;DF;25;2000;18,0;1;7;4;57,1;0,39;0,22;0,14;0,25;0;0;IDN;DF;25;2000;26;1617;62;52,8;18,0;18;80;7;8;22;1;1,15;26;29;-3;-0,17;-0,42;IDN;DF;25;2000;18,0;5;1;1;19;9;1;145;18;23;0;;;;;;;;;;;;;;;;;;;;;;;
Eus Waayers;Go Ahead Eagles;2526;NED-Eredivisie;NED;DF;18;2006;4;1;68;0,8;0;1;1;0;0;0;0;0;0,0;1,32;1,32;0,0;1,32;NED;DF;18;2006;0,8;0;1;1;100,0;1,32;1,32;0,0;0,0;0;0;NED;DF;18;2006;4;68;17;2,2;0,8;1;21;0;3;16;10;0,75;2;2;0;0,0;-0,03;NED;DF;18;2006;0,8;0;0;0;2;1;0;1;0;1;0;;;;;;;;;;;;;;;;;;;;;;;
Evert Linthorst;Go Ahead Eagles;2526;NED-Eredivisie;NED;MF;25;2000;29;16;1485;16,5;1;2;3;1;0;0;3;0;0,06;0,12;0,18;0,06;0,18;NED;MF;25;2000;16,5;1;8;4;50,0;0,48;0,24;0,13;0,25;0;0;NED;MF;25;2000;29;1485;51;48,5;16,5;16;75;5;13;22;4;1,17;25;21;4;0,24;0,41;NED;MF;25;2000;16,5;3;0;0;16;4;0;9;15;10;0;;;;;;;;;;;;;;;;;;;;;;;
Finn Stokkers;Go Ahead Eagles;2526;NED-Eredivisie;NED;FW;29;1996;19;0;286;3,2;1;0;1;1;0;0;1;0;0,31;0,0;0,31;0,31;0,31;NED;FW;29;1996;3,2;1;12;2;16,7;3,78;0,63;0,08;0,5;0;0;NED;FW;29;1996;19;286;15;9,3;3,2;0;;0;19;15;14;0,89;9;4;5;1,57;1,7;NED;FW;29;1996;3,2;1;0;0;5;3;1;5;1;0;0;;;;;;;;;;;;;;;;;;;;;;;
Gerrit Nauber;Go Ahead Eagles;2526;NED-Eredivisie;GER;DF;33;1992;9;9;798;8,9;2;0;2;2;0;0;1;0;0,23;0,0;0,23;0,23;0,23;GER;DF;33;1992;8,9;2;8;5;62,5;0,9;0,56;0,25;0,4;0;0;GER;DF;33;1992;9;798;89;26,1;8,9;9;89;8;0;;0;1,11;13;16;-3;-0,34;-0,5;GER;DF;33;1992;8,9;1;0;0;7;0;1;2;6;3;0;;;;;;;;;;;;;;;;;;;;;;;
Giovanni van Zwam;Go Ahead Eagles;2526;NED-Eredivisie;NED;DF;21;2004;12;6;689;7,7;0;0;0;0;0;0;0;0;0,0;0,0;0,0;0,0;0,0;NED;DF;21;2004;7,7;0;5;1;20,0;0,65;0,13;0,0;0,0;0;0;NED;DF;21;2004;12;689;57;22,5;7,7;6;80;4;6;35;15;1,25;9;9;0;0,0;-0,04;NED;DF;21;2004;7,7;0;0;0;8;4;0;3;7;5;0;;;;;;;;;;;;;;;;;;;;;;;
Jaden Slory;Go Ahead Eagles;2526;NED-Eredivisie;NED;MF,FW;20;2005;13;8;654;7,3;0;1;1;0;0;0;0;0;0,0;0,14;0,14;0,0;0,14;NED;MF,FW;20;2005;7,3;0;9;2;22,2;1,24;0,28;0,0;0,0;0;0;NED;MF,FW;20;2005;13;654;50;21,4;7,3;8;62;0;5;32;3;1,08;8;9;-1;-0,14;-0,21;NED;MF,FW;20;2005;7,3;0;0;0;5;15;1;33;4;4;0;;;;;;;;;;;;;;;;;;;;;;;
Jakob Breum;Go Ahead Eagles;2526;NED-Eredivisie;DEN;MF;21;2003;28;24;2033;22,6;6;5;11;6;0;0;1;0;0,27;0,22;0,49;0,27;0,49;DEN;MF;21;2003;22,6;6;33;20;60,6;1,46;0,89;0,18;0,3;0;0;DEN;MF;21;2003;28;2033;73;66,4;22,6;24;82;11;4;18;0;1,04;38;35;3;0,13;0,31;DEN;MF;21;2003;22,6;1;0;0;8;24;1;91;9;15;0;;;;;;;;;;;;;;;;;;;;;;;
Jari De Busser;Go Ahead Eagles;2526;NED-Eredivisie;BEL;GK;25;1999;34;34;3060;34,0;0;0;0;0;0;0;0;0;0,0;0,0;0,0;0,0;0,0;BEL;GK;25;1999;34,0;0;0;0;;0,0;0,0;;;0;0;BEL;GK;25;1999;34;3060;90;100,0;34,0;34;90;34;0;;0;1,12;54;53;1;0,03;;BEL;GK;25;1999;34,0;0;0;0;0;14;0;0;1;0;2;BEL;GK;25;1999;34;34;3060;34,0;53;1,56;201;148;73,6;8;14;12;9;26,5;3;3;0;0;0,0
Joris Kramer;Go Ahead Eagles;2526;NED-Eredivisie;NED;DF;28;1996;34;34;3015;33,5;1;3;4;1;0;0;2;0;0,03;0,09;0,12;0,03;0,12;NED;DF;28;1996;33,5;1;15;5;33,3;0,45;0,15;0,07;0,2;0;0;NED;DF;28;1996;34;3015;89;98,5;33,5;34;89;33;0;;0;1,12;53;53;0;0,0;-2,0;NED;DF;28;1996;33,5;2;0;0;23;14;0;27;37;19;0;;;;;;;;;;;;;;;;;;;;;;;
Julius Dirksen;Go Ahead Eagles;2526;NED-Eredivisie;NED;DF;22;2003;18;14;1158;12,9;2;0;2;2;0;0;4;0;0,16;0,0;0,16;0,16;0,16;NED;DF;22;2003;12,9;2;5;2;40,0;0,39;0,16;0,4;1,0;0;0;NED;DF;22;2003;18;1158;64;37,8;12,9;14;79;5;4;14;13;1,11;22;17;5;0,39;0,58;NED;DF;22;2003;12,9;4;0;0;10;7;0;3;14;8;0;;;;;;;;;;;;;;;;;;;;;;;
Kenzo Goudmijn;Go Ahead Eagles;2526;NED-Eredivisie;NED;MF;23;2001;16;11;759;8,4;0;0;0;0;0;0;1;0;0,0;0,0;0,0;0,0;0,0;NED;MF;23;2001;8,4;0;12;3;25,0;1,42;0,36;0,0;0,0;0;0;NED;MF;23;2001;16;759;47;24,8;8,4;11;63;0;5;13;10;1,38;13;11;2;0,24;0,28;NED;MF;23;2001;8,4;1;0;0;7;10;0;37;4;5;0;;;;;;;;;;;;;;;;;;;;;;;
Luca Plogmann;Go Ahead Eagles;2526;NED-Eredivisie;;;;;;;;;;;;;;;;;;;;;;;;;;;;;;;;;;;;;GER;GK;25;2000;0;;;;;0;;0;0;;34;;;;;;;;;;;;;;;;;;;;;;;;;;;;;;;;;;;;;;;;;;;;
Mathis Suray;Go Ahead Eagles;2526;NED-Eredivisie;BEL;MF,FW;24;2001;32;32;2588;28,8;12;2;14;11;1;1;4;0;0,42;0,07;0,49;0,38;0,45;BEL;MF,FW;24;2001;28,8;12;63;31;49,2;2,19;1,08;0,19;0,39;1;1;BEL;MF,FW;24;2001;32;2588;81;84,6;28,8;32;81;16;0;;1;1,16;44;43;1;0,03;0,03;BEL;MF,FW;24;2001;28,8;4;0;0;30;19;12;52;13;21;0;;;;;;;;;;;;;;;;;;;;;;;
Mats Deijl;Go Ahead Eagles;2526;NED-Eredivisie;NED;DF;28;1997;19;19;1665;18,5;1;3;4;0;1;2;3;0;0,05;0,16;0,22;0,0;0,16;NED;DF;28;1997;18,5;1;13;6;46,2;0,7;0,32;0,08;0,17;1;2;NED;DF;28;1997;19;1665;88;54,4;18,5;19;88;18;0;;0;1,11;30;33;-3;-0,16;-0,42;NED;DF;28;1997;18,5;3;0;0;12;37;3;35;12;19;1;;;;;;;;;;;;;;;;;;;;;;;
Melle Meulensteen;Go Ahead Eagles;2526;NED-Eredivisie;NED;MF,DF;26;1999;34;33;2826;31,4;5;1;6;5;0;0;2;0;0,16;0,03;0,19;0,16;0,19;NED;MF,DF;26;1999;31,4;5;40;18;45,0;1,27;0,57;0,13;0,28;0;0;NED;MF,DF;26;1999;34;2826;83;92,4;31,4;33;85;25;1;22;0;1,12;49;49;0;0,0;-0,38;NED;MF,DF;26;1999;31,4;2;0;0;15;42;2;18;52;26;0;;;;;;;;;;;;;;;;;;;;;;;
Milan Smit;Go Ahead Eagles;2526;NED-Eredivisie;NED;FW;22;2003;19;14;1364;15,2;6;2;8;6;0;0;5;0;0,4;0,13;0,53;0,4;0,53;NED;FW;22;2003;15,2;6;26;13;50,0;1,72;0,86;0,23;0,46;0;0;NED;FW;22;2003;19;1364;72;44,6;15,2;14;87;11;5;29;0;1,11;23;27;-4;-0,26;-0,53;NED;FW;22;2003;15,2;5;0;0;25;29;5;3;2;4;0;;;;;;;;;;;;;;;;;;;;;;;
Nando Verdoni;Go Ahead Eagles;2526;NED-Eredivisie;;;;;;;;;;;;;;;;;;;;;;;;;;;;;;;;;;;;;NED;GK;20;2004;0;;;;;0;;0;0;;20;;;;;;;;;;;;;;;;;;;;;;;;;;;;;;;;;;;;;;;;;;;;
Ofosu Boakye;Go Ahead Eagles;2526;NED-Eredivisie;;FW;;;1;0;9;0,1;0;0;0;0;0;0;0;0;0,0;0,0;0,0;0,0;0,0;;FW;;;0,1;0;0;0;;0,0;0,0;;;0;0;;FW;;;1;9;9;0,3;0,1;0;;0;1;9;2;3,0;0;0;0;0,0;-0,03;;FW;;;0,1;0;0;0;1;0;0;0;0;0;0;;;;;;;;;;;;;;;;;;;;;;;
Oscar Pettersson;Go Ahead Eagles;2526;NED-Eredivisie;SWE;MF;25;2000;5;1;158;1,8;0;1;1;0;0;0;0;0;0,0;0,57;0,57;0,0;0,57;SWE;MF;25;2000;1,8;0;4;2;50,0;2,28;1,14;0,0;0,0;0;0;SWE;MF;25;2000;5;158;32;5,2;1,8;1;62;0;4;24;8;1,6;4;2;2;1,14;1,17;SWE;MF;25;2000;1,8;0;0;0;2;0;1;9;2;0;0;;;;;;;;;;;;;;;;;;;;;;;
Oskar Siira Sivertsen;Go Ahead Eagles;2526;NED-Eredivisie;NOR;MF;21;2004;14;2;344;3,8;0;1;1;0;0;0;2;1;0,0;0,26;0,26;0,0;0,26;NOR;MF;21;2004;3,8;0;7;4;57,1;1,83;1,05;0,0;0,0;0;0;NOR;MF;21;2004;14;344;25;11,2;3,8;2;56;0;12;19;15;1,07;4;8;-4;-1,05;-1,21;NOR;MF;21;2004;3,8;2;1;1;4;6;0;30;1;4;0;;;;;;;;;;;;;;;;;;;;;;;
Richonell Margaret;Go Ahead Eagles;2526;NED-Eredivisie;SUR;MF,FW;24;2000;22;13;1031;11,5;1;2;3;1;0;0;3;0;0,09;0,17;0,26;0,09;0,26;SUR;MF,FW;24;2000;11,5;1;16;4;25,0;1,4;0,35;0,06;0,25;0;0;SUR;MF,FW;24;2000;22;1031;47;33,7;11,5;13;59;0;9;29;10;1,05;22;19;3;0,26;0,35;SUR;MF,FW;24;2000;11,5;3;0;0;18;16;3;48;6;9;0;;;;;;;;;;;;;;;;;;;;;;;
Robbin Weijenberg;Go Ahead Eagles;2526;NED-Eredivisie;NED;MF;20;2004;2;0;47;0,5;0;0;0;0;0;0;0;0;0,0;0,0;0,0;0,0;0,0;NED;MF;20;2004;0,5;0;1;0;0,0;1,91;0,0;0,0;;0;0;NED;MF;20;2004;2;47;24;1,5;0,5;0;;0;2;24;9;1,5;0;1;-1;-1,91;-1,97;NED;MF;20;2004;0,5;0;0;0;0;0;0;0;0;0;0;;;;;;;;;;;;;;;;;;;;;;;
Stefán Ingi Sigurðarson;Go Ahead Eagles;2526;NED-Eredivisie;ISL;FW;24;2001;14;8;635;7,1;3;0;3;3;0;0;0;0;0,43;0,0;0,43;0,43;0,43;ISL;FW;24;2001;7,1;3;24;12;50,0;3,4;1,7;0,13;0,25;0;0;ISL;FW;24;2001;14;635;45;20,8;7,1;8;66;0;6;18;0;1,14;13;13;0;0,0;-0,04;ISL;FW;24;2001;7,1;0;0;0;2;9;4;1;2;3;0;;;;;;;;;;;;;;;;;;;;;;;
Sven Jansen;Go Ahead Eagles;2526;NED-Eredivisie;;;;;;;;;;;;;;;;;;;;;;;;;;;;;;;;;;;;;NED;DF;20;2004;0;;;;;0;;0;0;;13;;;;;;;;;;;;;;;;;;;;;;;;;;;;;;;;;;;;;;;;;;;;
Søren Tengstedt;Go Ahead Eagles;2526;NED-Eredivisie;DEN;MF,FW;25;2000;13;9;686;7,6;4;0;4;4;0;0;1;0;0,52;0,0;0,52;0,52;0,52;DEN;MF,FW;25;2000;7,6;4;19;7;36,8;2,49;0,92;0,21;0,57;0;0;DEN;MF,FW;25;2000;13;686;53;22,4;7,6;9;65;1;4;24;3;1,23;14;14;0;0,0;-0,04;DEN;MF,FW;25;2000;7,6;1;0;0;3;10;0;16;6;3;0;;;;;;;;;;;;;;;;;;;;;;;
Thibo Baeten;Go Ahead Eagles;2526;NED-Eredivisie;BEL;MF,FW;23;2002;20;5;780;8,7;1;2;3;1;0;0;2;1;0,12;0,23;0,35;0,12;0,35;BEL;MF,FW;23;2002;8,7;1;15;7;46,7;1,73;0,81;0,07;0,14;0;0;BEL;MF,FW;23;2002;20;780;39;25,5;8,7;5;73;3;15;28;9;0,8;11;15;-4;-0,46;-0,66;BEL;MF,FW;23;2002;8,7;2;1;0;29;18;4;56;3;7;0;;;;;;;;;;;;;;;;;;;;;;;
Victor Edvardsen;Go Ahead Eagles;2526;NED-Eredivisie;SWE;FW,MF;29;1996;26;22;1992;22,1;4;7;11;4;0;0;4;0;0,18;0,32;0,5;0,18;0,5;SWE;FW,MF;29;1996;22,1;4;32;13;40,6;1,45;0,59;0,13;0,31;0;0;SWE;FW,MF;29;1996;26;1992;77;65,1;22,1;22;84;14;4;35;0;1,19;40;30;10;0,45;1,21;SWE;FW,MF;29;1996;22,1;4;0;0;17;6;6;48;1;11;0;;;;;;;;;;;;;;;;;;;;;;;
Xander Blomme;Go Ahead Eagles;2526;NED-Eredivisie;;;;;;;;;;;;;;;;;;;;;;;;;;;;;;;;;;;;;BEL;MF;23;2002;0;;;;;0;;0;0;;14;;;;;;;;;;;;;;;;;;;;;;;;;;;;;;;;;;;;;;;;;;;;
Yassir Salah Rahmouni;Go Ahead Eagles;2526;NED-Eredivisie;NED;MF;19;2006;20;7;785;8,7;0;0;0;0;0;0;2;0;0,0;0,0;0,0;0,0;0,0;NED;MF;19;2006;8,7;0;3;0;0,0;0,34;0,0;0,0;;0;0;NED;MF;19;2006;20;785;39;25,7;8,7;7;71;2;13;22;9;0,7;12;20;-8;-0,92;-1,27;NED;MF;19;2006;8,7;2;0;0;8;10;1;5;3;12;0;;;;;;;;;;;;;;;;;;;;;;;
Brynjólfur Willumsson;Groningen;2526;NED-Eredivisie;ISL;FW;24;2000;27;12;1217;13,5;6;0;6;6;0;0;2;0;0,44;0,0;0,44;0,44;0,44;ISL;FW;24;2000;13,5;6;42;19;45,2;3,11;1,41;0,14;0,32;0;0;ISL;FW;24;2000;27;1217;45;39,8;13,5;12;75;4;15;21;3;1,29;21;20;1;0,07;-0,07;ISL;FW;24;2000;13,5;2;0;0;26;17;5;2;2;5;0;;;;;;;;;;;;;;;;;;;;;;;
David van der Werff;Groningen;2526;NED-Eredivisie;NED;MF;20;2004;34;26;2048;22,8;3;2;5;3;0;0;2;0;0,13;0,09;0,22;0,13;0,22;NED;MF;20;2004;22,8;3;54;24;44,4;2,37;1,05;0,06;0,13;0;0;NED;MF;20;2004;34;2048;60;66,9;22,8;26;73;4;8;17;0;1,37;36;28;8;0,35;0,71;NED;MF;20;2004;22,8;2;0;0;14;10;1;92;13;25;0;;;;;;;;;;;;;;;;;;;;;;;
Dies Janse;Groningen;2526;NED-Eredivisie;NED;DF;19;2006;31;30;2725;30,3;2;2;4;2;0;0;6;0;0,07;0,07;0,13;0,07;0,13;NED;DF;19;2006;30,3;2;14;5;35,7;0,46;0,17;0,14;0,4;0;0;NED;DF;19;2006;31;2725;88;89,1;30,3;30;90;30;1;25;0;1,41;44;36;8;0,26;1,34;NED;DF;19;2006;30,3;6;0;0;35;31;0;5;36;19;0;;;;;;;;;;;;;;;;;;;;;;;
Dirk Baron;Groningen;2526;NED-Eredivisie;;;;;;;;;;;;;;;;;;;;;;;;;;;;;;;;;;;;;NED;GK;24;2000;0;;;;;0;;0;0;;8;;;;;;;;;;;;;;;;;;;;;;;;;;;;;;;;;;;;;;;;;;;;
Elvis Laan;Groningen;2526;NED-Eredivisie;;;;;;;;;;;;;;;;;;;;;;;;;;;;;;;;;;;;;SWE;DF;17;2008;0;;;;;0;;0;0;;16;;;;;;;;;;;;;;;;;;;;;;;;;;;;;;;;;;;;;;;;;;;;
Etienne Vaessen;Groningen;2526;NED-Eredivisie;SUR;GK;30;1995;29;29;2512;27,9;0;1;1;0;0;0;2;0;0,0;0,04;0,04;0,0;0,04;SUR;GK;30;1995;27,9;0;0;0;;0,0;0,0;;;0;0;SUR;GK;30;1995;29;2512;87;82,1;27,9;29;87;27;0;;0;1,37;36;35;1;0,04;-0,46;SUR;GK;30;1995;27,9;2;0;0;1;11;0;0;0;1;0;SUR;GK;30;1995;29;29;2512;27,9;35;1,25;103;68;66,0;12;5;12;9;31,0;2;2;0;0;0,0
Hidde Jurjus;Groningen;2526;NED-Eredivisie;NED;GK;31;1994;7;5;548;6,1;0;0;0;0;0;0;0;0;0,0;0,0;0,0;0,0;0,0;NED;GK;31;1994;6,1;0;0;0;;0,0;0,0;;;0;0;NED;GK;31;1994;7;548;78;17,9;6,1;5;90;5;2;49;24;1,86;13;10;3;0,49;0,46;NED;GK;31;1994;6,1;0;0;0;0;0;0;0;0;0;0;NED;GK;31;1994;7;5;548;6,1;10;1,64;35;25;71,4;2;1;2;2;40,0;1;1;0;0;0,0
Jismerai Dillema;Groningen;2526;NED-Eredivisie;NED;MF;18;2007;1;0;2;0,0;0;0;0;0;0;0;0;0;0,0;0,0;0,0;0,0;0,0;NED;MF;18;2007;0,0;0;0;0;;0,0;0,0;;;0;0;NED;MF;18;2007;1;2;2;0,1;0,0;0;;0;1;2;13;3,0;0;0;0;0,0;-0,12;NED;MF;18;2007;0,0;0;0;0;0;0;0;0;0;0;0;;;;;;;;;;;;;;;;;;;;;;;
Jorg Schreuders;Groningen;2526;NED-Eredivisie;NED;MF;20;2004;34;32;2822;31,4;1;2;3;1;0;0;3;0;0,03;0,06;0,1;0,03;0,1;NED;MF;20;2004;31,4;1;36;18;50,0;1,15;0,57;0,03;0,06;0;0;NED;MF;20;2004;34;2822;83;92,2;31,4;32;86;22;2;42;0;1,37;42;40;2;0,06;-0,69;NED;MF;20;2004;31,4;3;0;0;27;41;7;47;14;35;0;;;;;;;;;;;;;;;;;;;;;;;
Lovro Štubljar;Groningen;2526;NED-Eredivisie;;;;;;;;;;;;;;;;;;;;;;;;;;;;;;;;;;;;;SVN;GK;20;2004;0;;;;;0;;0;0;;32;;;;;;;;;;;;;;;;;;;;;;;;;;;;;;;;;;;;;;;;;;;;
Marco Rente;Groningen;2526;NED-Eredivisie;GER;DF;28;1997;29;28;2264;25,2;3;4;7;3;0;0;4;1;0,12;0,16;0,28;0,12;0,28;GER;DF;28;1997;25,2;3;20;8;40,0;0,8;0,32;0,15;0,38;0;0;GER;DF;28;1997;29;2264;78;74,0;25,2;28;79;14;1;45;2;1,4;35;29;6;0,24;0,46;GER;DF;28;1997;25,2;4;1;1;17;11;0;65;29;31;0;;;;;;;;;;;;;;;;;;;;;;;
Mark Hoekstra;Groningen;2526;NED-Eredivisie;NED;FW;19;2006;4;0;37;0,4;0;0;0;0;0;0;1;0;0,0;0,0;0,0;0,0;0,0;NED;FW;19;2006;0,4;0;0;0;;0,0;0,0;;;0;0;NED;FW;19;2006;4;37;9;1,2;0,4;0;;0;4;9;12;0,75;1;1;0;0,0;-0,12;NED;FW;19;2006;0,4;1;0;0;2;1;0;0;0;0;0;;;;;;;;;;;;;;;;;;;;;;;
Marvin Peersman;Groningen;2526;NED-Eredivisie;BEL;DF;34;1991;33;33;2815;31,3;3;1;4;2;1;1;5;0;0,1;0,03;0,13;0,06;0,1;BEL;DF;34;1991;31,3;3;21;6;28,6;0,67;0,19;0,14;0,5;1;1;BEL;DF;34;1991;33;2815;85;92,0;31,3;33;85;20;0;;0;1,41;43;38;5;0,16;0,53;BEL;DF;34;1991;31,3;5;0;0;39;41;11;43;29;24;0;;;;;;;;;;;;;;;;;;;;;;;
Mats Seuntjens;Groningen;2526;NED-Eredivisie;NED;FW,MF;33;1992;16;0;187;2,1;1;0;1;1;0;0;0;0;0,48;0,0;0,48;0,48;0,48;NED;FW,MF;33;1992;2,1;1;9;4;44,4;4,33;1,93;0,11;0,25;0;0;NED;FW,MF;33;1992;16;187;12;6,1;2,1;0;;0;16;12;10;1,24;7;4;3;1,44;1,41;NED;FW,MF;33;1992;2,1;0;0;0;4;1;1;26;0;0;0;;;;;;;;;;;;;;;;;;;;;;;
Nils Eggens;Groningen;2526;NED-Eredivisie;NED;FW;20;2005;3;0;18;0,2;0;0;0;0;0;0;0;0;0,0;0,0;0,0;0,0;0,0;NED;FW;20;2005;0,2;0;1;0;0,0;5,0;0,0;0,0;;0;0;NED;FW;20;2005;3;18;6;0,6;0,2;0;;0;3;6;6;1,0;1;1;0;0,0;-0,12;NED;FW;20;2005;0,2;0;0;0;0;1;0;0;0;0;0;;;;;;;;;;;;;;;;;;;;;;;
Noam Emeran;Groningen;2526;NED-Eredivisie;FRA;MF;22;2002;4;0;36;0,4;0;0;0;0;0;0;0;0;0,0;0,0;0,0;0,0;0,0;FRA;MF;22;2002;0,4;0;1;0;0,0;2,5;0,0;0,0;;0;0;FRA;MF;22;2002;4;36;9;1,2;0,4;0;;0;4;9;10;0,75;0;2;-2;-5,0;-5,18;FRA;MF;22;2002;0,4;0;0;0;0;1;0;6;1;0;0;;;;;;;;;;;;;;;;;;;;;;;
Oskar Zawada;Groningen;2526;NED-Eredivisie;POL;FW;29;1996;16;0;313;3,5;3;0;3;3;0;0;1;0;0,86;0,0;0,86;0,86;0,86;POL;FW;29;1996;3,5;3;20;6;30,0;5,75;1,73;0,15;0,5;0;0;POL;FW;29;1996;16;313;20;10,2;3,5;0;;0;16;20;5;1,13;8;4;4;1,15;1,15;POL;FW;29;1996;3,5;1;0;0;10;2;3;0;0;0;0;;;;;;;;;;;;;;;;;;;;;;;
Robin Kelder;Groningen;2526;NED-Eredivisie;;;;;;;;;;;;;;;;;;;;;;;;;;;;;;;;;;;;;NED;DF;20;2005;0;;;;;0;;0;0;;16;;;;;;;;;;;;;;;;;;;;;;;;;;;;;;;;;;;;;;;;;;;;
Rui Mendes;Groningen;2526;NED-Eredivisie;GER;MF;25;1999;5;0;50;0,6;0;0;0;0;0;0;0;0;0,0;0,0;0,0;0,0;0,0;GER;MF;25;1999;0,6;0;1;1;100,0;1,8;1,8;0,0;0,0;0;0;GER;MF;25;1999;5;50;10;1,6;0,6;0;;0;5;10;29;1,5;0;0;0;0,0;-0,12;GER;MF;25;1999;0,6;0;0;0;0;0;0;0;0;1;0;;;;;;;;;;;;;;;;;;;;;;;
Ryan Metu;Groningen;2526;NED-Eredivisie;NED;FW;16;2008;7;0;98;1,1;0;0;0;0;0;0;0;0;0,0;0,0;0,0;0,0;0,0;NED;FW;16;2008;1,1;0;2;1;50,0;1,84;0,92;0,0;0,0;0;0;NED;FW;16;2008;7;98;14;3,2;1,1;0;;0;7;14;8;0,38;2;4;-2;-1,84;-2,02;NED;FW;16;2008;1,1;0;0;0;1;0;0;5;0;2;0;;;;;;;;;;;;;;;;;;;;;;;
Stije Resink;Groningen;2526;NED-Eredivisie;NED;MF;22;2003;24;24;2088;23,2;5;5;10;2;3;3;5;0;0,22;0,22;0,43;0,09;0,3;NED;MF;22;2003;23,2;5;55;12;21,8;2,37;0,52;0,09;0,42;3;3;NED;MF;22;2003;24;2088;87;68,2;23,2;24;87;22;0;;0;1,29;32;31;1;0,04;-0,23;NED;MF;22;2003;23,2;5;0;0;24;30;0;18;22;37;1;;;;;;;;;;;;;;;;;;;;;;;
Stijn Petiet;Groningen;2526;NED-Eredivisie;;;;;;;;;;;;;;;;;;;;;;;;;;;;;;;;;;;;;NED;GK;21;2003;0;;;;;0;;0;0;;2;;;;;;;;;;;;;;;;;;;;;;;;;;;;;;;;;;;;;;;;;;;;
Sven Bouland;Groningen;2526;NED-Eredivisie;;;;;;;;;;;;;;;;;;;;;;;;;;;;;;;;;;;;;NED;DF;;;0;;;;;0;;0;0;;25;;;;;;;;;;;;;;;;;;;;;;;;;;;;;;;;;;;;;;;;;;;;
Thijmen Blokzijl;Groningen;2526;NED-Eredivisie;NED;DF;20;2005;34;34;3046;33,8;1;1;2;1;0;0;4;0;0,03;0,03;0,06;0,03;0,06;NED;DF;20;2005;33,8;1;11;1;9,1;0,33;0,03;0,09;1,0;0;0;NED;DF;20;2005;34;3046;90;99,5;33,8;34;90;33;0;;0;1,37;48;44;4;0,12;0,12;NED;DF;20;2005;33,8;4;0;0;23;13;0;5;30;21;0;;;;;;;;;;;;;;;;;;;;;;;
Thom van Bergen;Groningen;2526;NED-Eredivisie;NED;FW,MF;21;2004;34;34;2966;33,0;9;4;13;9;0;0;4;0;0,27;0,12;0,39;0,27;0,39;NED;FW,MF;21;2004;33,0;9;101;37;36,6;3,06;1,12;0,09;0,24;0;0;NED;FW,MF;21;2004;34;2966;87;96,9;33,0;34;87;23;0;;0;1,37;46;42;4;0,12;0,12;NED;FW,MF;21;2004;33,0;4;0;0;51;70;21;15;6;28;0;;;;;;;;;;;;;;;;;;;;;;;
Tika de Jonge;Groningen;2526;NED-Eredivisie;NED;MF;22;2003;28;25;2041;22,7;3;1;4;3;0;0;3;0;0,13;0,04;0,18;0,13;0,18;NED;MF;22;2003;22,7;3;31;9;29,0;1,37;0,4;0,1;0,33;0;0;NED;MF;22;2003;28;2041;73;66,7;22,7;25;79;11;3;21;0;1,66;30;29;1;0,04;-0,22;NED;MF;22;2003;22,7;3;0;0;18;6;1;34;23;22;0;;;;;;;;;;;;;;;;;;;;;;;
Travis Hearnes;Groningen;2526;NED-Eredivisie;NOR;MF;19;2005;10;2;278;3,1;0;0;0;0;0;0;1;0;0,0;0,0;0,0;0,0;0,0;NOR;MF;19;2005;3,1;0;6;2;33,3;1,94;0,65;0,0;0,0;0;0;NOR;MF;19;2005;10;278;28;9,1;3,1;2;65;0;8;19;12;1,0;3;3;0;0,0;-0,13;NOR;MF;19;2005;3,1;1;0;0;2;3;1;6;3;2;0;;;;;;;;;;;;;;;;;;;;;;;
Tygo Land;Groningen;2526;NED-Eredivisie;NED;MF;19;2006;28;16;1516;16,8;3;1;4;3;0;0;5;1;0,18;0,06;0,24;0,18;0,24;NED;MF;19;2006;16,8;3;12;5;41,7;0,71;0,3;0,25;0,6;0;0;NED;MF;19;2006;28;1516;54;49,5;16,8;16;80;4;12;20;2;1,31;28;21;7;0,42;0,59;NED;MF;19;2006;16,8;5;1;1;14;11;0;5;14;20;0;;;;;;;;;;;;;;;;;;;;;;;
Tyrique Mercera;Groningen;2526;NED-Eredivisie;CUW;DF;21;2003;22;7;865;9,6;0;1;1;0;0;0;3;0;0,0;0,1;0,1;0,0;0,1;CUW;DF;21;2003;9,6;0;3;0;0,0;0,31;0,0;0,0;;0;0;CUW;DF;21;2003;22;865;39;28,3;9,6;7;80;4;15;20;11;1,32;15;17;-2;-0,21;-0,45;CUW;DF;21;2003;9,6;3;0;0;18;6;0;18;8;12;0;;;;;;;;;;;;;;;;;;;;;;;
Wouter Prins;Groningen;2526;NED-Eredivisie;NED;DF;21;2004;21;4;487;5,4;0;2;2;0;0;0;0;0;0,0;0,37;0,37;0,0;0,37;NED;DF;21;2004;5,4;0;3;0;0,0;0,55;0,0;0,0;;0;0;NED;DF;21;2004;21;487;23;15,9;5,4;4;71;0;17;12;12;1,55;10;15;-5;-0,92;-1,24;NED;DF;21;2004;5,4;0;0;0;7;3;0;11;5;15;0;;;;;;;;;;;;;;;;;;;;;;;
Younes Taha El Idrissi;Groningen;2526;NED-Eredivisie;MAR;MF,FW;22;2002;33;33;2678;29,8;5;9;14;5;0;0;6;0;0,17;0,3;0,47;0,17;0,47;MAR;MF,FW;22;2002;29,8;5;96;39;40,6;3,23;1,31;0,05;0,13;0;0;MAR;MF,FW;22;2002;33;2678;81;87,5;29,8;33;81;12;0;;0;1,36;36;41;-5;-0,17;-2,29;MAR;MF,FW;22;2002;29,8;6;0;0;31;19;6;230;10;25;0;;;;;;;;;;;;;;;;;;;;;;;
Yénio Holder;Groningen;2526;NED-Eredivisie;;;;;;;;;;;;;;;;;;;;;;;;;;;;;;;;;;;;;NED;MF;18;2007;0;;;;;0;;0;0;;4;;;;;;;;;;;;;;;;;;;;;;;;;;;;;;;;;;;;;;;;;;;;
Amourrichio van Axel Dongen;Heerenveen;2526;NED-Eredivisie;NED;FW;20;2004;7;1;115;1,3;1;0;1;1;0;0;0;0;0,78;0,0;0,78;0,78;0,78;NED;FW;20;2004;1,3;1;6;2;33,3;4,7;1,57;0,17;0,5;0;0;NED;FW;20;2004;7;115;16;3,8;1,3;1;45;0;6;12;7;1,0;2;3;-1;-0,78;-0,94;NED;FW;20;2004;1,3;0;0;0;3;4;0;2;1;0;0;;;;;;;;;;;;;;;;;;;;;;;
Andries Noppert;Heerenveen;2526;NED-Eredivisie;NED;GK;31;1994;4;4;360;4,0;0;0;0;0;0;0;0;0;0,0;0,0;0,0;0,0;0,0;NED;GK;31;1994;4,0;0;0;0;;0,0;0,0;;;0;0;NED;GK;31;1994;4;360;90;11,8;4,0;4;90;4;0;;25;0,5;5;7;-2;-0,5;-0,7;NED;GK;31;1994;4,0;0;0;0;0;1;0;0;0;0;0;NED;GK;31;1994;4;4;360;4,0;7;1,75;18;11;61,1;0;2;2;0;0,0;0;0;0;0;
Bernt Klaverboer;Heerenveen;2526;NED-Eredivisie;NED;GK;19;2005;29;29;2610;29,0;0;0;0;0;0;0;2;0;0,0;0,0;0,0;0,0;0,0;NED;GK;19;2005;29,0;0;0;0;;0,0;0,0;;;0;0;NED;GK;19;2005;29;2610;90;85,3;29,0;29;90;29;0;;4;1,6;50;44;6;0,21;0,61;NED;GK;19;2005;29,0;2;0;0;0;4;0;0;0;0;1;NED;GK;19;2005;29;29;2610;29,0;44;1,52;161;116;72,7;14;6;9;5;17,2;3;3;0;0;0,0
Clayton Bonevacia;Heerenveen;2526;NED-Eredivisie;;;;;;;;;;;;;;;;;;;;;;;;;;;;;;;;;;;;;NED;FW;19;2006;0;;;;;0;;0;0;;2;;;;;;;;;;;;;;;;;;;;;;;;;;;;;;;;;;;;;;;;;;;;
Dylan Vente;Heerenveen;2526;NED-Eredivisie;NED;FW,MF;26;1999;30;23;2122;23,6;7;2;9;5;2;2;1;0;0,3;0,08;0,38;0,21;0,3;NED;FW,MF;26;1999;23,6;7;66;25;37,9;2,8;1,06;0,11;0,28;2;2;NED;FW,MF;26;1999;30;2122;71;69,3;23,6;23;85;11;7;25;0;1,35;38;36;2;0,08;-0,11;NED;FW,MF;26;1999;23,6;1;0;0;23;18;9;7;4;7;0;;;;;;;;;;;;;;;;;;;;;;;
Eser Gürbüz;Heerenveen;2526;NED-Eredivisie;NED;MF;18;2007;16;1;306;3,4;1;0;1;1;0;0;1;0;0,29;0,0;0,29;0,29;0,29;NED;MF;18;2007;3,4;1;12;6;50,0;3,53;1,76;0,08;0,17;0;0;NED;MF;18;2007;16;306;19;10,0;3,4;1;60;0;15;16;16;1,25;6;4;2;0,59;0,52;NED;MF;18;2007;3,4;1;0;0;8;2;0;23;2;3;0;;;;;;;;;;;;;;;;;;;;;;;
Espen van Ee;Heerenveen;2526;NED-Eredivisie;NED;MF;22;2003;1;0;56;0,6;0;0;0;0;0;0;0;0;0,0;0,0;0,0;0,0;0,0;NED;MF;22;2003;0,6;0;2;0;0,0;3,21;0,0;0,0;;0;0;NED;MF;22;2003;1;56;56;1,8;0,6;0;;0;1;56;2;0,0;0;1;-1;-1,61;-1,76;NED;MF;22;2003;0,6;0;0;0;1;0;0;0;0;1;0;;;;;;;;;;;;;;;;;;;;;;;
Hristiyan Petrov;Heerenveen;2526;NED-Eredivisie;BUL;DF;23;2002;21;3;521;5,8;0;0;0;0;0;0;3;1;0,0;0,0;0,0;0,0;0,0;BUL;DF;23;2002;5,8;0;2;0;0,0;0,35;0,0;0,0;;0;0;BUL;DF;23;2002;21;521;25;17,0;5,8;3;88;2;18;14;11;1,57;10;11;-1;-0,17;-0,35;BUL;DF;23;2002;5,8;3;1;1;4;3;0;11;10;3;0;;;;;;;;;;;;;;;;;;;;;;;
Ingmar Mulder;Heerenveen;2526;NED-Eredivisie;;;;;;;;;;;;;;;;;;;;;;;;;;;;;;;;;;;;;NED;DF;20;2005;0;;;;;0;;0;0;;14;;;;;;;;;;;;;;;;;;;;;;;;;;;;;;;;;;;;;;;;;;;;
Isaiah Ahmed;Heerenveen;2526;NED-Eredivisie;CUW;DF;19;2005;2;0;3;0,0;0;0;0;0;0;0;0;0;0,0;0,0;0,0;0,0;0,0;CUW;DF;19;2005;0,0;0;0;0;;0,0;0,0;;;0;0;CUW;DF;19;2005;2;3;2;0,1;0,0;0;;0;2;2;25;3,0;0;0;0;0,0;-0,12;CUW;DF;19;2005;0,0;0;0;0;1;0;0;0;1;0;0;;;;;;;;;;;;;;;;;;;;;;;
Jacob Trenskow;Heerenveen;2526;NED-Eredivisie;DEN;MF;24;2000;33;32;2661;29,6;12;5;17;12;0;0;0;0;0,41;0,17;0,57;0,41;0,57;DEN;MF;24;2000;29,6;12;84;37;44,0;2,84;1,25;0,14;0,32;0;0;DEN;MF;24;2000;33;2661;81;87,0;29,6;32;82;13;1;45;0;1,41;49;42;7;0,24;0,91;DEN;MF;24;2000;29,6;0;0;0;15;13;5;115;21;18;0;;;;;;;;;;;;;;;;;;;;;;;
Jan Bekkema;Heerenveen;2526;NED-Eredivisie;;;;;;;;;;;;;;;;;;;;;;;;;;;;;;;;;;;;;NED;GK;29;1996;0;;;;;0;;0;0;;1;;;;;;;;;;;;;;;;;;;;;;;;;;;;;;;;;;;;;;;;;;;;
Jermaine Rijssel;Heerenveen;2526;NED-Eredivisie;SUR;FW;20;2005;1;0;6;0,1;0;0;0;0;0;0;0;0;0,0;0,0;0,0;0,0;0,0;SUR;FW;20;2005;0,1;0;0;0;;0,0;0,0;;;0;0;SUR;FW;20;2005;1;6;6;0,2;0,1;0;;0;1;6;8;0,0;0;0;0;0,0;-0,12;SUR;FW;20;2005;0,1;0;0;0;0;0;0;1;0;0;0;;;;;;;;;;;;;;;;;;;;;;;
Joris van Overeem;Heerenveen;2526;NED-Eredivisie;NED;MF,DF;31;1994;33;33;2930;32,6;2;9;11;2;0;0;5;0;0,06;0,28;0,34;0,06;0,34;NED;MF,DF;31;1994;32,6;2;15;4;26,7;0,46;0,12;0,13;0,5;0;0;NED;MF,DF;31;1994;33;2930;89;95,8;32,6;33;89;30;0;;0;1,5;57;51;6;0,18;1,57;NED;MF,DF;31;1994;32,6;5;0;0;43;33;3;99;37;29;0;;;;;;;;;;;;;;;;;;;;;;;
Kai Jansen;Heerenveen;2526;NED-Eredivisie;;;;;;;;;;;;;;;;;;;;;;;;;;;;;;;;;;;;;NED;MF;18;2007;0;;;;;0;;0;0;;9;;;;;;;;;;;;;;;;;;;;;;;;;;;;;;;;;;;;;;;;;;;;
Kirayno Schaken;Heerenveen;2526;NED-Eredivisie;;;;;;;;;;;;;;;;;;;;;;;;;;;;;;;;;;;;;NED;FW;16;2009;0;;;;;0;;0;0;;2;;;;;;;;;;;;;;;;;;;;;;;;;;;;;;;;;;;;;;;;;;;;
Lasse Nordås;Heerenveen;2526;NED-Eredivisie;NOR;FW;23;2002;16;10;857;9,5;6;1;7;5;1;1;2;0;0,63;0,11;0,74;0,53;0,63;NOR;FW;23;2002;9,5;6;40;16;40,0;4,2;1,68;0,15;0,38;1;1;NOR;FW;23;2002;16;857;54;28,0;9,5;10;74;3;6;20;0;1,59;21;15;6;0,63;0,71;NOR;FW;23;2002;9,5;2;0;0;25;8;3;2;2;5;0;;;;;;;;;;;;;;;;;;;;;;;
Levi Smans;Heerenveen;2526;NED-Eredivisie;NED;MF;21;2004;1;1;52;0,6;0;1;1;0;0;0;0;0;0,0;1,73;1,73;0,0;1,73;NED;MF;21;2004;0,6;0;3;0;0,0;5,19;0,0;0,0;;0;0;NED;MF;21;2004;1;52;52;1,7;0,6;1;52;0;0;;0;1,0;1;0;1;1,73;1,64;NED;MF;21;2004;0,6;0;0;0;2;2;0;3;0;0;0;;;;;;;;;;;;;;;;;;;;;;;
Luca Oyen;Heerenveen;2526;NED-Eredivisie;BEL;MF;22;2003;14;5;471;5,2;1;0;1;1;0;0;0;0;0,19;0,0;0,19;0,19;0,19;BEL;MF;22;2003;5,2;1;16;4;25,0;3,06;0,76;0,06;0,25;0;0;BEL;MF;22;2003;14;471;34;15,4;5,2;5;66;0;9;15;3;1,47;7;7;0;0,0;-0,14;BEL;MF;22;2003;5,2;0;0;0;5;4;0;16;2;4;0;;;;;;;;;;;;;;;;;;;;;;;
Luuk Brouwers;Heerenveen;2526;NED-Eredivisie;NED;MF;27;1998;30;21;1945;21,6;5;4;9;5;0;0;4;1;0,23;0,19;0,42;0,23;0,42;NED;MF;27;1998;21,6;5;36;11;30,6;1,67;0,51;0,14;0,45;0;0;NED;MF;27;1998;30;1945;65;63,6;21,6;21;85;17;9;17;2;1,42;30;35;-5;-0,23;-0,96;NED;MF;27;1998;21,6;4;1;1;24;19;9;13;13;25;0;;;;;;;;;;;;;;;;;;;;;;;
Maas Willemsen;Heerenveen;2526;NED-Eredivisie;NED;DF;22;2003;30;29;2555;28,4;1;0;1;1;0;0;4;0;0,04;0,0;0,04;0,04;0,04;NED;DF;22;2003;28,4;1;18;8;44,4;0,63;0,28;0,06;0,13;0;0;NED;DF;22;2003;30;2555;85;83,5;28,4;29;88;24;1;5;4;1,58;52;45;7;0,25;0,78;NED;DF;22;2003;28,4;4;0;0;24;12;1;2;23;23;0;;;;;;;;;;;;;;;;;;;;;;;
Marcus Linday;Heerenveen;2526;NED-Eredivisie;SWE;MF;22;2003;32;27;2304;25,6;1;2;3;1;0;0;6;0;0,04;0,08;0,12;0,04;0,12;SWE;MF;22;2003;25,6;1;17;2;11,8;0,66;0,08;0,06;0,5;0;0;SWE;MF;22;2003;32;2304;72;75,3;25,6;27;82;16;5;18;0;1,36;41;41;0;0,0;-0,48;SWE;MF;22;2003;25,6;6;0;0;31;36;0;5;26;44;0;;;;;;;;;;;;;;;;;;;;;;;
Mats Egbring;Heerenveen;2526;NED-Eredivisie;NED;DF;18;2006;8;1;169;1,9;0;1;1;0;0;0;1;0;0,0;0,53;0,53;0,0;0,53;NED;DF;18;2006;1,9;0;1;0;0,0;0,53;0,0;0,0;;0;0;NED;DF;18;2006;8;169;21;5,5;1,9;1;90;1;7;11;24;1,75;3;3;0;0,0;-0,12;NED;DF;18;2006;1,9;1;0;0;5;2;0;3;3;5;0;;;;;;;;;;;;;;;;;;;;;;;
Maxence Rivera;Heerenveen;2526;NED-Eredivisie;FRA;MF;23;2002;30;24;2052;22,8;4;4;8;3;1;1;5;0;0,18;0,18;0,35;0,13;0,31;FRA;MF;23;2002;22,8;4;71;28;39,4;3,11;1,23;0,06;0,14;1;1;FRA;MF;23;2002;30;2052;68;67,1;22,8;24;77;9;6;35;0;1,53;42;37;5;0,22;0,31;FRA;MF;23;2002;22,8;5;0;0;26;18;4;85;12;15;0;;;;;;;;;;;;;;;;;;;;;;;
Nikolai Hopland;Heerenveen;2526;NED-Eredivisie;NOR;DF;21;2004;18;5;535;5,9;1;0;1;1;0;0;1;0;0,17;0,0;0,17;0,17;0,17;NOR;DF;21;2004;5,9;1;2;1;50,0;0,34;0,17;0,5;1,0;0;0;NOR;DF;21;2004;18;535;30;17,5;5,9;5;73;3;13;13;10;1,44;8;10;-2;-0,34;-0,55;NOR;DF;21;2004;5,9;1;0;0;5;4;0;0;7;5;0;;;;;;;;;;;;;;;;;;;;;;;
Nolhan Courtens;Heerenveen;2526;NED-Eredivisie;BEL;FW;18;2006;5;0;56;0,6;0;0;0;0;0;0;1;0;0,0;0,0;0,0;0,0;0,0;BEL;FW;18;2006;0,6;0;0;0;;0,0;0,0;;;0;0;BEL;FW;18;2006;5;56;11;1,8;0,6;0;;0;5;11;21;1,4;0;1;-1;-1,61;-1,76;BEL;FW;18;2006;0,6;1;0;0;1;0;0;1;0;1;0;;;;;;;;;;;;;;;;;;;;;;;
Nordin Bakker;Heerenveen;2526;NED-Eredivisie;NED;GK;27;1997;1;1;90;1,0;0;0;0;0;0;0;0;0;0,0;0,0;0,0;0,0;0,0;NED;GK;27;1997;1,0;0;0;0;;0,0;0,0;;;0;0;NED;GK;27;1997;1;90;90;2,9;1,0;1;90;1;0;;33;1,0;2;2;0;0,0;-0,12;NED;GK;27;1997;1,0;0;0;0;0;0;0;0;0;0;0;NED;GK;27;1997;1;1;90;1,0;2;2,0;3;1;33,3;0;1;0;0;0,0;0;0;0;0;
Oliver Braude;Heerenveen;2526;NED-Eredivisie;NOR;DF;21;2004;32;32;2815;31,3;0;4;4;0;0;0;7;0;0,0;0,13;0,13;0,0;0,13;NOR;DF;21;2004;31,3;0;21;4;19,0;0,67;0,13;0,0;0,0;0;0;NOR;DF;21;2004;32;2815;88;92,0;31,3;32;88;27;0;;0;1,48;52;50;2;0,06;-0,67;NOR;DF;21;2004;31,3;7;0;0;46;51;3;58;26;43;0;;;;;;;;;;;;;;;;;;;;;;;
Paweł Bochniewicz;Heerenveen;2526;NED-Eredivisie;POL;DF;29;1996;1;0;3;0,0;0;0;0;0;0;0;0;0;0,0;0,0;0,0;0,0;0,0;POL;DF;29;1996;0,0;0;0;0;;0,0;0,0;;;0;0;POL;DF;29;1996;1;3;3;0,1;0,0;0;;0;1;3;6;0,0;0;0;0;0,0;-0,12;POL;DF;29;1996;0,0;0;0;0;0;0;0;0;0;0;0;;;;;;;;;;;;;;;;;;;;;;;
Ringo Meerveld;Heerenveen;2526;NED-Eredivisie;NED;MF;24;2000;30;29;2422;26,9;6;3;9;6;0;0;1;0;0,22;0,11;0,33;0,22;0,33;NED;MF;24;2000;26,9;6;54;19;35,2;2,01;0,71;0,11;0,32;0;0;NED;MF;24;2000;30;2422;81;79,2;26,9;29;82;9;1;45;0;1,58;48;41;7;0,26;0,68;NED;MF;24;2000;26,9;1;0;0;14;22;1;27;8;17;0;;;;;;;;;;;;;;;;;;;;;;;
Robin Bouw;Heerenveen;2526;NED-Eredivisie;;;;;;;;;;;;;;;;;;;;;;;;;;;;;;;;;;;;;NED;DF;19;2006;0;;;;;0;;0;0;;9;;;;;;;;;;;;;;;;;;;;;;;;;;;;;;;;;;;;;;;;;;;;
Sam Kersten;Heerenveen;2526;NED-Eredivisie;NED;DF;27;1998;31;27;2350;26,1;1;0;1;1;0;0;5;0;0,04;0,0;0,04;0,04;0,04;NED;DF;27;1998;26,1;1;9;3;33,3;0,34;0,11;0,11;0,33;0;0;NED;DF;27;1998;31;2350;76;76,8;26,1;27;85;21;4;13;0;1,38;44;39;5;0,19;0,32;NED;DF;27;1998;26,1;5;0;0;25;11;0;0;29;32;0;;;;;;;;;;;;;;;;;;;;;;;
Timo Schreuder;Heerenveen;2526;NED-Eredivisie;;;;;;;;;;;;;;;;;;;;;;;;;;;;;;;;;;;;;NED;GK;18;2006;0;;;;;0;;0;0;;5;;;;;;;;;;;;;;;;;;;;;;;;;;;;;;;;;;;;;;;;;;;;
Vasilios Zagaritis;Heerenveen;2526;NED-Eredivisie;GRE;DF;24;2001;34;33;2802;31,1;2;3;5;2;0;0;4;0;0,06;0,1;0,16;0,06;0,16;GRE;DF;24;2001;31,1;2;20;6;30,0;0,64;0,19;0,1;0,33;0;0;GRE;DF;24;2001;34;2802;82;91,6;31,1;33;85;18;1;5;0;1,46;49;48;1;0,03;-1,01;GRE;DF;24;2001;31,1;4;0;0;28;32;3;97;44;38;0;;;;;;;;;;;;;;;;;;;;;;;
Václav Sejk;Heerenveen;2526;NED-Eredivisie;CZE;FW;23;2002;17;3;472;5,2;3;1;4;3;0;0;0;0;0,57;0,19;0,76;0,57;0,76;CZE;FW;23;2002;5,2;3;14;6;42,9;2,67;1,14;0,21;0,5;0;0;CZE;FW;23;2002;17;472;28;15,4;5,2;3;85;2;14;15;0;1,35;8;10;-2;-0,38;-0,59;CZE;FW;23;2002;5,2;0;0;0;16;7;2;2;1;4;0;;;;;;;;;;;;;;;;;;;;;;;
Ajdin Hrustic;Heracles Almelo;2526;NED-Eredivisie;AUS;MF;29;1996;27;25;2220;24,7;1;6;7;1;0;0;5;0;0,04;0,24;0,28;0,04;0,28;AUS;MF;29;1996;24,7;1;36;12;33,3;1,46;0,49;0,03;0,08;0;0;AUS;MF;29;1996;27;2220;82;72,5;24,7;25;87;21;2;20;0;0,7;29;60;-31;-1,26;0,78;AUS;MF;29;1996;24,7;5;0;0;25;32;1;177;9;19;0;;;;;;;;;;;;;;;;;;;;;;;
Alec Van Hoorenbeeck;Heracles Almelo;2526;NED-Eredivisie;BEL;DF;26;1998;24;24;2155;23,9;2;0;2;2;0;0;5;0;0,08;0,0;0,08;0,08;0,08;BEL;DF;26;1998;23,9;2;17;4;23,5;0,71;0,17;0,12;0,5;0;0;BEL;DF;26;1998;24;2155;90;70,4;23,9;24;90;23;0;;2;0,79;30;55;-25;-1,04;1,44;BEL;DF;26;1998;23,9;5;0;0;19;15;1;6;32;16;0;;;;;;;;;;;;;;;;;;;;;;;
Antonio Satriano;Heracles Almelo;2526;NED-Eredivisie;ITA;FW;21;2003;1;0;6;0,1;0;0;0;0;0;0;0;0;0,0;0,0;0,0;0,0;0,0;ITA;FW;21;2003;0,1;0;0;0;;0,0;0,0;;;0;0;ITA;FW;21;2003;1;6;6;0,2;0,1;0;;0;1;6;1;0,0;0;1;-1;-15,0;-13,56;ITA;FW;21;2003;0,1;0;0;0;0;0;0;0;0;0;0;;;;;;;;;;;;;;;;;;;;;;;
Bryan Limbombe;Heracles Almelo;2526;NED-Eredivisie;BEL;MF,FW;24;2001;22;16;1304;14,5;1;3;4;1;0;0;1;0;0,07;0,21;0,28;0,07;0,28;BEL;MF,FW;24;2001;14,5;1;19;7;36,8;1,31;0,48;0,05;0,14;0;0;BEL;MF,FW;24;2001;22;1304;59;42,6;14,5;16;76;5;6;15;10;0,73;21;34;-13;-0,9;1,0;BEL;MF,FW;24;2001;14,5;1;0;0;20;13;1;56;4;6;0;;;;;;;;;;;;;;;;;;;;;;;
Damon Mirani;Heracles Almelo;2526;NED-Eredivisie;NED;DF;29;1996;33;33;2929;32,5;3;0;3;3;0;0;6;0;0,09;0,0;0,09;0,09;0,09;NED;DF;29;1996;32,5;3;15;5;33,3;0,46;0,15;0,2;0,6;0;0;NED;DF;29;1996;33;2929;89;95,7;32,5;33;89;29;0;;0;0,58;34;79;-45;-1,38;2,05;NED;DF;29;1996;32,5;6;0;0;20;14;2;1;28;22;0;;;;;;;;;;;;;;;;;;;;;;;
Daniël van Kaam;Heracles Almelo;2526;NED-Eredivisie;;;;;;;;;;;;;;;;;;;;;;;;;;;;;;;;;;;;;NED;MF;25;2000;0;;;;;0;;0;0;;4;;;;;;;;;;;;;;;;;;;;;;;;;;;;;;;;;;;;;;;;;;;;
Diego van Oorschot;Heracles Almelo;2526;NED-Eredivisie;;;;;;;;;;;;;;;;;;;;;;;;;;;;;;;;;;;;;NED;FW;19;2005;0;;;;;0;;0;0;;4;;;;;;;;;;;;;;;;;;;;;;;;;;;;;;;;;;;;;;;;;;;;
Djevencio van der Kust;Heracles Almelo;2526;NED-Eredivisie;SUR;DF,MF;24;2001;21;13;1211;13,5;0;2;2;0;0;0;2;0;0,0;0,15;0,15;0,0;0,15;SUR;DF,MF;24;2001;13,5;0;3;0;0,0;0,22;0,0;0,0;;0;0;SUR;DF,MF;24;2001;21;1211;58;39,6;13,5;13;81;8;8;19;13;0,43;8;33;-25;-1,86;-0,64;SUR;DF,MF;24;2001;13,5;2;0;0;13;7;1;32;16;23;0;;;;;;;;;;;;;;;;;;;;;;;
Erik Ahlstrand;Heracles Almelo;2526;NED-Eredivisie;SWE;MF;23;2001;14;7;751;8,3;0;1;1;0;0;0;0;0;0,0;0,12;0,12;0,0;0,12;SWE;MF;23;2001;8,3;0;8;2;25,0;0,96;0,24;0,0;0,0;0;0;SWE;MF;23;2001;14;751;54;24,5;8,3;7;79;3;7;29;1;0,14;3;22;-19;-2,28;-1,07;SWE;MF;23;2001;8,3;0;0;0;12;3;1;43;7;16;0;;;;;;;;;;;;;;;;;;;;;;;
Fabian de Keijzer;Heracles Almelo;2526;NED-Eredivisie;NED;GK;25;2000;8;8;720;8,0;0;0;0;0;0;0;0;0;0,0;0,0;0,0;0,0;0,0;NED;GK;25;2000;8,0;0;0;0;;0,0;0,0;;;0;0;NED;GK;25;2000;8;720;90;23,5;8,0;8;90;8;0;;11;0,38;7;20;-13;-1,62;-0,2;NED;GK;25;2000;8,0;0;0;0;0;0;0;0;0;0;0;NED;GK;25;2000;8;8;720;8,0;20;2,5;56;36;64,3;1;0;7;1;12,5;0;0;0;0;
Giandro Sambo;Heracles Almelo;2526;NED-Eredivisie;;;;;;;;;;;;;;;;;;;;;;;;;;;;;;;;;;;;;CUW;FW;18;2006;0;;;;;0;;0;0;;1;;;;;;;;;;;;;;;;;;;;;;;;;;;;;;;;;;;;;;;;;;;;
Ivan Mesík;Heracles Almelo;2526;NED-Eredivisie;SVK;DF;24;2001;30;30;2629;29,2;2;0;2;2;0;0;7;0;0,07;0,0;0,07;0,07;0,07;SVK;DF;24;2001;29,2;2;24;7;29,2;0,82;0,24;0,08;0,29;0;0;SVK;DF;24;2001;30;2629;88;85,9;29,2;30;88;26;0;;0;0,63;32;76;-44;-1,51;-0,25;SVK;DF;24;2001;29,2;7;0;0;56;18;5;44;27;27;0;;;;;;;;;;;;;;;;;;;;;;;
Jan Žambůrek;Heracles Almelo;2526;NED-Eredivisie;CZE;MF;24;2001;26;21;1724;19,2;0;1;1;0;0;0;6;0;0,0;0,05;0,05;0,0;0,05;CZE;MF;24;2001;19,2;0;8;1;12,5;0,42;0,05;0,0;0,0;0;0;CZE;MF;24;2001;26;1724;66;56,3;19,2;21;76;6;5;27;5;0,73;20;45;-25;-1,31;0,38;CZE;MF;24;2001;19,2;6;0;0;34;24;0;22;31;22;0;;;;;;;;;;;;;;;;;;;;;;;
Jannes Wieckhoff;Heracles Almelo;2526;NED-Eredivisie;GER;DF;24;2000;19;9;849;9,4;0;0;0;0;0;0;3;0;0,0;0,0;0,0;0,0;0,0;GER;DF;24;2000;9,4;0;4;0;0,0;0,42;0,0;0,0;;0;0;GER;DF;24;2000;19;849;45;27,7;9,4;9;62;1;10;29;13;0,74;7;25;-18;-1,91;-0,61;GER;DF;24;2000;9,4;3;0;0;20;10;1;24;10;14;0;;;;;;;;;;;;;;;;;;;;;;;
Jeff Reine-Adélaïde;Heracles Almelo;2526;NED-Eredivisie;FRA;FW,MF;27;1998;1;0;33;0,4;0;0;0;0;0;0;0;0;0,0;0,0;0,0;0,0;0,0;FRA;FW,MF;27;1998;0,4;0;0;0;;0,0;0,0;;;0;0;FRA;FW,MF;27;1998;1;33;33;1,1;0,4;0;;0;1;33;1;0,0;0;3;-3;-8,18;-6,78;FRA;FW,MF;27;1998;0,4;0;0;0;0;1;0;0;0;0;0;;;;;;;;;;;;;;;;;;;;;;;
Jeppe Wijnreder;Heracles Almelo;2526;NED-Eredivisie;NED;DF;19;2006;1;0;6;0,1;0;0;0;0;0;0;0;0;0,0;0,0;0,0;0,0;0,0;NED;DF;19;2006;0,1;0;0;0;;0,0;0,0;;;0;0;NED;DF;19;2006;1;6;6;0,2;0,1;0;;0;1;6;3;0,0;0;0;0;0,0;1,47;NED;DF;19;2006;0,1;0;0;0;0;0;0;0;0;0;0;;;;;;;;;;;;;;;;;;;;;;;
Jesper Kerkdijk;Heracles Almelo;2526;NED-Eredivisie;;;;;;;;;;;;;;;;;;;;;;;;;;;;;;;;;;;;;NED;DF;18;2007;0;;;;;0;;0;0;;1;;;;;;;;;;;;;;;;;;;;;;;;;;;;;;;;;;;;;;;;;;;;
Jizz Hornkamp;Heracles Almelo;2526;NED-Eredivisie;NED;FW;27;1998;14;14;1109;12,3;10;1;11;9;1;1;2;1;0,81;0,08;0,89;0,73;0,81;NED;FW;27;1998;12,3;10;39;23;59,0;3,17;1,87;0,26;0,43;1;1;NED;FW;27;1998;14;1109;79;36,2;12,3;14;79;8;0;;0;1,0;23;29;-6;-0,49;1,54;NED;FW;27;1998;12,3;2;1;0;25;20;4;3;4;10;0;;;;;;;;;;;;;;;;;;;;;;;
Jop Tijink;Heracles Almelo;2526;NED-Eredivisie;NED;DF;20;2005;1;0;7;0,1;0;0;0;0;0;0;0;0;0,0;0,0;0,0;0,0;0,0;NED;DF;20;2005;0,1;0;0;0;;0,0;0,0;;;0;0;NED;DF;20;2005;1;7;7;0,2;0,1;0;;0;1;7;18;3,0;1;0;1;12,86;14,36;NED;DF;20;2005;0,1;0;0;0;0;0;0;0;0;0;0;;;;;;;;;;;;;;;;;;;;;;;
Jordy Bruijn;Heracles Almelo;2526;NED-Eredivisie;;;;;;;;;;;;;;;;;;;;;;;;;;;;;;;;;;;;;NED;MF;29;1996;0;;;;;0;;0;0;;1;;;;;;;;;;;;;;;;;;;;;;;;;;;;;;;;;;;;;;;;;;;;
Leco Zeevalkink;Heracles Almelo;2526;NED-Eredivisie;;;;;;;;;;;;;;;;;;;;;;;;;;;;;;;;;;;;;NED;GK;19;2005;0;;;;;0;;0;0;;1;;;;;;;;;;;;;;;;;;;;;;;;;;;;;;;;;;;;;;;;;;;;
Lequincio Zeefuik;Heracles Almelo;2526;NED-Eredivisie;NED;FW;20;2004;13;12;1061;11,8;2;0;2;2;0;0;5;0;0,17;0,0;0,17;0,17;0,17;NED;FW;20;2004;11,8;2;32;9;28,1;2,71;0,76;0,06;0,22;0;0;NED;FW;20;2004;13;1061;82;34,7;11,8;12;86;10;1;33;3;0,38;8;31;-23;-1,95;-0,74;NED;FW;20;2004;11,8;5;0;0;30;25;0;7;2;8;0;;;;;;;;;;;;;;;;;;;;;;;
Lorenzo Milani;Heracles Almelo;2526;NED-Eredivisie;;;;;;;;;;;;;;;;;;;;;;;;;;;;;;;;;;;;;ITA;DF;24;2001;0;;;;;0;;0;0;;14;;;;;;;;;;;;;;;;;;;;;;;;;;;;;;;;;;;;;;;;;;;;
Luka Kulenović;Heracles Almelo;2526;NED-Eredivisie;BIH;FW;25;1999;29;16;1632;18,1;5;3;8;3;2;2;1;1;0,28;0,17;0,44;0,17;0,33;BIH;FW;25;1999;18,1;5;49;12;24,5;2,7;0,66;0,1;0,42;2;2;BIH;FW;25;1999;29;1632;56;53,3;18,1;16;84;12;13;22;0;0,55;19;46;-27;-1,49;-0,04;BIH;FW;25;1999;18,1;1;1;0;32;17;5;4;3;8;0;;;;;;;;;;;;;;;;;;;;;;;
Mario Engels;Heracles Almelo;2526;NED-Eredivisie;GER;MF;31;1993;24;11;1002;11,1;1;2;3;1;0;0;4;1;0,09;0,18;0,27;0,09;0,27;GER;MF;31;1993;11,1;1;18;8;44,4;1,62;0,72;0,06;0,13;0;0;GER;MF;31;1993;24;1002;42;32,7;11,1;11;64;2;13;23;0;0,63;9;30;-21;-1,89;-0,62;GER;MF;31;1993;11,1;4;1;1;23;13;8;27;1;2;0;;;;;;;;;;;;;;;;;;;;;;;
Melle Roede;Heracles Almelo;2526;NED-Eredivisie;;;;;;;;;;;;;;;;;;;;;;;;;;;;;;;;;;;;;NED;MF;19;2006;0;;;;;0;;0;0;;1;;;;;;;;;;;;;;;;;;;;;;;;;;;;;;;;;;;;;;;;;;;;
Mike te Wierik;Heracles Almelo;2526;NED-Eredivisie;NED;DF;33;1992;22;16;1381;15,3;1;0;1;1;0;0;2;0;0,07;0,0;0,07;0,07;0,07;NED;DF;33;1992;15,3;1;7;1;14,3;0,46;0,07;0,14;1,0;0;0;NED;DF;33;1992;22;1381;63;45,1;15,3;16;81;10;6;15;6;0,64;22;39;-17;-1,11;0,66;NED;DF;33;1992;15,3;2;0;0;17;21;2;7;10;24;0;;;;;;;;;;;;;;;;;;;;;;;
Mimeirhel Benita;Heracles Almelo;2526;NED-Eredivisie;NED;DF,MF;21;2003;25;15;1447;16,1;0;1;1;0;0;0;6;0;0,0;0,06;0,06;0,0;0,06;NED;DF,MF;21;2003;16,1;0;6;4;66,7;0,37;0,25;0,0;0,0;0;0;NED;DF,MF;21;2003;25;1447;58;47,3;16,1;15;78;6;10;28;4;0,4;13;38;-25;-1,55;-0,16;NED;DF,MF;21;2003;16,1;6;0;0;17;23;2;37;23;28;0;;;;;;;;;;;;;;;;;;;;;;;
Naci Ünüvar;Heracles Almelo;2526;NED-Eredivisie;NED;MF;22;2003;10;9;650;7,2;0;1;1;0;0;0;1;0;0,0;0,14;0,14;0,0;0,14;NED;MF;22;2003;7,2;0;10;2;20,0;1,38;0,28;0,0;0,0;0;0;NED;MF;22;2003;10;650;65;21,2;7,2;9;70;1;1;24;1;0,5;4;18;-14;-1,94;-0,59;NED;MF;22;2003;7,2;1;0;0;7;7;1;8;4;11;0;;;;;;;;;;;;;;;;;;;;;;;
Remko Pasveer;Heracles Almelo;2526;NED-Eredivisie;NED;GK;41;1983;11;11;990;11,0;0;0;0;0;0;0;0;0;0,0;0,0;0,0;0,0;0,0;NED;GK;41;1983;11,0;0;0;0;;0,0;0,0;;;0;0;NED;GK;41;1983;11;990;90;32,4;11,0;11;90;11;0;;3;0,45;6;27;-21;-1,91;-0,65;NED;GK;41;1983;11,0;0;0;0;0;2;0;0;1;0;1;NED;GK;41;1983;11;11;990;11,0;27;2,45;81;54;66,7;1;2;8;1;9,1;4;4;0;0;0,0
Rhys Bozinovski;Heracles Almelo;2526;NED-Eredivisie;AUS;MF;21;2004;8;6;411;4,6;0;0;0;0;0;0;1;0;0,0;0,0;0,0;0,0;0,0;AUS;MF;21;2004;4,6;0;2;0;0,0;0,44;0,0;0,0;;0;0;AUS;MF;21;2004;8;411;51;13,4;4,6;6;61;0;2;23;3;0,25;1;8;-7;-1,53;-0,07;AUS;MF;21;2004;4,6;1;0;0;9;3;0;3;6;2;0;;;;;;;;;;;;;;;;;;;;;;;
Robin Mantel;Heracles Almelo;2526;NED-Eredivisie;;;;;;;;;;;;;;;;;;;;;;;;;;;;;;;;;;;;;BEL;GK;24;2000;0;;;;;0;;0;0;;33;;;;;;;;;;;;;;;;;;;;;;;;;;;;;;;;;;;;;;;;;;;;
Sava Cestic;Heracles Almelo;2526;NED-Eredivisie;SRB;DF;24;2001;7;3;360;4,0;0;0;0;0;0;0;0;0;0,0;0,0;0,0;0,0;0,0;SRB;DF;24;2001;4,0;0;5;2;40,0;1,25;0,5;0,0;0,0;0;0;SRB;DF;24;2001;7;360;51;11,8;4,0;3;79;2;4;31;10;0,0;1;10;-9;-2,25;-0,88;SRB;DF;24;2001;4,0;0;0;0;3;2;0;0;2;2;0;;;;;;;;;;;;;;;;;;;;;;;
Sem Scheperman;Heracles Almelo;2526;NED-Eredivisie;NED;MF;23;2002;16;13;1122;12,5;1;1;2;1;0;0;4;1;0,08;0,08;0,16;0,08;0,16;NED;MF;23;2002;12,5;1;15;7;46,7;1,2;0,56;0,07;0,14;0;0;NED;MF;23;2002;16;1122;70;36,7;12,5;13;79;9;3;31;0;0,31;7;32;-25;-2,01;-0,84;NED;MF;23;2002;12,5;4;1;1;16;12;0;4;11;26;0;;;;;;;;;;;;;;;;;;;;;;;
Sil Blokhuis;Heracles Almelo;2526;NED-Eredivisie;NED;FW;17;2008;2;0;10;0,1;0;0;0;0;0;0;0;0;0,0;0,0;0,0;0,0;0,0;NED;FW;17;2008;0,1;0;0;0;;0,0;0,0;;;0;0;NED;FW;17;2008;2;10;5;0,3;0,1;0;;0;2;5;11;1,5;1;0;1;9,0;10,5;NED;FW;17;2008;0,1;0;0;0;0;0;0;1;0;0;0;;;;;;;;;;;;;;;;;;;;;;;
Tarik Hamamiogl;Heracles Almelo;2526;NED-Eredivisie;NED;FW;16;2008;2;0;19;0,2;0;0;0;0;0;0;0;0;0,0;0,0;0,0;0,0;0,0;NED;FW;16;2008;0,2;0;1;0;0,0;4,74;0,0;0,0;;0;0;NED;FW;16;2008;2;19;10;0,6;0,2;0;;0;2;10;4;0,0;0;0;0;0,0;1,48;NED;FW;16;2008;0,2;0;0;0;0;0;0;0;0;0;0;;;;;;;;;;;;;;;;;;;;;;;
Thomas Bruns;Heracles Almelo;2526;NED-Eredivisie;NED;MF;33;1992;27;12;1162;12,9;1;0;1;1;0;0;3;0;0,08;0,0;0,08;0,08;0,08;NED;MF;33;1992;12,9;1;17;3;17,6;1,32;0,23;0,06;0,33;0;0;NED;MF;33;1992;27;1162;43;38,0;12,9;12;66;1;15;25;2;0,54;16;45;-29;-2,25;-1,25;NED;MF;33;1992;12,9;3;0;0;29;17;4;22;8;15;0;;;;;;;;;;;;;;;;;;;;;;;
Timo Jansink;Heracles Almelo;2526;NED-Eredivisie;NED;GK;22;2003;15;15;1350;15,0;0;0;0;0;0;0;0;0;0,0;0,0;0,0;0,0;0,0;NED;GK;22;2003;15,0;0;0;0;;0,0;0,0;;;0;0;NED;GK;22;2003;15;1350;90;44,1;15,0;15;90;15;0;;19;0,73;22;38;-16;-1,07;0,72;NED;GK;22;2003;15,0;0;0;0;0;2;0;0;0;0;0;NED;GK;22;2003;15;15;1350;15,0;38;2,53;92;54;58,7;3;2;10;0;0,0;5;4;1;0;20,0
Tristan van Gilst;Heracles Almelo;2526;NED-Eredivisie;NED;MF;22;2003;28;13;1262;14,0;2;0;2;2;0;0;3;0;0,14;0,0;0,14;0,14;0,14;NED;MF;22;2003;14,0;2;19;7;36,8;1,35;0,5;0,11;0,29;0;0;NED;MF;22;2003;28;1262;45;41,2;14,0;13;72;4;15;21;2;0,46;9;33;-24;-1,71;-0,41;NED;MF;22;2003;14,0;3;0;0;9;14;0;15;10;7;0;;;;;;;;;;;;;;;;;;;;;;;
Walid Ould-Chikh;Heracles Almelo;2526;NED-Eredivisie;MAR;MF;25;1999;24;17;1490;16,6;1;4;5;1;0;0;3;0;0,06;0,24;0,3;0,06;0,3;MAR;MF;25;1999;16,6;1;15;4;26,7;0,91;0,24;0,07;0,25;0;0;MAR;MF;25;1999;24;1490;62;48,7;16,6;17;77;6;7;25;4;0,58;24;39;-15;-0,91;1,1;MAR;MF;25;1999;16,6;3;0;0;21;42;1;66;15;29;0;;;;;;;;;;;;;;;;;;;;;;;
Yvandro Borges Sanches;Heracles Almelo;2526;NED-Eredivisie;LUX;MF,FW;21;2004;11;5;518;5,8;2;0;2;2;0;0;0;0;0,35;0,0;0,35;0,35;0,35;LUX;MF,FW;21;2004;5,8;2;6;4;66,7;1,04;0,69;0,33;0,5;0;0;LUX;MF,FW;21;2004;11;518;47;16,9;5,8;5;74;1;6;25;9;0,64;8;18;-10;-1,74;-0,32;LUX;MF,FW;21;2004;5,8;0;0;0;2;3;0;9;0;8;0;;;;;;;;;;;;;;;;;;;;;;;
Amine Salama;NAC Breda;2526;NED-Eredivisie;FRA;FW;25;2000;8;4;330;3,7;0;1;1;0;0;0;0;0;0,0;0,27;0,27;0,0;0,27;FRA;FW;25;2000;3,7;0;7;2;28,6;1,91;0,55;0,0;0,0;0;0;FRA;FW;25;2000;8;330;41;10,8;3,7;4;57;0;4;25;4;1,0;3;6;-3;-0,82;-0,16;FRA;FW;25;2000;3,7;0;0;0;2;0;0;6;0;2;0;;;;;;;;;;;;;;;;;;;;;;;
André Ayew;NAC Breda;2526;NED-Eredivisie;GHA;FW;35;1989;17;8;886;9,8;1;0;1;1;0;0;1;0;0,1;0,0;0,1;0,1;0,1;GHA;FW;35;1989;9,8;1;25;8;32,0;2,54;0,81;0,04;0,13;0;0;GHA;FW;35;1989;17;886;52;29,0;9,8;8;82;4;9;26;0;0,94;11;13;-2;-0,2;0,67;GHA;FW;35;1989;9,8;1;0;0;5;22;4;8;1;4;0;;;;;;;;;;;;;;;;;;;;;;;
Boy Kemper;NAC Breda;2526;NED-Eredivisie;NED;DF;26;1999;32;32;2818;31,3;5;3;8;4;1;1;3;0;0,16;0,1;0,26;0,13;0,22;NED;DF;26;1999;31,3;5;30;13;43,3;0,96;0,42;0,17;0,38;1;1;NED;DF;26;1999;32;2818;88;92,1;31,3;32;88;29;0;;1;0,88;30;53;-23;-0,73;-0,73;NED;DF;26;1999;31,3;3;0;0;39;40;2;120;26;31;0;;;;;;;;;;;;;;;;;;;;;;;
Boyd Lucassen;NAC Breda;2526;NED-Eredivisie;NED;DF,MF;27;1998;20;13;1104;12,3;1;0;1;1;0;0;0;0;0,08;0,0;0,08;0,08;0,08;NED;DF,MF;27;1998;12,3;1;5;2;40,0;0,41;0,16;0,2;0,5;0;0;NED;DF,MF;27;1998;20;1104;55;36,1;12,3;13;73;1;7;22;10;0,85;13;26;-13;-1,06;-0,6;NED;DF,MF;27;1998;12,3;0;0;0;9;13;1;28;10;15;0;;;;;;;;;;;;;;;;;;;;;;;
Brahim Ghalidi;NAC Breda;2526;NED-Eredivisie;BEL;MF;20;2005;10;1;274;3,0;0;0;0;0;0;0;1;0;0,0;0,0;0,0;0,0;0,0;BEL;MF;20;2005;3,0;0;5;0;0,0;1,64;0,0;0,0;;0;0;BEL;MF;20;2005;10;274;27;9,0;3,0;1;67;0;9;23;17;0,6;2;7;-5;-1,64;-1,06;BEL;MF;20;2005;3,0;1;0;0;1;12;0;29;3;0;0;;;;;;;;;;;;;;;;;;;;;;;
Casper Staring;NAC Breda;2526;NED-Eredivisie;NED;MF;24;2001;2;0;36;0,4;0;0;0;0;0;0;0;0;0,0;0,0;0,0;0,0;0,0;NED;MF;24;2001;0,4;0;0;0;;0,0;0,0;;;0;0;NED;MF;24;2001;2;36;18;1,2;0,4;0;;0;2;18;18;2,0;0;1;-1;-2,5;-1,85;NED;MF;24;2001;0,4;0;0;0;0;0;0;0;0;0;0;;;;;;;;;;;;;;;;;;;;;;;
Charles-Andréas Brym;NAC Breda;2526;NED-Eredivisie;CAN;MF,FW;26;1998;24;17;1500;16,7;2;4;6;2;0;1;4;0;0,12;0,24;0,36;0,12;0,36;CAN;MF,FW;26;1998;16,7;2;43;13;30,2;2,58;0,78;0,05;0,15;0;1;CAN;MF,FW;26;1998;24;1500;63;49,0;16,7;17;77;5;7;27;6;0,63;21;32;-11;-0,66;0,03;CAN;MF,FW;26;1998;16,7;4;0;0;22;40;5;44;11;7;0;;;;;;;;;;;;;;;;;;;;;;;
Cherrion Valerius;NAC Breda;2526;NED-Eredivisie;CUW;DF,MF;19;2005;28;20;1833;20,4;0;2;2;0;0;0;5;0;0,0;0,1;0,1;0,0;0,1;CUW;DF,MF;19;2005;20,4;0;17;2;11,8;0,83;0,1;0,0;0,0;0;0;CUW;DF,MF;19;2005;28;1833;65;59,9;20,4;20;81;12;8;26;5;0,96;23;31;-8;-0,39;0,71;CUW;DF,MF;19;2005;20,4;5;0;0;17;27;0;43;25;28;0;;;;;;;;;;;;;;;;;;;;;;;
Christian Chiza;NAC Breda;2526;NED-Eredivisie;;;;;;;;;;;;;;;;;;;;;;;;;;;;;;;;;;;;;NED;DF;17;2007;0;;;;;0;;0;0;;2;;;;;;;;;;;;;;;;;;;;;;;;;;;;;;;;;;;;;;;;;;;;
Clint Leemans;NAC Breda;2526;NED-Eredivisie;NED;DF,MF;29;1995;31;15;1368;15,2;1;0;1;0;1;1;4;0;0,07;0,0;0,07;0,0;0,0;NED;DF,MF;29;1995;15,2;1;25;9;36,0;1,64;0,59;0,04;0,11;1;1;NED;DF,MF;29;1995;31;1368;44;44,7;15,2;15;78;8;16;12;3;0,71;15;26;-11;-0,72;-0,09;NED;DF,MF;29;1995;15,2;4;0;0;11;5;1;119;19;11;0;;;;;;;;;;;;;;;;;;;;;;;
Daan van Reeuwijk;NAC Breda;2526;NED-Eredivisie;;DF;;;1;0;41;0,5;0;0;0;0;0;0;0;0;0,0;0,0;0,0;0,0;0,0;;DF;;;0,5;0;2;0;0,0;4,39;0,0;0,0;;0;0;;DF;;;1;41;41;1,3;0,5;0;;0;1;41;5;0,0;0;0;0;0,0;0,69;;DF;;;0,5;0;0;0;0;0;0;0;0;0;0;;;;;;;;;;;;;;;;;;;;;;;
Daniel Bielica;NAC Breda;2526;NED-Eredivisie;POL;GK;26;1999;33;33;2970;33,0;0;0;0;0;0;0;3;0;0,0;0,0;0,0;0,0;0,0;POL;GK;26;1999;33,0;0;0;0;;0,0;0,0;;;0;0;POL;GK;26;1999;33;2970;90;97,1;33,0;33;90;33;0;;1;0,85;32;55;-23;-0,7;-0,7;POL;GK;26;1999;33,0;3;0;0;0;7;0;0;1;0;0;POL;GK;26;1999;33;33;2970;33,0;55;1,67;173;117;68,2;6;10;17;6;18,2;3;3;0;0;0,0
Denis Odoi;NAC Breda;2526;NED-Eredivisie;GHA;DF;37;1988;19;17;1512;16,8;0;0;0;0;0;0;3;0;0,0;0,0;0,0;0,0;0,0;GHA;DF;37;1988;16,8;0;10;0;0,0;0,6;0,0;0,0;;0;0;GHA;DF;37;1988;19;1512;80;49,4;16,8;17;85;13;2;37;0;0,84;13;26;-13;-0,77;-0,19;GHA;DF;37;1988;16,8;3;0;0;26;16;2;20;21;21;0;;;;;;;;;;;;;;;;;;;;;;;
Dion Versluis;NAC Breda;2526;NED-Eredivisie;NED;;22;2003;6;0;25;0,3;0;0;0;0;0;0;0;0;0,0;0,0;0,0;0,0;0,0;NED;;22;2003;0,3;0;1;0;0,0;3,6;0,0;0,0;;0;0;NED;;22;2003;6;25;4;0,8;0,3;0;;0;6;4;6;0,17;1;0;1;3,6;4,31;NED;;22;2003;0,3;0;0;0;0;0;1;1;0;1;0;;;;;;;;;;;;;;;;;;;;;;;
Enes Mahmutovic;NAC Breda;2526;NED-Eredivisie;LUX;DF;28;1997;15;7;738;8,2;0;0;0;0;0;0;2;0;0,0;0,0;0,0;0,0;0,0;LUX;DF;28;1997;8,2;0;10;1;10,0;1,22;0,12;0,0;0,0;0;0;LUX;DF;28;1997;15;738;49;24,1;8,2;7;85;5;8;18;15;1,33;6;14;-8;-0,98;-0,39;LUX;DF;28;1997;8,2;2;0;0;12;9;0;0;6;6;0;;;;;;;;;;;;;;;;;;;;;;;
Fredrik Oldrup Jensen;NAC Breda;2526;NED-Eredivisie;NOR;DF,MF;32;1993;11;9;751;8,3;0;1;1;0;0;0;0;1;0,0;0,12;0,12;0,0;0,12;NOR;DF,MF;32;1993;8,3;0;7;4;57,1;0,84;0,48;0,0;0,0;0;0;NOR;DF,MF;32;1993;11;751;68;24,5;8,3;9;78;4;2;24;9;0,82;6;16;-10;-1,2;-0,69;NOR;DF,MF;32;1993;8,3;0;1;0;6;8;1;0;10;8;0;;;;;;;;;;;;;;;;;;;;;;;
Jayden Candelaria;NAC Breda;2526;NED-Eredivisie;CUW;MF;21;2004;8;1;161;1,8;0;0;0;0;0;0;0;0;0,0;0,0;0,0;0,0;0,0;CUW;MF;21;2004;1,8;0;2;1;50,0;1,12;0,56;0,0;0,0;0;0;CUW;MF;21;2004;8;161;20;5,3;1,8;1;31;0;7;19;17;1,13;5;5;0;0,0;0,71;CUW;MF;21;2004;1,8;0;0;0;1;3;0;6;2;1;0;;;;;;;;;;;;;;;;;;;;;;;
Jemuel Erat;NAC Breda;2526;NED-Eredivisie;;;;;;;;;;;;;;;;;;;;;;;;;;;;;;;;;;;;;NED;DF;17;2007;0;;;;;0;;0;0;;3;;;;;;;;;;;;;;;;;;;;;;;;;;;;;;;;;;;;;;;;;;;;
Juho Talvitie;NAC Breda;2526;NED-Eredivisie;FIN;MF,FW;20;2005;27;15;1395;15,5;3;2;5;3;0;0;0;0;0,19;0,13;0,32;0,19;0,32;FIN;MF,FW;20;2005;15,5;3;29;11;37,9;1,87;0,71;0,1;0,27;0;0;FIN;MF,FW;20;2005;27;1395;52;45,6;15,5;15;74;3;12;24;7;0,7;15;25;-10;-0,65;0,06;FIN;MF,FW;20;2005;15,5;0;0;0;15;22;0;91;8;18;0;;;;;;;;;;;;;;;;;;;;;;;
Kamal Sowah;NAC Breda;2526;NED-Eredivisie;GHA;MF;25;2000;33;32;2779;30,9;1;1;2;1;0;0;3;0;0,03;0,03;0,06;0,03;0,06;GHA;MF;25;2000;30,9;1;36;9;25,0;1,17;0,29;0,03;0,11;0;0;GHA;MF;25;2000;33;2779;84;90,8;30,9;32;86;21;1;35;1;0,88;29;51;-22;-0,71;-0,39;GHA;MF;25;2000;30,9;3;0;0;35;21;8;55;31;28;0;;;;;;;;;;;;;;;;;;;;;;;
Kostas Lamprou;NAC Breda;2526;NED-Eredivisie;GRE;GK;33;1991;1;1;90;1,0;0;0;0;0;0;0;0;0;0,0;0,0;0,0;0,0;0,0;GRE;GK;33;1991;1,0;0;0;0;;0,0;0,0;;;0;0;GRE;GK;33;1991;1;90;90;2,9;1,0;1;90;1;0;;32;1,0;3;3;0;0,0;0,7;GRE;GK;33;1991;1,0;0;0;0;0;0;0;0;0;0;0;GRE;GK;33;1991;1;1;90;1,0;3;3,0;5;2;40,0;0;1;0;0;0,0;0;0;0;0;
Lars Mol;NAC Breda;2526;NED-Eredivisie;;;;;;;;;;;;;;;;;;;;;;;;;;;;;;;;;;;;;NED;MF;20;2004;0;;;;;0;;0;0;;2;;;;;;;;;;;;;;;;;;;;;;;;;;;;;;;;;;;;;;;;;;;;
Leo Greiml;NAC Breda;2526;NED-Eredivisie;AUT;DF;24;2001;14;14;1130;12,6;1;0;1;1;0;0;2;1;0,08;0,0;0,08;0,08;0,08;AUT;DF;24;2001;12,6;1;11;7;63,6;0,88;0,56;0,09;0,14;0;0;AUT;DF;24;2001;14;1130;81;36,9;12,6;14;81;9;0;;1;0,93;20;24;-4;-0,32;0,57;AUT;DF;24;2001;12,6;2;1;0;24;14;0;1;12;23;0;;;;;;;;;;;;;;;;;;;;;;;
Lewis Holtby;NAC Breda;2526;NED-Eredivisie;GER;MF,FW;34;1990;30;25;1927;21,4;1;5;6;1;0;0;2;1;0,05;0,23;0,28;0,05;0,28;GER;MF,FW;34;1990;21,4;1;30;5;16,7;1,4;0,23;0,03;0,2;0;0;GER;MF,FW;34;1990;30;1927;64;63,0;21,4;25;73;4;5;21;1;0,97;26;31;-5;-0,23;1,2;GER;MF,FW;34;1990;21,4;2;1;0;19;18;3;75;8;32;0;;;;;;;;;;;;;;;;;;;;;;;
Max Balard;NAC Breda;2526;NED-Eredivisie;AUS;MF;24;2000;32;32;2725;30,3;0;1;1;0;0;0;5;1;0,0;0,03;0,03;0,0;0,03;AUS;MF;24;2000;30,3;0;16;1;6,3;0,53;0,03;0,0;0,0;0;0;AUS;MF;24;2000;32;2725;85;89,1;30,3;32;85;20;0;;1;0,88;30;52;-22;-0,73;-0,46;AUS;MF;24;2000;30,3;5;1;1;33;37;0;3;28;28;0;;;;;;;;;;;;;;;;;;;;;;;
Mohamed Nassoh;NAC Breda;2526;NED-Eredivisie;NED;MF;22;2003;28;20;1820;20,2;5;1;6;5;0;0;4;1;0,25;0,05;0,3;0,25;0,3;NED;MF;22;2003;20,2;5;43;15;34,9;2,13;0,74;0,12;0,33;0;0;NED;MF;22;2003;28;1820;65;59,5;20,2;20;78;7;8;33;3;0,64;18;36;-18;-0,89;-0,53;NED;MF;22;2003;20,2;4;1;0;18;25;3;65;9;24;0;;;;;;;;;;;;;;;;;;;;;;;
Moussa Soumano;NAC Breda;2526;NED-Eredivisie;FRA;FW,MF;20;2005;16;9;794;8,8;5;0;5;5;0;0;0;0;0,57;0,0;0,57;0,57;0,57;FRA;FW,MF;20;2005;8,8;5;42;16;38,1;4,76;1,81;0,12;0,31;0;0;FRA;FW,MF;20;2005;16;794;50;25,9;8,8;9;75;3;7;17;0;0,75;12;16;-4;-0,45;0,3;FRA;FW,MF;20;2005;8,8;0;0;0;11;13;7;3;1;4;0;;;;;;;;;;;;;;;;;;;;;;;
Mylan Brouwers;NAC Breda;2526;NED-Eredivisie;;;;;;;;;;;;;;;;;;;;;;;;;;;;;;;;;;;;;NED;DF;15;2009;0;;;;;0;;0;0;;1;;;;;;;;;;;;;;;;;;;;;;;;;;;;;;;;;;;;;;;;;;;;
Pepijn Reulen;NAC Breda;2526;NED-Eredivisie;NED;FW;17;2008;16;2;315;3,5;1;0;1;1;0;0;1;0;0,29;0,0;0,29;0,29;0,29;NED;FW;17;2008;3,5;1;6;3;50,0;1,71;0,86;0,17;0,33;0;0;NED;FW;17;2008;16;315;20;10,3;3,5;2;50;0;14;15;14;0,88;3;6;-3;-0,86;-0,2;NED;FW;17;2008;3,5;1;0;0;6;0;3;1;0;2;0;;;;;;;;;;;;;;;;;;;;;;;
Raul Paula;NAC Breda;2526;NED-Eredivisie;GER;MF,FW;21;2004;21;7;713;7,9;2;2;4;2;0;0;1;0;0,25;0,25;0,5;0,25;0,5;GER;MF,FW;21;2004;7,9;2;23;6;26,1;2,9;0,76;0,09;0,33;0;0;GER;MF,FW;21;2004;21;713;34;23,3;7,9;7;69;2;14;16;10;0,57;7;13;-6;-0,76;-0,11;GER;MF,FW;21;2004;7,9;1;0;0;10;21;0;28;2;4;0;;;;;;;;;;;;;;;;;;;;;;;
Rio Hillen;NAC Breda;2526;NED-Eredivisie;NED;DF;22;2003;26;24;2001;22,2;0;1;1;0;0;0;9;1;0,0;0,04;0,04;0,0;0,04;NED;DF;22;2003;22,2;0;19;6;31,6;0,85;0,27;0,0;0,0;0;0;NED;DF;22;2003;26;2001;77;65,4;22,2;24;81;18;2;32;5;0,81;23;35;-12;-0,54;0,4;NED;DF;22;2003;22,2;9;1;0;28;18;0;8;27;31;0;;;;;;;;;;;;;;;;;;;;;;;
Roy Kortsmit;NAC Breda;2526;NED-Eredivisie;;;;;;;;;;;;;;;;;;;;;;;;;;;;;;;;;;;;;NED;GK;32;1992;0;;;;;0;;0;0;;32;;;;;;;;;;;;;;;;;;;;;;;;;;;;;;;;;;;;;;;;;;;;
Sydney van Hooijdonk;NAC Breda;2526;NED-Eredivisie;NED;FW;25;2000;18;15;1194;13,3;5;0;5;3;2;2;1;1;0,38;0,0;0,38;0,23;0,23;NED;FW;25;2000;13,3;5;37;10;27,0;2,79;0,75;0,14;0,5;2;2;NED;FW;25;2000;18;1194;66;39,0;13,3;15;76;6;3;18;1;0,72;14;22;-8;-0,6;0,12;NED;FW;25;2000;13,3;1;1;0;17;27;6;7;1;8;0;;;;;;;;;;;;;;;;;;;;;;;
Terence Kongolo;NAC Breda;2526;NED-Eredivisie;NED;DF;31;1994;5;1;185;2,1;0;0;0;0;0;0;0;0;0,0;0,0;0,0;0,0;0,0;NED;DF;31;1994;2,1;0;0;0;;0,0;0,0;;;0;0;NED;DF;31;1994;5;185;37;6,0;2,1;1;90;1;4;24;6;1,0;3;6;-3;-1,46;-0,83;NED;DF;31;1994;2,1;0;0;0;1;3;0;0;2;4;1;;;;;;;;;;;;;;;;;;;;;;;
Thomas Goos;NAC Breda;2526;NED-Eredivisie;;;;;;;;;;;;;;;;;;;;;;;;;;;;;;;;;;;;;;GK;;;0;;;;;0;;0;0;;1;;;;;;;;;;;;;;;;;;;;;;;;;;;;;;;;;;;;;;;;;;;;
Ahmetcan Kaplan;NEC Nijmegen;2526;NED-Eredivisie;TUR;DF;22;2003;25;23;2044;22,7;1;0;1;1;0;0;10;0;0,04;0,0;0,04;0,04;0,04;TUR;DF;22;2003;22,7;1;20;8;40,0;0,88;0,35;0,05;0,13;0;0;TUR;DF;22;2003;25;2044;82;66,8;22,7;23;86;19;2;34;0;1,76;51;42;9;0,4;-0,93;TUR;DF;22;2003;22,7;10;0;0;36;43;2;11;26;34;0;;;;;;;;;;;;;;;;;;;;;;;
Argyris Darelas;NEC Nijmegen;2526;NED-Eredivisie;;;;;;;;;;;;;;;;;;;;;;;;;;;;;;;;;;;;;GRE;MF;21;2003;0;;;;;0;;0;0;;8;;;;;;;;;;;;;;;;;;;;;;;;;;;;;;;;;;;;;;;;;;;;
Basar Onal;NEC Nijmegen;2526;NED-Eredivisie;TUR;MF;21;2004;29;25;2056;22,8;7;7;14;6;1;1;4;0;0,31;0,31;0,61;0,26;0,57;TUR;MF;21;2004;22,8;7;48;20;41,7;2,1;0,88;0,15;0,35;1;1;TUR;MF;21;2004;29;2056;71;67,2;22,8;25;77;7;4;34;1;1,93;60;36;24;1,05;1,05;TUR;MF;21;2004;22,8;4;0;0;20;29;9;131;12;13;0;;;;;;;;;;;;;;;;;;;;;;;
Bram Nuytinck;NEC Nijmegen;2526;NED-Eredivisie;NED;DF;35;1990;7;3;254;2,8;0;0;0;0;0;0;1;0;0,0;0,0;0,0;0,0;0,0;NED;DF;35;1990;2,8;0;1;1;100,0;0,35;0,35;0,0;0,0;0;0;NED;DF;35;1990;7;254;36;8,3;2,8;3;63;0;4;16;6;1,71;3;5;-2;-0,71;-1,54;NED;DF;35;1990;2,8;1;0;0;5;4;0;2;4;1;0;;;;;;;;;;;;;;;;;;;;;;;
Brayann Pereira;NEC Nijmegen;2526;NED-Eredivisie;FRA;DF,MF;22;2003;24;13;1169;13,0;0;1;1;0;0;0;1;0;0,0;0,08;0,08;0,0;0,08;FRA;DF,MF;22;2003;13,0;0;6;1;16,7;0,46;0,08;0,0;0,0;0;0;FRA;DF,MF;22;2003;24;1169;49;38,2;13,0;13;75;7;11;17;6;1,88;31;20;11;0,85;0,23;FRA;DF,MF;22;2003;13,0;1;0;0;21;30;1;28;12;26;0;;;;;;;;;;;;;;;;;;;;;;;
Bryan Linssen;NEC Nijmegen;2526;NED-Eredivisie;NED;FW,MF;34;1990;32;31;2224;24,7;12;7;19;12;0;0;6;0;0,49;0,28;0,77;0,49;0,77;NED;FW,MF;34;1990;24,7;12;72;33;45,8;2,91;1,34;0,17;0,36;0;0;NED;FW,MF;34;1990;32;2224;70;72,7;24,7;31;71;2;1;23;1;1,75;52;38;14;0,57;-0,51;NED;FW,MF;34;1990;24,7;6;0;0;35;13;11;25;9;20;0;;;;;;;;;;;;;;;;;;;;;;;
Calvin Verdonk;NEC Nijmegen;2526;NED-Eredivisie;IDN;DF;28;1997;4;4;360;4,0;0;1;1;0;0;0;0;0;0,0;0,25;0,25;0,0;0,25;IDN;DF;28;1997;4,0;0;2;0;0,0;0,5;0,0;0,0;;0;0;IDN;DF;28;1997;4;360;90;11,8;4,0;4;90;4;0;;0;2,25;14;4;10;2,5;2,03;IDN;DF;28;1997;4,0;0;0;0;3;0;0;2;4;10;0;;;;;;;;;;;;;;;;;;;;;;;
Danilo;NEC Nijmegen;2526;NED-Eredivisie;BRA;FW;26;1999;11;1;282;3,1;1;1;2;1;0;0;0;0;0,32;0,32;0,64;0,32;0,64;BRA;FW;26;1999;3,1;1;12;5;41,7;3,83;1,6;0,08;0,2;0;0;BRA;FW;26;1999;11;282;26;9,2;3,1;1;78;0;10;20;1;1,27;5;3;2;0,64;-0,07;BRA;FW;26;1999;3,1;0;0;0;1;3;1;2;1;2;0;;;;;;;;;;;;;;;;;;;;;;;
Darko Nejašmić;NEC Nijmegen;2526;NED-Eredivisie;CRO;MF;26;1999;29;26;2311;25,7;4;1;5;4;0;0;3;0;0,16;0,04;0,19;0,16;0,19;CRO;MF;26;1999;25,7;4;27;12;44,4;1,05;0,47;0,15;0,33;0;0;CRO;MF;26;1999;29;2311;80;75,5;25,7;26;86;23;3;23;0;1,62;55;38;17;0,66;-0,18;CRO;MF;26;1999;25,7;3;0;0;24;24;0;16;28;44;0;;;;;;;;;;;;;;;;;;;;;;;
Deveron Fonville;NEC Nijmegen;2526;NED-Eredivisie;CUW;DF;22;2003;29;13;1470;16,3;0;2;2;0;0;0;3;0;0,0;0,12;0,12;0,0;0,12;CUW;DF;22;2003;16,3;0;5;0;0,0;0,31;0,0;0,0;;0;0;CUW;DF;22;2003;29;1470;51;48,0;16,3;13;89;11;16;20;0;1,72;33;24;9;0,55;-0,3;CUW;DF;22;2003;16,3;3;0;0;14;13;0;22;20;29;0;;;;;;;;;;;;;;;;;;;;;;;
Dirk Proper;NEC Nijmegen;2526;NED-Eredivisie;NED;MF;23;2002;22;8;1048;11,6;3;0;3;3;0;0;2;0;0,26;0,0;0,26;0,26;0,26;NED;MF;23;2002;11,6;3;10;4;40,0;0,86;0,34;0,3;0,75;0;0;NED;MF;23;2002;22;1048;48;34,2;11,6;8;85;6;14;27;12;2,14;29;20;9;0,77;0,1;NED;MF;23;2002;11,6;2;0;0;16;15;0;2;15;14;0;;;;;;;;;;;;;;;;;;;;;;;
Eli Dasa;NEC Nijmegen;2526;NED-Eredivisie;ISR;DF;32;1992;22;21;1811;20,1;1;0;1;1;0;0;0;0;0,05;0,0;0,05;0,05;0,05;ISR;DF;32;1992;20,1;1;21;5;23,8;1,04;0,25;0,05;0,2;0;0;ISR;DF;32;1992;22;1811;82;59,2;20,1;21;85;16;1;17;2;1,68;40;32;8;0,4;-0,76;ISR;DF;32;1992;20,1;0;0;0;11;18;1;45;18;10;0;;;;;;;;;;;;;;;;;;;;;;;
Freek Entius;NEC Nijmegen;2526;NED-Eredivisie;;;;;;;;;;;;;;;;;;;;;;;;;;;;;;;;;;;;;NED;GK;19;2006;0;;;;;0;;0;0;;4;;;;;;;;;;;;;;;;;;;;;;;;;;;;;;;;;;;;;;;;;;;;
Gonzalo Crettaz;NEC Nijmegen;2526;NED-Eredivisie;ARG;GK;25;2000;31;31;2790;31,0;0;0;0;0;0;0;3;0;0,0;0,0;0,0;0,0;0,0;ARG;GK;25;2000;31,0;0;0;0;;0,0;0,0;;;0;0;ARG;GK;25;2000;31;2790;90;91,2;31,0;31;90;31;0;;0;1,68;69;49;20;0,65;-0,69;ARG;GK;25;2000;31,0;3;0;0;0;1;0;0;0;2;0;ARG;GK;25;2000;31;31;2790;31,0;49;1,58;153;103;68,0;14;10;7;4;12,9;5;4;1;0;20,0
Isak Hansen-Aarøen;NEC Nijmegen;2526;NED-Eredivisie;NOR;MF;20;2004;3;0;18;0,2;0;0;0;0;0;0;0;0;0,0;0,0;0,0;0,0;0,0;NOR;MF;20;2004;0,2;0;0;0;;0,0;0,0;;;0;0;NOR;MF;20;2004;3;18;6;0,6;0,2;0;;0;3;6;10;2,0;1;0;1;5,0;4,32;NOR;MF;20;2004;0,2;0;0;0;0;0;0;0;0;1;0;;;;;;;;;;;;;;;;;;;;;;;
Jasper Cillessen;NEC Nijmegen;2526;NED-Eredivisie;NED;GK;36;1989;3;3;185;2,1;0;0;0;0;0;0;0;0;0,0;0,0;0,0;0,0;0,0;NED;GK;36;1989;2,1;0;0;0;;0,0;0,0;;;0;0;NED;GK;36;1989;3;185;62;6,0;2,1;3;62;2;0;;24;2,33;6;2;4;1,95;1,32;NED;GK;36;1989;2,1;0;0;0;0;1;0;0;0;0;0;NED;GK;36;1989;3;3;185;2,1;2;0,97;9;7;77,8;2;1;0;1;33,3;0;0;0;0;
Jetro Willems;NEC Nijmegen;2526;NED-Eredivisie;NED;DF;31;1994;6;2;167;1,9;0;0;0;0;0;0;0;0;0,0;0,0;0,0;0,0;0,0;NED;DF;31;1994;1,9;0;1;0;0,0;0,54;0,0;0,0;;0;0;NED;DF;31;1994;6;167;28;5,5;1,9;2;59;0;4;13;18;2,33;6;4;2;1,08;0,39;NED;DF;31;1994;1,9;0;0;0;1;2;0;4;2;3;0;;;;;;;;;;;;;;;;;;;;;;;
Kento Shiogai;NEC Nijmegen;2526;NED-Eredivisie;JPN;FW;20;2005;12;1;371;4,1;7;0;7;7;0;0;1;0;1,7;0,0;1,7;1,7;1,7;JPN;FW;20;2005;4,1;7;14;8;57,1;3,4;1,94;0,5;0,88;0;0;JPN;FW;20;2005;12;371;31;12,1;4,1;1;76;0;11;27;4;1,67;14;7;7;1,7;1,13;JPN;FW;20;2005;4,1;1;0;0;9;9;1;2;0;2;0;;;;;;;;;;;;;;;;;;;;;;;
Kevin Kers;NEC Nijmegen;2526;NED-Eredivisie;NED;FW;19;2006;1;0;16;0,2;0;0;0;0;0;0;0;0;0,0;0,0;0,0;0,0;0,0;NED;FW;19;2006;0,2;0;1;0;0,0;5,63;0,0;0,0;;0;0;NED;FW;19;2006;1;16;16;0,5;0,2;0;;0;1;16;1;3,0;1;0;1;5,63;4,94;NED;FW;19;2006;0,2;0;0;0;0;0;1;0;0;0;0;;;;;;;;;;;;;;;;;;;;;;;
Kodai Sano;NEC Nijmegen;2526;NED-Eredivisie;JPN;MF;21;2003;34;34;3060;34,0;3;7;10;3;0;0;3;0;0,09;0,21;0,29;0,09;0,29;JPN;MF;21;2003;34,0;3;34;9;26,5;1,0;0,26;0,09;0,33;0;0;JPN;MF;21;2003;34;3060;90;100,0;34,0;34;90;34;0;;0;1,74;77;53;24;0,71;;JPN;MF;21;2003;34,0;3;0;0;45;36;1;72;50;40;0;;;;;;;;;;;;;;;;;;;;;;;
Kōki Ogawa;NEC Nijmegen;2526;NED-Eredivisie;JPN;FW;27;1997;26;17;1269;14,1;8;3;11;7;1;1;1;0;0,57;0,21;0,78;0,5;0,71;JPN;FW;27;1997;14,1;8;43;18;41,9;3,05;1,28;0,19;0,44;1;1;JPN;FW;27;1997;26;1269;49;41,5;14,1;17;65;1;9;19;8;1,62;31;20;11;0,78;0,13;JPN;FW;27;1997;14,1;1;0;0;13;16;8;1;3;7;0;;;;;;;;;;;;;;;;;;;;;;;
Lars Olden Larsen;NEC Nijmegen;2526;NED-Eredivisie;;;;;;;;;;;;;;;;;;;;;;;;;;;;;;;;;;;;;NOR;FW,MF;26;1998;0;;;;;0;;0;0;;2;;;;;;;;;;;;;;;;;;;;;;;;;;;;;;;;;;;;;;;;;;;;
Luc Nieuwenhuijs;NEC Nijmegen;2526;NED-Eredivisie;;;;;;;;;;;;;;;;;;;;;;;;;;;;;;;;;;;;;NED;FW;18;2007;0;;;;;0;;0;0;;1;;;;;;;;;;;;;;;;;;;;;;;;;;;;;;;;;;;;;;;;;;;;
Martijn Overmars;NEC Nijmegen;2526;NED-Eredivisie;;;;;;;;;;;;;;;;;;;;;;;;;;;;;;;;;;;;;NED;GK;19;2006;0;;;;;0;;0;0;;7;;;;;;;;;;;;;;;;;;;;;;;;;;;;;;;;;;;;;;;;;;;;
Mees Rensen;NEC Nijmegen;2526;NED-Eredivisie;;;;;;;;;;;;;;;;;;;;;;;;;;;;;;;;;;;;;NED;DF;15;2010;0;;;;;0;;0;0;;1;;;;;;;;;;;;;;;;;;;;;;;;;;;;;;;;;;;;;;;;;;;;
Merijn van de Wiel;NEC Nijmegen;2526;NED-Eredivisie;;;;;;;;;;;;;;;;;;;;;;;;;;;;;;;;;;;;;NED;MF;19;2005;0;;;;;0;;0;0;;3;;;;;;;;;;;;;;;;;;;;;;;;;;;;;;;;;;;;;;;;;;;;
Noé Lebreton;NEC Nijmegen;2526;NED-Eredivisie;FRA;MF;21;2004;22;15;1434;15,9;5;4;9;5;0;0;4;0;0,31;0,25;0,56;0,31;0,56;FRA;MF;21;2004;15,9;5;40;17;42,5;2,51;1,07;0,13;0,29;0;0;FRA;MF;21;2004;22;1434;65;46,9;15,9;15;85;10;7;24;5;1,64;36;22;14;0,88;0,33;FRA;MF;21;2004;15,9;4;0;0;26;26;2;14;10;17;0;;;;;;;;;;;;;;;;;;;;;;;
Philippe Sandler;NEC Nijmegen;2526;NED-Eredivisie;NED;DF,MF;28;1997;25;23;1861;20,7;1;3;4;1;0;0;9;1;0,05;0,15;0,19;0,05;0,19;NED;DF,MF;28;1997;20,7;1;7;4;57,1;0,34;0,19;0,14;0,25;0;0;NED;DF,MF;28;1997;25;1861;74;60,8;20,7;23;80;9;2;13;2;1,92;47;28;19;0,92;0,54;NED;DF,MF;28;1997;20,7;9;1;1;32;15;0;2;19;12;0;;;;;;;;;;;;;;;;;;;;;;;
Rijk Janse;NEC Nijmegen;2526;NED-Eredivisie;NED;GK;23;2002;1;0;85;0,9;0;0;0;0;0;0;0;0;0,0;0,0;0,0;0,0;0,0;NED;GK;23;2002;0,9;0;0;0;;0,0;0,0;;;0;0;NED;GK;23;2002;1;85;85;2,8;0,9;0;;0;1;85;17;1,0;2;2;0;0,0;-0,73;NED;GK;23;2002;0,9;0;0;0;0;0;0;0;0;0;0;NED;GK;23;2002;1;0;85;0,9;2;2,12;5;3;60,0;0;0;0;0;;0;0;0;0;
Roberto González;NEC Nijmegen;2526;NED-Eredivisie;ESP;MF;24;2001;3;1;84;0,9;0;0;0;0;0;0;0;0;0,0;0,0;0,0;0,0;0,0;ESP;MF;24;2001;0,9;0;1;0;0,0;1,07;0,0;0,0;;0;0;ESP;MF;24;2001;3;84;28;2,7;0,9;1;57;0;2;14;15;2,0;2;2;0;0,0;-0,73;ESP;MF;24;2001;0,9;0;0;0;2;2;0;1;0;3;0;;;;;;;;;;;;;;;;;;;;;;;
Sam de Laat;NEC Nijmegen;2526;NED-Eredivisie;NED;MF;19;2006;1;0;14;0,2;0;0;0;0;0;0;0;0;0,0;0,0;0,0;0,0;0,0;NED;MF;19;2006;0,2;0;0;0;;0,0;0,0;;;0;0;NED;MF;19;2006;1;14;14;0,5;0,2;0;;0;1;14;16;3,0;1;0;1;6,43;5,75;NED;MF;19;2006;0,2;0;0;0;1;0;0;0;1;0;0;;;;;;;;;;;;;;;;;;;;;;;
Sami Ouaissa;NEC Nijmegen;2526;NED-Eredivisie;NED;MF;20;2004;32;32;2633;29,3;6;6;12;6;0;0;5;1;0,21;0,21;0,41;0,21;0,41;NED;MF;20;2004;29,3;6;60;22;36,7;2,05;0,75;0,1;0,27;0;0;NED;MF;20;2004;32;2633;82;86,0;29,3;32;82;21;0;;1;1,72;65;48;17;0,58;-0,89;NED;MF;20;2004;29,3;5;1;0;41;46;4;100;13;25;0;;;;;;;;;;;;;;;;;;;;;;;
Sontje Hansen;NEC Nijmegen;2526;NED-Eredivisie;;;;;;;;;;;;;;;;;;;;;;;;;;;;;;;;;;;;;CUW;FW,MF;23;2002;0;;;;;0;;0;0;;1;;;;;;;;;;;;;;;;;;;;;;;;;;;;;;;;;;;;;;;;;;;;
Thomas Ouwejan;NEC Nijmegen;2526;NED-Eredivisie;NED;DF,MF;28;1996;6;6;442;4,9;1;2;3;1;0;0;0;0;0,2;0,41;0,61;0,2;0,61;NED;DF,MF;28;1996;4,9;1;5;1;20,0;1,02;0,2;0,2;1,0;0;0;NED;DF,MF;28;1996;6;442;74;14,4;4,9;6;74;2;0;;25;1,33;7;7;0;0,0;-0,83;NED;DF,MF;28;1996;4,9;0;0;0;2;4;1;36;4;6;0;;;;;;;;;;;;;;;;;;;;;;;
Tjaronn Chery;NEC Nijmegen;2526;NED-Eredivisie;SUR;MF,FW;37;1988;33;33;2743;30,5;10;6;16;8;2;4;3;1;0,33;0,2;0,52;0,26;0,46;SUR;MF,FW;37;1988;30,5;10;107;45;42,1;3,51;1,48;0,09;0,22;2;4;SUR;MF,FW;37;1988;33;2743;83;89,6;30,5;33;83;17;0;;0;1,7;67;49;18;0,59;-1,11;SUR;MF,FW;37;1988;30,5;3;1;0;19;30;13;158;3;2;0;;;;;;;;;;;;;;;;;;;;;;;
Virgil Misidjan;NEC Nijmegen;2526;NED-Eredivisie;SUR;MF;32;1993;17;4;542;6,0;1;2;3;1;0;0;1;0;0,17;0,33;0,5;0,17;0,5;SUR;MF;32;1993;6,0;1;11;4;36,4;1,83;0,66;0,09;0,25;0;0;SUR;MF;32;1993;17;542;32;17,7;6,0;4;68;0;13;21;15;1,53;14;11;3;0,5;-0,25;SUR;MF;32;1993;6,0;1;0;0;8;13;3;19;1;3;0;;;;;;;;;;;;;;;;;;;;;;;
Vito van Crooij;NEC Nijmegen;2526;NED-Eredivisie;NED;MF;29;1996;8;2;255;2,8;1;0;1;1;0;0;0;0;0,35;0,0;0,35;0,35;0,35;NED;MF;29;1996;2,8;1;7;4;57,1;2,47;1,41;0,14;0,25;0;0;NED;MF;29;1996;8;255;32;8,3;2,8;2;74;1;6;18;9;1,63;8;6;2;0,71;0,0;NED;MF;29;1996;2,8;0;0;0;4;3;2;8;0;2;0;;;;;;;;;;;;;;;;;;;;;;;
Willum Þór Willumsson;NEC Nijmegen;2526;NED-Eredivisie;ISL;MF;26;1998;4;1;99;1,1;0;0;0;0;0;0;1;0;0,0;0,0;0,0;0,0;0,0;ISL;MF;26;1998;1,1;0;1;1;100,0;0,91;0,91;0,0;0,0;0;0;ISL;MF;26;1998;4;99;25;3,2;1,1;1;67;0;3;11;10;1,0;2;1;1;0,91;0,21;ISL;MF;26;1998;1,1;1;0;0;4;3;1;1;0;0;0;;;;;;;;;;;;;;;;;;;;;;;
Yassin Moslih;NEC Nijmegen;2526;NED-Eredivisie;;;;;;;;;;;;;;;;;;;;;;;;;;;;;;;;;;;;;NED;DF;18;2007;0;;;;;0;;0;0;;1;;;;;;;;;;;;;;;;;;;;;;;;;;;;;;;;;;;;;;;;;;;;
Yousri Sbai;NEC Nijmegen;2526;NED-Eredivisie;NED;MF;20;2004;2;0;8;0,1;0;0;0;0;0;0;0;0;0,0;0,0;0,0;0,0;0,0;NED;MF;20;2004;0,1;0;0;0;;0,0;0,0;;;0;0;NED;MF;20;2004;2;8;4;0,3;0,1;0;;0;2;4;8;3,0;0;0;0;0,0;-0,71;NED;MF;20;2004;0,1;0;0;0;0;0;0;0;0;0;0;;;;;;;;;;;;;;;;;;;;;;;
Youssef El Kachati;NEC Nijmegen;2526;NED-Eredivisie;NED;FW;25;1999;19;1;516;5,7;3;2;5;3;0;0;0;0;0,52;0,35;0,87;0,52;0,87;NED;FW;25;1999;5,7;3;23;8;34,8;4,01;1,4;0,13;0,38;0;0;NED;FW;25;1999;19;516;27;16,9;5,7;1;64;0;18;25;6;1,47;18;9;9;1,57;1,04;NED;FW;25;1999;5,7;0;0;0;12;8;6;21;1;5;0;;;;;;;;;;;;;;;;;;;;;;;
Adamo Nagalo;PSV;2526;NED-Eredivisie;;;;;;;;;;;;;;;;;;;;;;;;;;;;;;;;;;;;;BFA;DF;22;2002;0;;;;;0;;0;0;;16;;;;;;;;;;;;;;;;;;;;;;;;;;;;;;;;;;;;;;;;;;;;
Alassane Pléa;PSV;2526;NED-Eredivisie;FRA;FW;32;1993;2;2;111;1,2;0;1;1;0;0;0;0;0;0,0;0,81;0,81;0,0;0,81;FRA;FW;32;1993;1,2;0;2;0;0,0;1,62;0,0;0,0;;0;0;FRA;FW;32;1993;2;111;56;3,6;1,2;2;56;1;0;;0;3,0;7;1;6;4,86;3,34;FRA;FW;32;1993;1,2;0;0;0;0;1;2;0;1;2;0;;;;;;;;;;;;;;;;;;;;;;;
Anass Salah-Eddine;PSV;2526;NED-Eredivisie;MAR;DF;23;2002;17;12;1093;12,1;0;0;0;0;0;0;3;1;0,0;0,0;0,0;0,0;0,0;MAR;DF;23;2002;12,1;0;8;2;25,0;0,66;0,16;0,0;0,0;0;0;MAR;DF;23;2002;17;1093;64;35,7;12,1;12;79;8;5;29;2;2,53;36;14;22;1,81;0,26;MAR;DF;23;2002;12,1;3;1;0;14;16;0;16;11;22;0;;;;;;;;;;;;;;;;;;;;;;;
Armando Obispo;PSV;2526;NED-Eredivisie;CUW;DF;26;1999;17;9;809;9,0;2;0;2;2;0;0;1;0;0,22;0,0;0,22;0,22;0,22;CUW;DF;26;1999;9,0;2;11;6;54,5;1,22;0,67;0,18;0,33;0;0;CUW;DF;26;1999;17;809;48;26,4;9,0;9;72;5;8;20;16;2,35;22;12;10;1,11;-0,73;CUW;DF;26;1999;9,0;1;0;0;6;4;0;0;6;4;0;;;;;;;;;;;;;;;;;;;;;;;
Couhaib Driouech;PSV;2526;NED-Eredivisie;MAR;MF;23;2002;29;5;964;10,7;4;6;10;4;0;0;4;0;0,37;0,56;0,93;0,37;0,93;MAR;MF;23;2002;10,7;4;37;13;35,1;3,45;1,21;0,11;0,31;0;0;MAR;MF;23;2002;29;964;33;31,5;10,7;5;83;2;24;23;4;2,55;30;18;12;1,12;-0,77;MAR;MF;23;2002;10,7;4;0;0;18;10;3;42;1;13;0;;;;;;;;;;;;;;;;;;;;;;;
Dennis Man;PSV;2526;NED-Eredivisie;ROU;MF,FW;26;1998;25;20;1488;16,5;7;7;14;7;0;0;2;0;0,42;0,42;0,85;0,42;0,85;ROU;MF,FW;26;1998;16,5;7;42;15;35,7;2,54;0,91;0,17;0,47;0;0;ROU;MF,FW;26;1998;25;1488;60;48,6;16,5;20;68;2;5;24;7;2,36;48;25;23;1,39;-0,5;ROU;MF,FW;26;1998;16,5;2;0;0;17;19;4;19;5;9;0;;;;;;;;;;;;;;;;;;;;;;;
Esmir Bajraktarevic;PSV;2526;NED-Eredivisie;BIH;MF,FW;20;2005;28;8;1074;11,9;4;4;8;4;0;0;0;0;0,34;0,34;0,67;0,34;0,67;BIH;MF,FW;20;2005;11,9;4;36;14;38,9;3,02;1,17;0,11;0,29;0;0;BIH;MF,FW;20;2005;28;1074;38;35,1;11,9;8;78;4;20;23;5;2,36;33;11;22;1,84;0,3;BIH;MF,FW;20;2005;11,9;0;0;0;11;18;0;52;3;14;0;;;;;;;;;;;;;;;;;;;;;;;
Eus Waayers;PSV;2526;NED-Eredivisie;;;;;;;;;;;;;;;;;;;;;;;;;;;;;;;;;;;;;NED;DF;18;2006;0;;;;;0;;0;0;;3;;;;;;;;;;;;;;;;;;;;;;;;;;;;;;;;;;;;;;;;;;;;
Fabian Merién;PSV;2526;NED-Eredivisie;NED;DF;16;2008;1;0;4;0,0;0;0;0;0;0;0;0;0;0,0;0,0;0,0;0,0;0,0;NED;DF;16;2008;0,0;0;0;0;;0,0;0,0;;;0;0;NED;DF;16;2008;1;4;4;0,1;0,0;0;;0;1;4;3;3,0;0;0;0;0,0;-1,65;NED;DF;16;2008;0,0;0;0;0;0;0;0;0;0;0;0;;;;;;;;;;;;;;;;;;;;;;;
Guus Til;PSV;2526;NED-Eredivisie;NED;MF,FW;27;1997;29;25;2239;24,9;14;4;18;14;0;0;2;0;0,56;0,16;0,72;0,56;0,72;NED;MF,FW;27;1997;24,9;14;61;28;45,9;2,45;1,13;0,23;0,5;0;0;NED;MF,FW;27;1997;29;2239;77;73,2;24,9;25;83;12;4;44;0;2,55;78;31;47;1,89;0,9;NED;MF,FW;27;1997;24,9;2;0;0;28;20;8;26;2;11;0;;;;;;;;;;;;;;;;;;;;;;;
Isaac Babadi;PSV;2526;NED-Eredivisie;;;;;;;;;;;;;;;;;;;;;;;;;;;;;;;;;;;;;NED;MF;20;2005;0;;;;;0;;0;0;;2;;;;;;;;;;;;;;;;;;;;;;;;;;;;;;;;;;;;;;;;;;;;
Ismael Saibari;PSV;2526;NED-Eredivisie;MAR;MF,FW;24;2001;27;26;2136;23,7;15;8;23;14;1;1;2;0;0,63;0,34;0,97;0,59;0,93;MAR;MF,FW;24;2001;23,7;15;92;38;41,3;3,88;1,6;0,16;0,39;1;1;MAR;MF,FW;24;2001;27;2136;79;69,8;23,7;26;81;14;1;20;0;2,52;69;32;37;1,56;-0,29;MAR;MF,FW;24;2001;23,7;2;0;0;27;21;9;20;7;20;0;;;;;;;;;;;;;;;;;;;;;;;
Ivan Perišić;PSV;2526;NED-Eredivisie;CRO;MF,FW;36;1989;30;27;2203;24,5;7;12;19;6;1;1;5;0;0,29;0,49;0,78;0,25;0,74;CRO;MF,FW;36;1989;24,5;7;53;19;35,8;2,17;0,78;0,13;0,37;1;1;CRO;MF,FW;36;1989;30;2203;73;72,0;24,5;27;79;8;3;28;1;2,47;76;30;46;1,88;0,83;CRO;MF,FW;36;1989;24,5;5;0;0;26;7;3;172;24;22;0;;;;;;;;;;;;;;;;;;;;;;;
Jerdy Schouten;PSV;2526;NED-Eredivisie;NED;DF,MF;28;1997;28;28;2373;26,4;1;2;3;1;0;0;4;1;0,04;0,08;0,11;0,04;0,11;NED;DF,MF;28;1997;26,4;1;19;6;31,6;0,72;0,23;0,05;0,17;0;0;NED;DF,MF;28;1997;28;2373;85;77,5;26,4;28;85;20;0;;0;2,43;72;33;39;1,48;-0,75;NED;DF,MF;28;1997;26,4;4;1;1;30;15;0;4;51;23;0;;;;;;;;;;;;;;;;;;;;;;;
Jim Koller;PSV;2526;NED-Eredivisie;NED;MF;18;2007;2;0;15;0,2;0;0;0;0;0;0;0;0;0,0;0,0;0,0;0,0;0,0;NED;MF;18;2007;0,2;0;0;0;;0,0;0,0;;;0;0;NED;MF;18;2007;2;15;8;0,5;0,2;0;;0;2;8;2;3,0;1;0;1;6,0;4,37;NED;MF;18;2007;0,2;0;0;0;1;1;0;0;0;0;0;;;;;;;;;;;;;;;;;;;;;;;
Joey Veerman;PSV;2526;NED-Eredivisie;NED;MF;26;1998;30;27;2364;26,3;8;14;22;8;0;0;4;0;0,3;0,53;0,84;0,3;0,84;NED;MF;26;1998;26,3;8;34;14;41,2;1,29;0,53;0,24;0,57;0;0;NED;MF;26;1998;30;2364;79;77,3;26,3;27;85;19;3;27;1;2,5;77;33;44;1,68;0,12;NED;MF;26;1998;26,3;4;0;0;17;14;0;191;27;37;0;;;;;;;;;;;;;;;;;;;;;;;
Jordy Bawuah;PSV;2526;NED-Eredivisie;BEL;MF;18;2006;1;0;11;0,1;0;0;0;0;0;0;0;0;0,0;0,0;0,0;0,0;0,0;BEL;MF;18;2006;0,1;0;1;1;100,0;8,18;8,18;0,0;0,0;0;0;BEL;MF;18;2006;1;11;11;0,4;0,1;0;;0;1;11;4;3,0;1;0;1;8,18;6,56;BEL;MF;18;2006;0,1;0;0;0;0;0;0;0;0;1;0;;;;;;;;;;;;;;;;;;;;;;;
Joël van den Berg;PSV;2526;NED-Eredivisie;NED;MF;18;2007;5;1;142;1,6;0;0;0;0;0;0;1;0;0,0;0,0;0,0;0,0;0,0;NED;MF;18;2007;1,6;0;2;1;50,0;1,27;0,63;0,0;0,0;0;0;NED;MF;18;2007;5;142;28;4,6;1,6;1;90;1;4;13;9;2,6;8;3;5;3,17;1,6;NED;MF;18;2007;1,6;1;0;0;1;0;0;1;3;4;0;;;;;;;;;;;;;;;;;;;;;;;
Kiliann Sildillia;PSV;2526;NED-Eredivisie;FRA;DF;23;2002;21;13;1270;14,1;2;3;5;2;0;0;2;0;0,14;0,21;0,35;0,14;0,35;FRA;DF;23;2002;14,1;2;14;5;35,7;0,99;0,35;0,14;0,4;0;0;FRA;DF;23;2002;21;1270;60;41,5;14,1;13;85;11;8;21;7;2,38;38;25;13;0,92;-1,24;FRA;DF;23;2002;14,1;2;0;0;25;4;1;38;9;21;0;;;;;;;;;;;;;;;;;;;;;;;
Matej Kovar;PSV;2526;NED-Eredivisie;CZE;GK;25;2000;31;31;2790;31,0;0;0;0;0;0;0;0;0;0,0;0,0;0,0;0,0;0,0;CZE;GK;25;2000;31,0;0;0;0;;0,0;0,0;;;0;0;CZE;GK;25;2000;31;2790;90;91,2;31,0;31;90;31;0;;1;2,52;92;41;51;1,65;-0,02;CZE;GK;25;2000;31,0;0;0;0;1;5;0;0;1;0;0;CZE;GK;25;2000;31;31;2790;31,0;41;1,32;126;85;67,5;25;3;3;7;22,6;4;3;0;1;0,0
Mauro Júnior;PSV;2526;NED-Eredivisie;BRA;DF,MF;26;1999;26;24;2078;23,1;1;9;10;1;0;0;2;0;0,04;0,39;0,43;0,04;0,43;BRA;DF,MF;26;1999;23,1;1;23;8;34,8;1,0;0,35;0,04;0,13;0;0;BRA;DF,MF;26;1999;26;2078;80;67,9;23,1;24;84;15;2;34;0;2,54;72;27;45;1,95;0,94;BRA;DF,MF;26;1999;23,1;2;0;0;16;15;1;32;36;41;0;;;;;;;;;;;;;;;;;;;;;;;
Myron Boadu;PSV;2526;NED-Eredivisie;NED;FW;24;2001;13;2;332;3,7;3;0;3;3;0;0;0;0;0,81;0,0;0,81;0,81;0,81;NED;FW;24;2001;3,7;3;13;6;46,2;3,52;1,63;0,23;0,5;0;0;NED;FW;24;2001;13;332;26;10,8;3,7;2;60;0;11;19;7;2,15;11;7;4;1,08;-0,63;NED;FW;24;2001;3,7;0;0;0;5;4;1;0;0;1;0;;;;;;;;;;;;;;;;;;;;;;;
Nick Olij;PSV;2526;NED-Eredivisie;NED;GK;29;1995;1;1;90;1,0;0;0;0;0;0;0;0;0;0,0;0,0;0,0;0,0;0,0;NED;GK;29;1995;1,0;0;0;0;;0,0;0,0;;;0;0;NED;GK;29;1995;1;90;90;2,9;1,0;1;90;1;0;;22;3,0;6;1;5;5,0;3,45;NED;GK;29;1995;1,0;0;0;0;0;0;0;0;0;0;0;NED;GK;29;1995;1;1;90;1,0;1;1,0;4;3;75,0;1;0;0;0;0,0;0;0;0;0;
Nicolas Verkooijen;PSV;2526;NED-Eredivisie;BEL;MF;18;2006;3;0;13;0,1;0;0;0;0;0;0;0;0;0,0;0,0;0,0;0,0;0,0;BEL;MF;18;2006;0,1;0;0;0;;0,0;0,0;;;0;0;BEL;MF;18;2006;3;13;4;0,4;0,1;0;;0;3;4;4;3,0;0;0;0;0,0;-1,65;BEL;MF;18;2006;0,1;0;0;0;0;0;1;0;0;0;0;;;;;;;;;;;;;;;;;;;;;;;
Niek Schiks;PSV;2526;NED-Eredivisie;NED;GK;21;2004;2;2;180;2,0;0;0;0;0;0;0;0;0;0,0;0,0;0,0;0,0;0,0;NED;GK;21;2004;2,0;0;0;0;;0,0;0,0;;;0;0;NED;GK;21;2004;2;180;90;5,9;2,0;2;90;2;0;;30;1,5;3;3;0;0,0;-1,75;NED;GK;21;2004;2,0;0;0;0;0;1;0;0;0;0;0;NED;GK;21;2004;2;2;180;2,0;3;1,5;8;5;62,5;1;0;1;0;0,0;0;0;0;0;
Noah Fernandez;PSV;2526;NED-Eredivisie;BEL;MF,DF;17;2008;10;4;372;4,1;1;0;1;1;0;0;2;0;0,24;0,0;0,24;0,24;0,24;BEL;MF,DF;17;2008;4,1;1;2;1;50,0;0,48;0,24;0,5;1,0;0;0;BEL;MF,DF;17;2008;10;372;37;12,2;4,1;4;69;0;6;16;13;2,3;12;5;7;1,69;0,05;BEL;MF,DF;17;2008;4,1;2;0;0;9;4;0;2;3;7;0;;;;;;;;;;;;;;;;;;;;;;;
Paul Wanner;PSV;2526;NED-Eredivisie;AUT;MF;19;2005;22;19;1637;18,2;3;3;6;3;0;0;5;0;0,16;0,16;0,33;0,16;0,33;AUT;MF;19;2005;18,2;3;33;14;42,4;1,81;0,77;0,09;0,21;0;0;AUT;MF;19;2005;22;1637;74;53,5;18,2;19;85;12;3;10;9;2,41;48;22;26;1,43;-0,47;AUT;MF;19;2005;18,2;5;0;0;22;21;0;25;3;29;0;;;;;;;;;;;;;;;;;;;;;;;
Ricardo Pepi;PSV;2526;NED-Eredivisie;USA;FW;22;2003;26;16;1412;15,7;16;1;17;14;2;2;1;0;1,02;0,06;1,08;0,89;0,96;USA;FW;22;2003;15,7;16;61;32;52,5;3,89;2,04;0,26;0,5;2;2;USA;FW;22;2003;26;1412;54;46,1;15,7;16;75;5;10;22;0;2,5;46;24;22;1,4;-0,45;USA;FW;22;2003;15,7;1;0;0;11;11;16;3;3;4;0;;;;;;;;;;;;;;;;;;;;;;;
Robin van Duiven;PSV;2526;NED-Eredivisie;;;;;;;;;;;;;;;;;;;;;;;;;;;;;;;;;;;;;NED;FW;19;2006;0;;;;;0;;0;0;;1;;;;;;;;;;;;;;;;;;;;;;;;;;;;;;;;;;;;;;;;;;;;
Ruben van Bommel;PSV;2526;NED-Eredivisie;NED;FW;20;2004;6;6;376;4,2;3;0;3;3;0;0;1;0;0,72;0,0;0,72;0,72;0,72;NED;FW;20;2004;4,2;3;8;6;75,0;1,91;1,44;0,38;0,5;0;0;NED;FW;20;2004;6;376;63;12,3;4,2;6;63;0;0;;0;2,17;17;7;10;2,39;0,85;NED;FW;20;2004;4,2;1;0;0;9;3;0;13;6;6;0;;;;;;;;;;;;;;;;;;;;;;;
Ryan Flamingo;PSV;2526;NED-Eredivisie;NED;DF;22;2002;33;15;1676;18,6;3;1;4;3;0;0;4;0;0,16;0,05;0,21;0,16;0,21;NED;DF;22;2002;18,6;3;18;6;33,3;0,97;0,32;0,17;0,5;0;0;NED;DF;22;2002;33;1676;51;54,8;18,6;15;89;13;18;19;1;2,45;57;28;29;1,56;-0,2;NED;DF;22;2002;18,6;4;0;0;22;10;0;3;23;18;0;;;;;;;;;;;;;;;;;;;;;;;
Sergiño Dest;PSV;2526;NED-Eredivisie;USA;DF;24;2000;27;26;2199;24,4;1;5;6;1;0;0;5;0;0,04;0,2;0,25;0,04;0,25;USA;DF;24;2000;24,4;1;14;5;35,7;0,57;0,2;0,07;0,2;0;0;USA;DF;24;2000;27;2199;81;71,9;24,4;26;83;19;1;31;0;2,56;75;31;44;1,8;0,55;USA;DF;24;2000;24,4;5;0;0;17;36;1;54;15;33;0;;;;;;;;;;;;;;;;;;;;;;;
Tay Abed;PSV;2526;NED-Eredivisie;;;;;;;;;;;;;;;;;;;;;;;;;;;;;;;;;;;;;ISR;MF;21;2004;0;;;;;0;;0;0;;1;;;;;;;;;;;;;;;;;;;;;;;;;;;;;;;;;;;;;;;;;;;;
Tijn Smolenaars;PSV;2526;NED-Eredivisie;;;;;;;;;;;;;;;;;;;;;;;;;;;;;;;;;;;;;NED;GK;20;2005;0;;;;;0;;0;0;;13;;;;;;;;;;;;;;;;;;;;;;;;;;;;;;;;;;;;;;;;;;;;
Tygo Land;PSV;2526;NED-Eredivisie;NED;MF;19;2006;1;0;9;0,1;0;0;0;0;0;0;0;0;0,0;0,0;0,0;0,0;0,0;NED;MF;19;2006;0,1;0;0;0;;0,0;0,0;;;0;0;NED;MF;19;2006;1;9;9;0,3;0,1;0;;0;1;9;2;3,0;0;0;0;0,0;-1,65;NED;MF;19;2006;0,1;0;0;0;0;0;0;0;0;0;0;;;;;;;;;;;;;;;;;;;;;;;
Wessel Kuhn;PSV;2526;NED-Eredivisie;;;;;;;;;;;;;;;;;;;;;;;;;;;;;;;;;;;;;NED;DF;18;2006;0;;;;;0;;0;0;;1;;;;;;;;;;;;;;;;;;;;;;;;;;;;;;;;;;;;;;;;;;;;
Yarek Gasiorowski;PSV;2526;NED-Eredivisie;ESP;DF;20;2005;28;25;2145;23,8;3;2;5;3;0;0;0;0;0,13;0,08;0,21;0,13;0,21;ESP;DF;20;2005;23,8;3;12;8;66,7;0,5;0,34;0,25;0,38;0;0;ESP;DF;20;2005;28;2145;77;70,1;23,8;25;82;20;3;32;6;2,64;75;28;47;1,97;1,09;ESP;DF;20;2005;23,8;0;0;0;16;9;1;0;39;19;0;;;;;;;;;;;;;;;;;;;;;;;
Alwande Roaldsøy;Sparta R.;2526;NED-Eredivisie;NOR;MF;21;2004;4;0;53;0,6;0;0;0;0;0;0;0;0;0,0;0,0;0,0;0,0;0,0;NOR;MF;21;2004;0,6;0;0;0;;0,0;0,0;;;0;0;NOR;MF;21;2004;4;53;13;1,7;0,6;0;;0;4;13;10;1,5;2;2;0;0,0;0,66;NOR;MF;21;2004;0,6;0;0;0;0;0;0;0;2;2;0;;;;;;;;;;;;;;;;;;;;;;;
Ayoni Santos;Sparta R.;2526;NED-Eredivisie;;MF;20;2005;26;18;1563;17,4;1;1;2;1;0;0;2;0;0,06;0,06;0,12;0,06;0,12;;MF;20;2005;17,4;1;21;7;33,3;1,21;0,4;0,05;0,14;0;0;;MF;20;2005;26;1563;60;51,1;17,4;18;77;4;8;22;4;1,27;18;27;-9;-0,52;0,26;;MF;20;2005;17,4;2;0;0;30;24;0;25;17;39;0;;;;;;;;;;;;;;;;;;;;;;;
Ayoub Oufkir;Sparta R.;2526;NED-Eredivisie;NED;MF;19;2006;16;6;707;7,9;1;2;3;1;0;0;2;0;0,13;0,25;0,38;0,13;0,38;NED;MF;19;2006;7,9;1;25;10;40,0;3,18;1,27;0,04;0,1;0;0;NED;MF;19;2006;16;707;44;23,1;7,9;6;70;0;10;29;1;1,44;13;7;6;0,76;1,83;NED;MF;19;2006;7,9;2;0;0;11;9;1;33;2;7;0;;;;;;;;;;;;;;;;;;;;;;;
Bruno Martins Indi;Sparta R.;2526;NED-Eredivisie;NED;DF;33;1992;27;26;2206;24,5;1;0;1;1;0;0;5;1;0,04;0,0;0,04;0,04;0,04;NED;DF;33;1992;24,5;1;9;6;66,7;0,37;0,24;0,11;0,17;0;0;NED;DF;33;1992;27;2206;82;72,1;24,5;26;84;19;1;10;2;1,37;30;42;-12;-0,49;0,56;NED;DF;33;1992;24,5;5;1;0;30;24;0;6;30;11;0;;;;;;;;;;;;;;;;;;;;;;;
Casper Terho;Sparta R.;2526;NED-Eredivisie;FIN;MF;22;2003;9;0;237;2,6;1;1;2;1;0;0;1;0;0,38;0,38;0,76;0,38;0,76;FIN;MF;22;2003;2,6;1;9;1;11,1;3,42;0,38;0,11;1,0;0;0;FIN;MF;22;2003;9;237;26;7,7;2,6;0;;0;9;26;4;0,33;4;13;-9;-3,42;-3,0;FIN;MF;22;2003;2,6;1;0;0;4;6;0;25;1;4;0;;;;;;;;;;;;;;;;;;;;;;;
Filip Bednarek;Sparta R.;2526;NED-Eredivisie;;;;;;;;;;;;;;;;;;;;;;;;;;;;;;;;;;;;;POL;GK;32;1992;0;;;;;0;;0;0;;34;;;;;;;;;;;;;;;;;;;;;;;;;;;;;;;;;;;;;;;;;;;;
Giannino Vianello;Sparta R.;2526;NED-Eredivisie;NED;DF;18;2007;5;3;312;3,5;0;0;0;0;0;0;0;0;0,0;0,0;0,0;0,0;0,0;NED;DF;18;2007;3,5;0;3;0;0,0;0,87;0,0;0,0;;0;0;NED;DF;18;2007;5;312;62;10,2;3,5;3;80;1;2;36;8;0,4;4;10;-6;-1,73;-1,21;NED;DF;18;2007;3,5;0;0;0;4;1;0;14;4;2;1;;;;;;;;;;;;;;;;;;;;;;;
Jelani Seedorf;Sparta R.;2526;NED-Eredivisie;;MF;;;1;0;2;0,0;0;0;0;0;0;0;0;0;0,0;0,0;0,0;0,0;0,0;;MF;;;0,0;0;0;0;;0,0;0,0;;;0;0;;MF;;;1;2;2;0,1;0,0;0;;0;1;2;2;0,0;0;0;0;0,0;0,65;;MF;;;0,0;0;0;0;0;0;0;0;0;0;0;;;;;;;;;;;;;;;;;;;;;;;
Jens Toornstra;Sparta R.;2526;NED-Eredivisie;NED;MF;36;1989;17;9;795;8,8;0;0;0;0;0;0;5;0;0,0;0,0;0,0;0,0;0,0;NED;MF;36;1989;8,8;0;11;2;18,2;1,25;0,23;0,0;0,0;0;0;NED;MF;36;1989;17;795;47;26,0;8,8;9;80;5;8;9;16;1,29;10;20;-10;-1,13;-0,66;NED;MF;36;1989;8,8;5;0;0;5;3;1;30;9;12;0;;;;;;;;;;;;;;;;;;;;;;;
Joel Drommel;Sparta R.;2526;NED-Eredivisie;NED;GK;28;1996;34;34;3060;34,0;0;0;0;0;0;0;1;0;0,0;0,0;0,0;0,0;0,0;NED;GK;28;1996;34,0;0;1;0;0,0;0,03;0,0;0,0;;0;0;NED;GK;28;1996;34;3060;90;100,0;34,0;34;90;34;0;;0;1,26;40;62;-22;-0,65;;NED;GK;28;1996;34,0;1;0;0;1;6;0;0;0;0;0;NED;GK;28;1996;34;34;3060;34,0;62;1,82;198;135;68,7;12;7;15;11;32,4;3;1;2;0;66,7
Jonathan de Guzmán;Sparta R.;2526;NED-Eredivisie;NED;MF;37;1987;6;1;101;1,1;0;0;0;0;0;0;0;0;0,0;0,0;0,0;0,0;0,0;NED;MF;37;1987;1,1;0;1;0;0,0;0,89;0,0;0,0;;0;0;NED;MF;37;1987;6;101;17;3,3;1,1;1;57;0;5;9;23;1,5;2;1;1;0,89;1,59;NED;MF;37;1987;1,1;0;0;0;1;1;0;4;1;3;0;;;;;;;;;;;;;;;;;;;;;;;
Joshua Kitolano;Sparta R.;2526;NED-Eredivisie;NOR;MF;23;2001;32;30;2623;29,1;5;2;7;5;0;0;3;0;0,17;0,07;0,24;0,17;0,24;NOR;MF;23;2001;29,1;5;28;11;39,3;0,96;0,38;0,18;0,45;0;0;NOR;MF;23;2001;32;2623;82;85,7;29,1;30;85;18;2;33;0;1,16;33;57;-24;-0,82;-1,24;NOR;MF;23;2001;29,1;3;0;0;28;52;2;12;21;29;1;;;;;;;;;;;;;;;;;;;;;;;
Joël Ideho;Sparta R.;2526;NED-Eredivisie;;;;;;;;;;;;;;;;;;;;;;;;;;;;;;;;;;;;;NED;MF;22;2003;0;;;;;0;;0;0;;1;;;;;;;;;;;;;;;;;;;;;;;;;;;;;;;;;;;;;;;;;;;;
Julian Baas;Sparta R.;2526;NED-Eredivisie;NED;MF;23;2002;23;14;1301;14,5;0;0;0;0;0;0;5;0;0,0;0,0;0,0;0,0;0,0;NED;MF;23;2002;14,5;0;17;5;29,4;1,18;0,35;0,0;0,0;0;0;NED;MF;23;2002;23;1301;57;42,5;14,5;14;78;8;9;23;10;1,48;24;24;0;0,0;1,13;NED;MF;23;2002;14,5;5;0;0;19;17;0;45;22;16;0;;;;;;;;;;;;;;;;;;;;;;;
Justice Esser;Sparta R.;2526;NED-Eredivisie;;;;;;;;;;;;;;;;;;;;;;;;;;;;;;;;;;;;;NED;DF;18;2007;0;;;;;0;;0;0;;1;;;;;;;;;;;;;;;;;;;;;;;;;;;;;;;;;;;;;;;;;;;;
Lance Duijvestijn;Sparta R.;2526;NED-Eredivisie;NED;MF;26;1999;13;6;697;7,7;0;0;0;0;0;0;2;0;0,0;0,0;0,0;0,0;0,0;NED;MF;26;1999;7,7;0;20;6;30,0;2,58;0,77;0,0;0,0;0;0;NED;MF;26;1999;13;697;54;22,8;7,7;6;87;3;7;25;1;1,31;6;11;-5;-0,65;0,0;NED;MF;26;1999;7,7;2;0;0;6;16;0;17;3;14;0;;;;;;;;;;;;;;;;;;;;;;;
Lushendry Martes;Sparta R.;2526;NED-Eredivisie;NED;DF;17;2008;13;12;936;10,4;0;0;0;0;0;0;5;0;0,0;0,0;0,0;0,0;0,0;NED;DF;17;2008;10,4;0;6;2;33,3;0,58;0,19;0,0;0,0;0;0;NED;DF;17;2008;13;936;72;30,6;10,4;12;74;4;1;45;5;1,69;15;14;1;0,1;1,07;NED;DF;17;2008;10,4;5;0;0;14;9;0;14;9;22;0;;;;;;;;;;;;;;;;;;;;;;;
Marvin Young;Sparta R.;2526;NED-Eredivisie;NED;DF;19;2005;33;33;2970;33,0;0;1;1;0;0;0;7;0;0,0;0,03;0,03;0,0;0,03;NED;DF;19;2005;33,0;0;10;1;10,0;0,3;0,03;0,0;0,0;0;0;NED;DF;19;2005;33;2970;90;97,1;33,0;33;90;33;0;;0;1,27;39;61;-22;-0,67;-0,67;NED;DF;19;2005;33,0;7;0;0;36;17;1;0;55;39;0;;;;;;;;;;;;;;;;;;;;;;;
Max de Ligt;Sparta R.;2526;NED-Eredivisie;;;;;;;;;;;;;;;;;;;;;;;;;;;;;;;;;;;;;NED;DF;21;2004;0;;;;;0;;0;0;;8;;;;;;;;;;;;;;;;;;;;;;;;;;;;;;;;;;;;;;;;;;;;
Mike Kleijn;Sparta R.;2526;NED-Eredivisie;NED;DF;20;2005;11;4;444;4,9;0;1;1;0;0;0;0;0;0,0;0,2;0,2;0,0;0,2;NED;DF;20;2005;4,9;0;1;1;100,0;0,2;0,2;0,0;0,0;0;0;NED;DF;20;2005;11;444;40;14,5;4,9;4;78;1;7;19;15;1,27;5;10;-5;-1,01;-0,43;NED;DF;20;2005;4,9;0;0;0;1;3;0;7;7;12;0;;;;;;;;;;;;;;;;;;;;;;;
Milan Zonneveld;Sparta R.;2526;NED-Eredivisie;NED;FW;21;2003;11;1;234;2,6;4;0;4;4;0;0;0;0;1,54;0,0;1,54;1,54;1,54;NED;FW;21;2003;2,6;4;11;8;72,7;4,23;3,08;0,36;0,5;0;0;NED;FW;21;2003;11;234;21;7,6;2,6;1;78;0;10;16;2;0,55;7;13;-6;-2,31;-1,8;NED;FW;21;2003;2,6;0;0;0;3;3;1;1;2;0;0;;;;;;;;;;;;;;;;;;;;;;;
Mitchell van Bergen;Sparta R.;2526;NED-Eredivisie;NED;MF,FW;25;1999;29;29;2326;25,8;3;4;7;3;0;0;1;0;0,12;0,15;0,27;0,12;0,27;NED;MF,FW;25;1999;25,8;3;62;21;33,9;2,4;0,81;0,05;0,14;0;0;NED;MF,FW;25;1999;29;2326;80;76,0;25,8;29;80;15;0;;0;1,28;26;38;-12;-0,46;0,76;NED;MF,FW;25;1999;25,8;1;0;0;6;11;7;187;7;6;0;;;;;;;;;;;;;;;;;;;;;;;
Nökkvi Þórisson;Sparta R.;2526;NED-Eredivisie;ISL;FW,MF;25;1999;10;0;66;0,7;0;0;0;0;0;0;0;0;0,0;0,0;0,0;0,0;0,0;ISL;FW,MF;25;1999;0,7;0;2;1;50,0;2,73;1,36;0,0;0,0;0;0;ISL;FW,MF;25;1999;10;66;7;2,2;0,7;0;;0;10;7;11;0,7;0;2;-2;-2,73;-2,13;ISL;FW,MF;25;1999;0,7;0;0;0;4;0;1;0;0;1;0;;;;;;;;;;;;;;;;;;;;;;;
Pascal Kuiper;Sparta R.;2526;NED-Eredivisie;;;;;;;;;;;;;;;;;;;;;;;;;;;;;;;;;;;;;NED;GK;21;2004;0;;;;;0;;0;0;;33;;;;;;;;;;;;;;;;;;;;;;;;;;;;;;;;;;;;;;;;;;;;
Patrick van Aanholt;Sparta R.;2526;NED-Eredivisie;NED;DF;34;1990;13;8;681;7,6;1;2;3;1;0;0;2;0;0,13;0,26;0,4;0,13;0,4;NED;DF;34;1990;7,6;1;10;3;30,0;1,32;0,4;0,1;0,33;0;0;NED;DF;34;1990;13;681;52;22,3;7,6;8;77;4;5;13;18;1,54;12;17;-5;-0,66;-0,02;NED;DF;34;1990;7,6;2;0;0;4;1;0;18;5;12;0;;;;;;;;;;;;;;;;;;;;;;;
Pelle Clement;Sparta R.;2526;NED-Eredivisie;NED;MF;29;1996;26;18;1606;17,8;2;3;5;2;0;0;2;0;0,11;0,17;0,28;0,11;0,28;NED;MF;29;1996;17,8;2;13;5;38,5;0,73;0,28;0,15;0,4;0;0;NED;MF;29;1996;26;1606;62;52,5;17,8;18;79;8;8;22;8;1,35;20;34;-14;-0,78;-0,29;NED;MF;29;1996;17,8;2;0;0;18;15;0;18;12;16;0;;;;;;;;;;;;;;;;;;;;;;;
Rik Suur;Sparta R.;2526;NED-Eredivisie;;;;;;;;;;;;;;;;;;;;;;;;;;;;;;;;;;;;;;GK;;;0;;;;;0;;0;0;;1;;;;;;;;;;;;;;;;;;;;;;;;;;;;;;;;;;;;;;;;;;;;
Sayfallah Ltaief;Sparta R.;2526;NED-Eredivisie;TUN;FW,MF;25;2000;9;7;506;5,6;1;0;1;1;0;0;0;0;0,18;0,0;0,18;0,18;0,18;TUN;FW,MF;25;2000;5,6;1;13;3;23,1;2,31;0,53;0,08;0,33;0;0;TUN;FW,MF;25;2000;9;506;56;16,5;5,6;7;69;0;2;12;7;1,67;6;15;-9;-1,6;-1,14;TUN;FW,MF;25;2000;5,6;0;0;0;5;8;2;2;1;5;0;;;;;;;;;;;;;;;;;;;;;;;
Saïd Bakari;Sparta R.;2526;NED-Eredivisie;COM;DF;30;1994;13;4;403;4,5;0;0;0;0;0;0;0;0;0,0;0,0;0,0;0,0;0,0;COM;DF;30;1994;4,5;0;0;0;;0,0;0,0;;;0;0;COM;DF;30;1994;13;403;31;13,2;4,5;4;79;3;9;10;16;1,15;6;13;-7;-1,56;-1,06;COM;DF;30;1994;4,5;0;0;0;2;3;0;7;9;5;1;;;;;;;;;;;;;;;;;;;;;;;
Shunsuke Mito;Sparta R.;2526;NED-Eredivisie;JPN;MF,FW;22;2002;25;23;1861;20,7;7;3;10;7;0;0;0;0;0,34;0,15;0,48;0,34;0,48;JPN;MF,FW;22;2002;20,7;7;52;18;34,6;2,51;0,87;0,13;0,39;0;0;JPN;MF,FW;22;2002;25;1861;74;60,8;20,7;23;79;9;2;22;0;1,2;21;34;-13;-0,63;0,05;JPN;MF,FW;22;2002;20,7;0;0;0;12;34;11;59;9;11;0;;;;;;;;;;;;;;;;;;;;;;;
Shurandy Sambo;Sparta R.;2526;NED-Eredivisie;CUW;DF;23;2001;25;18;1622;18,0;0;1;1;0;0;0;6;0;0,0;0,06;0,06;0,0;0,06;CUW;DF;23;2001;18,0;0;6;1;16,7;0,33;0,06;0,0;0,0;0;0;CUW;DF;23;2001;25;1622;65;53,0;18,0;18;80;8;7;27;5;1,36;16;30;-14;-0,78;-0,28;CUW;DF;23;2001;18,0;6;0;0;19;8;0;22;20;29;0;;;;;;;;;;;;;;;;;;;;;;;
Teo Quintero;Sparta R.;2526;NED-Eredivisie;VEN;DF;26;1999;31;27;2468;27,4;1;1;2;1;0;0;9;1;0,04;0,04;0,07;0,04;0,07;VEN;DF;26;1999;27,4;1;28;6;21,4;1,02;0,22;0,04;0,17;0;0;VEN;DF;26;1999;31;2468;80;80,7;27,4;27;89;23;4;15;1;1,35;31;43;-12;-0,44;1,08;VEN;DF;26;1999;27,4;9;1;1;35;18;1;35;40;36;0;;;;;;;;;;;;;;;;;;;;;;;
Tijs Velthuis;Sparta R.;2526;NED-Eredivisie;NED;DF;23;2002;3;0;12;0,1;0;0;0;0;0;0;0;0;0,0;0,0;0,0;0,0;0,0;NED;DF;23;2002;0,1;0;0;0;;0,0;0,0;;;0;0;NED;DF;23;2002;3;12;4;0,4;0,1;0;;0;3;4;18;2,33;0;0;0;0,0;0,65;NED;DF;23;2002;0,1;0;0;0;1;0;0;0;0;0;0;;;;;;;;;;;;;;;;;;;;;;;
Tobias Lauritsen;Sparta R.;2526;NED-Eredivisie;NOR;FW;27;1997;34;34;3039;33,8;12;5;17;9;3;3;4;0;0,36;0,15;0,5;0,27;0,41;NOR;FW;27;1997;33,8;12;72;27;37,5;2,13;0,8;0,17;0,44;3;3;NOR;FW;27;1997;34;3039;89;99,3;33,8;34;89;30;0;;0;1,26;40;62;-22;-0,65;-0,65;NOR;FW;27;1997;33,8;4;0;0;28;56;7;4;6;13;0;;;;;;;;;;;;;;;;;;;;;;;
Vito van Crooij;Sparta R.;2526;NED-Eredivisie;NED;MF;29;1996;10;9;747;8,3;0;1;1;0;0;0;3;0;0,0;0,12;0,12;0,0;0,12;NED;MF;29;1996;8,3;0;10;3;30,0;1,2;0,36;0,0;0,0;0;0;NED;MF;29;1996;10;747;75;24,4;8,3;9;80;6;1;27;0;0,9;9;18;-9;-1,08;-0,58;NED;MF;29;1996;8,3;3;0;0;8;6;0;51;2;5;0;;;;;;;;;;;;;;;;;;;;;;;
Younes Jaber el Maftahi;Sparta R.;2526;NED-Eredivisie;NED;MF;17;2007;1;0;34;0,4;0;0;0;0;0;0;0;0;0,0;0,0;0,0;0,0;0,0;NED;MF;17;2007;0,4;0;1;1;100,0;2,65;2,65;0,0;0,0;0;0;NED;MF;17;2007;1;34;34;1,1;0,4;0;;0;1;34;0;3,0;0;0;0;0,0;0,65;NED;MF;17;2007;0,4;0;0;0;0;0;1;0;0;1;0;;;;;;;;;;;;;;;;;;;;;;;
Abdelraffie Benzzine;Telstar;2526;NED-Eredivisie;;;;;;;;;;;;;;;;;;;;;;;;;;;;;;;;;;;;;;DF;;;0;;;;;0;;0;0;;3;;;;;;;;;;;;;;;;;;;;;;;;;;;;;;;;;;;;;;;;;;;;
Adil Lechkar;Telstar;2526;NED-Eredivisie;NED;MF;23;2001;16;1;276;3,1;0;2;2;0;0;0;2;0;0,0;0,65;0,65;0,0;0,65;NED;MF;23;2001;3,1;0;2;1;50,0;0,65;0,33;0,0;0,0;0;0;NED;MF;23;2001;16;276;17;9,0;3,1;1;58;0;15;15;8;0,94;6;7;-1;-0,33;-0,16;NED;MF;23;2001;3,1;2;0;0;10;6;1;20;5;8;0;;;;;;;;;;;;;;;;;;;;;;;
Amin Bouchouari;Telstar;2526;NED-Eredivisie;;;;;;;;;;;;;;;;;;;;;;;;;;;;;;;;;;;;;NED;DF;16;2008;0;;;;;0;;0;0;;4;;;;;;;;;;;;;;;;;;;;;;;;;;;;;;;;;;;;;;;;;;;;
Cedric Hatenboer;Telstar;2526;NED-Eredivisie;NED;MF;20;2005;15;15;1137;12,6;0;3;3;0;0;0;0;1;0,0;0,24;0,24;0,0;0,24;NED;MF;20;2005;12,6;0;16;3;18,8;1,27;0,24;0,0;0,0;0;0;NED;MF;20;2005;15;1137;76;37,2;12,6;15;76;4;0;;0;1,2;18;18;0;0,0;0,28;NED;MF;20;2005;12,6;0;1;0;13;12;0;22;11;17;0;;;;;;;;;;;;;;;;;;;;;;;
Daan Reiziger;Telstar;2526;NED-Eredivisie;NED;GK;24;2001;2;1;102;1,1;0;0;0;0;0;0;0;0;0,0;0,0;0,0;0,0;0,0;NED;GK;24;2001;1,1;0;0;0;;0,0;0,0;;;0;0;NED;GK;24;2001;2;102;51;3,3;1,1;1;90;1;1;12;32;0,5;1;2;-1;-0,88;-0,73;NED;GK;24;2001;1,1;0;0;0;0;1;0;0;0;0;0;NED;GK;24;2001;2;1;102;1,1;2;1,76;12;10;83,3;0;1;0;0;0,0;0;0;0;0;
Danny Bakker;Telstar;2526;NED-Eredivisie;NED;DF;30;1995;30;29;2636;29,3;4;1;5;4;0;1;0;0;0,14;0,03;0,17;0,14;0,17;NED;DF;30;1995;29,3;4;31;9;29,0;1,06;0,31;0,13;0,44;0;1;NED;DF;30;1995;30;2636;88;86,1;29,3;29;90;28;1;30;1;1,13;42;45;-3;-0,1;0,53;NED;DF;30;1995;29,3;0;0;0;32;26;2;10;28;27;0;;;;;;;;;;;;;;;;;;;;;;;
Devon Koswal;Telstar;2526;NED-Eredivisie;NED;DF;21;2003;25;18;1635;18,2;0;0;0;0;0;0;4;0;0,0;0,0;0,0;0,0;0,0;NED;DF;21;2003;18,2;0;3;0;0,0;0,17;0,0;0,0;;0;0;NED;DF;21;2003;25;1635;65;53,4;18,2;18;82;9;7;24;2;1,24;30;26;4;0,22;0,85;NED;DF;21;2003;18,2;4;0;0;13;20;1;9;8;16;0;;;;;;;;;;;;;;;;;;;;;;;
Dion Malone;Telstar;2526;NED-Eredivisie;SUR;DF,MF;36;1989;11;0;204;2,3;0;0;0;0;0;0;0;0;0,0;0,0;0,0;0,0;0,0;SUR;DF,MF;36;1989;2,3;0;0;0;;0,0;0,0;;;0;0;SUR;DF,MF;36;1989;11;204;19;6,7;2,3;0;;0;11;19;17;1,18;2;5;-3;-1,32;-1,23;SUR;DF,MF;36;1989;2,3;0;0;0;2;1;0;0;3;1;0;;;;;;;;;;;;;;;;;;;;;;;
Dylan Mertens;Telstar;2526;NED-Eredivisie;NED;MF;30;1995;20;4;485;5,4;0;0;0;0;0;0;2;0;0,0;0,0;0,0;0,0;0,0;NED;MF;30;1995;5,4;0;8;1;12,5;1,48;0,19;0,0;0,0;0;0;NED;MF;30;1995;20;485;24;15,8;5,4;4;63;0;16;15;7;1,05;4;16;-12;-2,23;-2,44;NED;MF;30;1995;5,4;2;0;0;12;8;3;12;3;10;0;;;;;;;;;;;;;;;;;;;;;;;
Finn Mulder;Telstar;2526;NED-Eredivisie;;;;;;;;;;;;;;;;;;;;;;;;;;;;;;;;;;;;;NED;GK;17;2008;0;;;;;0;;0;0;;4;;;;;;;;;;;;;;;;;;;;;;;;;;;;;;;;;;;;;;;;;;;;
Gerald Alders;Telstar;2526;NED-Eredivisie;NED;MF;20;2005;7;5;373;4,1;0;0;0;0;0;0;0;0;0,0;0,0;0,0;0,0;0,0;NED;MF;20;2005;4,1;0;0;0;;0,0;0,0;;;0;0;NED;MF;20;2005;7;373;53;12,2;4,1;5;64;0;2;27;1;1,57;6;5;1;0,24;0,48;NED;MF;20;2005;4,1;0;0;0;5;9;0;13;5;6;0;;;;;;;;;;;;;;;;;;;;;;;
Guus Offerhaus;Telstar;2526;NED-Eredivisie;NED;DF,MF;24;2001;33;33;2969;33,0;1;3;4;1;0;0;6;0;0,03;0,09;0,12;0,03;0,12;NED;DF,MF;24;2001;33,0;1;18;3;16,7;0,55;0,09;0,06;0,33;0;0;NED;DF,MF;24;2001;33;2969;90;97,0;33,0;33;90;32;0;;0;1,03;46;54;-8;-0,24;-2,22;NED;DF,MF;24;2001;33,0;6;0;0;35;7;0;102;31;21;0;;;;;;;;;;;;;;;;;;;;;;;
Jaylan van Schooneveld;Telstar;2526;NED-Eredivisie;;;;;;;;;;;;;;;;;;;;;;;;;;;;;;;;;;;;;NED;DF;20;2005;0;;;;;0;;0;0;;5;;;;;;;;;;;;;;;;;;;;;;;;;;;;;;;;;;;;;;;;;;;;
Jeff Hardeveld;Telstar;2526;NED-Eredivisie;NED;MF,DF;30;1995;34;34;2975;33,1;6;7;13;6;0;0;1;0;0,18;0,21;0,39;0,18;0,39;NED;MF,DF;30;1995;33,1;6;27;13;48,1;0,82;0,39;0,22;0,46;0;0;NED;MF,DF;30;1995;34;2975;88;97,2;33,1;34;88;30;0;;0;1,09;48;53;-5;-0,15;0,91;NED;MF,DF;30;1995;33,1;1;0;0;30;10;4;168;35;49;0;;;;;;;;;;;;;;;;;;;;;;;
Jelani Seedorf;Telstar;2526;NED-Eredivisie;;MF;;;12;0;180;2,0;1;0;1;1;0;0;1;0;0,5;0,0;0,5;0,5;0,5;;MF;;;2,0;1;8;5;62,5;4,0;2,5;0,13;0,2;0;0;;MF;;;12;180;15;5,9;2,0;0;;0;12;15;1;1,5;4;5;-1;-0,5;-0,34;;MF;;;2,0;1;0;0;3;2;0;1;0;3;0;;;;;;;;;;;;;;;;;;;;;;;
Jochem van de Kamp;Telstar;2526;NED-Eredivisie;NED;MF,FW;21;2003;28;23;2037;22,6;7;1;8;7;0;0;4;0;0,31;0,04;0,35;0,31;0,35;NED;MF,FW;21;2003;22,6;7;22;12;54,5;0,97;0,53;0,32;0,58;0;0;NED;MF,FW;21;2003;28;2037;73;66,6;22,6;23;83;11;5;26;1;1,07;34;38;-4;-0,18;0,0;NED;MF,FW;21;2003;22,6;4;0;0;19;27;3;45;25;23;0;;;;;;;;;;;;;;;;;;;;;;;
Kay Tejan;Telstar;2526;NED-Eredivisie;NED;FW,MF;28;1997;28;6;807;9,0;3;1;4;3;0;0;4;0;0,33;0,11;0,45;0,33;0,45;NED;FW,MF;28;1997;9,0;3;26;14;53,8;2,9;1,56;0,12;0,21;0;0;NED;FW,MF;28;1997;28;807;29;26,4;9,0;6;69;1;22;18;1;1,14;14;24;-10;-1,12;-1,28;NED;FW,MF;28;1997;9,0;4;0;0;31;5;9;11;3;7;1;;;;;;;;;;;;;;;;;;;;;;;
Milan Zonneveld;Telstar;2526;NED-Eredivisie;NED;FW;21;2003;20;8;856;9,5;2;2;4;2;0;0;1;0;0,21;0,21;0,42;0,21;0,42;NED;FW;21;2003;9,5;2;31;12;38,7;3,26;1,26;0,06;0,17;0;0;NED;FW;21;2003;20;856;43;28,0;9,5;8;74;1;12;22;0;0,75;11;17;-6;-0,63;-0,63;NED;FW;21;2003;9,5;1;0;0;6;13;3;0;0;0;0;;;;;;;;;;;;;;;;;;;;;;;
Mo Hamdaoui;Telstar;2526;NED-Eredivisie;NED;FW,MF;32;1993;7;0;76;0,8;0;0;0;0;0;0;0;1;0,0;0,0;0,0;0,0;0,0;NED;FW,MF;32;1993;0,8;0;6;0;0,0;7,11;0,0;0,0;;0;0;NED;FW,MF;32;1993;7;76;11;2,5;0,8;0;;0;7;11;6;0,71;1;1;0;0,0;0,18;NED;FW,MF;32;1993;0,8;0;1;0;1;3;0;6;0;1;0;;;;;;;;;;;;;;;;;;;;;;;
Neville Ogidi Nwankwo;Telstar;2526;NED-Eredivisie;NED;DF;22;2002;28;26;2158;24,0;0;1;1;0;0;0;3;0;0,0;0,04;0,04;0,0;0,04;NED;DF;22;2002;24,0;0;11;2;18,2;0,46;0,08;0,0;0,0;0;0;NED;DF;22;2002;28;2158;77;70,5;24,0;26;82;19;2;15;0;1,11;37;37;0;0,0;0,6;NED;DF;22;2002;24,0;3;0;0;26;10;2;5;35;25;0;;;;;;;;;;;;;;;;;;;;;;;
Nigel Nwankwo;Telstar;2526;NED-Eredivisie;NED;DF;26;1998;4;0;65;0,7;0;0;0;0;0;0;0;0;0,0;0,0;0,0;0,0;0,0;NED;DF;26;1998;0,7;0;1;0;0,0;1,38;0,0;0,0;;0;0;NED;DF;26;1998;4;65;16;2,1;0,7;0;;0;4;16;18;0,25;1;1;0;0,0;0,18;NED;DF;26;1998;0,7;0;0;0;0;0;0;7;0;0;0;;;;;;;;;;;;;;;;;;;;;;;
Nils Rossen;Telstar;2526;NED-Eredivisie;NED;MF;19;2005;28;26;2327;25,9;3;1;4;3;0;0;0;0;0,12;0,04;0,15;0,12;0,15;NED;MF;19;2005;25,9;3;9;4;44,4;0,35;0,15;0,33;0,75;0;0;NED;MF;19;2005;28;2327;83;76,0;25,9;26;88;18;2;20;1;0,96;32;41;-9;-0,35;-0,72;NED;MF;19;2005;25,9;0;0;0;22;27;1;2;27;18;0;;;;;;;;;;;;;;;;;;;;;;;
Nökkvi Þórisson;Telstar;2526;NED-Eredivisie;ISL;FW;25;1999;7;7;386;4,3;1;1;2;1;0;0;0;0;0,23;0,23;0,47;0,23;0,47;ISL;FW;25;1999;4,3;1;14;7;50,0;3,26;1,63;0,07;0,14;0;0;ISL;FW;25;1999;7;386;55;12,6;4,3;7;55;0;0;;1;1,14;7;3;4;0,93;1,27;ISL;FW;25;1999;4,3;0;0;0;10;4;7;2;0;0;0;;;;;;;;;;;;;;;;;;;;;;;
Patrick Brouwer;Telstar;2526;NED-Eredivisie;NED;MF;24;2001;30;28;2281;25,3;7;6;13;7;0;0;2;0;0,28;0,24;0,51;0,28;0,51;NED;MF;24;2001;25,3;7;51;22;43,1;2,01;0,87;0,14;0,32;0;0;NED;MF;24;2001;30;2281;76;74,5;25,3;28;80;9;2;21;1;1,17;42;38;4;0,16;1,31;NED;MF;24;2001;25,3;2;0;0;25;32;12;33;13;27;0;;;;;;;;;;;;;;;;;;;;;;;
Rayyan Koubini;Telstar;2526;NED-Eredivisie;;;;;;;;;;;;;;;;;;;;;;;;;;;;;;;;;;;;;;MF;;;0;;;;;0;;0;0;;2;;;;;;;;;;;;;;;;;;;;;;;;;;;;;;;;;;;;;;;;;;;;
Remi van Ekeris;Telstar;2526;NED-Eredivisie;NED;MF;22;2002;1;0;5;0,1;0;0;0;0;0;0;0;0;0,0;0,0;0,0;0,0;0,0;NED;MF;22;2002;0,1;0;0;0;;0,0;0,0;;;0;0;NED;MF;22;2002;1;5;5;0,2;0,1;0;;0;1;5;3;0,0;0;0;0;0,0;0,18;NED;MF;22;2002;0,1;0;0;0;0;0;0;1;0;0;0;;;;;;;;;;;;;;;;;;;;;;;
Rojendro Oudsten;Telstar;2526;NED-Eredivisie;SUR;FW;17;2007;8;0;119;1,3;0;0;0;0;0;0;1;0;0,0;0,0;0,0;0,0;0,0;SUR;FW;17;2007;1,3;0;2;1;50,0;1,51;0,76;0,0;0,0;0;0;SUR;FW;17;2007;8;119;15;3,9;1,3;0;;0;8;15;19;1,5;2;3;-1;-0,76;-0,6;SUR;FW;17;2007;1,3;1;0;0;1;0;0;1;1;7;0;;;;;;;;;;;;;;;;;;;;;;;
Ronald Koeman Jr.;Telstar;2526;NED-Eredivisie;NED;GK;30;1995;33;33;2958;32,9;1;0;1;0;1;1;3;0;0,03;0,0;0,03;0,0;0,0;NED;GK;30;1995;32,9;1;1;1;100,0;0,03;0,03;1,0;1,0;1;1;NED;GK;30;1995;33;2958;90;96,7;32,9;33;90;32;0;;0;1,09;48;53;-5;-0,15;0,73;NED;GK;30;1995;32,9;3;0;0;0;5;0;0;0;1;0;NED;GK;30;1995;33;33;2958;32,9;53;1,61;196;143;73,0;9;9;15;5;15,2;4;3;0;1;0,0
Sebastiaan Hagedoorn;Telstar;2526;NED-Eredivisie;NED;FW;20;2004;8;0;85;0,9;0;0;0;0;0;0;0;0;0,0;0,0;0,0;0,0;0,0;NED;FW;20;2004;0,9;0;8;6;75,0;8,47;6,35;0,0;0,0;0;0;NED;FW;20;2004;8;85;11;2,8;0,9;0;;0;8;11;5;0,13;0;3;-3;-3,18;-3,09;NED;FW;20;2004;0,9;0;0;0;2;1;1;0;0;1;0;;;;;;;;;;;;;;;;;;;;;;;
Sem van Duijn;Telstar;2526;NED-Eredivisie;NED;FW,MF;21;2004;14;12;1005;11,2;5;2;7;5;0;0;1;0;0,45;0,18;0,63;0,45;0,63;NED;FW,MF;21;2004;11,2;5;23;9;39,1;2,06;0,81;0,22;0,56;0;0;NED;FW,MF;21;2004;14;1005;72;32,8;11,2;12;78;3;2;37;0;1,5;23;17;6;0,54;1,06;NED;FW,MF;21;2004;11,2;1;0;0;16;3;0;10;4;8;0;;;;;;;;;;;;;;;;;;;;;;;
Soufiane Hetli;Telstar;2526;NED-Eredivisie;NED;FW,MF;24;2001;31;19;1613;17,9;3;1;4;3;0;1;2;0;0,17;0,06;0,22;0,17;0,22;NED;FW,MF;24;2001;17,9;3;53;14;26,4;2,96;0,78;0,06;0,21;0;1;NED;FW,MF;24;2001;31;1613;52;52,7;17,9;19;70;1;12;24;1;1,0;20;26;-6;-0,33;-0,33;NED;FW,MF;24;2001;17,9;2;0;0;19;37;8;15;5;20;0;;;;;;;;;;;;;;;;;;;;;;;
Tyrese Noslin;Telstar;2526;NED-Eredivisie;CUW;MF;22;2002;34;26;2293;25,5;2;3;5;2;0;0;5;0;0,08;0,12;0,2;0,08;0,2;CUW;MF;22;2002;25,5;2;39;17;43,6;1,53;0,67;0,05;0,12;0;0;CUW;MF;22;2002;34;2293;67;74,9;25,5;26;79;7;8;32;0;1,09;34;40;-6;-0,24;-0,24;CUW;MF;22;2002;25,5;5;0;0;35;48;5;69;35;44;0;;;;;;;;;;;;;;;;;;;;;;;
Tyrick Bodak;Telstar;2526;NED-Eredivisie;;;;;;;;;;;;;;;;;;;;;;;;;;;;;;;;;;;;;CUW;GK;23;2002;0;;;;;0;;0;0;;31;;;;;;;;;;;;;;;;;;;;;;;;;;;;;;;;;;;;;;;;;;;;
Tyrone Owusu;Telstar;2526;NED-Eredivisie;NED;MF;26;1999;22;20;1578;17,5;2;1;3;2;0;0;2;0;0,11;0,06;0,17;0,11;0,17;NED;MF;26;1999;17,5;2;24;10;41,7;1,37;0,57;0,08;0,2;0;0;NED;MF;26;1999;22;1578;72;51,6;17,5;20;78;8;2;14;1;1,14;24;25;-1;-0,06;0,25;NED;MF;26;1999;17,5;2;0;0;16;18;2;8;16;16;0;;;;;;;;;;;;;;;;;;;;;;;
Yamano Olfers;Telstar;2526;NED-Eredivisie;;;;;;;;;;;;;;;;;;;;;;;;;;;;;;;;;;;;;SUR;DF;18;2006;0;;;;;0;;0;0;;1;;;;;;;;;;;;;;;;;;;;;;;;;;;;;;;;;;;;;;;;;;;;
Alec Van Hoorenbeeck;Twente;2526;NED-Eredivisie;;;;;;;;;;;;;;;;;;;;;;;;;;;;;;;;;;;;;BEL;DF;26;1998;0;;;;;0;;0;0;;4;;;;;;;;;;;;;;;;;;;;;;;;;;;;;;;;;;;;;;;;;;;;
Arno Verschueren;Twente;2526;NED-Eredivisie;BEL;MF;28;1997;30;3;580;6,4;0;2;2;0;0;0;1;0;0,0;0,31;0,31;0,0;0,31;BEL;MF;28;1997;6,4;0;15;7;46,7;2,33;1,09;0,0;0,0;0;0;BEL;MF;28;1997;30;580;19;19,0;6,4;3;62;0;27;15;4;1,67;7;11;-4;-0,62;-1,46;BEL;MF;28;1997;6,4;1;0;0;18;3;2;9;6;7;1;;;;;;;;;;;;;;;;;;;;;;;
Bart van Rooij;Twente;2526;NED-Eredivisie;NED;DF;24;2001;33;33;2923;32,5;3;5;8;3;0;0;5;1;0,09;0,15;0,25;0,09;0,25;NED;DF;24;2001;32,5;3;37;9;24,3;1,14;0,28;0,08;0,33;0;0;NED;DF;24;2001;33;2923;89;95,5;32,5;33;89;28;0;;0;1,73;59;39;20;0,62;1,27;NED;DF;24;2001;32,5;5;1;0;28;35;2;75;20;68;0;;;;;;;;;;;;;;;;;;;;;;;
Bas Kuipers;Twente;2526;NED-Eredivisie;NED;DF;30;1994;7;0;120;1,3;0;0;0;0;0;0;0;0;0,0;0,0;0,0;0,0;0,0;NED;DF;30;1994;1,3;0;4;2;50,0;3,0;1,5;0,0;0,0;0;0;NED;DF;30;1994;7;120;17;3,9;1,3;0;;0;7;17;10;1,86;4;4;0;0,0;-0,58;NED;DF;30;1994;1,3;0;0;0;0;2;0;5;2;3;0;;;;;;;;;;;;;;;;;;;;;;;
Benjamin Nagel;Twente;2526;NED-Eredivisie;;;;;;;;;;;;;;;;;;;;;;;;;;;;;;;;;;;;;NED;MF;17;2007;0;;;;;0;;0;0;;2;;;;;;;;;;;;;;;;;;;;;;;;;;;;;;;;;;;;;;;;;;;;
Björn Titulaer;Twente;2526;NED-Eredivisie;;;;;;;;;;;;;;;;;;;;;;;;;;;;;;;;;;;;;NED;DF;16;2008;0;;;;;0;;0;0;;5;;;;;;;;;;;;;;;;;;;;;;;;;;;;;;;;;;;;;;;;;;;;
Daan Rots;Twente;2526;NED-Eredivisie;NED;MF,FW;24;2001;33;28;2359;26,2;9;4;13;9;0;0;5;0;0,34;0,15;0,5;0,34;0,5;NED;MF,FW;24;2001;26,2;9;66;30;45,5;2,52;1,14;0,14;0,3;0;0;NED;MF,FW;24;2001;33;2359;71;77,1;26,2;28;79;12;5;29;0;1,67;44;28;16;0,61;0,23;NED;MF,FW;24;2001;26,2;5;0;0;28;47;5;101;11;28;0;;;;;;;;;;;;;;;;;;;;;;;
Daouda Weidmann;Twente;2526;NED-Eredivisie;CIV;MF;22;2003;16;5;457;5,1;0;1;1;0;0;0;1;0;0,0;0,2;0,2;0,0;0,2;CIV;MF;22;2003;5,1;0;10;4;40,0;1,97;0,79;0,0;0,0;0;0;CIV;MF;22;2003;16;457;29;14,9;5,1;5;64;0;11;13;6;1,88;11;9;2;0,39;-0,19;CIV;MF;22;2003;5,1;1;0;0;3;4;1;18;8;11;0;;;;;;;;;;;;;;;;;;;;;;;
Gijs Besselink;Twente;2526;NED-Eredivisie;;;;;;;;;;;;;;;;;;;;;;;;;;;;;;;;;;;;;NED;MF;21;2004;0;;;;;0;;0;0;;1;;;;;;;;;;;;;;;;;;;;;;;;;;;;;;;;;;;;;;;;;;;;
Guilherme Peixoto;Twente;2526;NED-Eredivisie;POR;DF;19;2006;1;0;8;0,1;0;0;0;0;0;0;1;0;0,0;0,0;0,0;0,0;0,0;POR;DF;19;2006;0,1;0;0;0;;0,0;0,0;;;0;0;POR;DF;19;2006;1;8;8;0,3;0,1;0;;0;1;8;33;3,0;0;0;0;0,0;-0,56;POR;DF;19;2006;0,1;1;0;0;1;0;0;0;0;0;0;;;;;;;;;;;;;;;;;;;;;;;
Kristian Nökkvi Hlynsson;Twente;2526;NED-Eredivisie;ISL;MF;21;2004;33;31;2547;28,3;10;4;14;10;0;0;2;1;0,35;0,14;0,49;0,35;0,49;ISL;MF;21;2004;28,3;10;88;36;40,9;3,11;1,27;0,11;0,28;0;0;ISL;MF;21;2004;33;2547;77;83,2;28,3;31;80;5;2;34;0;1,73;50;33;17;0,6;0,25;ISL;MF;21;2004;28,3;2;1;1;30;37;3;28;11;21;0;;;;;;;;;;;;;;;;;;;;;;;
Lars Unnerstall;Twente;2526;NED-Eredivisie;GER;GK;35;1990;31;31;2790;31,0;0;0;0;0;0;0;0;0;0,0;0,0;0,0;0,0;0,0;GER;GK;35;1990;31,0;0;0;0;;0,0;0,0;;;0;0;GER;GK;35;1990;31;2790;90;91,2;31,0;31;90;31;0;;0;1,74;54;35;19;0,61;0,61;GER;GK;35;1990;31,0;0;0;0;0;4;0;0;0;0;0;GER;GK;35;1990;31;31;2790;31,0;35;1,13;113;77;69,0;14;12;5;6;19,4;2;1;0;1;0,0
Lucas Vennegoor of Hesselink;Twente;2526;NED-Eredivisie;NED;FW;19;2006;5;0;65;0,7;0;0;0;0;0;0;0;0;0,0;0,0;0,0;0,0;0,0;NED;FW;19;2006;0,7;0;6;0;0,0;8,31;0,0;0,0;;0;0;NED;FW;19;2006;5;65;13;2,1;0,7;0;;0;5;13;23;0,2;0;1;-1;-1,38;-1,99;NED;FW;19;2006;0,7;0;0;0;3;0;0;2;0;0;0;;;;;;;;;;;;;;;;;;;;;;;
Marko Pjaca;Twente;2526;NED-Eredivisie;CRO;MF,FW;30;1995;27;7;925;10,3;2;1;3;2;0;0;1;0;0,19;0,1;0,29;0,19;0,29;CRO;MF,FW;30;1995;10,3;2;25;12;48,0;2,43;1,17;0,08;0,17;0;0;CRO;MF,FW;30;1995;27;925;34;30,2;10,3;7;63;0;20;24;3;1,78;21;11;10;0,97;0,59;CRO;MF,FW;30;1995;10,3;1;0;0;7;14;0;29;9;6;0;;;;;;;;;;;;;;;;;;;;;;;
Mathias Kjølø;Twente;2526;NED-Eredivisie;NOR;MF;24;2001;19;3;533;5,9;0;0;0;0;0;0;0;0;0,0;0,0;0,0;0,0;0,0;NOR;MF;24;2001;5,9;0;5;3;60,0;0,84;0,51;0,0;0,0;0;0;NOR;MF;24;2001;19;533;28;17,4;5,9;3;90;3;16;16;5;1,95;3;10;-7;-1,18;-2,11;NOR;MF;24;2001;5,9;0;0;0;6;2;0;6;6;5;0;;;;;;;;;;;;;;;;;;;;;;;
Mats Rots;Twente;2526;NED-Eredivisie;NED;DF;19;2006;34;34;2949;32,8;4;4;8;4;0;0;4;0;0,12;0,12;0,24;0,12;0,24;NED;DF;19;2006;32,8;4;37;12;32,4;1,13;0,37;0,11;0,33;0;0;NED;DF;19;2006;34;2949;87;96,4;32,8;34;87;28;0;;0;1,71;55;36;19;0,58;0,58;NED;DF;19;2006;32,8;4;0;0;27;28;3;82;39;52;0;;;;;;;;;;;;;;;;;;;;;;;
Max Bruns;Twente;2526;NED-Eredivisie;NED;DF;22;2002;13;8;800;8,9;1;0;1;1;0;0;0;0;0,11;0,0;0,11;0,11;0,11;NED;DF;22;2002;8,9;1;3;1;33,3;0,34;0,11;0,33;1,0;0;0;NED;DF;22;2002;13;800;62;26,1;8,9;8;90;8;5;16;12;1,85;14;11;3;0,34;-0,3;NED;DF;22;2002;8,9;0;0;0;5;4;0;5;8;8;1;;;;;;;;;;;;;;;;;;;;;;;
Mitchell van Bergen;Twente;2526;NED-Eredivisie;NED;MF;25;1999;1;1;61;0,7;0;0;0;0;0;0;0;0;0,0;0,0;0,0;0,0;0,0;NED;MF;25;1999;0,7;0;3;0;0,0;4,43;0,0;0,0;;0;0;NED;MF;25;1999;1;61;61;2,0;0,7;1;61;0;0;;0;0,0;0;1;-1;-1,48;-2,08;NED;MF;25;1999;0,7;0;0;0;0;1;0;4;0;0;0;;;;;;;;;;;;;;;;;;;;;;;
Naci Ünüvar;Twente;2526;NED-Eredivisie;NED;FW,MF;22;2003;8;0;190;2,1;2;0;2;2;0;0;2;0;0,95;0,0;0,95;0,95;0,95;NED;FW,MF;22;2003;2,1;2;7;3;42,9;3,32;1,42;0,29;0,67;0;0;NED;FW,MF;22;2003;8;190;24;6,2;2,1;0;;0;8;24;7;1,25;3;3;0;0,0;-0,6;NED;FW,MF;22;2003;2,1;2;0;0;9;3;1;14;0;2;0;;;;;;;;;;;;;;;;;;;;;;;
Nigel Groenewald;Twente;2526;NED-Eredivisie;NED;FW;18;2007;1;0;9;0,1;0;0;0;0;0;0;0;0;0,0;0,0;0,0;0,0;0,0;NED;FW;18;2007;0,1;0;0;0;;0,0;0,0;;;0;0;NED;FW;18;2007;1;9;9;0,3;0,1;0;;0;1;9;0;3,0;1;0;1;10,0;9,47;NED;FW;18;2007;0,1;0;0;0;1;0;0;0;0;1;0;;;;;;;;;;;;;;;;;;;;;;;
Owen Panneflek;Twente;2526;NED-Eredivisie;;;;;;;;;;;;;;;;;;;;;;;;;;;;;;;;;;;;;NED;FW;18;2006;0;;;;;0;;0;0;;2;;;;;;;;;;;;;;;;;;;;;;;;;;;;;;;;;;;;;;;;;;;;
Przemysław Tytoń;Twente;2526;NED-Eredivisie;POL;GK;38;1987;3;3;270;3,0;0;0;0;0;0;0;0;0;0,0;0,0;0,0;0,0;0,0;POL;GK;38;1987;3,0;0;0;0;;0,0;0,0;;;0;0;POL;GK;38;1987;3;270;90;8,8;3,0;3;90;3;0;;31;1,33;5;5;0;0,0;-0,61;POL;GK;38;1987;3,0;0;0;0;0;0;0;0;0;0;0;POL;GK;38;1987;3;3;270;3,0;5;1,67;10;5;50,0;1;1;1;2;66,7;1;1;0;0;0,0
Ramiz Zerrouki;Twente;2526;NED-Eredivisie;ALG;MF;27;1998;32;32;2655;29,5;3;1;4;3;0;0;2;1;0,1;0,03;0,14;0,1;0,14;ALG;MF;27;1998;29,5;3;33;8;24,2;1,12;0,27;0,09;0,38;0;0;ALG;MF;27;1998;32;2655;83;86,8;29,5;32;83;20;0;;0;1,75;55;34;21;0,71;1,16;ALG;MF;27;1998;29,5;2;1;0;41;21;0;81;38;41;0;;;;;;;;;;;;;;;;;;;;;;;
Ricky van Wolfswinkel;Twente;2526;NED-Eredivisie;NED;FW;36;1989;31;18;1733;19,3;8;0;8;2;6;6;4;0;0,42;0,0;0,42;0,1;0,1;NED;FW;36;1989;19,3;8;43;20;46,5;2,23;1,04;0,19;0,4;6;6;NED;FW;36;1989;31;1733;56;56,6;19,3;18;84;11;13;17;0;1,65;28;26;2;0,1;-1,05;NED;FW;36;1989;19,3;4;0;0;41;28;5;9;10;16;0;;;;;;;;;;;;;;;;;;;;;;;
Robin Pröpper;Twente;2526;NED-Eredivisie;NED;DF;31;1993;28;20;1721;19,1;0;0;0;0;0;0;5;0;0,0;0,0;0,0;0,0;0,0;NED;DF;31;1993;19,1;0;22;5;22,7;1,15;0,26;0,0;0,0;0;0;NED;DF;31;1993;28;1721;61;56,2;19,1;20;82;17;8;11;1;1,64;31;23;8;0,42;-0,32;NED;DF;31;1993;19,1;5;0;0;26;16;0;6;20;19;0;;;;;;;;;;;;;;;;;;;;;;;
Ruud Nijstad;Twente;2526;NED-Eredivisie;NED;DF;17;2008;21;18;1671;18,6;1;1;2;1;0;0;0;0;0,05;0,05;0,11;0,05;0,11;NED;DF;17;2008;18,6;1;11;5;45,5;0,59;0,27;0,09;0,2;0;0;NED;DF;17;2008;21;1671;80;54,6;18,6;18;84;11;3;56;9;1,71;34;25;9;0,48;-0,16;NED;DF;17;2008;18,6;0;0;0;4;3;0;1;14;13;0;;;;;;;;;;;;;;;;;;;;;;;
Sam Karssies;Twente;2526;NED-Eredivisie;;;;;;;;;;;;;;;;;;;;;;;;;;;;;;;;;;;;;NED;GK;22;2003;0;;;;;0;;0;0;;33;;;;;;;;;;;;;;;;;;;;;;;;;;;;;;;;;;;;;;;;;;;;
Sam Lammers;Twente;2526;NED-Eredivisie;NED;FW;28;1997;25;17;1545;17,2;6;7;13;4;2;2;0;0;0,35;0,41;0,76;0,23;0,64;NED;FW;28;1997;17,2;6;55;25;45,5;3,2;1,46;0,11;0,24;2;2;NED;FW;28;1997;25;1545;62;50,5;17,2;17;83;8;8;16;1;1,68;34;19;15;0,87;0,64;NED;FW;28;1997;17,2;0;0;0;18;22;3;4;1;8;0;;;;;;;;;;;;;;;;;;;;;;;
Sondre Ørjasæter;Twente;2526;NED-Eredivisie;NOR;MF,FW;21;2003;30;28;2130;23,7;3;6;9;3;0;0;2;0;0,13;0,25;0,38;0,13;0,38;NOR;MF,FW;21;2003;23,7;3;62;20;32,3;2,62;0,85;0,05;0,15;0;0;NOR;MF,FW;21;2003;30;2130;71;69,6;23,7;28;75;3;2;17;1;1,83;46;25;21;0,89;1,08;NOR;MF,FW;21;2003;23,7;2;0;0;11;18;4;73;5;10;0;;;;;;;;;;;;;;;;;;;;;;;
Stav Lemkin;Twente;2526;NED-Eredivisie;ISR;DF;22;2003;25;23;2041;22,7;0;1;1;0;0;0;3;0;0,0;0,04;0,04;0,0;0,04;ISR;DF;22;2003;22,7;0;7;0;0,0;0,31;0,0;0,0;;0;0;ISR;DF;22;2003;25;2041;82;66,7;22,7;23;87;21;2;16;5;1,76;38;23;15;0,66;0,31;ISR;DF;22;2003;22,7;3;0;0;19;9;0;3;17;15;0;;;;;;;;;;;;;;;;;;;;;;;
Taylor Booth;Twente;2526;NED-Eredivisie;USA;MF;24;2001;10;4;364;4,0;0;0;0;0;0;0;1;0;0,0;0,0;0,0;0,0;0,0;USA;MF;24;2001;4,0;0;9;2;22,2;2,23;0,49;0,0;0,0;0;0;USA;MF;24;2001;10;364;36;11,9;4,0;4;70;1;6;14;9;1,5;5;5;0;0,0;-0,63;USA;MF;24;2001;4,0;1;0;0;10;4;0;25;1;10;0;;;;;;;;;;;;;;;;;;;;;;;
Thomas van den Belt;Twente;2526;NED-Eredivisie;NED;MF;24;2001;32;27;2178;24,2;5;1;6;5;0;0;5;0;0,21;0,04;0,25;0,21;0,25;NED;MF;24;2001;24,2;5;56;18;32,1;2,31;0,74;0,09;0,28;0;0;NED;MF;24;2001;32;2178;68;71,2;24,2;27;76;6;5;26;1;1,72;47;22;25;1,03;1,65;NED;MF;24;2001;24,2;5;0;0;26;15;2;9;28;28;0;;;;;;;;;;;;;;;;;;;;;;;
Yannick Gerritsen;Twente;2526;NED-Eredivisie;;;;;;;;;;;;;;;;;;;;;;;;;;;;;;;;;;;;;NED;GK;19;2006;0;;;;;0;;0;0;;4;;;;;;;;;;;;;;;;;;;;;;;;;;;;;;;;;;;;;;;;;;;;
Adrian Blake;Utrecht;2526;NED-Eredivisie;ENG;MF,FW;20;2005;23;10;975;10,8;2;2;4;2;0;0;2;0;0,18;0,18;0,37;0,18;0,37;ENG;MF,FW;20;2005;10,8;2;36;13;36,1;3,32;1,2;0,06;0,15;0;0;ENG;MF,FW;20;2005;23;975;42;31,9;10,8;10;71;2;13;20;10;1,64;20;16;4;0,37;-0,02;ENG;MF,FW;20;2005;10,8;2;0;0;7;12;2;21;2;4;0;;;;;;;;;;;;;;;;;;;;;;;
Alonzo Engwanda;Utrecht;2526;NED-Eredivisie;BEL;MF;22;2003;34;34;2918;32,4;0;1;1;0;0;0;4;0;0,0;0,03;0,03;0,0;0,03;BEL;MF;22;2003;32,4;0;9;1;11,1;0,28;0,03;0,0;0,0;0;0;BEL;MF;22;2003;34;2918;86;95,4;32,4;34;86;26;0;;0;1,6;50;40;10;0,31;-1,59;BEL;MF;22;2003;32,4;4;0;0;28;17;0;12;56;63;0;;;;;;;;;;;;;;;;;;;;;;;
Artem Stepanov;Utrecht;2526;NED-Eredivisie;UKR;FW;17;2007;13;11;807;9,0;4;1;5;3;1;1;0;0;0,45;0,11;0,56;0,33;0,45;UKR;FW;17;2007;9,0;4;27;9;33,3;3,01;1,0;0,15;0,44;1;1;UKR;FW;17;2007;13;807;62;26,4;9,0;11;69;0;2;26;1;1,87;15;7;8;0,89;0,69;UKR;FW;17;2007;9,0;0;0;0;18;5;6;7;1;4;0;;;;;;;;;;;;;;;;;;;;;;;
Can Bozdogan;Utrecht;2526;NED-Eredivisie;GER;MF;24;2001;18;4;424;4,7;1;0;1;1;0;0;0;0;0,21;0,0;0,21;0,21;0,21;GER;MF;24;2001;4,7;1;13;6;46,2;2,76;1,27;0,08;0,17;0;0;GER;MF;24;2001;18;424;24;13,9;4,7;4;65;1;14;12;15;1,22;5;7;-2;-0,42;-0,94;GER;MF;24;2001;4,7;0;0;0;6;11;1;8;4;7;0;;;;;;;;;;;;;;;;;;;;;;;
Dani de Wit;Utrecht;2526;NED-Eredivisie;NED;MF,FW;27;1998;27;24;2146;23,8;7;3;10;7;0;0;7;0;0,29;0,13;0,42;0,29;0,42;NED;MF,FW;27;1998;23,8;7;33;15;45,5;1,38;0,63;0,21;0,47;0;0;NED;MF,FW;27;1998;27;2146;79;70,1;23,8;24;87;17;3;22;0;1,72;35;26;9;0,38;-0,02;NED;MF,FW;27;1998;23,8;7;0;0;48;33;6;4;19;28;0;;;;;;;;;;;;;;;;;;;;;;;
Dave Van Den Berg;Utrecht;2526;NED-Eredivisie;NED;MF;25;2000;5;2;142;1,6;1;0;1;1;0;0;0;0;0,63;0,0;0,63;0,63;0,63;NED;MF;25;2000;1,6;1;1;1;100,0;0,63;0,63;1,0;1,0;0;0;NED;MF;25;2000;5;142;28;4,6;1,6;2;50;0;3;14;7;1,8;2;2;0;0,0;-0,4;NED;MF;25;2000;1,6;0;0;0;0;3;0;1;2;1;0;;;;;;;;;;;;;;;;;;;;;;;
David Min;Utrecht;2526;NED-Eredivisie;NED;FW,MF;26;1999;23;7;893;9,9;4;1;5;4;0;0;1;0;0,4;0,1;0,5;0,4;0,5;NED;FW,MF;26;1999;9,9;4;24;7;29,2;2,42;0,71;0,17;0,57;0;0;NED;FW,MF;26;1999;23;893;39;29,2;9,9;7;80;3;16;21;2;1,78;26;16;10;1,01;0,88;NED;FW,MF;26;1999;9,9;1;0;0;17;11;0;0;3;2;0;;;;;;;;;;;;;;;;;;;;;;;
Derry Murkin;Utrecht;2526;NED-Eredivisie;ENG;DF,MF;26;1999;9;4;353;3,9;2;3;5;2;0;0;1;0;0,51;0,76;1,27;0,51;1,27;ENG;DF,MF;26;1999;3,9;2;2;2;100,0;0,51;0,51;1,0;1,0;0;0;ENG;DF,MF;26;1999;9;353;39;11,5;3,9;4;70;2;5;15;9;1,33;9;6;3;0,76;0,43;ENG;DF,MF;26;1999;3,9;1;0;0;8;3;0;10;1;0;0;;;;;;;;;;;;;;;;;;;;;;;
Emeka Adiele;Utrecht;2526;NED-Eredivisie;;MF;;;2;0;46;0,5;0;0;0;0;0;0;0;0;0,0;0,0;0,0;0,0;0,0;;MF;;;0,5;0;0;0;;0,0;0,0;;;0;0;;MF;;;2;46;23;1,5;0,5;0;;0;2;23;10;1,5;1;3;-2;-3,91;-4,36;;MF;;;0,5;0;0;0;1;2;0;0;2;0;0;;;;;;;;;;;;;;;;;;;;;;;
Emirhan Demircan;Utrecht;2526;NED-Eredivisie;TUR;FW;20;2005;6;0;98;1,1;0;0;0;0;0;0;0;0;0,0;0,0;0,0;0,0;0,0;TUR;FW;20;2005;1,1;0;3;0;0,0;2,76;0,0;0,0;;0;0;TUR;FW;20;2005;6;98;16;3,2;1,1;0;;0;6;16;11;1,0;1;0;1;0,92;0,55;TUR;FW;20;2005;1,1;0;0;0;1;4;0;1;1;2;0;;;;;;;;;;;;;;;;;;;;;;;
Gjivai Zechiël;Utrecht;2526;NED-Eredivisie;NED;MF;21;2004;34;32;2798;31,1;8;7;15;8;0;0;4;0;0,26;0,23;0,48;0,26;0,48;NED;MF;21;2004;31,1;8;63;26;41,3;2,03;0,84;0,13;0,31;0;0;NED;MF;21;2004;34;2798;82;91,4;31,1;32;85;17;2;37;0;1,58;51;35;16;0,51;1,55;NED;MF;21;2004;31,1;4;0;0;21;34;6;23;40;21;0;;;;;;;;;;;;;;;;;;;;;;;
Jaygo van Ommeren;Utrecht;2526;NED-Eredivisie;NED;MF;17;2008;2;0;41;0,5;0;0;0;0;0;0;0;0;0,0;0,0;0,0;0,0;0,0;NED;MF;17;2008;0,5;0;1;0;0,0;2,2;0,0;0,0;;0;0;NED;MF;17;2008;2;41;21;1,3;0,5;0;;0;2;21;11;1,5;1;1;0;0,0;-0,39;NED;MF;17;2008;0,5;0;0;0;0;1;0;0;0;1;0;;;;;;;;;;;;;;;;;;;;;;;
Jesper Karlsson;Utrecht;2526;NED-Eredivisie;SWE;MF,FW;27;1998;16;5;537;6,0;4;1;5;4;0;0;2;0;0,67;0,17;0,84;0,67;0,84;SWE;MF,FW;27;1998;6,0;4;20;9;45,0;3,35;1,51;0,2;0,44;0;0;SWE;MF,FW;27;1998;16;537;34;17,5;6,0;5;62;0;11;20;0;1,89;8;7;1;0,17;-0,26;SWE;MF,FW;27;1998;6,0;2;0;0;5;7;4;31;1;2;0;;;;;;;;;;;;;;;;;;;;;;;
Justin Eversen;Utrecht;2526;NED-Eredivisie;;;;;;;;;;;;;;;;;;;;;;;;;;;;;;;;;;;;;NED;GK;19;2006;0;;;;;0;;0;0;;2;;;;;;;;;;;;;;;;;;;;;;;;;;;;;;;;;;;;;;;;;;;;
Kevin Gadellaa;Utrecht;2526;NED-Eredivisie;;;;;;;;;;;;;;;;;;;;;;;;;;;;;;;;;;;;;NED;GK;22;2003;0;;;;;0;;0;0;;27;;;;;;;;;;;;;;;;;;;;;;;;;;;;;;;;;;;;;;;;;;;;
Kolbeinn Finnsson;Utrecht;2526;NED-Eredivisie;;;;;;;;;;;;;;;;;;;;;;;;;;;;;;;;;;;;;ISL;DF,MF;25;1999;0;;;;;0;;0;0;;19;;;;;;;;;;;;;;;;;;;;;;;;;;;;;;;;;;;;;;;;;;;;
Matisse Didden;Utrecht;2526;NED-Eredivisie;BEL;DF;23;2001;24;21;1888;21,0;2;0;2;2;0;0;5;1;0,1;0,0;0,1;0,1;0,1;BEL;DF;23;2001;21,0;2;12;5;41,7;0,57;0,24;0,17;0,4;0;0;BEL;DF;23;2001;24;1888;79;61,7;21,0;21;87;19;3;22;6;1,5;37;24;13;0,62;0,62;BEL;DF;23;2001;21,0;5;1;1;26;8;1;3;26;15;0;;;;;;;;;;;;;;;;;;;;;;;
Mees Eppink;Utrecht;2526;NED-Eredivisie;;;;;;;;;;;;;;;;;;;;;;;;;;;;;;;;;;;;;NED;GK;19;2006;0;;;;;0;;0;0;;8;;;;;;;;;;;;;;;;;;;;;;;;;;;;;;;;;;;;;;;;;;;;
Michael Brouwer;Utrecht;2526;NED-Eredivisie;NED;GK;32;1993;2;1;135;1,5;0;0;0;0;0;0;0;0;0,0;0,0;0,0;0,0;0,0;NED;GK;32;1993;1,5;0;0;0;;0,0;0,0;;;0;0;NED;GK;32;1993;2;135;68;4,4;1,5;1;90;1;1;45;27;0,0;1;3;-2;-1,33;-1,79;NED;GK;32;1993;1,5;0;0;0;0;0;0;0;0;0;0;NED;GK;32;1993;2;1;135;1,5;3;2,0;7;4;57,1;0;0;1;0;0,0;1;1;0;0;0,0
Miguel Rodríguez;Utrecht;2526;NED-Eredivisie;ESP;MF,FW;22;2003;24;15;1348;15,0;3;0;3;3;0;0;4;1;0,2;0,0;0,2;0,2;0,2;ESP;MF,FW;22;2003;15,0;3;45;15;33,3;3,0;1,0;0,07;0,2;0;0;ESP;MF,FW;22;2003;24;1348;56;44,1;15,0;15;75;5;9;25;1;1,29;25;15;10;0,67;0,51;ESP;MF,FW;22;2003;15,0;4;1;1;19;37;1;34;14;14;0;;;;;;;;;;;;;;;;;;;;;;;
Mike Eerdhuijzen;Utrecht;2526;NED-Eredivisie;NED;DF;25;2000;9;6;333;3,7;0;0;0;0;0;0;1;0;0,0;0,0;0,0;0,0;0,0;NED;DF;25;2000;3,7;0;2;1;50,0;0,54;0,27;0,0;0,0;0;0;NED;DF;25;2000;9;333;37;10,9;3,7;6;53;1;3;4;12;1,82;3;6;-3;-0,81;-1,34;NED;DF;25;2000;3,7;1;0;0;1;0;0;0;3;3;0;;;;;;;;;;;;;;;;;;;;;;;
Mike van der Hoorn;Utrecht;2526;NED-Eredivisie;NED;DF;32;1992;29;26;2200;24,4;2;0;2;2;0;0;1;0;0,08;0,0;0,08;0,08;0,08;NED;DF;32;1992;24,4;2;13;5;38,5;0,53;0,2;0,15;0,4;0;0;NED;DF;32;1992;29;2200;76;71,9;24,4;26;84;20;3;6;2;1,61;40;28;12;0,49;0,39;NED;DF;32;1992;24,4;1;0;0;30;19;1;1;23;15;0;;;;;;;;;;;;;;;;;;;;;;;
Miliano Jonathans;Utrecht;2526;NED-Eredivisie;IDN;MF;21;2004;7;2;273;3,0;0;1;1;0;0;0;0;0;0,0;0,33;0,33;0,0;0,33;IDN;MF;21;2004;3,0;0;7;1;14,3;2,31;0,33;0,0;0,0;0;0;IDN;MF;21;2004;7;273;39;8,9;3,0;2;64;0;5;29;10;1,0;4;10;-6;-1,98;-2,59;IDN;MF;21;2004;3,0;0;0;0;1;2;0;7;0;2;0;;;;;;;;;;;;;;;;;;;;;;;
Neal Viereck;Utrecht;2526;NED-Eredivisie;;;;;;;;;;;;;;;;;;;;;;;;;;;;;;;;;;;;;NED;DF;21;2004;0;;;;;0;;0;0;;12;;;;;;;;;;;;;;;;;;;;;;;;;;;;;;;;;;;;;;;;;;;;
Nick Viergever;Utrecht;2526;NED-Eredivisie;NED;DF;35;1989;25;17;1750;19,4;0;0;0;0;0;0;3;0;0,0;0,0;0,0;0,0;0,0;NED;DF;35;1989;19,4;0;9;1;11,1;0,46;0,05;0,0;0,0;0;0;NED;DF;35;1989;25;1750;70;57,2;19,4;17;87;12;8;33;5;1,59;30;22;8;0,41;0,07;NED;DF;35;1989;19,4;3;0;0;16;2;0;5;21;15;0;;;;;;;;;;;;;;;;;;;;;;;
Niklas Vesterlund;Utrecht;2526;NED-Eredivisie;DEN;DF,MF;26;1999;18;15;1250;13,9;1;1;2;1;0;0;2;0;0,07;0,07;0,14;0,07;0,14;DEN;DF,MF;26;1999;13,9;1;10;4;40,0;0,72;0,29;0,1;0,25;0;0;DEN;DF,MF;26;1999;18;1250;69;40,8;13,9;15;80;9;3;15;9;1,65;25;18;7;0,5;0,21;DEN;DF,MF;26;1999;13,9;2;0;0;5;6;0;11;6;15;0;;;;;;;;;;;;;;;;;;;;;;;
Noah Ohio;Utrecht;2526;NED-Eredivisie;NED;FW;22;2003;2;0;41;0,5;0;0;0;0;0;0;0;0;0,0;0,0;0,0;0,0;0,0;NED;FW;22;2003;0,5;0;0;0;;0,0;0,0;;;0;0;NED;FW;22;2003;2;41;21;1,3;0,5;0;;0;2;21;1;2,0;0;1;-1;-2,2;-2,61;NED;FW;22;2003;0,5;0;0;0;0;0;0;0;0;0;0;;;;;;;;;;;;;;;;;;;;;;;
Oualid Agougil;Utrecht;2526;NED-Eredivisie;NED;MF;19;2005;6;0;105;1,2;0;0;0;0;0;0;1;0;0,0;0,0;0,0;0,0;0,0;NED;MF;19;2005;1,2;0;0;0;;0,0;0,0;;;0;0;NED;MF;19;2005;6;105;18;3,4;1,2;0;;0;6;18;3;1,33;1;1;0;0,0;-0,4;NED;MF;19;2005;1,2;1;0;0;3;1;0;0;0;0;0;;;;;;;;;;;;;;;;;;;;;;;
Per Kloosterboer;Utrecht;2526;NED-Eredivisie;;;;;;;;;;;;;;;;;;;;;;;;;;;;;;;;;;;;;NED;DF;20;2005;0;;;;;0;;0;0;;3;;;;;;;;;;;;;;;;;;;;;;;;;;;;;;;;;;;;;;;;;;;;
Rafik el Arguioui;Utrecht;2526;NED-Eredivisie;NED;MF;20;2005;1;0;9;0,1;0;0;0;0;0;0;0;0;0,0;0,0;0,0;0,0;0,0;NED;MF;20;2005;0,1;0;0;0;;0,0;0,0;;;0;0;NED;MF;20;2005;1;9;9;0,3;0,1;0;;0;1;9;5;2,0;0;0;0;0,0;-0,38;NED;MF;20;2005;0,1;0;0;0;0;0;0;0;0;0;0;;;;;;;;;;;;;;;;;;;;;;;
Siebe Horemans;Utrecht;2526;NED-Eredivisie;BEL;DF;27;1998;27;19;1728;19,2;0;1;1;0;0;0;1;0;0,0;0,05;0,05;0,0;0,05;BEL;DF;27;1998;19,2;0;13;2;15,4;0,68;0,1;0,0;0,0;0;0;BEL;DF;27;1998;27;1728;64;56,5;19,2;19;85;16;8;13;1;1,48;32;29;3;0,16;-0,52;BEL;DF;27;1998;19,2;1;0;0;11;4;0;56;27;18;0;;;;;;;;;;;;;;;;;;;;;;;
Souffian El Karouani;Utrecht;2526;NED-Eredivisie;MAR;DF;24;2000;32;32;2833;31,5;2;11;13;2;0;0;3;0;0,06;0,35;0,41;0,06;0,41;MAR;DF;24;2000;31,5;2;47;16;34,0;1,49;0,51;0,04;0,13;0;0;MAR;DF;24;2000;32;2833;89;92,6;31,5;32;89;29;0;;0;1,62;51;36;15;0,48;1,27;MAR;DF;24;2000;31,5;3;0;0;46;43;2;313;30;56;0;;;;;;;;;;;;;;;;;;;;;;;
Sébastien Haller;Utrecht;2526;NED-Eredivisie;CIV;FW;31;1994;21;10;956;10,6;1;3;4;1;0;0;1;0;0,09;0,28;0,38;0,09;0,38;CIV;FW;31;1994;10,6;1;23;10;43,5;2,17;0,94;0,04;0,1;0;0;CIV;FW;31;1994;21;956;46;31,2;10,6;10;72;2;11;21;2;1,7;16;13;3;0,28;-0,15;CIV;FW;31;1994;10,6;1;0;0;15;22;4;0;6;3;0;;;;;;;;;;;;;;;;;;;;;;;
Vasilios Barkas;Utrecht;2526;NED-Eredivisie;GRE;GK;31;1994;33;33;2925;32,5;0;0;0;0;0;0;1;0;0,0;0,0;0,0;0,0;0,0;GRE;GK;31;1994;32,5;0;0;0;;0,0;0,0;;;0;0;GRE;GK;31;1994;33;2925;89;95,6;32,5;33;89;32;0;;0;1,63;54;39;15;0,46;1,79;GRE;GK;31;1994;32,5;1;0;0;0;4;0;0;0;1;0;GRE;GK;31;1994;33;33;2925;32,5;39;1,2;149;110;73,8;15;8;10;9;27,3;2;0;1;1;100,0
Victor Jensen;Utrecht;2526;NED-Eredivisie;DEN;MF,FW;25;2000;8;7;537;6,0;5;0;5;5;0;0;1;0;0,84;0,0;0,84;0,84;0,84;DEN;MF,FW;25;2000;6,0;5;14;8;57,1;2,35;1,34;0,36;0,63;0;0;DEN;MF,FW;25;2000;8;537;67;17,5;6,0;7;76;3;1;5;1;1,13;12;7;5;0,84;0,55;DEN;MF,FW;25;2000;6,0;1;0;0;6;10;1;1;4;7;0;;;;;;;;;;;;;;;;;;;;;;;
Viggo Plantinga;Utrecht;2526;NED-Eredivisie;;;;;;;;;;;;;;;;;;;;;;;;;;;;;;;;;;;;;;DF;;;0;;;;;0;;0;0;;2;;;;;;;;;;;;;;;;;;;;;;;;;;;;;;;;;;;;;;;;;;;;
Yoann Cathline;Utrecht;2526;NED-Eredivisie;FRA;MF,FW;23;2002;26;21;1884;20,9;3;4;7;3;0;0;4;0;0,14;0,19;0,33;0,14;0,33;FRA;MF,FW;23;2002;20,9;3;59;16;27,1;2,82;0,76;0,05;0,19;0;0;FRA;MF,FW;23;2002;26;1884;72;61,6;20,9;21;83;8;5;30;0;1,68;31;21;10;0,48;0,25;FRA;MF,FW;23;2002;20,9;4;0;0;19;40;2;65;12;19;0;;;;;;;;;;;;;;;;;;;;;;;
Zidane Iqbal;Utrecht;2526;NED-Eredivisie;IRQ;MF;22;2003;5;3;254;2,8;0;0;0;0;0;0;1;0;0,0;0,0;0,0;0,0;0,0;IRQ;MF;22;2003;2,8;0;0;0;;0,0;0,0;;;0;0;IRQ;MF;22;2003;5;254;51;8,3;2,8;3;62;0;2;34;4;0,8;3;6;-3;-1,06;-1,58;IRQ;MF;22;2003;2,8;1;0;0;2;4;0;0;3;3;0;;;;;;;;;;;;;;;;;;;;;;;
Ángel Alarcón;Utrecht;2526;NED-Eredivisie;ESP;MF,FW;21;2004;13;13;960;10,7;3;3;6;3;0;0;0;0;0,28;0,28;0,56;0,28;0,56;ESP;MF,FW;21;2004;10,7;3;32;14;43,8;3,0;1,31;0,09;0,21;0;0;ESP;MF,FW;21;2004;13;960;74;31,4;10,7;13;74;1;0;;0;1,79;16;13;3;0,28;-0,15;ESP;MF,FW;21;2004;10,7;0;0;0;3;11;0;49;2;5;0;;;;;;;;;;;;;;;;;;;;;;;
Aaron Meijers;Volendam;2526;NED-Eredivisie;NED;DF;37;1987;12;5;499;5,5;0;0;0;0;0;0;0;0;0,0;0,0;0,0;0,0;0,0;NED;DF;37;1987;5,5;0;3;1;33,3;0,54;0,18;0,0;0,0;0;0;NED;DF;37;1987;12;499;42;16,3;5,5;5;74;3;7;19;21;1,17;5;8;-3;-0,54;0,06;NED;DF;37;1987;5,5;0;0;0;5;7;0;10;0;5;0;;;;;;;;;;;;;;;;;;;;;;;
Alex Plat;Volendam;2526;NED-Eredivisie;NED;MF;27;1998;17;6;590;6,6;0;0;0;0;0;0;2;0;0,0;0,0;0,0;0,0;0,0;NED;MF;27;1998;6,6;0;3;0;0,0;0,46;0,0;0,0;;0;0;NED;MF;27;1998;17;590;35;19,3;6,6;6;56;0;11;23;17;1,24;6;14;-8;-1,22;-0,78;NED;MF;27;1998;6,6;2;0;0;7;10;0;4;13;5;0;;;;;;;;;;;;;;;;;;;;;;;
Anthony Descotte;Volendam;2526;NED-Eredivisie;BEL;MF,FW;21;2003;14;9;881;9,8;4;1;5;4;0;0;2;0;0,41;0,1;0,51;0,41;0,51;BEL;MF,FW;21;2003;9,8;4;26;17;65,4;2,66;1,74;0,15;0,24;0;0;BEL;MF,FW;21;2003;14;881;63;28,8;9,8;9;81;5;5;30;1;0,79;11;14;-3;-0,31;0,4;BEL;MF,FW;21;2003;9,8;2;0;0;10;9;1;4;0;5;0;;;;;;;;;;;;;;;;;;;;;;;
Arouna Kabba;Volendam;2526;NED-Eredivisie;;;;;;;;;;;;;;;;;;;;;;;;;;;;;;;;;;;;;NED;GK;20;2005;0;;;;;0;;0;0;;2;;;;;;;;;;;;;;;;;;;;;;;;;;;;;;;;;;;;;;;;;;;;
Aurelio Oehlers;Volendam;2526;NED-Eredivisie;NED;MF,FW;21;2004;33;18;1538;17,1;4;0;4;4;0;0;1;0;0,23;0,0;0,23;0,23;0,23;NED;MF,FW;21;2004;17,1;4;18;10;55,6;1,05;0,59;0,22;0,4;0;0;NED;MF,FW;21;2004;33;1538;47;50,3;17,1;18;64;2;15;26;1;0,88;17;34;-17;-0,99;-0,82;NED;MF,FW;21;2004;17,1;1;0;0;6;18;4;73;5;12;0;;;;;;;;;;;;;;;;;;;;;;;
Benjamin Pauwels;Volendam;2526;NED-Eredivisie;BEL;FW,MF;20;2004;8;5;394;4,4;1;0;1;1;0;0;0;0;0,23;0,0;0,23;0,23;0,23;BEL;FW,MF;20;2004;4,4;1;17;6;35,3;3,88;1,37;0,06;0,17;0;0;BEL;FW,MF;20;2004;8;394;49;12,9;4,4;5;61;0;3;30;1;1,38;3;3;0;0,0;0,68;BEL;FW,MF;20;2004;4,4;0;0;0;2;7;0;14;2;3;0;;;;;;;;;;;;;;;;;;;;;;;
Bilal Ould-Chikh;Volendam;2526;NED-Eredivisie;MAR;MF,FW;28;1997;12;11;888;9,9;0;1;1;0;0;0;0;0;0,0;0,1;0,1;0,0;0,1;MAR;MF,FW;28;1997;9,9;0;13;4;30,8;1,32;0,41;0,0;0,0;0;0;MAR;MF,FW;28;1997;12;888;74;29,0;9,9;11;77;3;1;37;0;1,17;10;12;-2;-0,2;0,54;MAR;MF,FW;28;1997;9,9;0;0;0;6;19;1;69;3;4;0;;;;;;;;;;;;;;;;;;;;;;;
Brandley Kuwas;Volendam;2526;NED-Eredivisie;CUW;MF,FW;32;1992;32;23;2019;22,4;5;4;9;3;2;2;4;0;0,22;0,18;0,4;0,13;0,31;CUW;MF,FW;32;1992;22,4;5;40;14;35,0;1,78;0,62;0,13;0,36;2;2;CUW;MF,FW;32;1992;32;2019;63;66,0;22,4;23;77;8;9;27;0;1,0;21;32;-11;-0,49;0,29;CUW;MF,FW;32;1992;22,4;4;0;0;17;45;8;44;4;12;0;;;;;;;;;;;;;;;;;;;;;;;
Dave Kwakman;Volendam;2526;NED-Eredivisie;NED;MF;20;2004;10;9;724;8,0;0;4;4;0;0;0;1;0;0,0;0,5;0,5;0,0;0,5;NED;MF;20;2004;8,0;0;11;2;18,2;1,37;0,25;0,0;0,0;0;0;NED;MF;20;2004;10;724;72;23,7;8,0;9;79;6;1;10;0;1,3;10;14;-4;-0,5;0,12;NED;MF;20;2004;8,0;1;0;0;14;18;0;1;11;19;0;;;;;;;;;;;;;;;;;;;;;;;
Deron Payne;Volendam;2526;NED-Eredivisie;TRI;DF;22;2002;15;11;931;10,3;0;0;0;0;0;0;1;0;0,0;0,0;0,0;0,0;0,0;TRI;DF;22;2002;10,3;0;3;0;0,0;0,29;0,0;0,0;;0;0;TRI;DF;22;2002;15;931;62;30,4;10,3;11;77;5;4;22;16;0,87;11;20;-9;-0,87;-0,41;TRI;DF;22;2002;10,3;1;0;0;11;6;1;17;7;24;0;;;;;;;;;;;;;;;;;;;;;;;
Dion Vlak;Volendam;2526;NED-Eredivisie;;;;;;;;;;;;;;;;;;;;;;;;;;;;;;;;;;;;;NED;GK;24;2001;0;;;;;0;;0;0;;29;;;;;;;;;;;;;;;;;;;;;;;;;;;;;;;;;;;;;;;;;;;;
Gibson Yah;Volendam;2526;NED-Eredivisie;NED;MF;21;2003;24;20;1655;18,4;0;3;3;0;0;0;2;0;0,0;0,16;0,16;0,0;0,16;NED;MF;21;2003;18,4;0;11;4;36,4;0,6;0,22;0,0;0,0;0;0;NED;MF;21;2003;24;1655;69;54,1;18,4;20;76;5;4;34;0;0,79;20;27;-7;-0,38;0,45;NED;MF;21;2003;18,4;2;0;0;23;25;1;7;29;44;1;;;;;;;;;;;;;;;;;;;;;;;
Henk Veerman;Volendam;2526;NED-Eredivisie;NED;FW;32;1993;24;20;1693;18,8;4;1;5;4;0;0;1;0;0,21;0,05;0,27;0,21;0,27;NED;FW;32;1993;18,8;4;43;14;32,6;2,29;0,74;0,09;0,29;0;0;NED;FW;32;1993;24;1693;71;55,3;18,8;20;80;12;4;23;0;0,79;22;33;-11;-0,58;0,01;NED;FW;32;1993;18,8;1;0;0;12;3;14;4;1;3;0;;;;;;;;;;;;;;;;;;;;;;;
Jesper Tielemans;Volendam;2526;NED-Eredivisie;;FW;;;1;0;7;0,1;0;0;0;0;0;0;0;0;0,0;0,0;0,0;0,0;0,0;;FW;;;0,1;0;1;1;100,0;12,86;12,86;0,0;0,0;0;0;;FW;;;1;7;7;0,2;0,1;0;;0;1;7;5;0,0;0;0;0;0,0;0,59;;FW;;;0,1;0;0;0;0;0;0;0;0;0;0;;;;;;;;;;;;;;;;;;;;;;;
Joël Ideho;Volendam;2526;NED-Eredivisie;NED;MF;22;2003;25;10;1136;12,6;1;1;2;1;0;0;4;0;0,08;0,08;0,16;0,08;0,16;NED;MF;22;2003;12,6;1;23;7;30,4;1,82;0,55;0,04;0,14;0;0;NED;MF;22;2003;25;1136;45;37,1;12,6;10;75;2;15;26;4;0,72;14;24;-10;-0,79;-0,32;NED;MF;22;2003;12,6;4;0;0;15;37;3;45;6;11;0;;;;;;;;;;;;;;;;;;;;;;;
Juninho Bacuna;Volendam;2526;NED-Eredivisie;CUW;MF,FW;27;1997;13;8;709;7,9;0;2;2;0;0;0;1;0;0,0;0,25;0,25;0,0;0,25;CUW;MF,FW;27;1997;7,9;0;18;2;11,1;2,28;0,25;0,0;0,0;0;0;CUW;MF,FW;27;1997;13;709;55;23,2;7,9;8;72;3;5;26;0;1,08;7;12;-5;-0,63;-0,06;CUW;MF,FW;27;1997;7,9;1;0;0;15;10;0;31;12;12;0;;;;;;;;;;;;;;;;;;;;;;;
Kayne van Oevelen;Volendam;2526;NED-Eredivisie;NED;GK;21;2003;32;32;2850;31,7;0;0;0;0;0;0;1;0;0,0;0,0;0,0;0,0;0,0;NED;GK;21;2003;31,7;0;1;0;0,0;0,03;0,0;0,0;;0;0;NED;GK;21;2003;32;2850;89;93,1;31,7;32;89;31;0;;0;0,97;33;51;-18;-0,57;0,29;NED;GK;21;2003;31,7;1;0;0;0;16;0;0;0;0;0;NED;GK;21;2003;32;32;2850;31,7;51;1,61;200;149;74,5;8;7;17;3;9,4;2;2;0;0;0,0
Key Wong-A-Soijj;Volendam;2526;NED-Eredivisie;NED;FW;18;2006;3;0;18;0,2;0;0;0;0;0;0;0;0;0,0;0,0;0,0;0,0;0,0;NED;FW;18;2006;0,2;0;1;0;0,0;5,0;0,0;0,0;;0;0;NED;FW;18;2006;3;18;6;0,6;0,2;0;;0;3;6;6;0,0;0;1;-1;-5,0;-4,44;NED;FW;18;2006;0,2;0;0;0;1;0;0;1;0;1;0;;;;;;;;;;;;;;;;;;;;;;;
Kiano Dyer;Volendam;2526;NED-Eredivisie;ENG;MF;18;2006;3;0;28;0,3;0;0;0;0;0;0;0;0;0,0;0,0;0,0;0,0;0,0;ENG;MF;18;2006;0,3;0;0;0;;0,0;0,0;;;0;0;ENG;MF;18;2006;3;28;9;0,9;0,3;0;;0;3;9;9;1,0;0;1;-1;-3,21;-2,65;ENG;MF;18;2006;0,3;0;0;0;0;0;0;0;0;1;0;;;;;;;;;;;;;;;;;;;;;;;
Luca Blondeau;Volendam;2526;NED-Eredivisie;;DF;;;2;1;91;1,0;0;0;0;0;0;0;0;0;0,0;0,0;0,0;0,0;0,0;;DF;;;1,0;0;0;0;;0,0;0,0;;;0;0;;DF;;;2;91;46;3,0;1,0;1;90;1;1;1;13;1,5;1;2;-1;-0,99;-0,41;;DF;;;1,0;0;0;0;0;0;0;0;1;2;0;;;;;;;;;;;;;;;;;;;;;;;
Mauro Zijlstra;Volendam;2526;NED-Eredivisie;;;;;;;;;;;;;;;;;;;;;;;;;;;;;;;;;;;;;IDN;FW;20;2004;0;;;;;0;;0;0;;6;;;;;;;;;;;;;;;;;;;;;;;;;;;;;;;;;;;;;;;;;;;;
Mawouna Amevor;Volendam;2526;NED-Eredivisie;TOG;DF;33;1991;32;32;2757;30,6;1;1;2;1;0;0;3;1;0,03;0,03;0,07;0,03;0,07;TOG;DF;33;1991;30,6;1;12;2;16,7;0,39;0,07;0,08;0,5;0;0;TOG;DF;33;1991;32;2757;86;90,1;30,6;32;86;29;0;;2;1,0;33;46;-13;-0,42;1,65;TOG;DF;33;1991;30,6;3;1;0;34;10;1;2;37;11;0;;;;;;;;;;;;;;;;;;;;;;;
Milan de Haan;Volendam;2526;NED-Eredivisie;NED;MF;21;2003;2;0;30;0,3;0;0;0;0;0;0;0;0;0,0;0,0;0,0;0,0;0,0;NED;MF;21;2003;0,3;0;0;0;;0,0;0,0;;;0;0;NED;MF;21;2003;2;30;15;1,0;0,3;0;;0;2;15;1;1,0;0;0;0;0,0;0,59;NED;MF;21;2003;0,3;0;0;0;0;0;0;0;2;0;0;;;;;;;;;;;;;;;;;;;;;;;
Myron Mau-Asam;Volendam;2526;NED-Eredivisie;NED;MF;21;2004;1;0;7;0,1;0;0;0;0;0;0;0;0;0,0;0,0;0,0;0,0;0,0;NED;MF;21;2004;0,1;0;0;0;;0,0;0,0;;;0;0;NED;MF;21;2004;1;7;7;0,2;0,1;0;;0;1;7;14;0,0;0;0;0;0,0;0,59;NED;MF;21;2004;0,1;0;0;0;1;0;0;0;0;0;0;;;;;;;;;;;;;;;;;;;;;;;
Nick Verschuren;Volendam;2526;NED-Eredivisie;NED;DF;20;2005;31;30;2674;29,7;0;1;1;0;0;0;7;0;0,0;0,03;0,03;0,0;0,03;NED;DF;20;2005;29,7;0;12;3;25,0;0,4;0,1;0,0;0,0;0;0;NED;DF;20;2005;31;2674;86;87,4;29,7;30;89;28;1;1;1;0,97;29;47;-18;-0,61;-0,14;NED;DF;20;2005;29,7;7;0;0;34;13;0;2;40;18;1;;;;;;;;;;;;;;;;;;;;;;;
Nordin Bukala;Volendam;2526;NED-Eredivisie;NED;MF;19;2005;25;21;1743;19,4;2;1;3;2;0;0;5;0;0,1;0,05;0,15;0,1;0,15;NED;MF;19;2005;19,4;2;12;5;41,7;0,62;0,26;0,17;0,4;0;0;NED;MF;19;2005;25;1743;70;57,0;19,4;21;79;9;4;19;1;0,8;20;32;-12;-0,62;-0,07;NED;MF;19;2005;19,4;5;0;0;25;24;0;7;30;34;0;;;;;;;;;;;;;;;;;;;;;;;
Ozan Kökcü;Volendam;2526;NED-Eredivisie;AZE;MF;26;1998;28;18;1571;17,5;1;2;3;1;0;0;2;0;0,06;0,11;0,17;0,06;0,17;AZE;MF;26;1998;17,5;1;19;3;15,8;1,09;0,17;0,05;0,33;0;0;AZE;MF;26;1998;28;1571;56;51,3;17,5;18;71;2;10;29;4;0,96;17;26;-9;-0,52;0,15;AZE;MF;26;1998;17,5;2;0;0;13;19;2;61;13;8;0;;;;;;;;;;;;;;;;;;;;;;;
Precious Ugwu;Volendam;2526;NED-Eredivisie;NED;DF;19;2006;29;24;2170;24,1;0;0;0;0;0;0;2;0;0,0;0,0;0,0;0,0;0,0;NED;DF;19;2006;24,1;0;12;2;16,7;0,5;0,08;0,0;0,0;0;0;NED;DF;19;2006;29;2170;75;70,9;24,1;24;86;19;5;21;5;0,93;23;36;-13;-0,54;0,17;NED;DF;19;2006;24,1;2;0;0;29;19;0;23;7;41;0;;;;;;;;;;;;;;;;;;;;;;;
Robert Mühren;Volendam;2526;NED-Eredivisie;NED;MF;36;1989;31;5;855;9,5;6;1;7;6;0;0;0;0;0,63;0,11;0,74;0,63;0,74;NED;MF;36;1989;9,5;6;22;12;54,5;2,32;1,26;0,27;0,5;0;0;NED;MF;36;1989;31;855;28;27,9;9,5;5;64;0;26;21;2;0,84;14;18;-4;-0,42;0,23;NED;MF;36;1989;9,5;0;0;0;8;6;8;6;2;6;0;;;;;;;;;;;;;;;;;;;;;;;
Robin van Cruijsen;Volendam;2526;NED-Eredivisie;;MF;;;24;16;1349;15,0;4;3;7;4;0;0;5;0;0,27;0,2;0,47;0,27;0,47;;MF;;;15,0;4;16;9;56,3;1,07;0,6;0,25;0,44;0;0;;MF;;;24;1349;56;44,1;15,0;16;72;2;8;25;5;1,29;16;17;-1;-0,07;0,93;;MF;;;15,0;5;0;0;12;2;0;58;8;11;0;;;;;;;;;;;;;;;;;;;;;;;
Roy Steur;Volendam;2526;NED-Eredivisie;NED;GK;20;2005;3;2;210;2,3;0;0;0;0;0;0;0;0;0,0;0,0;0,0;0,0;0,0;NED;GK;20;2005;2,3;0;0;0;;0,0;0,0;;;0;0;NED;GK;20;2005;3;210;70;6,9;2,3;2;90;2;1;30;31;0,33;2;4;-2;-0,86;-0,29;NED;GK;20;2005;2,3;0;0;0;0;0;0;0;0;0;0;NED;GK;20;2005;3;2;210;2,3;4;1,71;7;3;42,9;0;1;1;0;0,0;1;1;0;0;0,0
Silvinho Esajas;Volendam;2526;NED-Eredivisie;SUR;MF;23;2002;3;1;73;0,8;0;0;0;0;0;0;0;0;0,0;0,0;0,0;0,0;0,0;SUR;MF;23;2002;0,8;0;2;1;50,0;2,47;1,23;0,0;0,0;0;0;SUR;MF;23;2002;3;73;24;2,4;0,8;1;56;0;2;9;11;0,0;0;4;-4;-4,93;-4,45;SUR;MF;23;2002;0,8;0;0;0;1;0;0;0;0;0;0;;;;;;;;;;;;;;;;;;;;;;;
Tiago Codinha;Volendam;2526;NED-Eredivisie;CAN;MF;20;2005;2;0;16;0,2;0;0;0;0;0;0;0;0;0,0;0,0;0,0;0,0;0,0;CAN;MF;20;2005;0,2;0;0;0;;0,0;0,0;;;0;0;CAN;MF;20;2005;2;16;8;0,5;0,2;0;;0;2;8;2;1,5;0;0;0;0,0;0,59;CAN;MF;20;2005;0,2;0;0;0;1;0;0;0;1;0;0;;;;;;;;;;;;;;;;;;;;;;;
Xavier Mbuyamba;Volendam;2526;NED-Eredivisie;NED;DF,MF;23;2001;16;6;748;8,3;1;0;1;1;0;0;2;0;0,12;0,0;0,12;0,12;0,12;NED;DF,MF;23;2001;8,3;1;10;3;30,0;1,2;0,36;0,1;0,33;0;0;NED;DF,MF;23;2001;16;748;47;24,4;8,3;6;89;4;10;22;0;0,69;9;18;-9;-1,08;-0,65;NED;DF,MF;23;2001;8,3;2;0;0;10;6;0;1;7;8;0;;;;;;;;;;;;;;;;;;;;;;;
Yaell Samson;Volendam;2526;NED-Eredivisie;;;;;;;;;;;;;;;;;;;;;;;;;;;;;;;;;;;;;;GK;;;0;;;;;0;;0;0;;4;;;;;;;;;;;;;;;;;;;;;;;;;;;;;;;;;;;;;;;;;;;;
Yannick Leliendal;Volendam;2526;NED-Eredivisie;SUR;DF;23;2002;32;31;2743;30,5;1;1;2;1;0;0;6;0;0,03;0,03;0,07;0,03;0,07;SUR;DF;23;2002;30,5;1;24;7;29,2;0,79;0,23;0,04;0,14;0;0;SUR;DF;23;2002;32;2743;86;89,6;30,5;31;87;27;1;37;0;0,81;30;52;-22;-0,72;-1,29;SUR;DF;23;2002;30,5;6;0;0;20;58;1;53;41;55;0;;;;;;;;;;;;;;;;;;;;;;;
Anselmo García MacNulty;Zwolle;2526;NED-Eredivisie;IRL;DF;22;2003;32;32;2843;31,6;2;0;2;2;0;0;6;1;0,06;0,0;0,06;0,06;0,06;IRL;DF;22;2003;31,6;2;15;5;33,3;0,47;0,16;0,13;0,4;0;0;IRL;DF;22;2003;32;2843;89;92,9;31,6;32;89;30;0;;0;1,06;40;67;-27;-0,85;-0,85;IRL;DF;22;2003;31,6;6;1;1;29;15;1;10;37;27;0;;;;;;;;;;;;;;;;;;;;;;;
Braydon Manu;Zwolle;2526;NED-Eredivisie;;;;;;;;;;;;;;;;;;;;;;;;;;;;;;;;;;;;;GHA;FW,MF;28;1997;0;;;;;0;;0;0;;1;;;;;;;;;;;;;;;;;;;;;;;;;;;;;;;;;;;;;;;;;;;;
Corean Drost;Zwolle;2526;NED-Eredivisie;;;;;;;;;;;;;;;;;;;;;;;;;;;;;;;;;;;;;NED;MF;18;2007;0;;;;;0;;0;0;;2;;;;;;;;;;;;;;;;;;;;;;;;;;;;;;;;;;;;;;;;;;;;
Damian van der Haar;Zwolle;2526;NED-Eredivisie;NED;DF;21;2004;3;0;20;0,2;0;0;0;0;0;0;1;0;0,0;0,0;0,0;0,0;0,0;NED;DF;21;2004;0,2;0;0;0;;0,0;0,0;;;0;0;NED;DF;21;2004;3;20;7;0,7;0,2;0;;0;3;7;3;3,0;0;0;0;0,0;0,8;NED;DF;21;2004;0,2;1;0;0;1;0;0;0;1;0;0;;;;;;;;;;;;;;;;;;;;;;;
David Voute;Zwolle;2526;NED-Eredivisie;NED;FW;19;2005;3;0;94;1,0;0;0;0;0;0;0;0;0;0,0;0,0;0,0;0,0;0,0;NED;FW;19;2005;1,0;0;1;0;0,0;0,96;0,0;0,0;;0;0;NED;FW;19;2005;3;94;31;3,1;1,0;0;;0;3;31;3;0,33;0;2;-2;-1,91;-1,16;NED;FW;19;2005;1,0;0;0;0;0;0;0;0;4;1;0;;;;;;;;;;;;;;;;;;;;;;;
Duke Verduin;Zwolle;2526;NED-Eredivisie;NED;GK;21;2003;1;1;90;1,0;0;0;0;0;0;0;0;0;0,0;0,0;0,0;0,0;0,0;NED;GK;21;2003;1,0;0;0;0;;0,0;0,0;;;0;0;NED;GK;21;2003;1;90;90;2,9;1,0;1;90;1;0;;33;0,0;0;2;-2;-2,0;-1,24;NED;GK;21;2003;1,0;0;0;0;0;0;0;0;0;0;0;NED;GK;21;2003;1;1;90;1,0;2;2,0;8;6;75,0;0;0;1;0;0,0;0;0;0;0;
Dylan Mbayo;Zwolle;2526;NED-Eredivisie;BEL;MF,FW;23;2001;14;5;521;5,8;0;1;1;0;0;0;1;0;0,0;0,17;0,17;0,0;0,17;BEL;MF,FW;23;2001;5,8;0;3;1;33,3;0,52;0,17;0,0;0,0;0;0;BEL;MF,FW;23;2001;14;521;37;17,0;5,8;5;60;0;9;25;4;1,14;6;7;-1;-0,17;0,75;BEL;MF,FW;23;2001;5,8;1;0;0;8;15;3;5;2;0;0;;;;;;;;;;;;;;;;;;;;;;;
Dylan Ruward;Zwolle;2526;NED-Eredivisie;NED;DF;20;2005;1;0;12;0,1;0;0;0;0;0;0;0;0;0,0;0,0;0,0;0,0;0,0;NED;DF;20;2005;0,1;0;0;0;;0,0;0,0;;;0;0;NED;DF;20;2005;1;12;12;0,4;0,1;0;;0;1;12;28;1,0;0;1;-1;-7,5;-6,73;NED;DF;20;2005;0,1;0;0;0;0;0;0;0;0;0;0;;;;;;;;;;;;;;;;;;;;;;;
Eliano Reijnders;Zwolle;2526;NED-Eredivisie;IDN;FW,MF;24;2000;2;0;43;0,5;0;0;0;0;0;0;0;0;0,0;0,0;0,0;0,0;0,0;IDN;FW,MF;24;2000;0,5;0;1;0;0,0;2,09;0,0;0,0;;0;0;IDN;FW,MF;24;2000;2;43;22;1,4;0,5;0;;0;2;22;0;3,0;0;0;0;0,0;0,81;IDN;FW,MF;24;2000;0,5;0;0;0;0;0;0;0;0;2;0;;;;;;;;;;;;;;;;;;;;;;;
Gabriel Reiziger;Zwolle;2526;NED-Eredivisie;NED;MF;19;2005;12;1;203;2,3;1;0;1;1;0;0;0;0;0,44;0,0;0,44;0,44;0,44;NED;MF;19;2005;2,3;1;4;1;25,0;1,77;0,44;0,25;1,0;0;0;NED;MF;19;2005;12;203;17;6,6;2,3;1;64;0;11;13;21;1,08;2;3;-1;-0,44;0,38;NED;MF;19;2005;2,3;0;0;0;3;2;0;2;4;3;0;;;;;;;;;;;;;;;;;;;;;;;
Gilles van der Wal;Zwolle;2526;NED-Eredivisie;;;;;;;;;;;;;;;;;;;;;;;;;;;;;;;;;;;;;;MF;;;0;;;;;0;;0;0;;3;;;;;;;;;;;;;;;;;;;;;;;;;;;;;;;;;;;;;;;;;;;;
Givaro Rahajaän;Zwolle;2526;NED-Eredivisie;;;;;;;;;;;;;;;;;;;;;;;;;;;;;;;;;;;;;NED;MF;17;2008;0;;;;;0;;0;0;;9;;;;;;;;;;;;;;;;;;;;;;;;;;;;;;;;;;;;;;;;;;;;
Jadiel Pereira da Gama;Zwolle;2526;NED-Eredivisie;NED;MF;15;2009;10;1;199;2,2;0;0;0;0;0;0;3;0;0,0;0,0;0,0;0,0;0,0;NED;MF;15;2009;2,2;0;1;0;0,0;0,45;0,0;0,0;;0;0;NED;MF;15;2009;10;199;20;6,5;2,2;1;57;0;9;16;16;0,8;6;6;0;0,0;0,85;NED;MF;15;2009;2,2;3;0;0;6;2;2;0;5;1;0;;;;;;;;;;;;;;;;;;;;;;;
Jamiro Monteiro;Zwolle;2526;NED-Eredivisie;CPV;MF;31;1993;21;17;1269;14,1;2;3;5;2;0;0;0;1;0,14;0,21;0,35;0,14;0,35;CPV;MF;31;1993;14,1;2;20;3;15,0;1,42;0,21;0,1;0,67;0;0;CPV;MF;31;1993;21;1269;60;41,5;14,1;17;69;4;4;24;0;1,33;20;29;-9;-0,64;0,27;CPV;MF;31;1993;14,1;0;1;0;16;40;4;25;12;27;0;;;;;;;;;;;;;;;;;;;;;;;
Jan Faberski;Zwolle;2526;NED-Eredivisie;POL;MF,FW;19;2006;18;4;477;5,3;0;2;2;0;0;0;1;1;0,0;0,38;0,38;0,0;0,38;POL;MF,FW;19;2006;5,3;0;11;1;9,1;2,08;0,19;0,0;0,0;0;0;POL;MF,FW;19;2006;18;477;27;15,6;5,3;4;63;0;14;16;5;0,67;9;19;-10;-1,89;-1,29;POL;MF,FW;19;2006;5,3;1;1;0;6;18;1;21;2;4;0;;;;;;;;;;;;;;;;;;;;;;;
Jasper Schendelaar;Zwolle;2526;NED-Eredivisie;NED;GK;24;2000;2;2;180;2,0;0;0;0;0;0;0;0;0;0,0;0,0;0,0;0,0;0,0;NED;GK;24;2000;2,0;0;0;0;;0,0;0,0;;;0;0;NED;GK;24;2000;2;180;90;5,9;2,0;2;90;2;0;;4;1,0;4;4;0;0,0;0,84;NED;GK;24;2000;2,0;0;0;0;0;2;0;0;0;0;0;NED;GK;24;2000;2;2;180;2,0;4;2,0;9;5;55,6;0;2;0;0;0,0;1;1;0;0;0,0
Jayden Holtman;Zwolle;2526;NED-Eredivisie;;;;;;;;;;;;;;;;;;;;;;;;;;;;;;;;;;;;;NED;DF;16;2008;0;;;;;0;;0;0;;2;;;;;;;;;;;;;;;;;;;;;;;;;;;;;;;;;;;;;;;;;;;;
Kaj de Rooij;Zwolle;2526;NED-Eredivisie;NED;MF,FW;24;2000;32;23;2027;22,5;6;5;11;6;0;0;3;0;0,27;0,22;0,49;0,27;0,49;NED;MF,FW;24;2000;22,5;6;28;9;32,1;1,24;0,4;0,21;0,67;0;0;NED;MF,FW;24;2000;32;2027;63;66,2;22,5;23;79;11;9;22;0;1,13;30;54;-24;-1,07;-0,8;NED;MF,FW;24;2000;22,5;3;0;0;32;63;8;18;7;12;0;;;;;;;;;;;;;;;;;;;;;;;
Koen Kostons;Zwolle;2526;NED-Eredivisie;NED;FW;25;1999;34;34;2882;32,0;11;6;17;11;0;0;2;0;0,34;0,19;0,53;0,34;0,53;NED;FW;25;1999;32,0;11;60;27;45,0;1,87;0,84;0,18;0,41;0;0;NED;FW;25;1999;34;2882;85;94,2;32,0;34;85;26;0;;0;1,09;43;64;-21;-0,66;2,38;NED;FW;25;1999;32,0;2;0;0;31;29;18;14;3;15;0;;;;;;;;;;;;;;;;;;;;;;;
Len Bakker;Zwolle;2526;NED-Eredivisie;;;;;;;;;;;;;;;;;;;;;;;;;;;;;;;;;;;;;NED;GK;19;2006;0;;;;;0;;0;0;;19;;;;;;;;;;;;;;;;;;;;;;;;;;;;;;;;;;;;;;;;;;;;
Maxim de Troije;Zwolle;2526;NED-Eredivisie;;;;;;;;;;;;;;;;;;;;;;;;;;;;;;;;;;;;;NED;FW;18;2007;0;;;;;0;;0;0;;1;;;;;;;;;;;;;;;;;;;;;;;;;;;;;;;;;;;;;;;;;;;;
Nick Dobben;Zwolle;2526;NED-Eredivisie;;;;;;;;;;;;;;;;;;;;;;;;;;;;;;;;;;;;;NED;GK;17;2008;0;;;;;0;;0;0;;9;;;;;;;;;;;;;;;;;;;;;;;;;;;;;;;;;;;;;;;;;;;;
Nick Fichtinger;Zwolle;2526;NED-Eredivisie;NED;MF;21;2004;20;5;764;8,5;0;1;1;0;0;0;5;1;0,0;0,12;0,12;0,0;0,12;NED;MF;21;2004;8,5;0;7;2;28,6;0,82;0,24;0,0;0,0;0;0;NED;MF;21;2004;20;764;38;25,0;8,5;5;74;0;15;26;10;1,2;12;20;-8;-0,94;-0,2;NED;MF;21;2004;8,5;5;1;1;14;8;0;1;16;26;0;;;;;;;;;;;;;;;;;;;;;;;
Odysseus Velanas;Zwolle;2526;NED-Eredivisie;NED;MF;27;1998;13;7;631;7,0;2;1;3;2;0;0;0;0;0,29;0,14;0,43;0,29;0,43;NED;MF;27;1998;7,0;2;8;6;75,0;1,14;0,86;0,25;0,33;0;0;NED;MF;27;1998;13;631;49;20,6;7,0;7;76;3;6;17;1;1,0;8;21;-13;-1,85;-1,34;NED;MF;27;1998;7,0;0;0;0;7;17;0;33;2;12;0;;;;;;;;;;;;;;;;;;;;;;;
Olivier Aertssen;Zwolle;2526;NED-Eredivisie;NED;DF;20;2004;28;19;1861;20,7;0;2;2;0;0;0;2;0;0,0;0,1;0,1;0,0;0,1;NED;DF;20;2004;20,7;0;9;1;11,1;0,44;0,05;0,0;0,0;0;0;NED;DF;20;2004;28;1861;66;60,8;20,7;19;81;14;9;35;4;1,04;26;51;-25;-1,21;-1,06;NED;DF;20;2004;20,7;2;0;0;24;16;0;28;30;36;0;;;;;;;;;;;;;;;;;;;;;;;
Rodney Kroeze;Zwolle;2526;NED-Eredivisie;NED;DF;21;2004;1;0;18;0,2;0;0;0;0;0;0;1;0;0,0;0,0;0,0;0,0;0,0;NED;DF;21;2004;0,2;0;1;0;0,0;5,0;0,0;0,0;;0;0;NED;DF;21;2004;1;18;18;0,6;0,2;0;;0;1;18;2;0,0;2;0;2;10,0;10,86;NED;DF;21;2004;0,2;1;0;0;2;0;0;0;0;0;0;;;;;;;;;;;;;;;;;;;;;;;
Ryan Thomas;Zwolle;2526;NED-Eredivisie;NZL;MF;30;1994;27;27;2148;23,9;1;1;2;1;0;0;7;0;0,04;0,04;0,08;0,04;0,08;NZL;MF;30;1994;23,9;1;14;2;14,3;0,59;0,08;0,07;0,5;0;0;NZL;MF;30;1994;27;2148;80;70,2;23,9;27;80;18;0;;2;1,19;30;41;-11;-0,46;1,12;NZL;MF;30;1994;23,9;7;0;0;37;34;0;11;51;43;0;;;;;;;;;;;;;;;;;;;;;;;
Samir Lagsir;Zwolle;2526;NED-Eredivisie;NED;MF;22;2003;2;0;27;0,3;0;0;0;0;0;0;0;0;0,0;0,0;0,0;0,0;0,0;NED;MF;22;2003;0,3;0;0;0;;0,0;0,0;;;0;0;NED;MF;22;2003;2;27;14;0,9;0,3;0;;0;2;14;7;0,0;0;1;-1;-3,33;-2,56;NED;MF;22;2003;0,3;0;0;0;0;0;0;1;0;0;0;;;;;;;;;;;;;;;;;;;;;;;
Scott Calderwood;Zwolle;2526;NED-Eredivisie;;;;;;;;;;;;;;;;;;;;;;;;;;;;;;;;;;;;;;DF;19;2006;0;;;;;0;;0;0;;1;;;;;;;;;;;;;;;;;;;;;;;;;;;;;;;;;;;;;;;;;;;;
Sherel Floranus;Zwolle;2526;NED-Eredivisie;CUW;DF;26;1998;32;32;2794;31,0;1;3;4;1;0;0;5;0;0,03;0,1;0,13;0,03;0,13;CUW;DF;26;1998;31,0;1;7;3;42,9;0,23;0,1;0,14;0,33;0;0;CUW;DF;26;1998;32;2794;87;91,3;31,0;32;87;25;0;;0;1,13;41;65;-24;-0,77;0,24;CUW;DF;26;1998;31,0;5;0;0;23;14;5;39;52;37;0;;;;;;;;;;;;;;;;;;;;;;;
Shola Shoretire;Zwolle;2526;NED-Eredivisie;ENG;FW,MF;21;2004;24;19;1646;18,3;5;1;6;5;0;0;4;0;0,27;0,05;0,33;0,27;0,33;ENG;FW,MF;21;2004;18,3;5;17;8;47,1;0,93;0,44;0,29;0,63;0;0;ENG;FW,MF;21;2004;24;1646;69;53,8;18,3;19;83;8;5;15;0;1,0;25;34;-9;-0,49;0,65;ENG;FW,MF;21;2004;18,3;4;0;0;30;32;2;13;19;15;0;;;;;;;;;;;;;;;;;;;;;;;
Simon Graves Jensen;Zwolle;2526;NED-Eredivisie;DEN;DF;26;1999;32;30;2680;29,8;0;2;2;0;0;0;5;0;0,0;0,07;0,07;0,0;0,07;DEN;DF;26;1999;29,8;0;10;2;20,0;0,34;0,07;0,0;0,0;0;0;DEN;DF;26;1999;32;2680;84;87,6;29,8;30;87;27;2;31;0;1,03;40;56;-16;-0,54;2,07;DEN;DF;26;1999;29,8;5;0;0;35;18;1;1;30;17;1;;;;;;;;;;;;;;;;;;;;;;;
Thijs Oosting;Zwolle;2526;NED-Eredivisie;NED;MF;25;2000;34;34;2629;29,2;6;3;9;6;0;0;3;0;0,21;0,1;0,31;0,21;0,31;NED;MF;25;2000;29,2;6;52;25;48,1;1,78;0,86;0,12;0,24;0;0;NED;MF;25;2000;34;2629;77;85,9;29,2;34;77;8;0;;0;1,09;38;56;-18;-0,62;1,26;NED;MF;25;2000;29,2;3;0;0;34;23;4;54;28;31;0;;;;;;;;;;;;;;;;;;;;;;;
Thomas Buitink;Zwolle;2526;NED-Eredivisie;NED;FW;25;2000;8;0;126;1,4;0;0;0;0;0;0;1;0;0,0;0,0;0,0;0,0;0,0;NED;FW;25;2000;1,4;0;2;1;50,0;1,43;0,71;0,0;0,0;0;0;NED;FW;25;2000;8;126;16;4,1;1,4;0;;0;8;16;26;0,88;0;4;-4;-2,86;-2,15;NED;FW;25;2000;1,4;1;0;0;4;1;0;2;0;1;0;;;;;;;;;;;;;;;;;;;;;;;
Tijs Velthuis;Zwolle;2526;NED-Eredivisie;NED;DF;23;2002;11;6;571;6,3;0;0;0;0;0;0;0;0;0,0;0,0;0,0;0,0;0,0;NED;DF;23;2002;6,3;0;0;0;;0,0;0,0;;;0;0;NED;DF;23;2002;11;571;52;18,7;6,3;6;87;5;5;10;2;0,91;6;14;-8;-1,26;-0,57;NED;DF;23;2002;6,3;0;0;0;5;0;0;0;8;5;0;;;;;;;;;;;;;;;;;;;;;;;
Tom de Graaff;Zwolle;2526;NED-Eredivisie;NED;GK;20;2004;31;31;2790;31,0;0;0;0;0;0;0;0;0;0,0;0,0;0,0;0,0;0,0;NED;GK;20;2004;31,0;0;0;0;;0,0;0,0;;;0;0;NED;GK;20;2004;31;2790;90;91,2;31,0;31;90;31;0;;3;1,13;40;65;-25;-0,81;-0,14;NED;GK;20;2004;31,0;0;0;0;0;5;0;0;1;1;0;NED;GK;20;2004;31;31;2790;31,0;65;2,1;193;127;66,3;9;8;14;6;19,4;2;2;0;0;0,0
Tristan Gooijer;Zwolle;2526;NED-Eredivisie;NED;DF;20;2004;23;17;1369;15,2;3;0;3;3;0;0;3;1;0,2;0,0;0,2;0,2;0,2;NED;DF;20;2004;15,2;3;14;7;50,0;0,92;0,46;0,21;0,43;0;0;NED;DF;20;2004;23;1369;60;44,7;15,2;17;72;9;6;23;3;1,04;20;31;-11;-0,72;0,13;NED;DF;20;2004;15,2;3;1;0;19;8;0;6;12;18;0;;;;;;;;;;;;;;;;;;;;;;;
Younes Namli;Zwolle;2526;NED-Eredivisie;DEN;MF,FW;31;1994;13;12;1052;11,7;2;4;6;2;0;0;1;0;0,17;0,34;0,51;0,17;0,51;DEN;MF,FW;31;1994;11,7;2;28;10;35,7;2,4;0,86;0,07;0,2;0;0;DEN;MF,FW;31;1994;13;1052;81;34,4;11,7;12;85;7;1;34;0;1,15;18;19;-1;-0,09;1,08;DEN;MF,FW;31;1994;11,7;1;0;0;13;13;2;69;5;10;0;;;;;;;;;;;;;;;;;;;;;;;
Zico Buurmeester;Zwolle;2526;NED-Eredivisie;NED;MF;23;2002;22;15;1503;16,7;2;0;2;2;0;0;1;0;0,12;0,0;0,12;0,12;0,12;NED;MF;23;2002;16,7;2;15;6;40,0;0,9;0,36;0,13;0,33;0;0;NED;MF;23;2002;22;1503;68;49,1;16,7;15;83;12;7;38;0;1,05;17;35;-18;-1,08;-0,56;NED;MF;23;2002;16,7;1;0;0;13;12;3;30;22;17;0;;;;;;;;;;;;;;;;;;;;;;;
